state_id,state_abbr,county_state_label,county_id,county_name,lati,long,consolidated_city_county,population,pop_size_cohort,employment,emp_size_cohort,climate_zone,cohort,elec_consumption_mwh,elec_expendit_millions,elec_consumption_mwh_capita,elec_utility_customers,ghg_emissions_mtco2e,gas_consumption_tcf,gas_consumption_tcf_capita,occ_housing_units,water_consumption_gal,water_consumption_gal_capita,vmt_total,vmt_capita
1,AL,"Autauga County, AL",1001,Autauga County,32.532237,-86.64644,No,55049,7,21580,5,3,30705,315398.0,39864.0,6.0,22120,156670.0,316920.0,6.0,20800,25332114.0,460.0,740266187.0,13447.0
1,AL,"Baldwin County, AL",1003,Baldwin County,30.659218,-87.746067,No,199510,11,122682,9,2,21109,1064843.0,126826.0,5.0,127891,528947.0,273012.0,1.0,75149,116066055.0,582.0,3239817322.0,16239.0
1,AL,"Barbour County, AL",1005,Barbour County,31.870253,-85.405104,No,26614,6,13613,4,3,30604,136098.0,17085.0,5.0,11494,67605.0,40062.0,2.0,9122,14909195.0,560.0,391131704.0,14696.0
1,AL,"Bibb County, AL",1007,Bibb County,33.015893,-87.127148,No,22572,5,6699,2,3,30502,117401.0,14858.0,5.0,8738,58318.0,99056.0,4.0,7048,11806243.0,523.0,320513006.0,14200.0
1,AL,"Blount County, AL",1009,Blount County,33.977358,-86.56644,No,57704,8,12557,4,3,30804,328466.0,41577.0,6.0,23227,177690.0,193482.0,3.0,20619,23520539.0,408.0,673272458.0,11668.0
1,AL,"Bullock County, AL",1011,Bullock County,32.101759,-85.717261,No,10552,3,3422,1,3,30301,53059.0,6709.0,5.0,4345,26357.0,31638.0,3.0,3556,6186642.0,586.0,167836840.0,15906.0
1,AL,"Butler County, AL",1013,Butler County,31.751667,-86.681969,No,20280,5,12211,4,3,30504,117812.0,14944.0,6.0,9655,58522.0,32256.0,2.0,7675,22568262.0,1113.0,689255139.0,33987.0
1,AL,"Calhoun County, AL",1015,Calhoun County,33.771706,-85.822513,No,115883,9,71664,8,3,30908,648757.0,82123.0,6.0,51932,350959.0,788725.0,7.0,45071,53512407.0,462.0,1453111884.0,12539.0
1,AL,"Chambers County, AL",1017,Chambers County,32.915504,-85.394032,No,34018,6,12279,4,3,30604,207888.0,26283.0,6.0,16463,103266.0,153560.0,5.0,13851,20775028.0,611.0,566425834.0,16651.0
1,AL,"Cherokee County, AL",1019,Cherokee County,34.069515,-85.654242,No,25897,6,7709,3,3,30603,162897.0,20819.0,6.0,15835,88122.0,86644.0,3.0,10999,13580194.0,524.0,362839833.0,14011.0
1,AL,"Chilton County, AL",1021,Chilton County,32.854051,-86.726607,No,43817,7,15155,4,3,30704,265901.0,33633.0,6.0,18757,132083.0,137267.0,3.0,16619,27667822.0,631.0,842746706.0,19233.0
1,AL,"Choctaw County, AL",1023,Choctaw County,31.990997,-88.248908,No,13287,4,4571,1,3,30401,84560.0,10524.0,6.0,7052,42004.0,30309.0,2.0,5562,8539258.0,643.0,233453773.0,17570.0
1,AL,"Clarke County, AL",1025,Clarke County,31.685521,-87.818624,No,24847,5,13550,4,3,30504,143136.0,17997.0,6.0,12260,71101.0,62871.0,3.0,9554,14657953.0,590.0,394083757.0,15860.0
1,AL,"Clay County, AL",1027,Clay County,33.2704,-85.863525,No,13483,4,6496,2,3,30402,80064.0,10113.0,6.0,6569,39771.0,69581.0,5.0,5363,7052659.0,523.0,191713537.0,14219.0
1,AL,"Cleburne County, AL",1029,Cleburne County,33.671964,-85.516126,No,14991,4,2803,1,3,30401,86909.0,10996.0,6.0,6514,43171.0,40028.0,3.0,5834,16960160.0,1131.0,535814689.0,35742.0
1,AL,"Coffee County, AL",1031,Coffee County,31.402258,-85.989602,No,50991,7,26771,6,3,30706,304293.0,39400.0,6.0,22264,151153.0,68520.0,1.0,19375,20751822.0,407.0,556804968.0,10920.0
1,AL,"Colbert County, AL",1033,Colbert County,34.703112,-87.801457,No,54377,7,44941,7,3,30707,344526.0,35739.0,6.0,25472,186379.0,505550.0,9.0,22105,29300031.0,539.0,784493297.0,14427.0
1,AL,"Conecuh County, AL",1035,Conecuh County,31.430926,-86.988722,No,12697,4,4823,1,3,30401,74379.0,9328.0,6.0,6871,36947.0,34493.0,3.0,5090,17957563.0,1414.0,551167087.0,43409.0
1,AL,"Coosa County, AL",1037,Coosa County,32.931445,-86.243482,No,10864,3,1725,1,3,30301,64136.0,8112.0,6.0,6284,31859.0,36064.0,3.0,4206,8903759.0,820.0,243656679.0,22428.0
1,AL,"Covington County, AL",1039,Covington County,31.243987,-86.448721,No,37729,6,19928,5,3,30605,209762.0,29372.0,6.0,18292,104197.0,74744.0,2.0,15179,21650150.0,574.0,574180943.0,15219.0
1,AL,"Crenshaw County, AL",1041,Crenshaw County,31.732826,-86.319222,No,13896,4,6642,2,3,30402,76217.0,10436.0,5.0,6524,37860.0,25154.0,2.0,5426,8387049.0,604.0,227450495.0,16368.0
1,AL,"Cullman County, AL",1043,Cullman County,34.131923,-86.869267,No,81316,8,50511,7,3,30807,489423.0,59294.0,6.0,36179,264764.0,508872.0,6.0,31081,42561339.0,523.0,1240689479.0,15258.0
1,AL,"Dale County, AL",1045,Dale County,31.430654,-85.609476,No,49607,7,18785,5,3,30705,284461.0,35766.0,6.0,22242,141302.0,44375.0,1.0,18794,26347845.0,531.0,700021934.0,14111.0
1,AL,"Dallas County, AL",1047,Dallas County,32.33354,-87.114356,No,41426,7,20927,5,3,30705,235731.0,29854.0,6.0,19713,117096.0,355255.0,9.0,16099,21747546.0,525.0,586211049.0,14151.0
1,AL,"DeKalb County, AL",1049,DeKalb County,34.460929,-85.803992,No,70937,8,35408,6,3,30806,358945.0,40409.0,5.0,30256,194179.0,144307.0,2.0,24811,37906729.0,534.0,1056419466.0,14892.0
1,AL,"Elmore County, AL",1051,Elmore County,32.597229,-86.142735,No,80957,8,27615,6,3,30806,450258.0,56951.0,6.0,32451,223660.0,320818.0,4.0,28890,34815173.0,430.0,967232582.0,11947.0
1,AL,"Escambia County, AL",1053,Escambia County,31.122287,-87.16841,No,37875,6,20073,5,3,30605,211270.0,26700.0,6.0,15992,104946.0,62563.0,2.0,13536,25841013.0,682.0,746532061.0,19710.0
1,AL,"Etowah County, AL",1055,Etowah County,34.047641,-86.034263,No,103363,9,61521,8,3,30908,566897.0,71758.0,5.0,46262,306675.0,884896.0,9.0,39522,50400132.0,488.0,1357473152.0,13133.0
1,AL,"Fayette County, AL",1057,Fayette County,33.716157,-87.764292,No,16783,4,6292,2,3,30402,104504.0,13230.0,6.0,8192,51911.0,83498.0,5.0,6850,8268750.0,493.0,223147595.0,13296.0
1,AL,"Franklin County, AL",1059,Franklin County,34.441989,-87.842814,No,31573,6,19247,5,3,30605,168207.0,20663.0,5.0,13683,90995.0,195225.0,6.0,11697,14583721.0,462.0,393904861.0,12476.0
1,AL,"Geneva County, AL",1061,Geneva County,31.092393,-85.821011,No,26765,6,7761,3,3,30603,171557.0,21723.0,6.0,12313,85219.0,29167.0,1.0,10657,13452734.0,503.0,356501944.0,13320.0
1,AL,"Greene County, AL",1063,Greene County,32.844497,-87.9642,No,8587,3,2580,1,3,30301,47521.0,6005.0,6.0,4865,23606.0,38363.0,4.0,3107,14916669.0,1737.0,469094742.0,54628.0
1,AL,"Hale County, AL",1065,Hale County,32.752796,-87.623061,No,15159,4,3626,1,3,30401,94024.0,11882.0,6.0,7455,46705.0,89229.0,6.0,5948,7675642.0,506.0,209735830.0,13836.0
1,AL,"Henry County, AL",1067,Henry County,31.516978,-85.239971,No,17187,5,4967,1,3,30501,108727.0,13752.0,6.0,8716,54009.0,14250.0,1.0,6831,12448831.0,724.0,331753078.0,19303.0
1,AL,"Houston County, AL",1069,Houston County,31.158193,-85.296398,No,103891,9,86388,9,3,30909,602675.0,72556.0,6.0,45173,299371.0,83532.0,1.0,39363,48926011.0,471.0,1282976272.0,12349.0
1,AL,"Jackson County, AL",1071,Jackson County,34.764114,-85.980056,No,52608,7,26437,6,3,30706,292690.0,31846.0,6.0,26064,158337.0,210564.0,4.0,19945,28192247.0,536.0,749542557.0,14248.0
1,AL,"Jefferson County, AL",1073,Jefferson County,33.553444,-86.896536,No,659096,14,625483,13,3,31413,3562272.0,450040.0,5.0,297284,1769513.0,7410723.0,11.0,261773,362778847.0,550.0,10150915368.0,15401.0
1,AL,"Lamar County, AL",1075,Lamar County,33.787085,-88.087431,No,14066,4,6266,2,3,30402,86619.0,10967.0,6.0,7136,43027.0,73593.0,5.0,6010,7755797.0,551.0,208328485.0,14811.0
1,AL,"Lauderdale County, AL",1077,Lauderdale County,34.904122,-87.650997,No,92641,9,51119,7,3,30907,606098.0,60829.0,7.0,42361,327882.0,474337.0,5.0,38361,36822385.0,397.0,976863610.0,10545.0
1,AL,"Lawrence County, AL",1079,Lawrence County,34.529776,-87.321865,No,33433,6,6106,2,3,30602,222687.0,25391.0,7.0,14798,120467.0,116505.0,3.0,13321,17542431.0,525.0,477882808.0,14294.0
1,AL,"Lee County, AL",1081,Lee County,32.604064,-85.353048,No,153947,10,87890,9,3,31009,783577.0,99080.0,5.0,63984,389232.0,560758.0,4.0,57901,66960906.0,435.0,1822394284.0,11838.0
1,AL,"Limestone County, AL",1083,Limestone County,34.810239,-86.981399,No,90257,9,33875,6,3,30906,532880.0,51872.0,6.0,35146,288273.0,252225.0,3.0,32073,53721958.0,595.0,1515287220.0,16789.0
1,AL,"Lowndes County, AL",1085,Lowndes County,32.147888,-86.650586,No,10565,3,3599,1,3,30301,63789.0,8086.0,6.0,4948,31686.0,34640.0,3.0,4238,15723992.0,1488.0,478652588.0,45305.0
1,AL,"Macon County, AL",1087,Macon County,32.387027,-85.692887,No,19684,5,8891,3,3,30503,104930.0,13345.0,5.0,9955,52123.0,113339.0,6.0,7915,24902819.0,1265.0,768425169.0,39038.0
1,AL,"Madison County, AL",1089,Madison County,34.764238,-86.55108,No,349973,12,317160,12,3,31212,2189561.0,211792.0,6.0,150667,1184489.0,1840965.0,5.0,139949,170485759.0,487.0,4543452370.0,12982.0
1,AL,"Marengo County, AL",1091,Marengo County,32.247591,-87.791091,No,20066,5,11863,4,3,30504,128416.0,16228.0,6.0,9941,63789.0,115666.0,6.0,8149,13898896.0,693.0,378113766.0,18844.0
1,AL,"Marion County, AL",1093,Marion County,34.138219,-87.881551,No,30239,6,15246,4,3,30604,183618.0,23295.0,6.0,14318,99332.0,194240.0,6.0,12486,21314889.0,705.0,618852440.0,20465.0
1,AL,"Marshall County, AL",1095,Marshall County,34.309564,-86.321668,No,94534,9,61516,8,3,30908,516744.0,55884.0,5.0,39297,279543.0,432451.0,5.0,34461,37199108.0,393.0,974941163.0,10313.0
1,AL,"Mobile County, AL",1097,Mobile County,30.684572,-88.196568,No,414291,12,303304,12,2,21212,2260202.0,286076.0,5.0,176865,1122726.0,2353372.0,6.0,154261,184729397.0,446.0,5090935711.0,12288.0
1,AL,"Monroe County, AL",1099,Monroe County,31.580332,-87.383266,No,21975,5,10622,3,3,30503,127525.0,16115.0,6.0,10980,63346.0,32468.0,1.0,8316,11059933.0,503.0,297040064.0,13517.0
1,AL,"Montgomery County, AL",1101,Montgomery County,32.202881,-86.204461,No,227392,11,207764,11,3,31111,1251966.0,158323.0,6.0,100870,621898.0,2012146.0,9.0,90281,123170044.0,542.0,3389778354.0,14907.0
1,AL,"Morgan County, AL",1103,Morgan County,34.454484,-86.846402,No,119555,9,85474,9,3,30909,749041.0,81687.0,6.0,56518,405210.0,685890.0,6.0,46164,53808379.0,450.0,1463810581.0,12244.0
1,AL,"Perry County, AL",1105,Perry County,32.639005,-87.293827,No,9856,3,3111,1,3,30301,48915.0,6181.0,5.0,4570,24298.0,51742.0,5.0,3198,6032497.0,612.0,162260749.0,16463.0
1,AL,"Pickens County, AL",1107,Pickens County,33.296793,-88.096863,No,20042,5,5153,2,3,30502,116087.0,14682.0,6.0,9202,57665.0,101114.0,5.0,7618,11343384.0,566.0,309260089.0,15431.0
1,AL,"Pike County, AL",1109,Pike County,31.798651,-85.941604,No,33277,6,22140,5,3,30605,173758.0,21130.0,5.0,15323,86312.0,66273.0,2.0,12802,20044974.0,602.0,539461587.0,16211.0
1,AL,"Randolph County, AL",1111,Randolph County,33.296475,-85.464068,No,22615,5,7587,3,3,30503,127872.0,16156.0,6.0,11625,63519.0,74994.0,3.0,8691,9963924.0,441.0,270664707.0,11968.0
1,AL,"Russell County, AL",1113,Russell County,32.289811,-85.18698,No,58636,8,22283,5,3,30805,326048.0,41221.0,6.0,26021,161960.0,198133.0,3.0,22333,26428708.0,451.0,706208641.0,12044.0
1,AL,"St. Clair County, AL",1115,St. Clair County,33.712963,-86.315663,No,86576,9,33693,6,3,30906,497550.0,62977.0,6.0,34907,247151.0,402505.0,5.0,31832,51764523.0,598.0,1516864995.0,17521.0
1,AL,"Shelby County, AL",1117,Shelby County,33.263043,-86.678089,No,205951,11,164574,10,3,31110,1146887.0,145167.0,6.0,81436,569702.0,1522551.0,7.0,75942,95019395.0,461.0,2598959574.0,12619.0
1,AL,"Sumter County, AL",1119,Sumter County,32.597481,-88.200057,No,13285,4,4643,1,3,30401,72632.0,9181.0,5.0,6590,36079.0,44761.0,3.0,4878,15106609.0,1137.0,464220494.0,34943.0
1,AL,"Talladega County, AL",1121,Talladega County,33.369314,-86.17593,No,81057,8,47718,7,3,30807,473763.0,59670.0,6.0,36225,235336.0,410792.0,5.0,31461,46541220.0,574.0,1291933416.0,15939.0
1,AL,"Tallapoosa County, AL",1123,Tallapoosa County,32.863369,-85.799553,No,40958,7,21565,5,3,30705,251135.0,31742.0,6.0,21481,124748.0,173516.0,4.0,16338,23041738.0,563.0,604301464.0,14754.0
1,AL,"Tuscaloosa County, AL",1125,Tuscaloosa County,33.29022,-87.522783,No,202471,11,156875,10,3,31110,1055279.0,133553.0,5.0,85625,524197.0,1065750.0,5.0,70440,102749820.0,507.0,2872627267.0,14188.0
1,AL,"Walker County, AL",1127,Walker County,33.791558,-87.301094,No,65593,8,29184,6,3,30806,407332.0,51560.0,6.0,29905,202337.0,230413.0,4.0,25194,34253316.0,522.0,999513137.0,15238.0
1,AL,"Washington County, AL",1129,Washington County,31.405217,-88.197564,No,16909,5,9915,3,3,30503,92570.0,11752.0,5.0,8155,45983.0,22195.0,1.0,6113,10985398.0,650.0,304828500.0,18028.0
1,AL,"Wilcox County, AL",1131,Wilcox County,31.990085,-87.304907,No,11119,3,3335,1,3,30301,56385.0,7145.0,5.0,5472,28009.0,32056.0,3.0,3792,7094512.0,638.0,193243365.0,17380.0
1,AL,"Winston County, AL",1133,Winston County,34.154607,-87.36529,No,24013,5,12582,4,3,30504,149313.0,18882.0,6.0,13054,80774.0,103517.0,4.0,9436,10326155.0,430.0,275955298.0,11492.0
2,AK,"Aleutians East Borough, AK",2013,Aleutians East Borough,55.245044,-161.997477,No,3299,1,2361,1,7,70101,5235.0,1041.0,2.0,638,1199.0,5232.0,2.0,788,248261.0,75.0,5009278.0,1518.0
2,AK,"Aleutians West Census Area, AK",2016,Aleutians West Census Area,51.959447,178.338813,No,5714,2,7431,2,7,70202,6577.0,2112.0,1.0,1233,1506.0,4731.0,1.0,1186,915224.0,160.0,17899483.0,3133.0
2,AK,"Anchorage Municipality, AK",2020,Anchorage Municipality,61.17425,-149.284329,Yes,299321,12,294604,12,7,71212,684402.0,126148.0,2.0,109765,334427.0,12494797.0,42.0,104969,92849679.0,310.0,1998409173.0,6676.0
2,AK,"Bethel Census Area, AK",2050,Bethel Census Area,60.929141,-160.152625,No,17885,5,5972,2,8,80502,27649.0,9462.0,2.0,4372,6331.0,27723.0,2.0,4555,834492.0,47.0,17696945.0,989.0
2,AK,"Bristol Bay Borough, AK",2060,Bristol Bay Borough,58.730149,-156.996679,No,942,1,721,1,7,70101,2393.0,476.0,3.0,577,548.0,2232.0,2.0,360,130124.0,138.0,2726982.0,2895.0
2,AK,"Denali Borough, AK",2068,Denali Borough,63.681106,-150.026544,No,2125,1,744,1,7,70101,5632.0,1276.0,3.0,1360,2752.0,,,707,3483069.0,1639.0,81114681.0,38172.0
2,AK,"Dillingham Census Area, AK",2070,Dillingham Census Area,60.299091,-158.09732,No,4980,1,2290,1,8,80101,8339.0,2542.0,2.0,1770,1910.0,3387.0,1.0,1375,769244.0,154.0,15833075.0,3179.0
2,AK,"Fairbanks North Star Borough, AK",2090,Fairbanks North Star Borough,64.692317,-146.601733,No,100150,9,55924,7,8,80907,254976.0,57753.0,3.0,33122,124592.0,127409.0,1.0,35303,38400804.0,383.0,886316460.0,8850.0
2,AK,"Haines Borough, AK",2100,Haines Borough,59.098771,-135.576936,No,2528,1,1114,1,7,70101,5898.0,1809.0,2.0,1290,2882.0,6960.0,3.0,1170,458572.0,181.0,10555527.0,4175.0
2,AK,"Hoonah-Angoon Census Area, AK",2105,Hoonah-Angoon Census Area,58.403336,-135.884909,No,2107,1,377,1,7,70101,7750.0,933.0,4.0,1583,1775.0,6179.0,3.0,836,658606.0,313.0,13398577.0,6359.0
2,AK,"Juneau City and Borough, AK",2110,Juneau City and Borough,58.37291,-134.178445,Yes,32524,6,22830,5,7,70605,117913.0,13962.0,4.0,12925,27002.0,54441.0,2.0,12138,8775181.0,270.0,185965981.0,5718.0
2,AK,"Kenai Peninsula Borough, AK",2122,Kenai Peninsula Borough,60.366668,-152.322283,No,57637,8,30728,6,7,70806,143374.0,34712.0,2.0,29665,70058.0,1681295.0,29.0,21481,28065979.0,487.0,635869795.0,11032.0
2,AK,"Ketchikan Gateway Borough, AK",2130,Ketchikan Gateway Borough,55.449938,-131.106685,No,13715,4,10191,3,7,70403,43504.0,6960.0,3.0,6434,9962.0,21427.0,2.0,5209,2729892.0,199.0,58753318.0,4284.0
2,AK,"Kodiak Island Borough, AK",2150,Kodiak Island Borough,57.270775,-153.953863,No,13918,4,11203,3,7,70403,33134.0,5766.0,2.0,4763,7588.0,25541.0,2.0,4585,2459134.0,177.0,53367558.0,3834.0
2,AK,"Kusilvak Census Area, AK",2158,Kusilvak Census Area,62.28306,-163.190903,No,7993,3,0,1,7,70301,13573.0,2698.0,2.0,1428,3108.0,,,1734,374573.0,47.0,7603878.0,951.0
2,AK,"Lake and Peninsula Borough, AK",2164,Lake and Peninsula Borough,58.108693,-156.414141,No,1411,1,446,1,7,70101,3268.0,650.0,2.0,921,748.0,3416.0,2.0,468,368524.0,261.0,7459375.0,5287.0
2,AK,"Matanuska-Susitna Borough, AK",2170,Matanuska-Susitna Borough,62.279075,-149.617562,No,98679,9,36439,6,7,70906,250308.0,49176.0,3.0,39724,122311.0,3249943.0,33.0,30839,40073476.0,406.0,945332372.0,9580.0
2,AK,"Nome Census Area, AK",2180,Nome Census Area,64.783686,-164.188912,No,9879,3,4058,1,8,80301,14650.0,6382.0,1.0,3416,3355.0,17319.0,2.0,2879,1897288.0,192.0,38047646.0,3851.0
2,AK,"North Slope Borough, AK",2185,North Slope Borough,69.449343,-153.47283,No,9681,3,7494,2,8,80302,14027.0,2828.0,1.0,2240,3212.0,230107.0,24.0,2018,2169044.0,224.0,45330732.0,4682.0
2,AK,"Northwest Arctic Borough, AK",2188,Northwest Arctic Borough,67.005066,-160.021086,No,7723,3,2699,1,8,80301,9743.0,4681.0,1.0,2352,2231.0,10999.0,1.0,1904,539601.0,70.0,10706797.0,1386.0
2,AK,"Petersburg Census Area, AK",2195,Petersburg Census Area,57.112458,-133.008598,No,3196,1,1971,1,8,80101,8891.0,1939.0,3.0,1402,2036.0,6614.0,2.0,1237,740471.0,232.0,15409267.0,4821.0
2,AK,"Prince of Wales-Hyder Census Area, AK",2198,Prince of Wales-Hyder Census Area,55.682773,-133.162389,No,6374,2,1878,1,7,70201,10672.0,3274.0,2.0,2670,2444.0,13914.0,2.0,2267,1956725.0,307.0,40817205.0,6404.0
2,AK,"Sitka City and Borough, AK",2220,Sitka City and Borough,57.193204,-135.367396,Yes,8921,3,5837,2,7,70302,25914.0,5330.0,3.0,3696,5934.0,17231.0,2.0,3504,1670254.0,187.0,34066461.0,3819.0
2,AK,"Skagway Municipality, AK",2230,Skagway Municipality,59.575097,-135.335418,No,1014,1,715,1,7,70101,1879.0,576.0,2.0,508,430.0,1551.0,2.0,428,167225.0,165.0,3896398.0,3843.0
2,AK,"Southeast Fairbanks Census Area, AK",2240,Southeast Fairbanks Census Area,63.864997,-143.218628,No,6970,2,2063,1,8,80201,16039.0,3669.0,2.0,3101,7837.0,13612.0,2.0,2085,5119379.0,734.0,121305306.0,17404.0
2,AK,"Valdez-Cordova Census Area, AK",2261,Valdez-Cordova Census Area,61.34984,-145.023141,No,9522,3,5546,2,7,70302,22157.0,4707.0,2.0,5857,5074.0,17658.0,2.0,2937,6544934.0,687.0,149815655.0,15734.0
2,AK,"Wrangell City and Borough, AK",2275,Wrangell City and Borough,56.180779,-132.026788,Yes,2401,1,894,1,7,70101,6358.0,1529.0,3.0,1218,1456.0,7743.0,3.0,1045,469205.0,195.0,9702298.0,4041.0
2,AK,"Yakutat City and Borough, AK",2282,Yakutat City and Borough,60.019872,-140.414566,Yes,646,1,210,1,7,70101,1249.0,325.0,2.0,375,286.0,1906.0,3.0,247,340623.0,527.0,6576837.0,10181.0
2,AK,"Yukon-Koyukuk Census Area, AK",2290,Yukon-Koyukuk Census Area,65.375716,-151.577878,No,5600,2,620,1,8,80201,11757.0,3430.0,2.0,3227,2692.0,9789.0,2.0,1981,4215418.0,753.0,99722940.0,17808.0
4,AZ,"Apache County, AZ",4001,Apache County,35.385084,-109.490172,No,72346,8,12946,4,5,50804,122976.0,14360.0,2.0,29699,58517.0,346154.0,5.0,19351,38963056.0,539.0,1008977534.0,13947.0
4,AZ,"Cochise County, AZ",4003,Cochise County,31.840129,-109.775163,No,128177,10,51590,7,3,31007,429159.0,57222.0,3.0,56914,204211.0,987755.0,8.0,49230,73384674.0,573.0,1934255125.0,15091.0
4,AZ,"Coconino County, AZ",4005,Coconino County,35.829692,-111.773728,No,138064,10,103396,9,5,51009,359351.0,44889.0,3.0,61299,170994.0,1947911.0,14.0,47366,97382124.0,705.0,2411847623.0,17469.0
4,AZ,"Gila County, AZ",4007,Gila County,33.789618,-110.81187,No,53179,7,23207,5,4,40705,229128.0,29534.0,4.0,31225,109028.0,442658.0,8.0,21408,23748029.0,447.0,549501021.0,10333.0
4,AZ,"Graham County, AZ",4009,Graham County,32.931828,-109.87831,No,37529,6,13097,4,3,30604,111623.0,13433.0,3.0,10971,53115.0,263017.0,7.0,10915,11968474.0,319.0,285188134.0,7599.0
4,AZ,"Greenlee County, AZ",4011,Greenlee County,33.238872,-109.242323,No,9224,3,4529,1,3,30301,33462.0,4066.0,4.0,4169,15923.0,95362.0,10.0,3295,3247897.0,352.0,78696236.0,8532.0
4,AZ,"La Paz County, AZ",4012,La Paz County,33.72761,-114.038806,No,20304,5,7659,3,2,20503,93502.0,12069.0,5.0,15297,44492.0,56583.0,3.0,9181,48203535.0,2374.0,1354687161.0,66720.0
4,AZ,"Maricopa County, AZ",4013,Maricopa County,33.346541,-112.495534,No,4088549,18,3246598,17,2,21817,20615633.0,2525122.0,5.0,1583397,9809738.0,16175722.0,4.0,1465840,1524113607.0,373.0,35294944777.0,8633.0
4,AZ,"Mohave County, AZ",4015,Mohave County,35.717705,-113.749689,No,203629,11,83908,8,3,31108,883197.0,96124.0,4.0,106115,420260.0,1149834.0,6.0,82145,121675980.0,598.0,3043332247.0,14945.0
4,AZ,"Navajo County, AZ",4017,Navajo County,35.390785,-110.321025,No,108209,9,38302,7,5,50907,257304.0,32704.0,2.0,53776,122436.0,1133850.0,10.0,34090,56843269.0,525.0,1399778690.0,12936.0
4,AZ,"Pima County, AZ",4019,Pima County,32.128523,-111.783027,No,1003338,15,633322,13,2,21513,4039681.0,455043.0,4.0,424800,1922241.0,7658513.0,8.0,395390,368239996.0,367.0,8606629474.0,8578.0
4,AZ,"Pinal County, AZ",4021,Pinal County,32.919038,-111.367005,No,397604,12,97718,9,2,21209,1735643.0,215806.0,4.0,156845,825888.0,1484340.0,4.0,130801,147614933.0,371.0,3671328098.0,9234.0
4,AZ,"Santa Cruz County, AZ",4023,Santa Cruz County,31.525733,-110.845228,No,46547,7,22830,5,3,30705,147056.0,16046.0,3.0,17079,69975.0,368682.0,8.0,15538,19992562.0,430.0,509049334.0,10936.0
4,AZ,"Yavapai County, AZ",4025,Yavapai County,34.631212,-112.577385,No,218586,11,120306,9,4,41109,862187.0,112587.0,4.0,106339,410263.0,2753358.0,13.0,93445,125166204.0,573.0,3151580758.0,14418.0
4,AZ,"Yuma County, AZ",4027,Yuma County,32.773942,-113.910905,No,203292,11,85072,8,2,21108,844392.0,110150.0,4.0,84871,401795.0,673979.0,3.0,70924,71592663.0,352.0,1769773788.0,8706.0
5,AR,"Arkansas County, AR",5001,Arkansas County,34.28957,-91.376547,No,18569,5,17371,5,3,30505,103617.0,10641.0,6.0,9535,39581.0,229252.0,12.0,7685,9278272.0,500.0,210282697.0,11324.0
5,AR,"Ashley County, AR",5003,Ashley County,33.190835,-91.772267,No,20989,5,11662,4,3,30504,118328.0,12154.0,6.0,10202,45201.0,199353.0,9.0,8338,8775545.0,418.0,203324442.0,9687.0
5,AR,"Baxter County, AR",5005,Baxter County,36.28071,-92.330438,No,40992,7,26236,6,4,40706,206535.0,21335.0,5.0,22814,78895.0,473596.0,12.0,18061,14780981.0,361.0,334738379.0,8166.0
5,AR,"Benton County, AR",5007,Benton County,36.337825,-94.256187,No,245231,11,207978,11,4,41111,1175010.0,112658.0,5.0,99008,668807.0,2105525.0,9.0,88014,99264468.0,405.0,2400680000.0,9789.0
5,AR,"Boone County, AR",5009,Boone County,36.304308,-93.079204,No,37301,6,24063,5,4,40605,171012.0,17532.0,5.0,17077,65325.0,401370.0,11.0,14883,15776504.0,423.0,366392862.0,9823.0
5,AR,"Bradley County, AR",5011,Bradley County,33.466549,-92.169156,No,11096,3,5667,2,3,30302,61864.0,6373.0,6.0,5877,23632.0,98311.0,9.0,4550,5260159.0,474.0,119740978.0,10791.0
5,AR,"Calhoun County, AR",5013,Calhoun County,33.56046,-92.513879,No,5210,2,736,1,3,30201,28721.0,2955.0,6.0,2917,10971.0,50576.0,10.0,2079,5057209.0,971.0,120839224.0,23194.0
5,AR,"Carroll County, AR",5015,Carroll County,36.337774,-93.541663,No,27690,6,17106,5,4,40605,127292.0,12948.0,5.0,13717,72454.0,246425.0,9.0,10874,10852954.0,392.0,255916282.0,9242.0
5,AR,"Chicot County, AR",5017,Chicot County,33.267139,-91.297158,No,11189,3,3785,1,3,30301,60549.0,6217.0,5.0,5461,23129.0,101020.0,9.0,4384,7073554.0,632.0,167433795.0,14964.0
5,AR,"Clark County, AR",5019,Clark County,34.053316,-93.176208,No,22684,5,13293,4,3,30504,108316.0,11150.0,5.0,10509,41376.0,179475.0,8.0,8783,17191606.0,758.0,526341457.0,23203.0
5,AR,"Clay County, AR",5021,Clay County,36.367302,-90.418704,No,15202,4,4867,1,3,30401,78644.0,8105.0,5.0,8119,30042.0,220852.0,15.0,6453,6548695.0,431.0,148398648.0,9762.0
5,AR,"Cleburne County, AR",5023,Cleburne County,35.566315,-92.05995,No,25587,6,11268,4,3,30604,138171.0,14189.0,5.0,16013,52781.0,129584.0,5.0,10360,10177541.0,398.0,234340247.0,9159.0
5,AR,"Cleveland County, AR",5025,Cleveland County,33.893201,-92.188714,No,8421,3,916,1,3,30301,50402.0,5188.0,6.0,4099,19253.0,59905.0,7.0,3342,4369885.0,519.0,105296701.0,12504.0
5,AR,"Columbia County, AR",5027,Columbia County,33.223038,-93.232843,No,24168,5,14272,4,3,30504,133098.0,13669.0,6.0,11694,50843.0,272443.0,11.0,9518,9436395.0,390.0,220092065.0,9107.0
5,AR,"Conway County, AR",5029,Conway County,35.265702,-92.689248,No,21060,5,9353,3,3,30503,112070.0,11493.0,5.0,9830,42810.0,119159.0,6.0,8360,16075508.0,763.0,496453134.0,23573.0
5,AR,"Craighead County, AR",5031,Craighead County,35.827729,-90.631421,No,102884,9,86089,9,3,30909,509809.0,51281.0,5.0,43711,194744.0,880367.0,9.0,39042,44133148.0,429.0,1038848798.0,10097.0
5,AR,"Crawford County, AR",5033,Crawford County,35.583041,-94.236224,No,61927,8,35255,6,3,30806,334543.0,31100.0,5.0,26695,190419.0,816639.0,13.0,23548,28902794.0,467.0,882404413.0,14249.0
5,AR,"Crittenden County, AR",5035,Crittenden County,35.211878,-90.315331,No,49511,7,27873,6,3,30706,251492.0,25691.0,5.0,21823,96069.0,503958.0,10.0,18496,33600994.0,679.0,1027105529.0,20745.0
5,AR,"Cross County, AR",5037,Cross County,35.285692,-90.763984,No,17329,5,7451,2,3,30502,95337.0,9790.0,6.0,7962,36418.0,146967.0,8.0,6703,7812617.0,451.0,181253210.0,10460.0
5,AR,"Dallas County, AR",5039,Dallas County,33.967823,-92.653999,No,7738,3,4759,1,3,30301,43599.0,4486.0,6.0,4328,16655.0,83631.0,11.0,3222,4801300.0,620.0,109650361.0,14170.0
5,AR,"Desha County, AR",5041,Desha County,33.828752,-91.244103,No,12234,4,6891,2,3,30402,68869.0,7085.0,6.0,6346,26307.0,128170.0,10.0,5224,6334142.0,518.0,144000993.0,11771.0
5,AR,"Drew County, AR",5043,Drew County,33.587242,-91.722778,No,18688,5,9518,3,3,30503,99083.0,10199.0,5.0,8564,37849.0,147561.0,8.0,7094,10752547.0,575.0,248422424.0,13293.0
5,AR,"Faulkner County, AR",5045,Faulkner County,35.146286,-92.324711,No,120417,9,70129,8,3,30908,599113.0,60961.0,5.0,49241,228857.0,708043.0,6.0,43451,47791990.0,397.0,1267729278.0,10528.0
5,AR,"Franklin County, AR",5047,Franklin County,35.508558,-93.887665,No,17799,5,6815,2,3,30502,97029.0,9021.0,5.0,8104,55228.0,220072.0,12.0,6779,11237991.0,631.0,333317947.0,18727.0
5,AR,"Fulton County, AR",5049,Fulton County,36.383619,-91.819664,No,12186,4,2764,1,4,40401,68887.0,7116.0,6.0,6814,26314.0,34518.0,3.0,5240,7041095.0,578.0,164226100.0,13477.0
5,AR,"Garland County, AR",5051,Garland County,34.578861,-93.146915,No,97119,9,66016,8,3,30908,523473.0,53747.0,5.0,51036,199964.0,764662.0,8.0,40353,38415739.0,396.0,879142440.0,9052.0
5,AR,"Grant County, AR",5053,Grant County,34.285568,-92.422979,No,18046,5,6362,2,3,30502,98690.0,10158.0,5.0,7918,37699.0,182414.0,10.0,6869,9921638.0,550.0,244454445.0,13546.0
5,AR,"Greene County, AR",5055,Greene County,36.120607,-90.566346,No,43745,7,28541,6,3,30706,243718.0,24837.0,6.0,18664,93099.0,241640.0,6.0,16766,16097273.0,368.0,360097657.0,8232.0
5,AR,"Hempstead County, AR",5057,Hempstead County,33.728611,-93.665809,No,22208,5,12306,4,3,30504,93327.0,9796.0,4.0,10534,53121.0,207833.0,9.0,7729,17019094.0,766.0,501598914.0,22586.0
5,AR,"Hot Spring County, AR",5059,Hot Spring County,34.315177,-92.944147,No,33440,6,11432,4,3,30604,160658.0,16511.0,5.0,14474,61371.0,234154.0,7.0,12226,21357598.0,639.0,635910791.0,19016.0
5,AR,"Howard County, AR",5061,Howard County,34.083064,-93.990931,No,13487,4,11644,4,3,30404,61348.0,5848.0,5.0,6292,23435.0,87777.0,7.0,5068,5479852.0,406.0,125489414.0,9304.0
5,AR,"Independence County, AR",5063,Independence County,35.737499,-91.559942,No,37030,6,27164,6,3,30606,191023.0,19606.0,5.0,16436,72969.0,226789.0,6.0,14316,15069170.0,407.0,354755868.0,9580.0
5,AR,"Izard County, AR",5065,Izard County,36.094879,-91.913625,No,13461,4,3860,1,4,40401,67763.0,7000.0,5.0,7284,25885.0,76442.0,6.0,5349,5518000.0,410.0,122809534.0,9123.0
5,AR,"Jackson County, AR",5067,Jackson County,35.596605,-91.223178,No,17495,5,8030,3,3,30503,75491.0,7751.0,4.0,7674,28837.0,153660.0,9.0,6219,11143173.0,637.0,256690643.0,14672.0
5,AR,"Jefferson County, AR",5069,Jefferson County,34.277695,-91.930701,No,72385,8,41316,7,3,30807,365502.0,37559.0,5.0,33539,139620.0,872033.0,12.0,27660,32184066.0,445.0,835583740.0,11544.0
5,AR,"Johnson County, AR",5071,Johnson County,35.573359,-93.466322,No,26025,6,14528,4,3,30604,135413.0,13678.0,5.0,11464,51727.0,213156.0,8.0,10014,15716614.0,604.0,464198375.0,17837.0
5,AR,"Lafayette County, AR",5073,Lafayette County,33.240629,-93.611514,No,7127,2,1386,1,3,30201,40192.0,4132.0,6.0,4385,15353.0,72099.0,10.0,2947,3936151.0,552.0,93217030.0,13079.0
5,AR,"Lawrence County, AR",5075,Lawrence County,36.041098,-91.101153,No,16915,5,5995,2,3,30502,80775.0,8305.0,5.0,8049,30855.0,155754.0,9.0,6603,12604136.0,745.0,290623033.0,17181.0
5,AR,"Lee County, AR",5077,Lee County,34.779858,-90.779345,No,9781,3,1738,1,3,30301,46330.0,4758.0,5.0,4407,17698.0,80637.0,8.0,3541,4196761.0,429.0,96076679.0,9823.0
5,AR,"Lincoln County, AR",5079,Lincoln County,33.957675,-91.727626,No,13935,4,2736,1,3,30401,57014.0,5869.0,4.0,4901,21779.0,57770.0,4.0,3940,5872224.0,421.0,137322761.0,9855.0
5,AR,"Little River County, AR",5081,Little River County,33.699497,-94.229774,No,12616,4,5290,2,3,30402,70528.0,6667.0,6.0,6514,40144.0,123200.0,10.0,5191,7002111.0,555.0,164187180.0,13014.0
5,AR,"Logan County, AR",5083,Logan County,35.218654,-93.72091,No,21935,5,8091,3,3,30503,112581.0,10726.0,5.0,10230,43005.0,196563.0,9.0,8401,7356935.0,335.0,172652388.0,7871.0
5,AR,"Lonoke County, AR",5085,Lonoke County,34.755114,-91.894132,No,71279,8,22838,5,3,30805,373369.0,38337.0,5.0,28839,142625.0,440352.0,6.0,25993,34921116.0,490.0,966729209.0,13563.0
5,AR,"Madison County, AR",5087,Madison County,36.012545,-93.724053,No,15761,4,4848,1,4,40401,86861.0,8390.0,6.0,7557,49440.0,135286.0,9.0,6279,8817373.0,559.0,214400266.0,13603.0
5,AR,"Marion County, AR",5089,Marion County,36.266672,-92.678567,No,16404,4,5566,2,4,40402,77894.0,8038.0,5.0,9437,29755.0,112337.0,7.0,6667,6919541.0,422.0,161018043.0,9816.0
5,AR,"Miller County, AR",5091,Miller County,33.305505,-93.901502,No,43666,7,22580,5,3,30705,233209.0,22516.0,5.0,19591,132741.0,381107.0,9.0,17003,21364286.0,489.0,621775967.0,14239.0
5,AR,"Mississippi County, AR",5093,Mississippi County,35.766943,-90.052209,No,44199,7,30074,6,3,30706,231926.0,23754.0,5.0,20700,88594.0,560970.0,13.0,16835,25483294.0,577.0,722085535.0,16337.0
5,AR,"Monroe County, AR",5095,Monroe County,34.679512,-91.20331,No,7542,3,3286,1,3,30301,42157.0,4329.0,6.0,4485,16104.0,83472.0,11.0,3306,9280414.0,1230.0,282441034.0,37449.0
5,AR,"Montgomery County, AR",5097,Montgomery County,34.545581,-93.66333,No,9100,3,1630,1,3,30301,47970.0,4933.0,5.0,5797,18324.0,46418.0,5.0,3735,4770907.0,524.0,115333765.0,12674.0
5,AR,"Nevada County, AR",5099,Nevada County,33.666699,-93.305072,No,8668,3,3551,1,3,30301,47498.0,4892.0,5.0,4587,18144.0,90445.0,10.0,3509,8411412.0,970.0,255692914.0,29498.0
5,AR,"Newton County, AR",5101,Newton County,35.910742,-93.215899,No,7988,3,1576,1,4,40301,37370.0,3813.0,5.0,4717,14275.0,21589.0,3.0,3243,3450611.0,432.0,81607142.0,10216.0
5,AR,"Ouachita County, AR",5103,Ouachita County,33.59116,-92.878415,No,24728,5,14936,4,3,30504,132191.0,13598.0,5.0,13194,50496.0,332504.0,13.0,10313,10887440.0,440.0,248805220.0,10062.0
5,AR,"Perry County, AR",5105,Perry County,34.946363,-92.926877,No,10246,3,1624,1,3,30301,52928.0,5435.0,5.0,4956,20218.0,20601.0,2.0,3730,4830655.0,471.0,114465831.0,11172.0
5,AR,"Phillips County, AR",5107,Phillips County,34.423687,-90.855593,No,19929,5,7982,3,3,30503,104360.0,10716.0,5.0,10258,39865.0,251617.0,13.0,7953,7980774.0,400.0,180207289.0,9042.0
5,AR,"Pike County, AR",5109,Pike County,34.158191,-93.658659,No,11017,3,3631,1,3,30301,60332.0,6148.0,5.0,5628,23046.0,86041.0,8.0,4298,5380175.0,488.0,125595997.0,11400.0
5,AR,"Poinsett County, AR",5111,Poinsett County,35.56887,-90.681104,No,24131,5,6955,2,3,30502,127526.0,13074.0,5.0,11035,48714.0,259682.0,11.0,9471,13487174.0,559.0,368206077.0,15259.0
5,AR,"Polk County, AR",5113,Polk County,34.490915,-94.230884,No,20290,5,9873,3,3,30503,98302.0,9257.0,5.0,10132,55953.0,95946.0,5.0,7925,8131180.0,401.0,188281370.0,9280.0
5,AR,"Pope County, AR",5115,Pope County,35.456557,-93.026818,No,63107,8,45447,7,3,30807,300626.0,30822.0,5.0,26126,114837.0,335615.0,5.0,22919,28491695.0,451.0,768473073.0,12177.0
5,AR,"Prairie County, AR",5117,Prairie County,34.831116,-91.55362,No,8334,3,1745,1,3,30301,51761.0,5315.0,6.0,4542,19772.0,65922.0,8.0,3846,13926838.0,1671.0,415971875.0,49913.0
5,AR,"Pulaski County, AR",5119,Pulaski County,34.770311,-92.312996,No,391806,12,412488,12,3,31212,1858557.0,190819.0,5.0,183046,709957.0,4987254.0,13.0,155440,204181266.0,521.0,5532847548.0,14121.0
5,AR,"Randolph County, AR",5121,Randolph County,36.341298,-91.028441,No,17584,5,6729,2,3,30502,89962.0,9266.0,5.0,8622,34365.0,164059.0,9.0,7318,7235217.0,411.0,166357927.0,9461.0
5,AR,"St. Francis County, AR",5123,St. Francis County,35.014026,-90.742138,No,27023,6,11033,3,3,30603,121084.0,12434.0,4.0,11007,46253.0,221657.0,8.0,9308,26611787.0,985.0,883302152.0,32687.0
5,AR,"Saline County, AR",5125,Saline County,34.648525,-92.674463,No,115577,9,43365,7,3,30907,586194.0,60151.0,5.0,47268,223922.0,956384.0,8.0,42633,42775994.0,370.0,1210697753.0,10475.0
5,AR,"Scott County, AR",5127,Scott County,34.858869,-94.063641,No,10661,3,3749,1,3,30301,50668.0,5025.0,5.0,5233,19355.0,46250.0,4.0,3965,5993516.0,562.0,140095195.0,13141.0
5,AR,"Searcy County, AR",5129,Searcy County,35.896387,-92.695888,No,7938,3,1969,1,4,40301,36312.0,3732.0,5.0,4953,13871.0,18543.0,2.0,3194,5365514.0,676.0,127606523.0,16075.0
5,AR,"Sebastian County, AR",5131,Sebastian County,35.196981,-94.274989,No,127351,9,125987,9,3,30909,623768.0,54802.0,5.0,56616,355044.0,2392635.0,19.0,50437,46772592.0,367.0,1122537082.0,8815.0
5,AR,"Sevier County, AR",5133,Sevier County,33.994877,-94.243279,No,17193,5,6713,2,3,30502,79085.0,7499.0,5.0,6943,45014.0,74526.0,4.0,6005,7209850.0,419.0,171880566.0,9997.0
5,AR,"Sharp County, AR",5135,Sharp County,36.173399,-91.471069,No,17027,5,5114,2,3,30502,92842.0,9590.0,5.0,9924,35465.0,61180.0,4.0,7320,8098955.0,476.0,181170283.0,10640.0
5,AR,"Stone County, AR",5137,Stone County,35.857031,-92.140573,No,12503,4,3795,1,4,40401,62474.0,6445.0,5.0,6827,23865.0,67767.0,5.0,4966,5119351.0,409.0,117856980.0,9426.0
5,AR,"Union County, AR",5139,Union County,33.168219,-92.598145,No,40334,7,33240,6,3,30706,222132.0,22816.0,6.0,19885,84853.0,494351.0,12.0,16383,18891349.0,468.0,434996857.0,10785.0
5,AR,"Van Buren County, AR",5141,Van Buren County,35.582953,-92.515976,No,16892,5,6548,2,3,30502,89892.0,9239.0,5.0,10446,34338.0,79104.0,5.0,6825,9325489.0,552.0,214917418.0,12723.0
5,AR,"Washington County, AR",5143,Washington County,35.971209,-94.218417,No,219930,11,176346,10,4,41110,901314.0,84164.0,4.0,90966,513021.0,3447924.0,16.0,83467,85106549.0,387.0,2100592622.0,9551.0
5,AR,"White County, AR",5145,White County,35.255118,-91.753034,No,78823,8,43036,7,3,30807,395354.0,40594.0,5.0,33470,151023.0,480409.0,6.0,29108,35055657.0,445.0,817854623.0,10376.0
5,AR,"Woodruff County, AR",5147,Woodruff County,35.192777,-91.244535,No,6873,2,2279,1,3,30201,35074.0,3602.0,5.0,3927,13398.0,63549.0,9.0,2919,3875790.0,564.0,88749333.0,12913.0
5,AR,"Yell County, AR",5149,Yell County,34.997713,-93.408303,No,21716,5,9470,3,3,30503,103553.0,10637.0,5.0,9840,39556.0,81166.0,4.0,7492,8681811.0,400.0,204735679.0,9428.0
6,CA,"Alameda County, CA",6001,Alameda County,37.647139,-121.912488,No,1605217,16,1325022,15,3,31615,2849120.0,567377.0,2.0,578006,684796.0,19002461.0,12.0,564293,661629351.0,412.0,15683024239.0,9770.0
6,CA,"Alpine County, CA",6003,Alpine County,38.621783,-119.798352,No,1184,1,618,1,6,60101,2398.0,475.0,2.0,1727,576.0,9627.0,8.0,343,2497979.0,2110.0,58707621.0,49584.0
6,CA,"Amador County, CA",6005,Amador County,38.44355,-120.653856,No,36963,6,16378,4,4,40604,102739.0,20454.0,3.0,17749,24694.0,457276.0,12.0,14248,15121476.0,409.0,359719825.0,9732.0
6,CA,"Butte County, CA",6007,Butte County,39.665959,-121.601919,No,223877,11,120864,9,3,31109,559301.0,111384.0,2.0,95080,134430.0,2501965.0,11.0,85505,75566160.0,338.0,1742805707.0,7785.0
6,CA,"Calaveras County, CA",6009,Calaveras County,38.1839,-120.561441,No,44787,7,12492,4,4,40704,122314.0,24359.0,3.0,27403,29399.0,499084.0,11.0,17713,15585123.0,348.0,370471457.0,8272.0
6,CA,"Colusa County, CA",6011,Colusa County,39.177739,-122.237563,No,21361,5,7937,3,3,30503,49424.0,9843.0,2.0,7741,11879.0,228520.0,11.0,6962,19333829.0,905.0,523724916.0,24518.0
6,CA,"Contra Costa County, CA",6013,Contra Costa County,37.919479,-121.951543,No,1107925,15,647572,13,3,31513,2633615.0,524478.0,2.0,396654,632998.0,15579970.0,14.0,387540,420964714.0,380.0,9759576720.0,8809.0
6,CA,"Del Norte County, CA",6015,Del Norte County,41.749903,-123.980998,No,27628,6,7895,3,4,40603,99454.0,13823.0,4.0,11006,29567.0,52314.0,2.0,9443,11673844.0,423.0,276604943.0,10012.0
6,CA,"El Dorado County, CA",6017,El Dorado County,38.785532,-120.534398,No,183000,10,90046,9,4,41009,533807.0,102286.0,3.0,86664,128302.0,1977892.0,11.0,67528,68675654.0,375.0,1620543282.0,8855.0
6,CA,"Fresno County, CA",6019,Fresno County,36.761006,-119.655019,No,963160,14,508312,13,3,31413,2350782.0,467903.0,2.0,315777,565018.0,10136864.0,11.0,299456,313822179.0,326.0,7424246915.0,7708.0
6,CA,"Glenn County, CA",6021,Glenn County,39.602546,-122.4017,No,27976,6,9862,3,3,30603,67262.0,13395.0,2.0,10633,16167.0,257539.0,9.0,9801,17957774.0,642.0,476967084.0,17049.0
6,CA,"Humboldt County, CA",6023,Humboldt County,40.706673,-123.925818,No,135182,10,68910,8,4,41008,275606.0,54883.0,2.0,60830,66243.0,1817627.0,13.0,53689,52036629.0,385.0,1235280560.0,9138.0
6,CA,"Imperial County, CA",6025,Imperial County,33.040814,-115.3554,No,178807,10,65887,8,2,21008,578179.0,72723.0,3.0,55300,275121.0,799635.0,4.0,45800,79683259.0,446.0,2018782293.0,11290.0
6,CA,"Inyo County, CA",6027,Inyo County,36.561977,-117.403927,No,18326,5,10055,3,4,40503,56020.0,8857.0,3.0,9245,13465.0,230356.0,13.0,7973,25484166.0,1391.0,601547196.0,32825.0
6,CA,"Kern County, CA",6029,Kern County,35.346629,-118.729506,No,871337,14,381006,12,3,31412,1998148.0,380783.0,2.0,283842,480262.0,9549215.0,11.0,262337,350666384.0,402.0,8602246076.0,9872.0
6,CA,"Kings County, CA",6031,Kings County,36.072478,-119.81553,No,150261,10,47644,7,3,31007,340481.0,61634.0,2.0,43788,81836.0,1471383.0,10.0,41845,60697377.0,404.0,1496960714.0,9962.0
6,CA,"Lake County, CA",6033,Lake County,39.094802,-122.746757,No,64076,8,18782,5,4,40805,166087.0,33076.0,3.0,34744,39920.0,471502.0,7.0,26194,28965197.0,452.0,673020341.0,10503.0
6,CA,"Lassen County, CA",6035,Lassen County,40.721086,-120.629952,No,31945,6,7105,2,5,50602,73247.0,13208.0,2.0,12408,17605.0,64225.0,2.0,9501,20536495.0,643.0,485097851.0,15185.0
6,CA,"Los Angeles County, CA",6037,Los Angeles County,34.196398,-118.261862,No,10057155,20,7743432,20,3,32020,20815748.0,3270372.0,2.0,3391623,5003136.0,105200803.0,10.0,3281845,3703075220.0,368.0,85965083917.0,8548.0
6,CA,"Madera County, CA",6039,Madera County,37.209821,-119.749802,No,153366,10,53336,7,3,31007,354963.0,70683.0,2.0,48600,85316.0,1097574.0,7.0,43574,66406032.0,433.0,1582608563.0,10319.0
6,CA,"Marin County, CA",6041,Marin County,38.051817,-122.745974,No,259358,11,201040,11,3,31111,630329.0,125528.0,2.0,109458,151502.0,4476743.0,17.0,104400,122550330.0,473.0,2765716142.0,10664.0
6,CA,"Mariposa County, CA",6043,Mariposa County,37.570033,-119.91286,No,17645,5,5635,2,4,40502,47836.0,9517.0,3.0,10076,11497.0,185910.0,11.0,7255,6889119.0,390.0,163124914.0,9245.0
6,CA,"Mendocino County, CA",6045,Mendocino County,39.432388,-123.442881,No,87409,9,46658,7,3,30907,208480.0,41515.0,2.0,39680,50109.0,871003.0,10.0,34594,44665760.0,511.0,1064019025.0,12173.0
6,CA,"Merced County, CA",6047,Merced County,37.194806,-120.722802,No,265001,11,86268,9,3,31109,634036.0,112463.0,2.0,55594,152393.0,2330948.0,9.0,78270,105755345.0,399.0,2598248231.0,9805.0
6,CA,"Modoc County, CA",6049,Modoc County,41.592918,-120.71837,No,9033,3,2253,1,5,50301,35888.0,4884.0,4.0,5094,10669.0,20818.0,2.0,3670,10087648.0,1117.0,238832178.0,26440.0
6,CA,"Mono County, CA",6051,Mono County,37.915836,-118.875167,No,14051,4,12874,4,6,60404,33879.0,5736.0,2.0,13643,8143.0,124508.0,9.0,4950,16062603.0,1143.0,370197854.0,26347.0
6,CA,"Monterey County, CA",6053,Monterey County,36.240107,-121.315572,No,430201,12,215730,11,3,31211,696803.0,138765.0,2.0,136672,167479.0,4491131.0,10.0,125916,154203134.0,358.0,3584569310.0,8332.0
6,CA,"Napa County, CA",6055,Napa County,38.5071,-122.325904,No,140823,10,125069,9,3,31009,321002.0,63927.0,2.0,53921,77154.0,1911039.0,14.0,49375,47413011.0,337.0,1111600392.0,7894.0
6,CA,"Nevada County, CA",6057,Nevada County,39.297508,-120.771343,No,98639,9,54827,7,5,50907,277987.0,53261.0,3.0,51862,66815.0,1314840.0,13.0,40587,41771853.0,423.0,994972908.0,10087.0
6,CA,"Orange County, CA",6059,Orange County,33.675687,-117.777207,No,3132211,17,2965204,17,3,31717,6763272.0,1105369.0,2.0,1041868,1625575.0,30449131.0,10.0,1017012,1222548494.0,390.0,28099860157.0,8971.0
6,CA,"Placer County, CA",6061,Placer County,39.062032,-120.722718,No,370571,12,284216,11,3,31211,1222198.0,222911.0,3.0,153949,293760.0,5243120.0,14.0,136730,140772976.0,380.0,3407042816.0,9194.0
6,CA,"Plumas County, CA",6063,Plumas County,39.992295,-120.824371,No,18754,5,7243,2,5,50502,58481.0,11634.0,3.0,15301,14056.0,67178.0,4.0,8376,14668619.0,782.0,337360573.0,17989.0
6,CA,"Riverside County, CA",6065,Riverside County,33.729828,-116.002239,No,2323892,17,1107408,15,3,31715,6343012.0,979313.0,3.0,795395,1524565.0,22644823.0,10.0,705716,862492047.0,371.0,20759956819.0,8933.0
6,CA,"Sacramento County, CA",6067,Sacramento County,38.450011,-121.340441,No,1479300,16,932682,14,3,31614,4421932.0,631343.0,3.0,547982,1062826.0,16946851.0,11.0,527335,503847384.0,341.0,11898946356.0,8044.0
6,CA,"San Benito County, CA",6069,San Benito County,36.610702,-121.085296,No,58051,8,23579,5,3,30805,112141.0,22333.0,2.0,17686,26953.0,679815.0,12.0,17390,22337549.0,385.0,539284787.0,9290.0
6,CA,"San Bernardino County, CA",6071,San Bernardino County,34.85722,-116.181197,No,2106754,16,1164560,15,3,31615,4526519.0,719245.0,2.0,688451,1087964.0,23263611.0,11.0,618922,912320172.0,433.0,22146621552.0,10512.0
6,CA,"San Diego County, CA",6073,San Diego County,33.023604,-116.776117,No,3253356,17,2496738,17,3,31717,5828515.0,1201283.0,2.0,1154131,1400903.0,25402058.0,8.0,1103128,1230179045.0,378.0,28995113473.0,8912.0
6,CA,"San Francisco County, CA",6075,San Francisco County,37.727239,-123.032229,Yes,850282,14,1251464,15,3,31415,1326629.0,264195.0,2.0,377106,318860.0,8997304.0,11.0,356797,149206599.0,175.0,3373805657.0,3968.0
6,CA,"San Joaquin County, CA",6077,San Joaquin County,37.934982,-121.272244,No,714860,14,354322,12,3,31412,1697511.0,335738.0,2.0,231820,408003.0,8642771.0,12.0,221707,267648879.0,374.0,6479318781.0,9064.0
6,CA,"San Luis Obispo County, CA",6079,San Luis Obispo County,35.385224,-120.447544,No,278680,11,178893,10,3,31110,528631.0,105276.0,2.0,116420,127058.0,3445475.0,12.0,104404,129712504.0,465.0,3044564838.0,10925.0
6,CA,"San Mateo County, CA",6081,San Mateo County,37.414663,-122.371545,No,754748,14,748502,14,3,31414,1452514.0,289222.0,2.0,266967,349117.0,10027645.0,13.0,261010,318826350.0,422.0,7373557501.0,9770.0
6,CA,"Santa Barbara County, CA",6083,Santa Barbara County,34.537057,-120.039973,No,439395,13,293792,12,3,31312,698779.0,122917.0,2.0,150439,167954.0,4849814.0,11.0,143051,149716268.0,341.0,3481735965.0,7924.0
6,CA,"Santa Clara County, CA",6085,Santa Clara County,37.220777,-121.690622,No,1885056,16,2043496,16,3,31616,3626898.0,716680.0,2.0,635641,871737.0,21007429.0,11.0,626579,714422239.0,379.0,16435703810.0,8719.0
6,CA,"Santa Cruz County, CA",6087,Santa Cruz County,37.012488,-122.007205,No,270931,11,155648,10,3,31110,559379.0,111391.0,2.0,102629,134449.0,3186673.0,12.0,95062,79367212.0,293.0,1834673806.0,6772.0
6,CA,"Shasta County, CA",6089,Shasta County,40.760514,-122.043556,No,179228,10,100138,9,3,31009,634167.0,121494.0,4.0,75997,152424.0,1926948.0,11.0,69713,78729425.0,439.0,1925471646.0,10743.0
6,CA,"Sierra County, CA",6091,Sierra County,39.576925,-120.521993,No,2931,1,356,1,5,50101,7977.0,1584.0,3.0,2290,1917.0,24339.0,8.0,1275,4855324.0,1657.0,115538885.0,39420.0
6,CA,"Siskiyou County, CA",6093,Siskiyou County,41.587986,-122.533287,No,43668,7,17265,5,5,50705,188521.0,25991.0,4.0,23356,56045.0,294056.0,7.0,19045,38443883.0,880.0,963818960.0,22072.0
6,CA,"Solano County, CA",6095,Solano County,38.267226,-121.939594,No,429596,12,222300,11,3,31211,939348.0,187057.0,2.0,151222,225776.0,5266900.0,12.0,145315,206501701.0,481.0,5072732008.0,11808.0
6,CA,"Sonoma County, CA",6097,Sonoma County,38.525182,-122.92611,No,497776,13,335792,12,3,31312,1049428.0,208990.0,2.0,201892,252234.0,6788061.0,14.0,189043,180086075.0,362.0,4173707513.0,8385.0
6,CA,"Stanislaus County, CA",6099,Stanislaus County,37.562316,-121.002831,No,530561,13,278059,11,3,31311,1539817.0,273441.0,3.0,175886,370100.0,5962816.0,11.0,170328,165906250.0,313.0,3929455629.0,7406.0
6,CA,"Sutter County, CA",6101,Sutter County,39.03619,-121.70394,No,95406,9,42012,7,3,30907,242165.0,48223.0,3.0,33251,58205.0,1052072.0,11.0,32028,30893386.0,324.0,739928691.0,7756.0
6,CA,"Tehama County, CA",6103,Tehama County,40.126156,-122.232276,No,63015,8,25169,5,3,30805,167642.0,33386.0,3.0,26546,40293.0,579070.0,9.0,23573,33547929.0,532.0,874539583.0,13878.0
6,CA,"Trinity County, CA",6105,Trinity County,40.647724,-123.114404,No,13180,4,3145,1,4,40401,42311.0,7222.0,3.0,8557,10170.0,111697.0,8.0,5468,9325521.0,708.0,219586100.0,16661.0
6,CA,"Tulare County, CA",6107,Tulare County,36.228824,-118.781061,No,455769,13,189068,10,3,31310,1099103.0,179986.0,2.0,141662,264173.0,4919844.0,11.0,134153,139550308.0,306.0,3279692409.0,7196.0
6,CA,"Tuolumne County, CA",6109,Tuolumne County,38.021434,-119.964733,No,53864,7,25195,5,4,40705,147293.0,29090.0,3.0,30576,35402.0,258610.0,5.0,22083,21199339.0,394.0,493684757.0,9165.0
6,CA,"Ventura County, CA",6111,Ventura County,34.358741,-119.133143,No,843110,14,512752,13,3,31413,1756132.0,278697.0,2.0,276724,422092.0,9295324.0,11.0,269338,307043836.0,364.0,7052272020.0,8365.0
6,CA,"Yolo County, CA",6113,Yolo County,38.679595,-121.902441,No,209671,11,125575,9,3,31109,440439.0,87040.0,2.0,74570,105861.0,2309338.0,11.0,72544,95212397.0,454.0,2384232784.0,11371.0
6,CA,"Yuba County, CA",6115,Yuba County,39.266247,-121.340781,No,73897,8,19514,5,3,30805,189581.0,37755.0,3.0,27339,45567.0,744511.0,10.0,25655,24429643.0,331.0,581620949.0,7871.0
8,CO,"Adams County, CO",8001,Adams County,39.874325,-104.331872,No,479977,13,325638,12,5,51312,1340095.0,155385.0,3.0,165452,836881.0,9725503.0,20.0,158748,200642545.0,418.0,4876657889.0,10160.0
8,CO,"Alamosa County, CO",8003,Alamosa County,37.568442,-105.788041,No,16353,4,11416,4,6,60404,55105.0,6334.0,3.0,6703,34413.0,348672.0,21.0,5946,7538115.0,461.0,185891576.0,11367.0
8,CO,"Arapahoe County, CO",8005,Arapahoe County,39.644554,-104.331706,No,617668,13,587150,13,5,51313,1894408.0,219917.0,3.0,241983,1183047.0,13779941.0,22.0,231844,209855359.0,340.0,4979845492.0,8062.0
8,CO,"Archuleta County, CO",8007,Archuleta County,37.202395,-107.050863,No,12355,4,6922,2,6,60402,43978.0,6454.0,4.0,8932,27464.0,220961.0,18.0,5382,6437525.0,521.0,156860018.0,12696.0
8,CO,"Baca County, CO",8009,Baca County,37.306693,-102.537758,No,3648,1,857,1,4,40101,12830.0,2042.0,4.0,2225,8012.0,77441.0,21.0,1545,3342254.0,916.0,83200134.0,22807.0
8,CO,"Bent County, CO",8011,Bent County,37.931891,-103.077584,No,5816,2,854,1,5,50201,13698.0,2166.0,2.0,2185,8555.0,89031.0,15.0,1720,2890576.0,497.0,71549370.0,12302.0
8,CO,"Boulder County, CO",8013,Boulder County,40.09497,-105.397691,No,313961,12,300486,12,5,51212,918668.0,103275.0,3.0,130564,573702.0,7079886.0,23.0,123669,102661642.0,327.0,2434549014.0,7754.0
8,CO,"Broomfield County, CO",8014,Broomfield County,39.953302,-105.052038,Yes,62449,8,85832,9,5,50809,197497.0,22639.0,3.0,25450,123336.0,1407533.0,23.0,24581,31471961.0,504.0,733389372.0,11744.0
8,CO,"Chaffee County, CO",8015,Chaffee County,38.738224,-106.316685,No,18507,5,11981,4,6,60504,68660.0,8133.0,4.0,10310,42878.0,403201.0,22.0,7736,9137934.0,494.0,221220021.0,11953.0
8,CO,"Cheyenne County, CO",8017,Cheyenne County,38.835386,-102.604585,No,2071,1,921,1,5,50101,7278.0,888.0,4.0,921,4545.0,42808.0,21.0,776,2754066.0,1330.0,73392225.0,35438.0
8,CO,"Clear Creek County, CO",8019,Clear Creek County,39.689403,-105.670783,No,9238,3,5084,2,7,70302,38306.0,4449.0,4.0,5659,23922.0,260307.0,28.0,4411,24045699.0,2603.0,620039910.0,67118.0
8,CO,"Conejos County, CO",8021,Conejos County,37.213406,-106.176447,No,8213,3,1423,1,6,60301,26528.0,3052.0,3.0,4275,16567.0,170401.0,21.0,2900,3257990.0,397.0,82237508.0,10013.0
8,CO,"Costilla County, CO",8023,Costilla County,37.277547,-105.42894,No,3590,1,460,1,6,60101,13201.0,1517.0,4.0,2677,8244.0,51585.0,14.0,1506,4191705.0,1168.0,103574416.0,28851.0
8,CO,"Crowley County, CO",8025,Crowley County,38.30618,-103.772736,No,5537,2,734,1,5,50201,11407.0,1714.0,2.0,1553,7124.0,61819.0,11.0,1174,1393059.0,252.0,35220156.0,6361.0
8,CO,"Custer County, CO",8027,Custer County,38.101994,-105.373515,No,4375,1,1119,1,6,60101,17402.0,2060.0,4.0,4230,10867.0,49053.0,11.0,1950,2071135.0,473.0,51054464.0,11670.0
8,CO,"Delta County, CO",8029,Delta County,38.861756,-107.864757,No,30221,6,13023,4,5,50604,106590.0,12993.0,4.0,14447,66565.0,718094.0,24.0,12027,10289569.0,340.0,253533443.0,8389.0
8,CO,"Denver County, CO",8031,Denver County,39.76185,-104.881105,Yes,663303,14,879204,14,5,51414,1877509.0,215105.0,3.0,298246,1172493.0,14606880.0,22.0,281072,276305944.0,417.0,6497748344.0,9796.0
8,CO,"Dolores County, CO",8033,Dolores County,37.747602,-108.530383,No,1789,1,434,1,6,60101,5632.0,751.0,3.0,1374,3517.0,24483.0,14.0,720,1892568.0,1058.0,48572680.0,27151.0
8,CO,"Douglas County, CO",8035,Douglas County,39.325414,-104.925987,No,314238,12,220248,11,5,51211,1126010.0,138031.0,4.0,117747,703187.0,8493459.0,27.0,114017,128611486.0,409.0,3216431997.0,10236.0
8,CO,"Eagle County, CO",8037,Eagle County,39.626992,-106.695169,No,52894,7,64724,8,6,60708,152788.0,17285.0,3.0,31440,95415.0,1376047.0,26.0,17613,37699795.0,713.0,938892960.0,17750.0
8,CO,"Elbert County, CO",8039,Elbert County,39.310582,-104.117729,No,24225,5,5028,2,5,50502,99704.0,12745.0,4.0,9102,62264.0,367520.0,15.0,8568,10370428.0,428.0,281509302.0,11621.0
8,CO,"El Paso County, CO",8041,El Paso County,38.827383,-104.527472,No,665171,14,470960,13,5,51413,2077167.0,261724.0,3.0,264511,1297179.0,17402780.0,26.0,249279,231504255.0,348.0,5552569356.0,8348.0
8,CO,"Fremont County, CO",8043,Fremont County,38.45517,-105.424958,No,46835,7,15505,4,5,50704,118625.0,17994.0,3.0,19210,74080.0,990814.0,21.0,16327,14941518.0,319.0,371231775.0,7926.0
8,CO,"Garfield County, CO",8045,Garfield County,39.599352,-107.90978,No,57495,8,40046,7,5,50807,163999.0,18748.0,3.0,23301,102416.0,1419829.0,25.0,20771,35544920.0,618.0,916065005.0,15933.0
8,CO,"Gilpin County, CO",8047,Gilpin County,39.861156,-105.528878,No,5708,2,9258,3,5,50203,22169.0,2551.0,4.0,3444,13844.0,160106.0,28.0,2508,2746166.0,481.0,67559446.0,11836.0
8,CO,"Grand County, CO",8049,Grand County,40.123205,-106.095935,No,14490,4,16043,4,7,70404,51978.0,5978.0,4.0,16210,32460.0,367379.0,25.0,5788,11226773.0,775.0,272842973.0,18830.0
8,CO,"Gunnison County, CO",8051,Gunnison County,38.67264,-107.066506,No,15889,4,13278,4,7,70404,51474.0,6451.0,3.0,11538,32145.0,284220.0,18.0,6577,9456688.0,595.0,226844222.0,14277.0
8,CO,"Hinsdale County, CO",8053,Hinsdale County,37.821165,-107.338261,No,856,1,214,1,7,70101,3706.0,433.0,4.0,1463,2314.0,9975.0,12.0,401,715246.0,836.0,16436206.0,19201.0
8,CO,"Huerfano County, CO",8055,Huerfano County,37.687815,-104.959928,No,6521,2,2116,1,5,50201,23472.0,3126.0,4.0,5106,14658.0,128353.0,20.0,3132,8913439.0,1367.0,233467257.0,35802.0
8,CO,"Jackson County, CO",8057,Jackson County,40.663432,-106.329248,No,1306,1,434,1,7,70101,5755.0,662.0,4.0,1283,3594.0,32205.0,25.0,616,2336671.0,1789.0,61573316.0,47146.0
8,CO,"Jefferson County, CO",8059,Jefferson County,39.579511,-105.245462,No,558810,13,375794,12,5,51312,1787063.0,205656.0,3.0,232985,1116010.0,14336929.0,26.0,225320,207753567.0,372.0,4983150958.0,8917.0
8,CO,"Kiowa County, CO",8061,Kiowa County,38.387663,-102.756849,No,1465,1,321,1,5,50101,4737.0,695.0,3.0,813,2958.0,35951.0,25.0,581,2261955.0,1544.0,59967611.0,40934.0
8,CO,"Kit Carson County, CO",8063,Kit Carson County,39.30534,-102.603023,No,8174,3,4174,1,5,50301,34134.0,4571.0,4.0,3489,21317.0,263019.0,32.0,2975,9930931.0,1215.0,275902362.0,33754.0
8,CO,"Lake County, CO",8065,Lake County,39.205341,-106.350079,No,7401,2,2529,1,7,70201,26655.0,3057.0,4.0,4531,16646.0,219374.0,30.0,3121,3095100.0,418.0,75368249.0,10184.0
8,CO,"La Plata County, CO",8067,La Plata County,37.287367,-107.839718,No,53994,7,42238,7,5,50707,171219.0,25340.0,3.0,26485,106925.0,858442.0,16.0,21605,22522352.0,417.0,543589662.0,10068.0
8,CO,"Larimer County, CO",8069,Larimer County,40.658093,-105.486764,No,325228,12,251592,11,5,51211,978912.0,108486.0,3.0,139178,611325.0,7035157.0,22.0,127067,119761166.0,368.0,2892237743.0,8893.0
8,CO,"Las Animas County, CO",8071,Las Animas County,37.318831,-104.04411,No,14322,4,6202,2,4,40402,50164.0,7976.0,4.0,8273,31327.0,313089.0,22.0,6090,10297069.0,719.0,266520829.0,18609.0
8,CO,"Lincoln County, CO",8073,Lincoln County,38.99374,-103.507555,No,5515,2,2611,1,5,50201,15347.0,2059.0,3.0,1966,9584.0,86686.0,16.0,1502,8358539.0,1516.0,229793673.0,41667.0
8,CO,"Logan County, CO",8075,Logan County,40.728091,-103.090464,No,21862,5,10516,3,5,50503,83675.0,11108.0,4.0,5160,52255.0,448086.0,20.0,8029,11986375.0,548.0,313183770.0,14325.0
8,CO,"Mesa County, CO",8077,Mesa County,39.019421,-108.461893,No,148166,10,103022,9,5,51009,469533.0,56280.0,3.0,63985,293221.0,3603606.0,24.0,59501,48310742.0,326.0,1202475887.0,8116.0
8,CO,"Mineral County, CO",8079,Mineral County,37.549067,-107.003236,No,793,1,437,1,7,70101,3979.0,462.0,5.0,1286,2485.0,11140.0,14.0,409,1828660.0,2306.0,44745041.0,56425.0
8,CO,"Moffat County, CO",8081,Moffat County,40.616358,-108.211099,No,13034,4,6066,2,6,60402,47034.0,5357.0,4.0,6140,29372.0,289745.0,22.0,4927,6637751.0,509.0,169234159.0,12984.0
8,CO,"Montezuma County, CO",8083,Montezuma County,37.338025,-108.595786,No,26006,6,13797,4,5,50604,83977.0,12402.0,3.0,11959,52443.0,388051.0,15.0,10305,13500193.0,519.0,341488371.0,13131.0
8,CO,"Montrose County, CO",8085,Montrose County,38.407507,-108.266282,No,40866,7,24626,5,5,50705,148992.0,19903.0,4.0,18284,93045.0,934005.0,23.0,16587,11919646.0,292.0,285168088.0,6978.0
8,CO,"Morgan County, CO",8087,Morgan County,40.263167,-103.812285,No,28288,6,18371,5,5,50605,119184.0,14801.0,4.0,9569,74430.0,558600.0,20.0,10493,15436641.0,546.0,410080848.0,14497.0
8,CO,"Otero County, CO",8089,Otero County,37.88417,-103.72126,No,18440,5,8425,3,4,40503,63593.0,9989.0,3.0,8863,39713.0,413850.0,22.0,7449,6796076.0,369.0,165588230.0,8980.0
8,CO,"Ouray County, CO",8091,Ouray County,38.154731,-107.78848,No,4651,1,2184,1,6,60101,20096.0,2837.0,4.0,3167,12550.0,100573.0,22.0,2166,3753989.0,807.0,92334024.0,19853.0
8,CO,"Park County, CO",8093,Park County,39.118914,-105.717648,No,16440,4,2834,1,7,70401,71050.0,8781.0,4.0,14113,44370.0,387096.0,24.0,7398,9897238.0,602.0,246855126.0,15016.0
8,CO,"Phillips County, CO",8095,Phillips County,40.594712,-102.345105,No,4347,1,2115,1,5,50101,18780.0,2480.0,4.0,968,11728.0,83500.0,19.0,1731,2012450.0,463.0,49543190.0,11397.0
8,CO,"Pitkin County, CO",8097,Pitkin County,39.217332,-106.915783,No,17543,5,35840,6,7,70506,61842.0,7083.0,4.0,13021,38620.0,467527.0,27.0,7601,9866688.0,562.0,228099934.0,13002.0
8,CO,"Prowers County, CO",8099,Prowers County,37.958181,-102.392161,No,12121,4,6057,2,5,50402,41195.0,6974.0,3.0,5862,25726.0,286085.0,24.0,4897,6353859.0,524.0,153775059.0,12687.0
8,CO,"Pueblo County, CO",8101,Pueblo County,38.170658,-104.489892,No,162158,10,99774,9,5,51009,477924.0,75164.0,3.0,69830,298461.0,3495815.0,22.0,62899,60222693.0,371.0,1490309215.0,9190.0
8,CO,"Rio Blanco County, CO",8103,Rio Blanco County,39.972622,-108.200716,No,6658,2,3360,1,6,60201,18241.0,2090.0,3.0,3333,11392.0,151230.0,23.0,2450,5435196.0,816.0,138024607.0,20731.0
8,CO,"Rio Grande County, CO",8105,Rio Grande County,37.485853,-106.453128,No,11623,4,4898,1,7,70401,42267.0,4861.0,4.0,6594,26395.0,244167.0,21.0,4582,5262155.0,453.0,130129894.0,11196.0
8,CO,"Routt County, CO",8107,Routt County,40.483664,-106.987702,No,23980,5,33057,6,7,70506,95953.0,11162.0,4.0,16345,59922.0,473765.0,20.0,9437,12652053.0,528.0,298293040.0,12439.0
8,CO,"Saguache County, CO",8109,Saguache County,38.031651,-106.234666,No,6255,2,1818,1,6,60201,23067.0,2665.0,4.0,3911,14405.0,106347.0,17.0,2530,4134051.0,661.0,104795201.0,16754.0
8,CO,"San Juan County, CO",8111,San Juan County,37.781074,-107.670257,No,552,1,478,1,7,70101,2310.0,323.0,4.0,738,1442.0,6148.0,11.0,284,1012118.0,1834.0,24310073.0,44040.0
8,CO,"San Miguel County, CO",8113,San Miguel County,38.009374,-108.427326,No,7767,3,10127,3,6,60303,31226.0,4835.0,4.0,6682,19500.0,151840.0,20.0,3258,4173895.0,537.0,101926426.0,13123.0
8,CO,"Sedgwick County, CO",8115,Sedgwick County,40.871568,-102.355358,No,2367,1,770,1,5,50101,10853.0,1433.0,5.0,649,6777.0,53066.0,22.0,1012,3586400.0,1515.0,99114328.0,41873.0
8,CO,"Summit County, CO",8117,Summit County,39.621023,-106.137555,No,29269,6,42587,7,7,70607,81761.0,9419.0,3.0,30278,51059.0,665122.0,23.0,9714,24205595.0,827.0,602057905.0,20570.0
8,CO,"Teller County, CO",8119,Teller County,38.870023,-105.187339,No,23472,5,11114,3,5,50503,95572.0,12755.0,4.0,12767,59684.0,660370.0,28.0,9762,8860929.0,378.0,213007977.0,9075.0
8,CO,"Washington County, CO",8121,Washington County,39.96579,-103.209744,No,4814,1,1030,1,5,50101,22450.0,3048.0,5.0,2426,14020.0,79922.0,17.0,2005,5942544.0,1234.0,158972964.0,33023.0
8,CO,"Weld County, CO",8123,Weld County,40.555961,-104.383666,No,278065,11,167308,10,5,51110,816769.0,95137.0,3.0,100567,510068.0,6129088.0,22.0,96616,129146013.0,464.0,3195858652.0,11493.0
8,CO,"Yuma County, CO",8125,Yuma County,40.000631,-102.422649,No,10150,3,5631,2,5,50302,35663.0,4441.0,4.0,4428,22271.0,256564.0,25.0,4009,5185340.0,511.0,132237059.0,13028.0
9,CT,"Fairfield County, CT",9001,Fairfield County,41.227413,-73.367061,No,941618,14,854722,14,5,51414,3184501.0,649916.0,3.0,364377,814269.0,14050643.0,15.0,335209,348602954.0,370.0,7546948636.0,8015.0
9,CT,"Hartford County, CT",9003,Hartford County,41.806053,-72.732916,No,895699,14,910398,14,5,51414,2751344.0,542045.0,3.0,374302,703512.0,16310824.0,18.0,347207,365339116.0,408.0,8073004195.0,9013.0
9,CT,"Litchfield County, CT",9005,Litchfield County,41.791883,-73.235404,No,185141,10,105502,9,5,51009,673720.0,132730.0,4.0,87364,172268.0,1209345.0,7.0,74339,63982690.0,346.0,1366976113.0,7383.0
9,CT,"Middlesex County, CT",9007,Middlesex County,41.433003,-72.52278,No,164438,10,126431,9,5,51009,579032.0,114076.0,4.0,75203,148057.0,1019101.0,6.0,66467,83248540.0,506.0,1832413336.0,11143.0
9,CT,"New Haven County, CT",9009,New Haven County,41.349717,-72.900204,No,860874,14,682530,14,5,51414,2676604.0,551004.0,3.0,362139,684401.0,11007510.0,13.0,326487,335928496.0,390.0,7397860610.0,8593.0
9,CT,"New London County, CT",9011,New London County,41.472651,-72.108633,No,272033,11,211996,11,5,51111,888523.0,172673.0,3.0,121306,227193.0,1403418.0,5.0,106170,130677314.0,480.0,2898669801.0,10656.0
9,CT,"Tolland County, CT",9013,Tolland County,41.858081,-72.340978,No,151689,10,56402,7,5,51007,465247.0,91659.0,3.0,58516,118963.0,635431.0,4.0,54573,66472737.0,438.0,1481975529.0,9770.0
9,CT,"Windham County, CT",9015,Windham County,41.824999,-71.990702,No,117078,9,61385,8,5,50908,381367.0,75133.0,3.0,49116,97515.0,478342.0,4.0,44261,40720152.0,348.0,902201782.0,7706.0
10,DE,"Kent County, DE",10001,Kent County,39.097088,-75.502982,No,171474,10,106392,9,4,41009,707663.0,94184.0,4.0,68182,244631.0,1283780.0,7.0,62140,98599723.0,575.0,2199172639.0,12825.0
10,DE,"New Castle County, DE",10003,New Castle County,39.575915,-75.644132,No,551997,13,544806,13,4,41313,2207469.0,304217.0,4.0,220704,763096.0,7498589.0,14.0,202524,234686372.0,425.0,5303806470.0,9608.0
10,DE,"Sussex County, DE",10005,Sussex County,38.673227,-75.337024,No,211224,11,133384,10,4,41110,1015252.0,135142.0,5.0,129506,350961.0,877743.0,4.0,83387,133523905.0,632.0,2963940890.0,14032.0
11,DC,"District of Columbia, DC",11001,District of Columbia,38.904103,-77.017229,No,659009,14,1053755,15,4,41415,2668055.0,327929.0,4.0,259434,922316.0,11378663.0,17.0,276546,99509000.0,151.0,3715850000.0,5639.0
12,FL,"Alachua County, FL",12001,Alachua County,29.67574,-82.357221,No,256581,11,186721,10,2,21110,1299952.0,154042.0,5.0,148310,599290.0,796180.0,3.0,96336,155757969.0,607.0,4036791475.0,15733.0
12,FL,"Baker County, FL",12003,Baker County,30.324442,-82.302284,No,27312,6,11450,4,2,20604,138989.0,14139.0,5.0,9421,69041.0,5734.0,0.0,8270,16535400.0,605.0,473841520.0,17349.0
12,FL,"Bay County, FL",12005,Bay County,30.238117,-85.63143,No,178361,10,123050,9,2,21009,915176.0,121780.0,5.0,98382,454602.0,263139.0,1.0,67939,80186073.0,450.0,1996721131.0,11195.0
12,FL,"Bradford County, FL",12007,Bradford County,29.952386,-82.166599,No,26919,6,8371,3,2,20603,142136.0,14513.0,5.0,10681,65526.0,24532.0,1.0,8704,15599081.0,579.0,408388595.0,15171.0
12,FL,"Brevard County, FL",12009,Brevard County,28.298304,-80.700331,No,560683,13,352033,12,2,21312,2956269.0,300878.0,5.0,266948,1362868.0,515929.0,1.0,224373,259225562.0,462.0,6697640543.0,11946.0
12,FL,"Broward County, FL",12011,Broward County,26.193535,-80.476683,No,1863780,16,1386388,15,1,11615,9562806.0,972195.0,5.0,800426,4408545.0,873961.0,0.0,672988,826750761.0,444.0,21097298067.0,11320.0
12,FL,"Calhoun County, FL",12013,Calhoun County,30.388801,-85.197915,No,14550,4,3428,1,2,20401,67837.0,9091.0,5.0,5808,33697.0,15056.0,1.0,4555,7338963.0,504.0,194027767.0,13335.0
12,FL,"Charlotte County, FL",12015,Charlotte County,26.868933,-81.941077,No,169642,10,75280,8,2,21008,939356.0,95514.0,6.0,99486,433052.0,72597.0,0.0,73299,64432693.0,380.0,1749794656.0,10315.0
12,FL,"Citrus County, FL",12017,Citrus County,28.84364,-82.52481,No,140453,10,59579,8,2,21008,773544.0,91570.0,6.0,76193,356611.0,30849.0,0.0,61350,48038348.0,342.0,1257854528.0,8956.0
12,FL,"Clay County, FL",12019,Clay County,29.986584,-81.865036,No,200346,11,79856,8,2,21108,1014626.0,111872.0,5.0,75929,467752.0,68532.0,0.0,70527,49987608.0,250.0,1330380956.0,6640.0
12,FL,"Collier County, FL",12021,Collier County,26.118786,-81.400955,No,348236,12,249669,11,2,21211,1695427.0,172592.0,5.0,199791,781608.0,106586.0,0.0,133331,129145511.0,371.0,3493540604.0,10032.0
12,FL,"Columbia County, FL",12023,Columbia County,30.221333,-82.623168,No,68198,8,38196,7,2,20807,369606.0,39455.0,5.0,27767,170392.0,45519.0,1.0,23911,52702744.0,773.0,1468575829.0,21534.0
12,FL,"DeSoto County, FL",12027,DeSoto County,27.190581,-81.806253,No,35134,6,10940,3,2,20603,158754.0,16233.0,5.0,14427,73187.0,5708.0,0.0,11419,14100348.0,401.0,368272736.0,10482.0
12,FL,"Dixie County, FL",12029,Dixie County,29.580899,-83.195666,No,16084,4,3036,1,2,20401,84007.0,9997.0,5.0,8983,38728.0,9712.0,1.0,6221,8526758.0,530.0,225381611.0,14013.0
12,FL,"Duval County, FL",12031,Duval County,30.335245,-81.648113,Yes,900890,14,869062,14,2,21414,4692718.0,517784.0,5.0,390930,2163388.0,680310.0,1.0,341906,512547726.0,569.0,12702690411.0,14100.0
12,FL,"Escambia County, FL",12033,Escambia County,30.611638,-87.3389,No,309574,12,207851,11,2,21211,1596798.0,213275.0,5.0,135898,793189.0,871748.0,3.0,115984,106823030.0,345.0,2824326503.0,9123.0
12,FL,"Flagler County, FL",12035,Flagler County,29.474912,-81.286305,No,102917,9,35674,6,2,20906,508189.0,51871.0,5.0,48656,234280.0,24501.0,0.0,38150,68669876.0,667.0,1714577720.0,16660.0
12,FL,"Franklin County, FL",12037,Franklin County,29.810176,-84.799174,No,11705,4,4341,1,2,20401,64124.0,7601.0,5.0,8407,29562.0,5498.0,0.0,4250,8112156.0,693.0,205445502.0,17552.0
12,FL,"Gadsden County, FL",12039,Gadsden County,30.578687,-84.612607,No,46153,7,17689,5,2,20705,215839.0,27807.0,5.0,19020,99504.0,75880.0,2.0,16885,33364471.0,723.0,887471381.0,19229.0
12,FL,"Gilchrist County, FL",12041,Gilchrist County,29.723456,-82.795801,No,17033,5,3336,1,2,20501,82860.0,10246.0,5.0,7095,38199.0,10438.0,1.0,6254,7629630.0,448.0,201632103.0,11838.0
12,FL,"Glades County, FL",12043,Glades County,26.95481,-81.19082,No,13420,4,1459,1,2,20401,55370.0,5846.0,4.0,6702,25526.0,762.0,0.0,4019,7611258.0,567.0,205953990.0,15347.0
12,FL,"Gulf County, FL",12045,Gulf County,29.907257,-85.256537,No,15851,4,4929,1,2,20401,79249.0,9491.0,5.0,9025,36535.0,51328.0,3.0,5349,10095051.0,637.0,255286476.0,16105.0
12,FL,"Hamilton County, FL",12047,Hamilton County,30.491226,-82.951069,No,14362,4,3164,1,2,20401,69295.0,8233.0,5.0,5586,31946.0,5341.0,0.0,4717,17668397.0,1230.0,511643411.0,35625.0
12,FL,"Hardee County, FL",12049,Hardee County,27.492846,-81.82158,No,27302,6,8008,3,2,20603,108277.0,12881.0,4.0,9429,49917.0,6510.0,0.0,7558,11689613.0,428.0,306433849.0,11224.0
12,FL,"Hendry County, FL",12051,Hendry County,26.539967,-81.152114,No,38376,7,12216,4,2,20704,182589.0,18582.0,5.0,14804,84175.0,2103.0,0.0,11817,19411067.0,506.0,504214543.0,13139.0
12,FL,"Hernando County, FL",12053,Hernando County,28.573043,-82.466227,No,176797,10,67584,8,2,21008,996873.0,116765.0,6.0,83060,459568.0,55570.0,0.0,70918,53837193.0,305.0,1459522572.0,8255.0
12,FL,"Highlands County, FL",12055,Highlands County,27.342627,-81.340921,No,98862,9,40838,7,2,20907,482415.0,56647.0,5.0,53859,222398.0,25542.0,0.0,40500,37634743.0,381.0,964399210.0,9755.0
12,FL,"Hillsborough County, FL",12057,Hillsborough County,27.906607,-82.349719,No,1323059,15,1174448,15,2,21515,6956643.0,783707.0,5.0,543584,3207079.0,1217860.0,1.0,495841,507697827.0,384.0,13584549596.0,10268.0
12,FL,"Holmes County, FL",12059,Holmes County,30.866222,-85.812959,No,19569,5,3691,1,2,20501,97128.0,12963.0,5.0,8398,48247.0,4009.0,0.0,6809,11264475.0,576.0,303437353.0,15506.0
12,FL,"Indian River County, FL",12061,Indian River County,27.700528,-80.574789,No,145342,10,86438,9,2,21009,826383.0,84044.0,6.0,90617,380970.0,64522.0,0.0,57829,68677374.0,473.0,1796764707.0,12362.0
12,FL,"Jackson County, FL",12063,Jackson County,30.78925,-85.208813,No,48721,7,18336,5,2,20705,240506.0,32217.0,5.0,20400,119468.0,37223.0,1.0,16744,34453103.0,707.0,932661800.0,19143.0
12,FL,"Jefferson County, FL",12065,Jefferson County,30.424558,-83.890859,No,14082,4,3061,1,2,20401,85223.0,10126.0,6.0,6466,39289.0,10678.0,1.0,5564,12576522.0,893.0,357692219.0,25401.0
12,FL,"Lafayette County, FL",12067,Lafayette County,29.990066,-83.17851,No,8742,3,1316,1,2,20301,33883.0,4063.0,4.0,3111,15620.0,,,2320,5105995.0,584.0,137300733.0,15706.0
12,FL,"Lake County, FL",12069,Lake County,28.764113,-81.712282,No,317586,12,162530,10,2,21210,1615892.0,190040.0,5.0,153023,744942.0,477677.0,2.0,122036,149034408.0,469.0,3784211682.0,11916.0
12,FL,"Lee County, FL",12071,Lee County,26.559035,-81.891994,No,680970,14,419576,12,2,21412,3481985.0,354990.0,5.0,369483,1605229.0,252034.0,0.0,258084,299690789.0,440.0,7667186724.0,11259.0
12,FL,"Leon County, FL",12073,Leon County,30.45931,-84.2778,No,284788,11,196534,11,2,21111,1344001.0,164396.0,5.0,143979,619598.0,627464.0,2.0,111111,117139228.0,411.0,2967175749.0,10419.0
12,FL,"Levy County, FL",12075,Levy County,29.284457,-82.783462,No,39707,7,11601,4,2,20704,204208.0,24335.0,5.0,19461,94142.0,14388.0,0.0,15372,24844829.0,626.0,644796934.0,16239.0
12,FL,"Liberty County, FL",12077,Liberty County,30.259849,-84.86858,No,8285,3,2240,1,2,20301,36836.0,4466.0,4.0,3385,16982.0,4556.0,1.0,2363,4987132.0,602.0,133367487.0,16097.0
12,FL,"Madison County, FL",12079,Madison County,30.447233,-83.470416,No,18560,5,5644,2,2,20502,96064.0,11415.0,5.0,8266,44287.0,29116.0,2.0,6665,20291680.0,1093.0,578096164.0,31147.0
12,FL,"Manatee County, FL",12081,Manatee County,27.481682,-82.368767,No,353411,12,197703,11,2,21211,1733065.0,177006.0,5.0,175751,798959.0,409130.0,1.0,135990,119428167.0,338.0,3245309438.0,9183.0
12,FL,"Marion County, FL",12083,Marion County,29.202805,-82.0431,No,340341,12,159504,10,2,21210,1702459.0,200053.0,5.0,179921,784850.0,424696.0,1.0,132277,150579661.0,442.0,4037890427.0,11864.0
12,FL,"Martin County, FL",12085,Martin County,27.083604,-80.398201,No,153592,10,113715,9,2,21009,826317.0,84007.0,5.0,77366,380940.0,106382.0,1.0,62980,79541115.0,518.0,2183583625.0,14217.0
12,FL,"Miami-Dade County, FL",12086,Miami-Dade County,25.61058,-80.499137,No,2664418,17,1941824,16,1,11716,12199521.0,1240275.0,5.0,992408,5624096.0,1148818.0,0.0,853624,782896061.0,294.0,20680285573.0,7762.0
12,FL,"Monroe County, FL",12087,Monroe County,25.615457,-81.189971,No,77150,8,63466,8,1,10808,434734.0,46987.0,6.0,52526,200416.0,21297.0,0.0,29549,40960502.0,531.0,1024896113.0,13284.0
12,FL,"Nassau County, FL",12089,Nassau County,30.605926,-81.764929,No,77187,8,34180,6,2,20806,441728.0,50037.0,6.0,35424,203641.0,54580.0,1.0,29214,40133469.0,520.0,1086646915.0,14078.0
12,FL,"Okaloosa County, FL",12091,Okaloosa County,30.665851,-86.594187,No,195798,11,118885,9,2,21109,975076.0,129611.0,5.0,92940,484357.0,812389.0,4.0,76140,85468843.0,437.0,2205735620.0,11265.0
12,FL,"Okeechobee County, FL",12093,Okeechobee County,27.385592,-80.887388,No,39420,7,14025,4,2,20704,188264.0,19143.0,5.0,17867,86791.0,7175.0,0.0,12850,16788080.0,426.0,451143447.0,11445.0
12,FL,"Orange County, FL",12095,Orange County,28.514435,-81.323295,No,1256055,15,1409254,15,2,21515,6230262.0,726583.0,5.0,520160,2872211.0,714273.0,1.0,444852,577458437.0,460.0,15373484550.0,12239.0
12,FL,"Osceola County, FL",12097,Osceola County,28.059027,-81.139312,No,311962,12,153761,10,2,21210,1383918.0,163659.0,4.0,181131,638000.0,99351.0,0.0,93324,148537072.0,476.0,4023549026.0,12898.0
12,FL,"Palm Beach County, FL",12099,Palm Beach County,26.649124,-80.448374,No,1398757,15,1021275,15,2,21515,7753961.0,788028.0,6.0,661375,3574650.0,943020.0,1.0,538549,603241420.0,431.0,15441613566.0,11040.0
12,FL,"Pasco County, FL",12101,Pasco County,28.307465,-82.464584,No,488310,13,193002,11,2,21311,2446619.0,287974.0,5.0,228283,1127915.0,411994.0,1.0,189292,145852963.0,299.0,3973964170.0,8138.0
12,FL,"Pinellas County, FL",12103,Pinellas County,27.903122,-82.739518,No,939548,14,747268,14,2,21414,5042429.0,597873.0,5.0,494312,2324608.0,731470.0,1.0,405788,347281999.0,370.0,8625333354.0,9180.0
12,FL,"Polk County, FL",12105,Polk County,27.953115,-81.692783,No,637691,13,363522,12,2,21312,3218472.0,361176.0,5.0,277624,1483746.0,211017.0,0.0,223060,264685424.0,415.0,6902829852.0,10825.0
12,FL,"Putnam County, FL",12107,Putnam County,29.606006,-81.740894,No,72304,8,24982,5,2,20805,345578.0,35569.0,5.0,35942,159315.0,72908.0,1.0,27306,28940416.0,400.0,746554936.0,10325.0
12,FL,"St. Johns County, FL",12109,St. Johns County,29.890644,-81.383948,No,218362,11,118252,9,2,21109,1174879.0,121970.0,5.0,95572,541630.0,145929.0,1.0,81308,93471022.0,428.0,2593055836.0,11875.0
12,FL,"St. Lucie County, FL",12111,St. Lucie County,27.379812,-80.443537,No,293136,12,116907,9,2,21209,1570143.0,160066.0,5.0,140004,723851.0,143439.0,0.0,108796,149817782.0,511.0,3823972829.0,13045.0
12,FL,"Santa Rosa County, FL",12113,Santa Rosa County,30.701838,-87.012762,No,163903,10,49774,7,2,21007,892874.0,119131.0,5.0,66241,443524.0,292705.0,2.0,59455,59149551.0,361.0,1586162753.0,9677.0
12,FL,"Sarasota County, FL",12115,Sarasota County,27.184386,-82.365835,No,398011,12,284060,11,2,21211,2173756.0,221004.0,5.0,226921,1002122.0,241390.0,1.0,175576,183498447.0,461.0,4813381963.0,12094.0
12,FL,"Seminole County, FL",12117,Seminole County,28.690092,-81.131989,No,442905,13,334290,12,2,21312,2369716.0,261784.0,5.0,185902,1092462.0,296539.0,1.0,156216,166069519.0,375.0,4313686865.0,9740.0
12,FL,"Sumter County, FL",12119,Sumter County,28.71431,-82.074703,No,113589,9,40360,7,2,20907,529831.0,62545.0,5.0,62411,244257.0,159497.0,1.0,49362,58045205.0,511.0,1601651852.0,14100.0
12,FL,"Suwannee County, FL",12121,Suwannee County,30.189244,-82.992754,No,43653,7,16235,4,2,20704,243155.0,26485.0,6.0,18479,112097.0,34461.0,1.0,15315,26615187.0,610.0,746825379.0,17108.0
12,FL,"Taylor County, FL",12123,Taylor County,30.009908,-83.609483,No,22582,5,9464,3,2,20503,110871.0,13164.0,5.0,10666,51112.0,39033.0,2.0,7544,14308271.0,634.0,367848683.0,16289.0
12,FL,"Union County, FL",12125,Union County,30.05428,-82.366918,No,15159,4,3491,1,2,20401,59785.0,6429.0,4.0,4372,27561.0,3180.0,0.0,3892,5620267.0,371.0,149724099.0,9877.0
12,FL,"Volusia County, FL",12127,Volusia County,29.057769,-81.161792,No,510806,13,287776,11,2,21311,2829893.0,293496.0,6.0,265072,1304608.0,442555.0,1.0,205310,254163272.0,498.0,6503989273.0,12733.0
12,FL,"Wakulla County, FL",12129,Wakulla County,30.140358,-84.375112,No,31314,6,6632,2,2,20602,165640.0,19695.0,5.0,12612,76362.0,34112.0,1.0,10726,9753775.0,311.0,261973625.0,8366.0
12,FL,"Walton County, FL",12131,Walton County,30.631211,-86.176614,No,61528,8,39295,7,2,20807,337895.0,44443.0,5.0,46857,167845.0,113388.0,2.0,24329,45129691.0,733.0,1199626271.0,19497.0
12,FL,"Washington County, FL",12133,Washington County,30.602217,-85.662797,No,24627,5,7503,3,2,20503,119389.0,15810.0,5.0,10461,59305.0,13380.0,1.0,8370,15898988.0,646.0,431741123.0,17531.0
13,GA,"Appling County, GA",13001,Appling County,31.739712,-82.290103,No,18410,5,10705,3,2,20503,108760.0,13128.0,6.0,8523,54025.0,50276.0,3.0,6711,11149545.0,606.0,274327799.0,14901.0
13,GA,"Atkinson County, GA",13003,Atkinson County,31.296861,-82.878199,No,8268,3,2514,1,2,20301,42864.0,5170.0,5.0,3493,21292.0,14924.0,2.0,2717,5278340.0,638.0,133286227.0,16121.0
13,GA,"Bacon County, GA",13005,Bacon County,31.55021,-82.451433,No,11251,4,5614,2,2,20402,60344.0,7284.0,5.0,4808,29975.0,28963.0,3.0,3871,5318716.0,473.0,133782152.0,11891.0
13,GA,"Baker County, GA",13007,Baker County,31.31958,-84.454881,No,3250,1,264,1,2,20101,22382.0,2711.0,7.0,1781,11118.0,6332.0,2.0,1328,3428141.0,1055.0,86586333.0,26642.0
13,GA,"Baldwin County, GA",13009,Baldwin County,33.05949,-83.255457,No,45808,7,26147,6,3,30706,226753.0,27430.0,5.0,20483,112636.0,281297.0,6.0,15880,22644524.0,494.0,571202351.0,12469.0
13,GA,"Banks County, GA",13011,Banks County,34.351922,-83.498441,No,18336,5,6400,2,4,40502,99020.0,11859.0,5.0,7651,49187.0,55488.0,3.0,6483,11663568.0,636.0,322230562.0,17574.0
13,GA,"Barrow County, GA",13013,Barrow County,33.992009,-83.712303,No,73340,8,31815,6,3,30806,365391.0,42683.0,5.0,27270,181503.0,345234.0,5.0,24000,31089528.0,424.0,785968000.0,10717.0
13,GA,"Bartow County, GA",13015,Bartow County,34.240917,-84.838188,No,101942,9,62297,8,3,30908,552178.0,66673.0,5.0,40482,274288.0,802718.0,8.0,36490,70886052.0,695.0,1908482105.0,18721.0
13,GA,"Ben Hill County, GA",13017,Ben Hill County,31.740775,-83.14719,No,17405,5,9663,3,3,30503,95056.0,11568.0,5.0,8004,47218.0,35324.0,2.0,6452,7850099.0,451.0,189468284.0,10886.0
13,GA,"Berrien County, GA",13019,Berrien County,31.288652,-83.22787,No,18986,5,6517,2,2,20502,113608.0,13694.0,6.0,8759,56434.0,39878.0,2.0,7108,9193308.0,484.0,229045551.0,12064.0
13,GA,"Bibb County, GA",13021,Bibb County,32.808844,-83.694193,No,154194,10,147249,10,3,31010,802964.0,97076.0,5.0,71139,398862.0,1920177.0,12.0,57269,82691256.0,536.0,2150416777.0,13946.0
13,GA,"Bleckley County, GA",13023,Bleckley County,32.435403,-83.331717,No,12835,4,2884,1,3,30401,66020.0,7987.0,5.0,5354,32795.0,56678.0,4.0,4081,5765531.0,449.0,149814379.0,11672.0
13,GA,"Brantley County, GA",13025,Brantley County,31.197334,-81.982978,No,18403,5,2343,1,2,20501,103083.0,12450.0,6.0,8032,51205.0,32296.0,2.0,6423,7221629.0,392.0,186817517.0,10151.0
13,GA,"Brooks County, GA",13027,Brooks County,30.822934,-83.581905,No,15645,4,4230,1,2,20401,101629.0,12255.0,6.0,7762,50483.0,35670.0,2.0,6482,8396839.0,537.0,212299277.0,13570.0
13,GA,"Bryan County, GA",13029,Bryan County,32.017969,-81.438543,No,34104,6,11976,4,2,20604,192325.0,23281.0,6.0,13172,95535.0,97907.0,3.0,11788,26491636.0,777.0,730673442.0,21425.0
13,GA,"Bulloch County, GA",13031,Bulloch County,32.391711,-81.744021,No,73141,8,35360,6,3,30806,381859.0,46131.0,5.0,30301,189684.0,88048.0,1.0,26210,36681640.0,502.0,980313477.0,13403.0
13,GA,"Burke County, GA",13033,Burke County,33.050819,-82.011571,No,22838,5,11590,4,3,30504,135282.0,16378.0,6.0,9958,67200.0,70446.0,3.0,8082,13623107.0,597.0,341974613.0,14974.0
13,GA,"Butts County, GA",13035,Butts County,33.290355,-83.958221,No,23479,5,8523,3,3,30503,117586.0,14051.0,5.0,9415,58409.0,129939.0,6.0,7737,13002387.0,554.0,357098477.0,15209.0
13,GA,"Calhoun County, GA",13037,Calhoun County,31.521279,-84.62629,No,6443,2,1177,1,3,30201,30865.0,3738.0,5.0,2406,15332.0,6428.0,1.0,1852,3766363.0,585.0,92802704.0,14404.0
13,GA,"Camden County, GA",13039,Camden County,30.913347,-81.642001,No,52092,7,16027,4,2,20704,277906.0,33615.0,5.0,21708,138046.0,215133.0,4.0,18658,39144240.0,751.0,1056834816.0,20288.0
13,GA,"Candler County, GA",13043,Candler County,32.403851,-82.071236,No,10962,3,4465,1,3,30301,66666.0,8050.0,6.0,4757,33115.0,10443.0,1.0,4026,9611823.0,877.0,265733485.0,24241.0
13,GA,"Carroll County, GA",13045,Carroll County,33.582237,-85.080527,No,113756,9,70422,8,3,30908,563255.0,67204.0,5.0,45303,279790.0,946865.0,8.0,40287,52711059.0,463.0,1345199149.0,11825.0
13,GA,"Catoosa County, GA",13047,Catoosa County,34.900218,-85.139386,No,65645,8,22795,5,4,40805,375568.0,42378.0,6.0,27193,203172.0,415071.0,6.0,24099,29693580.0,452.0,816014263.0,12431.0
13,GA,"Charlton County, GA",13049,Charlton County,30.779904,-82.139644,No,12968,4,3353,1,2,20401,54866.0,6584.0,4.0,4486,27254.0,19642.0,2.0,3474,7688131.0,593.0,193202442.0,14898.0
13,GA,"Chatham County, GA",13051,Chatham County,31.98041,-81.085196,No,282613,11,274349,11,2,21111,1465798.0,177368.0,5.0,124382,728117.0,2427388.0,9.0,106749,146149930.0,517.0,3668453348.0,12980.0
13,GA,"Chattahoochee County, GA",13053,Chattahoochee County,32.347445,-84.788021,Yes,11882,4,3122,1,3,30401,33761.0,4086.0,3.0,3388,16770.0,27606.0,2.0,2578,31711397.0,2669.0,747269717.0,62891.0
13,GA,"Chattooga County, GA",13055,Chattooga County,34.474178,-85.345289,No,25046,5,9626,3,4,40503,123643.0,14882.0,5.0,11040,66887.0,238295.0,10.0,9361,9873552.0,394.0,246581018.0,9845.0
13,GA,"Cherokee County, GA",13057,Cherokee County,34.244317,-84.475057,No,230629,11,100814,9,3,31109,1029008.0,121000.0,4.0,87102,511146.0,4030565.0,17.0,80378,75632633.0,328.0,1950401656.0,8457.0
13,GA,"Clarke County, GA",13059,Clarke County,33.952185,-83.367152,Yes,122037,9,95769,9,3,30909,521836.0,62203.0,4.0,52578,259216.0,944501.0,8.0,44901,63389299.0,519.0,1500317192.0,12294.0
13,GA,"Clay County, GA",13061,Clay County,31.619831,-84.992583,No,3068,1,394,1,3,30101,17426.0,2110.0,6.0,1929,8656.0,1792.0,1.0,1160,2834139.0,924.0,69392709.0,22618.0
13,GA,"Clayton County, GA",13063,Clayton County,33.542686,-84.355573,No,270269,11,143865,10,3,31110,1130673.0,136671.0,4.0,106132,561647.0,4063834.0,15.0,90182,100053029.0,370.0,2761230333.0,10217.0
13,GA,"Clinch County, GA",13065,Clinch County,30.917653,-82.702614,No,6814,2,2422,1,2,20201,39308.0,4757.0,6.0,3007,19526.0,19596.0,3.0,2524,6939400.0,1018.0,174948593.0,25675.0
13,GA,"Cobb County, GA",13067,Cobb County,33.93994,-84.574166,No,728388,14,676946,14,3,31414,3299304.0,381258.0,5.0,289424,1638887.0,16042026.0,22.0,271975,253972307.0,349.0,6755106312.0,9274.0
13,GA,"Coffee County, GA",13069,Coffee County,31.549245,-82.844938,No,43042,7,26515,6,3,30706,218889.0,26133.0,5.0,17140,108730.0,40947.0,1.0,14110,18763818.0,436.0,462384105.0,10743.0
13,GA,"Colquitt County, GA",13071,Colquitt County,31.189758,-83.769741,No,46002,7,22175,5,2,20705,255758.0,29966.0,6.0,18539,127045.0,44061.0,1.0,15380,19122789.0,416.0,466909964.0,10150.0
13,GA,"Columbia County, GA",13073,Columbia County,33.547631,-82.252296,No,139904,10,56925,7,3,31007,716663.0,86724.0,5.0,54169,355993.0,1265706.0,9.0,45623,36203921.0,259.0,1005055248.0,7184.0
13,GA,"Cook County, GA",13075,Cook County,31.152528,-83.429438,No,17103,5,6321,2,2,20502,97102.0,11710.0,6.0,7338,48234.0,36960.0,2.0,5979,18513476.0,1082.0,507393745.0,29667.0
13,GA,"Coweta County, GA",13077,Coweta County,33.352897,-84.762138,No,135625,10,64658,8,3,31008,694501.0,82757.0,5.0,52717,344984.0,1863091.0,14.0,49457,57636610.0,425.0,1577666954.0,11633.0
13,GA,"Crawford County, GA",13079,Crawford County,32.709428,-83.979187,No,12483,4,1021,1,3,30401,72643.0,8780.0,6.0,5334,36085.0,53196.0,4.0,4643,8213136.0,658.0,218569322.0,17509.0
13,GA,"Crisp County, GA",13081,Crisp County,31.915149,-83.753531,No,23061,5,13392,4,3,30504,136996.0,15573.0,6.0,10862,68051.0,19419.0,1.0,8509,18263555.0,792.0,489375355.0,21221.0
13,GA,"Dade County, GA",13083,Dade County,34.852424,-85.506201,No,16356,4,5538,2,4,40402,84380.0,10210.0,5.0,7372,45647.0,64206.0,4.0,6057,12225830.0,747.0,363693234.0,22236.0
13,GA,"Dawson County, GA",13085,Dawson County,34.442842,-84.173284,No,22939,5,12998,4,4,40504,117825.0,14038.0,5.0,10791,58528.0,166545.0,7.0,8522,10856152.0,473.0,281372600.0,12266.0
13,GA,"Decatur County, GA",13087,Decatur County,30.880655,-84.584144,No,27237,6,12767,4,2,20604,175990.0,21318.0,6.0,12286,87421.0,18848.0,1.0,10438,16110981.0,592.0,398188335.0,14619.0
13,GA,"DeKalb County, GA",13089,DeKalb County,33.770661,-84.226343,No,723902,14,548990,13,3,31413,3095866.0,374267.0,4.0,311461,1537832.0,13757989.0,19.0,270903,287456377.0,397.0,7993510367.0,11042.0
13,GA,"Dodge County, GA",13091,Dodge County,32.160235,-83.156241,No,20995,5,6294,2,3,30502,130108.0,15745.0,6.0,9876,64630.0,71050.0,3.0,7987,9563834.0,456.0,238484842.0,11359.0
13,GA,"Dooly County, GA",13093,Dooly County,32.151995,-83.807167,No,14089,4,4065,1,3,30401,79312.0,9588.0,6.0,6313,39397.0,44586.0,3.0,5140,15703128.0,1115.0,441462402.0,31334.0
13,GA,"Dougherty County, GA",13095,Dougherty County,31.532588,-84.20904,No,92326,9,73923,8,3,30908,540070.0,64409.0,6.0,41844,268273.0,324352.0,4.0,35156,47082778.0,510.0,1120806198.0,12140.0
13,GA,"Douglas County, GA",13097,Douglas County,33.699317,-84.765944,No,138283,10,75493,8,3,31008,624855.0,74434.0,5.0,52601,310389.0,2137348.0,15.0,47534,54743145.0,396.0,1522559133.0,11010.0
13,GA,"Early County, GA",13099,Early County,31.324191,-84.906723,No,10480,3,5587,2,3,30302,69427.0,8407.0,7.0,4991,34487.0,22582.0,2.0,4023,8058486.0,769.0,197987017.0,18892.0
13,GA,"Echols County, GA",13101,Echols County,30.7085,-82.836132,Yes,4025,1,164,1,2,20101,23148.0,2796.0,6.0,1686,11498.0,7502.0,2.0,1423,1982603.0,493.0,51827558.0,12876.0
13,GA,"Effingham County, GA",13103,Effingham County,32.361711,-81.343337,No,55852,7,15309,4,2,20704,307585.0,37204.0,6.0,21016,152789.0,124784.0,2.0,18695,18792028.0,336.0,490461092.0,8781.0
13,GA,"Elbert County, GA",13105,Elbert County,34.116455,-82.841834,No,19394,5,9174,3,3,30503,109521.0,13470.0,6.0,9639,54403.0,189268.0,10.0,7611,8246707.0,425.0,206562737.0,10651.0
13,GA,"Emanuel County, GA",13107,Emanuel County,32.5911,-82.299763,No,22723,5,10572,3,3,30503,130090.0,15732.0,6.0,10004,64620.0,66971.0,3.0,8227,17373159.0,765.0,442382545.0,19468.0
13,GA,"Evans County, GA",13109,Evans County,32.153083,-81.890153,No,10733,3,7746,3,2,20303,64509.0,7796.0,6.0,4690,32044.0,24889.0,2.0,3950,5841581.0,544.0,145428007.0,13550.0
13,GA,"Fannin County, GA",13111,Fannin County,34.866543,-84.317331,No,24017,5,10821,3,4,40503,121426.0,14630.0,5.0,16819,65688.0,49116.0,2.0,9927,10635983.0,443.0,268257358.0,11169.0
13,GA,"Fayette County, GA",13113,Fayette County,33.412717,-84.493941,No,109495,9,82226,8,3,30908,544307.0,63071.0,5.0,41958,270377.0,2043278.0,19.0,38933,48661586.0,444.0,1200076334.0,10960.0
13,GA,"Floyd County, GA",13115,Floyd County,34.263684,-85.213654,No,96199,9,71027,8,4,40908,458844.0,55503.0,5.0,41000,227925.0,1226286.0,13.0,35114,43240243.0,449.0,1072529263.0,11149.0
13,GA,"Forsyth County, GA",13117,Forsyth County,34.225143,-84.127435,No,203841,11,146699,10,3,31110,905736.0,97683.0,4.0,72444,449913.0,3750941.0,18.0,66500,54325429.0,267.0,1432013430.0,7025.0
13,GA,"Franklin County, GA",13119,Franklin County,34.375081,-83.228064,No,22188,5,13285,4,4,40504,119735.0,14407.0,5.0,10607,59477.0,85565.0,4.0,8260,21069591.0,950.0,603078828.0,27180.0
13,GA,"Fulton County, GA",13121,Fulton County,33.790034,-84.468182,No,996757,15,1569476,16,3,31516,4471406.0,536616.0,4.0,456092,2221114.0,18444025.0,19.0,385103,594575236.0,597.0,14642559437.0,14690.0
13,GA,"Gilmer County, GA",13123,Gilmer County,34.690495,-84.454651,No,28956,6,11883,4,4,40604,150380.0,18148.0,5.0,16888,81351.0,110490.0,4.0,11131,12255904.0,423.0,306507565.0,10585.0
13,GA,"Glascock County, GA",13125,Glascock County,33.227491,-82.606913,No,3053,1,245,1,3,30101,18133.0,2195.0,6.0,1529,9007.0,16972.0,6.0,1105,1261164.0,413.0,32111460.0,10518.0
13,GA,"Glynn County, GA",13127,Glynn County,31.212746,-81.496517,No,82623,8,61961,8,2,20808,470062.0,56885.0,6.0,42319,233497.0,451888.0,5.0,32623,36612424.0,443.0,981305222.0,11877.0
13,GA,"Gordon County, GA",13129,Gordon County,34.509667,-84.873862,No,56079,7,39934,7,4,40707,289725.0,33331.0,5.0,22560,156733.0,371266.0,7.0,19779,31559763.0,563.0,848736254.0,15135.0
13,GA,"Grady County, GA",13131,Grady County,30.875903,-84.245008,No,25145,5,9092,3,2,20503,127359.0,16927.0,5.0,10814,63264.0,35984.0,1.0,9165,13806534.0,549.0,344497813.0,13700.0
13,GA,"Greene County, GA",13133,Greene County,33.57674,-83.166613,No,16535,4,8983,3,3,30403,102983.0,12463.0,6.0,9174,51155.0,55641.0,3.0,6673,14558090.0,880.0,396708578.0,23992.0
13,GA,"Gwinnett County, GA",13135,Gwinnett County,33.959148,-84.023085,No,874242,14,660276,14,3,31414,3469013.0,406714.0,4.0,302935,1723188.0,14422036.0,16.0,278996,294020294.0,336.0,7836043376.0,8963.0
13,GA,"Habersham County, GA",13137,Habersham County,34.634392,-83.525875,No,43724,7,23525,5,4,40705,218743.0,26501.0,5.0,18357,108658.0,196580.0,4.0,14856,21625880.0,495.0,536001161.0,12259.0
13,GA,"Hall County, GA",13139,Hall County,34.317588,-83.818497,No,190482,10,149790,10,4,41010,879051.0,101011.0,5.0,70655,436657.0,1526611.0,8.0,62327,72839187.0,382.0,1864206689.0,9787.0
13,GA,"Hancock County, GA",13141,Hancock County,33.26922,-83.000465,No,8747,3,901,1,3,30301,42239.0,5116.0,5.0,5355,20982.0,54032.0,6.0,2813,9423178.0,1077.0,245850994.0,28107.0
13,GA,"Haralson County, GA",13143,Haralson County,33.795165,-85.220062,No,28667,6,10900,3,3,30603,155399.0,18783.0,5.0,12411,77192.0,236597.0,8.0,10886,15909566.0,555.0,417089921.0,14549.0
13,GA,"Harris County, GA",13145,Harris County,32.731549,-84.912432,No,32992,6,8398,3,3,30603,202752.0,24543.0,6.0,13871,100715.0,75906.0,2.0,11699,17024633.0,516.0,478407680.0,14501.0
13,GA,"Hart County, GA",13147,Hart County,34.348733,-82.96329,No,25518,6,11182,3,3,30603,146546.0,17744.0,6.0,13125,72795.0,120320.0,5.0,10016,10536278.0,413.0,268347500.0,10516.0
13,GA,"Heard County, GA",13149,Heard County,33.291347,-85.137879,No,11571,4,2233,1,3,30401,70028.0,8456.0,6.0,5175,34786.0,51039.0,4.0,4364,4770397.0,412.0,122537089.0,10590.0
13,GA,"Henry County, GA",13151,Henry County,33.452947,-84.154021,No,214171,11,99795,9,3,31109,983614.0,113177.0,5.0,78929,488598.0,3217971.0,15.0,71000,84886106.0,396.0,2344028966.0,10945.0
13,GA,"Houston County, GA",13153,Houston County,32.458381,-83.662856,No,149137,10,75586,8,3,31008,822209.0,97313.0,6.0,61376,408422.0,298505.0,2.0,54188,59646740.0,400.0,1503798836.0,10083.0
13,GA,"Irwin County, GA",13155,Irwin County,31.604306,-83.277037,No,9365,3,2847,1,3,30301,52033.0,6265.0,6.0,4066,25847.0,6304.0,1.0,3279,5817022.0,621.0,145294784.0,15515.0
13,GA,"Jackson County, GA",13157,Jackson County,34.130901,-83.562545,No,62131,8,40259,7,3,30807,318404.0,37936.0,5.0,24193,158163.0,315391.0,5.0,21115,44177407.0,711.0,1154255302.0,18578.0
13,GA,"Jasper County, GA",13159,Jasper County,33.318169,-83.690142,No,13571,4,2946,1,3,30401,76142.0,9068.0,6.0,6321,37823.0,52348.0,4.0,5154,5669759.0,418.0,146684561.0,10809.0
13,GA,"Jeff Davis County, GA",13161,Jeff Davis County,31.811615,-82.636825,No,14953,4,7240,2,2,20402,87705.0,10586.0,6.0,6501,43567.0,44225.0,3.0,5216,6162127.0,412.0,152934215.0,10228.0
13,GA,"Jefferson County, GA",13163,Jefferson County,33.058176,-82.420004,No,16201,4,7799,3,3,30403,89845.0,10869.0,6.0,7337,44630.0,101890.0,6.0,5855,11531878.0,712.0,288864180.0,17830.0
13,GA,"Jenkins County, GA",13165,Jenkins County,32.794563,-81.971524,No,9055,3,1750,1,3,30301,58266.0,7049.0,6.0,4870,28943.0,21047.0,2.0,3554,5281014.0,583.0,133842791.0,14781.0
13,GA,"Johnson County, GA",13167,Johnson County,32.694584,-82.66397,No,9694,3,1751,1,3,30301,48704.0,5895.0,5.0,4120,24193.0,24359.0,3.0,3168,3663114.0,378.0,92891985.0,9582.0
13,GA,"Jones County, GA",13169,Jones County,33.020226,-83.562339,No,28701,6,5194,2,3,30602,168053.0,20311.0,6.0,11748,83478.0,228942.0,8.0,10367,12388206.0,432.0,326045259.0,11360.0
13,GA,"Lamar County, GA",13171,Lamar County,33.07446,-84.146721,No,18195,5,5755,2,3,30502,90111.0,10877.0,5.0,7618,44762.0,145811.0,8.0,6287,11420408.0,628.0,301686028.0,16581.0
13,GA,"Lanier County, GA",13173,Lanier County,31.038197,-83.063164,No,10382,3,1616,1,2,20301,58269.0,7051.0,6.0,4350,28944.0,20623.0,2.0,3733,3835450.0,369.0,96538795.0,9299.0
13,GA,"Laurens County, GA",13175,Laurens County,32.39322,-82.926317,No,47802,7,30684,6,3,30706,280092.0,33908.0,6.0,21576,139132.0,106449.0,2.0,17622,35593872.0,745.0,942105323.0,19708.0
13,GA,"Lee County, GA",13177,Lee County,31.818419,-84.146681,No,29134,6,7726,3,3,30603,181231.0,21946.0,6.0,10828,90024.0,37755.0,1.0,10126,9195829.0,316.0,239635796.0,8225.0
13,GA,"Liberty County, GA",13179,Liberty County,31.807458,-81.457871,No,63949,8,24155,5,2,20805,321353.0,38907.0,5.0,27606,159628.0,174503.0,3.0,22780,37963254.0,594.0,991428684.0,15503.0
13,GA,"Lincoln County, GA",13181,Lincoln County,33.792151,-82.448299,No,7712,3,1579,1,3,30301,53867.0,6528.0,7.0,4844,26758.0,29369.0,4.0,3457,2979054.0,386.0,76628963.0,9936.0
13,GA,"Long County, GA",13183,Long County,31.749563,-81.74287,No,17243,5,551,1,2,20501,82270.0,9944.0,5.0,6323,40866.0,19582.0,1.0,5173,7627256.0,442.0,198614113.0,11519.0
13,GA,"Lowndes County, GA",13185,Lowndes County,30.833127,-83.268992,No,113898,9,82313,8,2,20908,542535.0,65489.0,5.0,46337,269498.0,332592.0,3.0,39809,56080043.0,492.0,1473737071.0,12939.0
13,GA,"Lumpkin County, GA",13187,Lumpkin County,34.568135,-83.998906,No,31094,6,9794,3,4,40603,148492.0,17806.0,5.0,13268,80330.0,141149.0,5.0,11255,10411084.0,335.0,264770608.0,8515.0
13,GA,"McDuffie County, GA",13189,McDuffie County,33.482464,-82.473188,No,21558,5,13778,4,3,30504,125587.0,15203.0,6.0,9384,62384.0,179615.0,8.0,8067,14016199.0,650.0,384201109.0,17822.0
13,GA,"McIntosh County, GA",13191,McIntosh County,31.488592,-81.37246,No,13941,4,2419,1,2,20401,78702.0,9533.0,6.0,9416,39094.0,46230.0,3.0,5207,16925548.0,1214.0,488686058.0,35054.0
13,GA,"Macon County, GA",13193,Macon County,32.362686,-84.051231,No,13846,4,3112,1,3,30401,65741.0,7945.0,5.0,6132,32656.0,80939.0,6.0,4546,7413261.0,535.0,183345442.0,13242.0
13,GA,"Madison County, GA",13195,Madison County,34.128526,-83.203737,No,28362,6,4371,1,3,30601,159728.0,19040.0,6.0,11923,79343.0,133123.0,5.0,10348,9877912.0,348.0,253713559.0,8946.0
13,GA,"Marion County, GA",13197,Marion County,32.359538,-84.529561,No,8646,3,1863,1,3,30301,45862.0,5544.0,5.0,4168,22781.0,15535.0,2.0,3021,3596544.0,416.0,91944840.0,10634.0
13,GA,"Meriwether County, GA",13199,Meriwether County,33.029267,-84.667058,No,21195,5,6754,2,3,30502,128514.0,15498.0,6.0,10014,63838.0,114947.0,5.0,7982,12653897.0,597.0,333810459.0,15749.0
13,GA,"Miller County, GA",13201,Miller County,31.162908,-84.730386,No,5911,2,2024,1,2,20201,39363.0,4767.0,7.0,2787,19553.0,11217.0,2.0,2251,3603084.0,610.0,91023898.0,15399.0
13,GA,"Mitchell County, GA",13205,Mitchell County,31.228997,-84.192038,No,22778,5,11205,3,2,20503,140253.0,16983.0,6.0,9070,69669.0,30372.0,1.0,8041,9928901.0,436.0,245050976.0,10758.0
13,GA,"Monroe County, GA",13207,Monroe County,33.017435,-83.922938,No,27044,6,11557,4,3,30604,150181.0,18059.0,6.0,11090,74601.0,174648.0,6.0,9589,33446837.0,1237.0,1005533925.0,37181.0
13,GA,"Montgomery County, GA",13209,Montgomery County,32.172108,-82.533349,No,9005,3,1506,1,3,30301,50855.0,6160.0,6.0,3956,25262.0,21689.0,2.0,3149,6008157.0,667.0,145858900.0,16198.0
13,GA,"Morgan County, GA",13211,Morgan County,33.593474,-83.491049,No,17943,5,12020,4,3,30504,100804.0,12058.0,6.0,7623,50073.0,65383.0,4.0,6648,19098376.0,1064.0,541284322.0,30167.0
13,GA,"Murray County, GA",13213,Murray County,34.797097,-84.73799,No,39358,7,15632,4,4,40704,217616.0,25300.0,6.0,15996,117724.0,146728.0,4.0,14266,10349152.0,263.0,261093379.0,6634.0
13,GA,"Muscogee County, GA",13215,Muscogee County,32.510197,-84.874946,Yes,200303,11,155491,10,3,31110,957376.0,115827.0,5.0,85070,475564.0,1276580.0,6.0,73449,101204115.0,505.0,2404847261.0,12006.0
13,GA,"Newton County, GA",13217,Newton County,33.544021,-83.855185,No,103901,9,37262,6,3,30906,499628.0,58284.0,5.0,38940,248184.0,901447.0,9.0,35090,36217324.0,349.0,967264503.0,9309.0
13,GA,"Oconee County, GA",13219,Oconee County,33.834125,-83.437728,No,35071,6,22368,5,3,30605,202438.0,23883.0,6.0,13301,100558.0,296935.0,8.0,12288,19527083.0,557.0,508817052.0,14508.0
13,GA,"Oglethorpe County, GA",13221,Oglethorpe County,33.866806,-83.074081,No,14743,4,1989,1,3,30401,87072.0,10425.0,6.0,6577,43252.0,80381.0,5.0,5723,11567737.0,785.0,298320460.0,20235.0
13,GA,"Paulding County, GA",13223,Paulding County,33.921026,-84.867162,No,149830,10,35858,6,3,31006,684938.0,75680.0,5.0,54129,340234.0,1973417.0,13.0,50017,35187167.0,235.0,907416879.0,6056.0
13,GA,"Peach County, GA",13225,Peach County,32.571324,-83.831978,No,26907,6,12443,4,3,30604,154458.0,18551.0,6.0,11442,76725.0,130414.0,5.0,9966,21369803.0,794.0,567882848.0,21105.0
13,GA,"Pickens County, GA",13227,Pickens County,34.456813,-84.490339,No,29992,6,12622,4,4,40604,156595.0,18922.0,5.0,13894,77787.0,188037.0,6.0,11377,13585949.0,453.0,340256445.0,11345.0
13,GA,"Pierce County, GA",13229,Pierce County,31.353988,-82.210427,No,19030,5,6588,2,2,20502,112465.0,13572.0,6.0,8080,55865.0,45006.0,2.0,6947,8564442.0,450.0,211538681.0,11116.0
13,GA,"Pike County, GA",13231,Pike County,33.090768,-84.386627,No,17843,5,3440,1,3,30501,95761.0,11545.0,5.0,6909,47568.0,78578.0,4.0,6026,9112338.0,511.0,237495468.0,13310.0
13,GA,"Polk County, GA",13233,Polk County,33.996015,-85.188338,No,41263,7,19783,5,3,30705,200410.0,24247.0,5.0,17154,99551.0,454480.0,11.0,14868,16686737.0,404.0,409644451.0,9928.0
13,GA,"Pulaski County, GA",13235,Pulaski County,32.238794,-83.481855,No,11460,4,3638,1,3,30401,55111.0,6663.0,5.0,4761,27376.0,79211.0,7.0,3829,5444163.0,475.0,138565802.0,12091.0
13,GA,"Putnam County, GA",13237,Putnam County,33.32106,-83.37179,No,21259,5,8620,3,3,30503,132633.0,15986.0,6.0,12925,65884.0,80517.0,4.0,8322,10300771.0,485.0,259144714.0,12190.0
13,GA,"Quitman County, GA",13239,Quitman County,31.862948,-85.004801,Yes,2095,1,297,1,3,30101,14041.0,1699.0,7.0,2063,6975.0,4805.0,2.0,916,11860557.0,5661.0,272043152.0,129854.0
13,GA,"Rabun County, GA",13241,Rabun County,34.883949,-83.404859,No,16312,4,8180,3,4,40403,84250.0,10210.0,5.0,12621,45577.0,44868.0,3.0,6629,12109864.0,742.0,302467152.0,18543.0
13,GA,"Randolph County, GA",13243,Randolph County,31.762651,-84.752311,No,7224,2,2502,1,3,30201,42617.0,5157.0,6.0,3635,21169.0,16398.0,2.0,2819,5010012.0,694.0,124274881.0,17203.0
13,GA,"Richmond County, GA",13245,Richmond County,33.361487,-82.074998,Yes,201418,11,175110,10,3,31110,954688.0,115540.0,5.0,88485,474229.0,2303428.0,11.0,72470,136858683.0,679.0,3247638897.0,16124.0
13,GA,"Rockdale County, GA",13247,Rockdale County,33.652081,-84.02637,No,87569,9,59940,8,3,30908,390923.0,45748.0,4.0,33755,194186.0,1142717.0,13.0,29940,35939474.0,410.0,960360341.0,10967.0
13,GA,"Schley County, GA",13249,Schley County,32.263441,-84.322724,No,5089,2,1188,1,3,30201,30097.0,3639.0,6.0,2213,14950.0,15319.0,3.0,1895,4028997.0,792.0,103719204.0,20381.0
13,GA,"Screven County, GA",13251,Screven County,32.744751,-81.617585,No,14114,4,4644,1,3,30401,75966.0,9351.0,5.0,6739,37735.0,16920.0,1.0,5214,8338839.0,591.0,210446491.0,14910.0
13,GA,"Seminole County, GA",13253,Seminole County,30.933894,-84.867592,No,8696,3,2879,1,2,20301,59264.0,7179.0,7.0,4850,29439.0,18649.0,2.0,3312,4496919.0,517.0,112041927.0,12884.0
13,GA,"Spalding County, GA",13255,Spalding County,33.262389,-84.286067,No,64006,8,34377,6,3,30806,327115.0,38943.0,5.0,27375,162490.0,801804.0,13.0,22914,26090982.0,408.0,665389964.0,10396.0
13,GA,"Stephens County, GA",13257,Stephens County,34.552914,-83.290216,No,25584,6,15310,4,4,40604,128617.0,15585.0,5.0,12693,63889.0,119983.0,5.0,9189,10825750.0,423.0,261912197.0,10237.0
13,GA,"Stewart County, GA",13259,Stewart County,32.073225,-84.834912,No,5791,2,987,1,3,30201,24366.0,2949.0,4.0,2372,12103.0,3274.0,1.0,1775,4956977.0,856.0,126164587.0,21786.0
13,GA,"Sumter County, GA",13261,Sumter County,32.042198,-84.20426,No,31070,6,17018,5,3,30605,174812.0,21158.0,6.0,14022,86836.0,61694.0,2.0,11698,14426563.0,464.0,354666649.0,11415.0
13,GA,"Talbot County, GA",13263,Talbot County,32.704603,-84.530029,No,6373,2,849,1,3,30201,41803.0,5051.0,7.0,3408,20765.0,26336.0,4.0,2729,11492465.0,1803.0,299084847.0,46930.0
13,GA,"Taliaferro County, GA",13265,Taliaferro County,33.559319,-82.875272,No,1904,1,62,1,3,30101,11130.0,1348.0,6.0,1096,5529.0,12688.0,7.0,748,10407319.0,5466.0,288749992.0,151654.0
13,GA,"Tattnall County, GA",13267,Tattnall County,32.043768,-82.059208,No,25260,5,6478,2,2,20502,128096.0,15489.0,5.0,9998,63630.0,65096.0,3.0,7899,11826646.0,468.0,294117949.0,11644.0
13,GA,"Taylor County, GA",13269,Taylor County,32.554667,-84.251426,No,8354,3,2154,1,3,30301,51165.0,6183.0,6.0,4558,25415.0,32955.0,4.0,3368,15737587.0,1884.0,406466474.0,48655.0
13,GA,"Telfair County, GA",13271,Telfair County,31.913639,-82.931062,No,16405,4,3943,1,3,30401,80353.0,9722.0,5.0,7301,39914.0,32062.0,2.0,5110,7746068.0,472.0,190150593.0,11591.0
13,GA,"Terrell County, GA",13273,Terrell County,31.777191,-84.439446,No,9132,3,3163,1,3,30301,57288.0,6935.0,6.0,4224,28457.0,17410.0,2.0,3312,7289301.0,798.0,181570559.0,19883.0
13,GA,"Thomas County, GA",13275,Thomas County,30.864606,-83.91982,No,44977,7,31872,6,2,20706,274338.0,33674.0,6.0,20601,136274.0,85095.0,2.0,17269,25336485.0,563.0,630588146.0,14020.0
13,GA,"Tift County, GA",13277,Tift County,31.457003,-83.525931,No,40691,7,31692,6,3,30706,221250.0,26678.0,5.0,16640,109903.0,75199.0,2.0,14451,28551908.0,702.0,770196385.0,18928.0
13,GA,"Toombs County, GA",13279,Toombs County,32.126698,-82.332071,No,27160,6,18445,5,2,20605,163093.0,19743.0,6.0,12239,81014.0,62534.0,2.0,10376,14602556.0,538.0,352931297.0,12995.0
13,GA,"Towns County, GA",13281,Towns County,34.902529,-83.732264,No,10976,3,5556,2,4,40302,49430.0,6371.0,5.0,8023,26740.0,27300.0,2.0,4611,4632160.0,422.0,116639286.0,10627.0
13,GA,"Treutlen County, GA",13283,Treutlen County,32.409586,-82.570882,No,6711,2,1310,1,3,30201,41384.0,5012.0,6.0,3287,20557.0,21372.0,3.0,2586,8086066.0,1205.0,232453250.0,34638.0
13,GA,"Troup County, GA",13285,Troup County,33.034482,-85.02836,No,69314,8,66800,8,3,30808,375220.0,45446.0,5.0,28669,186386.0,399052.0,6.0,24619,43546409.0,628.0,1165738537.0,16818.0
13,GA,"Turner County, GA",13287,Turner County,31.7248,-83.620319,No,8151,3,2859,1,3,30301,49318.0,5967.0,6.0,3891,24498.0,11874.0,1.0,3071,11058953.0,1357.0,317404059.0,38941.0
13,GA,"Twiggs County, GA",13289,Twiggs County,32.665847,-83.425879,No,8363,3,1877,1,3,30301,44063.0,5327.0,5.0,4247,21887.0,47755.0,6.0,2887,11444236.0,1368.0,340192961.0,40678.0
13,GA,"Union County, GA",13291,Union County,34.833333,-83.989257,No,22033,5,11452,4,4,40504,98088.0,12283.0,4.0,14443,53063.0,32361.0,1.0,8873,8187209.0,372.0,210554704.0,9556.0
13,GA,"Upson County, GA",13293,Upson County,32.881837,-84.292281,No,26394,6,11274,4,3,30604,141153.0,17070.0,5.0,12280,70116.0,321559.0,12.0,10078,22196355.0,841.0,566852709.0,21477.0
13,GA,"Walker County, GA",13295,Walker County,34.735827,-85.305385,No,68143,8,19750,5,4,40805,383202.0,43751.0,6.0,30494,207301.0,411981.0,6.0,25581,20570295.0,302.0,514278229.0,7547.0
13,GA,"Walton County, GA",13297,Walton County,33.783887,-83.731829,No,87436,9,33178,6,3,30906,495073.0,56796.0,6.0,33083,245921.0,483472.0,6.0,30048,33910843.0,388.0,847007674.0,9687.0
13,GA,"Ware County, GA",13299,Ware County,31.050881,-82.421507,No,35671,6,22598,5,2,20605,212544.0,25689.0,6.0,16636,105578.0,114826.0,3.0,13847,19063485.0,534.0,473486556.0,13274.0
13,GA,"Warren County, GA",13301,Warren County,33.419169,-82.688012,No,5504,2,1667,1,3,30201,32102.0,3887.0,6.0,2984,15946.0,33302.0,6.0,2204,8707001.0,1582.0,249493333.0,45329.0
13,GA,"Washington County, GA",13303,Washington County,32.971848,-82.798112,No,20680,5,10123,3,3,30503,110975.0,13387.0,5.0,9174,55126.0,159264.0,8.0,7381,11875508.0,574.0,292631916.0,14150.0
13,GA,"Wayne County, GA",13305,Wayne County,31.547845,-81.912376,No,30006,6,11531,4,2,20604,160576.0,19381.0,5.0,12266,79764.0,86388.0,3.0,10016,15450466.0,515.0,383740386.0,12789.0
13,GA,"Webster County, GA",13307,Webster County,32.046691,-84.553828,Yes,2672,1,389,1,3,30101,16441.0,1990.0,6.0,1384,8167.0,,,1025,17995855.0,6735.0,416337263.0,155815.0
13,GA,"Wheeler County, GA",13309,Wheeler County,32.105268,-82.733865,No,7932,3,1130,1,3,30301,32320.0,3909.0,4.0,2630,16054.0,11889.0,1.0,2065,4243616.0,535.0,106959787.0,13485.0
13,GA,"White County, GA",13311,White County,34.643776,-83.743417,No,28140,6,12726,4,4,40604,150270.0,18203.0,5.0,16219,74645.0,108584.0,4.0,11016,9141035.0,325.0,230516548.0,8192.0
13,GA,"Whitfield County, GA",13313,Whitfield County,34.801726,-84.968541,No,103653,9,98311,9,4,40909,555270.0,60390.0,5.0,40222,300385.0,289748.0,3.0,34814,47407977.0,457.0,1249662590.0,12056.0
13,GA,"Wilcox County, GA",13315,Wilcox County,31.962717,-83.438262,No,8884,3,973,1,3,30301,43933.0,5315.0,5.0,3531,21823.0,6473.0,1.0,2698,4437770.0,500.0,111145645.0,12511.0
13,GA,"Wilkes County, GA",13317,Wilkes County,33.779031,-82.747921,No,9924,3,3968,1,3,30301,59405.0,7197.0,6.0,5217,29509.0,95602.0,10.0,3975,7344083.0,740.0,183593061.0,18500.0
13,GA,"Wilkinson County, GA",13319,Wilkinson County,32.804266,-83.175512,No,9312,3,4280,1,3,30301,51112.0,6182.0,5.0,4488,25389.0,65242.0,7.0,3297,7851629.0,843.0,198335303.0,21299.0
13,GA,"Worth County, GA",13321,Worth County,31.551773,-83.84996,No,20988,5,5169,2,3,30502,135493.0,16395.0,6.0,9331,67304.0,18561.0,1.0,7873,12484797.0,595.0,314655049.0,14992.0
15,HI,"Hawaii County, HI",15001,Hawaii County,19.597764,-155.502443,No,193680,11,109122,9,1,11109,375333.0,116176.0,2.0,71518,197268.0,12073.0,0.0,66094,120482075.0,622.0,2916113105.0,15056.0
15,HI,"Honolulu County, HI",15003,Honolulu County,21.461365,-158.201974,Yes,986999,15,717044,14,1,11514,1913996.0,493589.0,2.0,270455,1454384.0,571000.0,1.0,309548,236521814.0,240.0,5801994502.0,5878.0
15,HI,"Kalawao County, HI",15005,Kalawao County,21.218764,-156.97401,Yes,91,1,0,1,1,10101,257.0,73.0,3.0,83,135.0,6.0,0.0,55,85774.0,943.0,1857061.0,20407.0
15,HI,"Kauai County, HI",15007,Kauai County,22.012038,-159.705965,No,70447,8,54632,7,1,10807,135423.0,45202.0,2.0,28574,71176.0,5353.0,0.0,22430,28660730.0,407.0,694399182.0,9857.0
15,HI,"Maui County, HI",15009,Maui County,20.855931,-156.60155,No,162456,10,128290,10,1,11010,346684.0,98185.0,2.0,60306,182211.0,6782.0,0.0,53903,55468608.0,341.0,1334256150.0,8213.0
16,ID,"Ada County, ID",16001,Ada County,43.451477,-116.244376,No,425798,12,388430,12,5,51212,1594940.0,164248.0,4.0,170159,474156.0,9308858.0,22.0,160398,152786120.0,359.0,3369774260.0,7914.0
16,ID,"Adams County, ID",16003,Adams County,44.877004,-116.461624,No,3865,1,934,1,6,60101,20857.0,2148.0,5.0,2673,6200.0,4682.0,1.0,1655,5459965.0,1413.0,129298847.0,33454.0
16,ID,"Bannock County, ID",16005,Bannock County,42.692921,-112.228982,No,83815,8,49352,7,6,60807,316889.0,32644.0,4.0,33882,94207.0,1329523.0,16.0,30424,31293508.0,373.0,763343956.0,9107.0
16,ID,"Bear Lake County, ID",16007,Bear Lake County,42.285892,-111.327517,No,5928,2,1862,1,6,60201,25415.0,2716.0,4.0,4041,7556.0,80829.0,14.0,2395,3978516.0,671.0,91835663.0,15492.0
16,ID,"Benewah County, ID",16009,Benewah County,47.218451,-116.633541,No,9068,3,3748,1,5,50301,43718.0,4215.0,5.0,4717,12997.0,50647.0,6.0,3592,5397722.0,595.0,124312887.0,13709.0
16,ID,"Bingham County, ID",16011,Bingham County,43.216357,-112.399206,No,45261,7,19447,5,6,60705,191018.0,19828.0,4.0,16489,56787.0,507745.0,11.0,14712,21752535.0,481.0,564598848.0,12474.0
16,ID,"Blaine County, ID",16013,Blaine County,43.394192,-113.955371,No,21427,5,21967,5,6,60505,100203.0,10319.0,5.0,15352,29789.0,369978.0,17.0,8708,10639757.0,497.0,229280788.0,10701.0
16,ID,"Boise County, ID",16015,Boise County,43.987275,-115.71511,No,6891,2,1200,1,6,60201,38197.0,3934.0,6.0,5433,11355.0,45755.0,7.0,2994,7675670.0,1114.0,178732709.0,25937.0
16,ID,"Bonner County, ID",16017,Bonner County,48.324634,-116.627443,No,41389,7,23875,5,6,60705,184158.0,17859.0,4.0,25086,54748.0,432419.0,10.0,17109,19442591.0,470.0,433983570.0,10485.0
16,ID,"Bonneville County, ID",16019,Bonneville County,43.395171,-111.621878,No,108989,9,94952,9,6,60909,432833.0,43837.0,4.0,43438,128676.0,1738581.0,16.0,37138,39726981.0,365.0,895949966.0,8221.0
16,ID,"Boundary County, ID",16021,Boundary County,48.773133,-116.524673,No,11141,3,4913,1,6,60301,50033.0,5407.0,4.0,5363,14874.0,71117.0,6.0,4393,6289618.0,565.0,143148448.0,12849.0
16,ID,"Butte County, ID",16023,Butte County,43.685101,-113.177631,No,2592,1,1073,1,6,60101,14156.0,1513.0,5.0,1312,4208.0,11112.0,4.0,1061,3258890.0,1257.0,77845855.0,30033.0
16,ID,"Camas County, ID",16025,Camas County,43.502733,-114.772066,No,968,1,266,1,6,60101,5447.0,561.0,6.0,827,1619.0,4742.0,5.0,379,1954337.0,2019.0,48284070.0,49880.0
16,ID,"Canyon County, ID",16027,Canyon County,43.623051,-116.708527,No,202782,11,101779,9,5,51109,811678.0,83587.0,4.0,72472,241302.0,3134139.0,15.0,67155,67633031.0,334.0,1545843588.0,7623.0
16,ID,"Caribou County, ID",16029,Caribou County,42.786072,-111.544273,No,6813,2,5458,2,6,60202,27306.0,2909.0,4.0,3260,8118.0,118310.0,17.0,2553,4278909.0,628.0,100798293.0,14795.0
16,ID,"Cassia County, ID",16031,Cassia County,42.282313,-113.626328,No,23441,5,15615,4,5,50504,106957.0,10964.0,5.0,8562,31797.0,182479.0,8.0,7717,16424936.0,701.0,441633094.0,18840.0
16,ID,"Clark County, ID",16033,Clark County,44.290218,-112.354613,No,960,1,125,1,6,60101,3162.0,338.0,3.0,553,940.0,2581.0,3.0,287,4846930.0,5049.0,120321836.0,125335.0
16,ID,"Clearwater County, ID",16035,Clearwater County,46.67257,-115.6535,No,8528,3,3605,1,5,50301,41561.0,4021.0,5.0,4551,12355.0,40771.0,5.0,3668,5642591.0,662.0,130054682.0,15250.0
16,ID,"Custer County, ID",16037,Custer County,44.273351,-114.252267,No,4185,1,1319,1,6,60101,26089.0,2399.0,6.0,2182,7756.0,20729.0,5.0,1801,4099881.0,980.0,96207247.0,22989.0
16,ID,"Elmore County, ID",16039,Elmore County,43.394698,-115.471205,No,26103,6,8567,3,5,50603,110078.0,11336.0,4.0,12371,32725.0,375351.0,14.0,9832,26540752.0,1017.0,727849546.0,27884.0
16,ID,"Franklin County, ID",16041,Franklin County,42.173609,-111.822965,No,13013,4,4142,1,6,60401,46955.0,5018.0,4.0,4731,13959.0,131657.0,10.0,4226,4742227.0,364.0,107369189.0,8251.0
16,ID,"Fremont County, ID",16043,Fremont County,44.218091,-111.484429,No,12896,4,3168,1,6,60401,59311.0,6389.0,5.0,8778,17632.0,128478.0,10.0,4466,9882625.0,766.0,222807073.0,17277.0
16,ID,"Gem County, ID",16045,Gem County,44.061473,-116.398784,No,16853,4,4970,1,5,50401,84127.0,8663.0,5.0,7202,25010.0,193346.0,11.0,6287,4378101.0,260.0,101364595.0,6015.0
16,ID,"Gooding County, ID",16047,Gooding County,42.973185,-114.82142,No,15157,4,5308,2,5,50402,78610.0,8095.0,5.0,6150,23370.0,113095.0,7.0,5476,12632348.0,833.0,346463447.0,22858.0
16,ID,"Idaho County, ID",16049,Idaho County,45.849644,-115.467337,No,16251,4,6978,2,5,50402,74622.0,7337.0,5.0,8828,22184.0,44972.0,3.0,6443,11416754.0,703.0,276765067.0,17031.0
16,ID,"Jefferson County, ID",16051,Jefferson County,43.796965,-112.318588,No,27096,6,7598,3,6,60603,105377.0,11262.0,4.0,9023,31327.0,295474.0,11.0,8150,9924799.0,366.0,245229240.0,9050.0
16,ID,"Jerome County, ID",16053,Jerome County,42.691395,-114.262086,No,22694,5,12688,4,5,50504,107317.0,11052.0,5.0,8352,31904.0,215920.0,10.0,7647,19924660.0,878.0,547640264.0,24132.0
16,ID,"Kootenai County, ID",16055,Kootenai County,47.677113,-116.694918,No,147716,10,100022,9,5,51009,594866.0,56687.0,4.0,67515,176846.0,2628436.0,18.0,57213,67703284.0,458.0,1545288686.0,10461.0
16,ID,"Latah County, ID",16057,Latah County,46.81892,-116.730974,No,38593,7,17719,5,5,50705,144680.0,13999.0,4.0,16674,43012.0,384080.0,10.0,15218,11392310.0,295.0,258914509.0,6709.0
16,ID,"Lemhi County, ID",16059,Lemhi County,44.928506,-113.887042,No,7743,3,3427,1,6,60301,46612.0,4807.0,6.0,4817,13857.0,20014.0,3.0,3698,6537706.0,844.0,158786271.0,20507.0
16,ID,"Lewis County, ID",16061,Lewis County,46.236328,-116.42376,No,3826,1,1577,1,5,50101,18725.0,1801.0,5.0,1908,5567.0,15558.0,4.0,1624,2561128.0,669.0,61687837.0,16123.0
16,ID,"Lincoln County, ID",16063,Lincoln County,42.986181,-114.153899,No,5292,2,887,1,5,50201,23440.0,2414.0,4.0,1984,6968.0,33244.0,6.0,1596,4681728.0,885.0,110208156.0,20825.0
16,ID,"Madison County, ID",16065,Madison County,43.788614,-111.656993,No,38114,7,27788,6,6,60706,106642.0,11413.0,3.0,12962,31703.0,372549.0,10.0,10508,10506108.0,276.0,235191902.0,6171.0
16,ID,"Minidoka County, ID",16067,Minidoka County,42.857211,-113.63984,No,20331,5,9287,3,5,50503,105877.0,10833.0,5.0,7888,31476.0,144196.0,7.0,7261,11409646.0,561.0,283160388.0,13928.0
16,ID,"Nez Perce County, ID",16069,Nez Perce County,46.333791,-116.760909,No,39995,7,35018,6,5,50706,178832.0,17400.0,4.0,17786,53164.0,556715.0,14.0,16127,17907959.0,448.0,406367332.0,10160.0
16,ID,"Oneida County, ID",16071,Oneida County,42.183895,-112.520449,No,4269,1,1368,1,6,60101,19080.0,1974.0,4.0,1973,5672.0,27120.0,6.0,1551,6371439.0,1492.0,188685161.0,44199.0
16,ID,"Owyhee County, ID",16073,Owyhee County,42.572851,-116.18969,No,11356,4,2958,1,5,50401,60401.0,6220.0,5.0,4832,17957.0,43849.0,4.0,4068,8220466.0,724.0,202268435.0,17812.0
16,ID,"Payette County, ID",16075,Payette County,44.00243,-116.750238,No,22773,5,9865,3,5,50503,110537.0,11383.0,5.0,9189,32861.0,275172.0,12.0,8195,10533813.0,463.0,276207919.0,12129.0
16,ID,"Power County, ID",16077,Power County,42.694126,-112.844407,No,7696,3,3438,1,5,50301,30555.0,3147.0,4.0,2984,9084.0,98914.0,13.0,2465,9373776.0,1218.0,250906603.0,32602.0
16,ID,"Shoshone County, ID",16079,Shoshone County,47.347694,-115.885092,No,12551,4,8325,3,5,50403,53555.0,5195.0,4.0,7138,15921.0,243593.0,19.0,5660,12416919.0,989.0,318122659.0,25346.0
16,ID,"Teton County, ID",16081,Teton County,43.760994,-111.211765,No,10437,3,4691,1,6,60301,48018.0,5173.0,5.0,5592,14275.0,39052.0,4.0,3725,4512594.0,432.0,101811152.0,9755.0
16,ID,"Twin Falls County, ID",16083,Twin Falls County,42.352309,-114.665639,No,80955,8,60584,8,5,50808,341571.0,35175.0,4.0,32251,101545.0,1043476.0,13.0,29200,24602692.0,304.0,542255155.0,6698.0
16,ID,"Valley County, ID",16085,Valley County,44.85596,-115.618061,No,9897,3,6517,2,6,60302,43736.0,4504.0,4.0,12092,13002.0,27012.0,3.0,3446,9049657.0,914.0,203271140.0,20539.0
16,ID,"Washington County, ID",16087,Washington County,44.448223,-116.797792,No,10035,3,3780,1,5,50301,51109.0,5263.0,5.0,4609,15194.0,121591.0,12.0,3886,4086021.0,407.0,96519667.0,9618.0
17,IL,"Adams County, IL",17001,Adams County,39.986052,-91.194961,No,66949,8,61693,8,5,50808,295948.0,35958.0,4.0,28840,217799.0,1701959.0,25.0,27240,22162855.0,331.0,514820852.0,7690.0
17,IL,"Alexander County, IL",17003,Alexander County,37.183657,-89.349516,No,7051,2,1676,1,4,40201,31129.0,3790.0,4.0,3822,22909.0,118805.0,17.0,2534,4885161.0,693.0,109124412.0,15476.0
17,IL,"Bond County, IL",17005,Bond County,38.885924,-89.436592,No,17137,5,6755,2,4,40502,72114.0,8776.0,4.0,6829,53071.0,278414.0,16.0,6051,10569717.0,617.0,290111053.0,16929.0
17,IL,"Boone County, IL",17007,Boone County,42.318983,-88.824295,No,53656,7,31143,6,5,50706,156559.0,19631.0,3.0,19193,88872.0,1534332.0,29.0,18405,24246957.0,452.0,592244494.0,11038.0
17,IL,"Brown County, IL",17009,Brown County,39.962069,-90.750309,No,6836,2,4122,1,5,50201,25197.0,3062.0,4.0,2355,18543.0,98602.0,14.0,2130,2469002.0,361.0,57354175.0,8390.0
17,IL,"Bureau County, IL",17011,Bureau County,41.401304,-89.528377,No,33822,6,19720,5,5,50605,144955.0,17729.0,4.0,15063,106678.0,1104758.0,33.0,14017,24595503.0,727.0,650393247.0,19230.0
17,IL,"Calhoun County, IL",17013,Calhoun County,39.164262,-90.666295,No,4962,1,1038,1,5,50101,25199.0,3072.0,5.0,2734,18545.0,60635.0,12.0,1936,1523204.0,307.0,34289567.0,6910.0
17,IL,"Carroll County, IL",17015,Carroll County,42.0709,-89.924189,No,14793,4,7236,2,5,50402,62890.0,8341.0,4.0,8101,35585.0,356265.0,24.0,6649,6096015.0,412.0,138106007.0,9336.0
17,IL,"Cass County, IL",17017,Cass County,39.969202,-90.245704,No,13068,4,9470,3,5,50403,60607.0,7372.0,5.0,5552,44603.0,343608.0,26.0,5124,4710265.0,360.0,107117430.0,8197.0
17,IL,"Champaign County, IL",17019,Champaign County,40.13898,-88.196996,No,206420,11,138711,10,5,51110,790562.0,96077.0,4.0,86207,581804.0,4922862.0,24.0,80442,74096856.0,359.0,1817764702.0,8806.0
17,IL,"Christian County, IL",17021,Christian County,39.545524,-89.279593,No,33888,6,16108,4,4,40604,148519.0,18078.0,4.0,14906,109301.0,1067673.0,32.0,13901,13921361.0,411.0,313970269.0,9265.0
17,IL,"Clark County, IL",17023,Clark County,39.332364,-87.791687,No,16089,4,7933,3,5,50403,81454.0,9899.0,5.0,7461,59945.0,242045.0,15.0,6673,13430414.0,835.0,374381002.0,23269.0
17,IL,"Clay County, IL",17025,Clay County,38.746832,-88.482344,No,13466,4,9507,3,4,40403,66748.0,8116.0,5.0,6119,49123.0,168683.0,13.0,5588,6356382.0,472.0,142941381.0,10615.0
17,IL,"Clinton County, IL",17027,Clinton County,38.606295,-89.426228,No,37858,6,18074,5,4,40605,167795.0,20407.0,4.0,14943,123487.0,661749.0,17.0,14012,15590725.0,412.0,381356511.0,10073.0
17,IL,"Coles County, IL",17029,Coles County,39.51368,-88.220782,No,52802,7,37568,6,5,50706,218363.0,26514.0,4.0,22526,160701.0,1089420.0,21.0,21094,20866611.0,395.0,500733235.0,9483.0
17,IL,"Cook County, IL",17031,Cook County,41.894294,-87.645455,No,5227575,19,4803324,18,5,51918,14290976.0,1791926.0,3.0,2093818,8112382.0,176752641.0,34.0,1951606,1478134667.0,283.0,33289857408.0,6368.0
17,IL,"Crawford County, IL",17033,Crawford County,39.002769,-87.760621,No,19441,5,13898,4,4,40504,86607.0,10524.0,4.0,8325,63737.0,366275.0,19.0,7597,6319883.0,325.0,141967172.0,7302.0
17,IL,"Cumberland County, IL",17035,Cumberland County,39.273121,-88.240619,No,10890,3,4147,1,5,50301,49146.0,5977.0,5.0,4668,36168.0,137873.0,13.0,4208,10886379.0,1000.0,312984578.0,28741.0
17,IL,"DeKalb County, IL",17037,DeKalb County,41.894612,-88.768991,No,104458,9,54594,7,5,50907,307920.0,38610.0,3.0,39443,174793.0,2649579.0,25.0,37367,36597513.0,350.0,878522127.0,8410.0
17,IL,"De Witt County, IL",17039,De Witt County,40.181499,-88.901853,No,16322,4,8687,3,5,50403,74009.0,9005.0,5.0,7225,54466.0,1076303.0,66.0,6721,8758540.0,537.0,209772757.0,12852.0
17,IL,"Douglas County, IL",17041,Douglas County,39.766078,-88.222866,No,19770,5,13196,4,5,50504,82087.0,9995.0,4.0,8063,60411.0,595601.0,30.0,7562,10786931.0,546.0,272371346.0,13777.0
17,IL,"DuPage County, IL",17043,DuPage County,41.852058,-88.086038,No,930514,14,1191953,15,5,51415,2736785.0,342844.0,3.0,383577,1553557.0,30468791.0,33.0,338987,403706475.0,434.0,9335911804.0,10033.0
17,IL,"Edgar County, IL",17045,Edgar County,39.679037,-87.74711,No,17828,5,13192,4,5,50504,83598.0,10156.0,5.0,8443,61523.0,432756.0,24.0,7644,8333085.0,467.0,188634089.0,10581.0
17,IL,"Edwards County, IL",17047,Edwards County,38.417095,-88.047941,No,6612,2,2839,1,4,40201,34968.0,4259.0,5.0,3043,25734.0,104378.0,16.0,2768,2951951.0,446.0,67662482.0,10233.0
17,IL,"Effingham County, IL",17049,Effingham County,39.047945,-88.592849,No,34356,6,42381,7,4,40607,156102.0,18990.0,5.0,14166,114881.0,562776.0,16.0,13316,25083509.0,730.0,655913402.0,19092.0
17,IL,"Fayette County, IL",17051,Fayette County,39.001125,-89.017923,No,22025,5,8788,3,4,40503,89538.0,10891.0,4.0,8878,65894.0,190967.0,9.0,7650,15514255.0,704.0,419672705.0,19054.0
17,IL,"Ford County, IL",17053,Ford County,40.596539,-88.224588,No,13758,4,8294,3,5,50403,58826.0,7182.0,4.0,6081,33393.0,406322.0,30.0,5666,6404355.0,466.0,153854882.0,11183.0
17,IL,"Franklin County, IL",17055,Franklin County,37.991848,-88.926246,No,39503,7,12141,4,4,40704,203595.0,24726.0,5.0,17814,149833.0,628852.0,16.0,16180,18933140.0,479.0,478226317.0,12106.0
17,IL,"Fulton County, IL",17057,Fulton County,40.46524,-90.202269,No,36047,6,12598,4,5,50604,143555.0,17428.0,4.0,15569,105648.0,1210167.0,34.0,14131,13061803.0,362.0,296258179.0,8219.0
17,IL,"Gallatin County, IL",17059,Gallatin County,37.768677,-88.227964,No,5325,2,1309,1,4,40201,28167.0,3423.0,5.0,2626,20729.0,86253.0,16.0,2295,3002372.0,564.0,69752569.0,13099.0
17,IL,"Greene County, IL",17061,Greene County,39.355444,-90.387757,No,13390,4,3515,1,5,50401,60883.0,7422.0,5.0,6129,44806.0,205028.0,15.0,5278,5081324.0,379.0,116153376.0,8675.0
17,IL,"Grundy County, IL",17063,Grundy County,41.29241,-88.401054,No,50338,7,32204,6,5,50706,171817.0,21430.0,3.0,19577,97534.0,1484798.0,29.0,18509,29376060.0,584.0,753850754.0,14976.0
17,IL,"Hamilton County, IL",17065,Hamilton County,38.085226,-88.539005,No,8251,3,2856,1,4,40301,45098.0,5494.0,5.0,3915,33189.0,76915.0,9.0,3394,3331945.0,404.0,77295680.0,9368.0
17,IL,"Hancock County, IL",17067,Hancock County,40.405792,-91.167987,No,18633,5,5472,2,5,50502,83851.0,10183.0,5.0,8859,61709.0,467677.0,25.0,7726,8725329.0,468.0,198871089.0,10673.0
17,IL,"Hardin County, IL",17069,Hardin County,37.517852,-88.266148,No,4173,1,1547,1,4,40101,18806.0,2285.0,5.0,2150,13840.0,59130.0,14.0,1506,1306647.0,313.0,30582090.0,7329.0
17,IL,"Henderson County, IL",17071,Henderson County,40.814471,-90.941246,No,6966,2,1297,1,5,50201,30345.0,3684.0,4.0,3680,22332.0,222310.0,32.0,3054,5236218.0,752.0,120825983.0,17345.0
17,IL,"Henry County, IL",17073,Henry County,41.350021,-90.130838,No,49681,7,27152,6,5,50706,198206.0,23916.0,4.0,21248,145867.0,1374243.0,28.0,20131,26326583.0,530.0,702980501.0,14150.0
17,IL,"Iroquois County, IL",17075,Iroquois County,40.748867,-87.833601,No,28814,6,12319,4,5,50604,126350.0,15453.0,4.0,12906,92985.0,813263.0,28.0,11899,19421403.0,674.0,495299140.0,17190.0
17,IL,"Jackson County, IL",17077,Jackson County,37.786096,-89.381212,No,59188,8,33563,6,4,40806,277349.0,33707.0,5.0,27583,204112.0,655451.0,11.0,23663,19705716.0,333.0,442158967.0,7470.0
17,IL,"Jasper County, IL",17079,Jasper County,39.004874,-88.150763,No,9592,3,3001,1,4,40301,47324.0,5753.0,5.0,4158,34827.0,126763.0,13.0,3719,5007941.0,522.0,113285768.0,11810.0
17,IL,"Jefferson County, IL",17081,Jefferson County,38.30078,-88.92421,No,38523,7,37553,6,4,40706,194416.0,23667.0,5.0,16190,143078.0,532583.0,14.0,15189,26018710.0,675.0,690209580.0,17917.0
17,IL,"Jersey County, IL",17083,Jersey County,39.080192,-90.361365,No,22441,5,8439,3,5,50503,113110.0,13772.0,5.0,9632,83242.0,391986.0,17.0,8760,7665039.0,342.0,176351785.0,7858.0
17,IL,"Jo Daviess County, IL",17085,Jo Daviess County,42.362391,-90.21147,No,22186,5,12977,4,5,50504,87465.0,12501.0,4.0,13074,49489.0,533653.0,24.0,9611,9825161.0,443.0,223094368.0,10056.0
17,IL,"Johnson County, IL",17087,Johnson County,37.460709,-88.882131,No,12866,4,2499,1,4,40401,64888.0,7896.0,5.0,5348,47754.0,54477.0,4.0,4503,7961459.0,619.0,230064346.0,17882.0
17,IL,"Kane County, IL",17089,Kane County,41.939594,-88.42804,No,526615,13,363646,12,5,51312,1451119.0,181976.0,3.0,177013,823739.0,16597616.0,32.0,173718,169960635.0,323.0,3965177298.0,7530.0
17,IL,"Kankakee County, IL",17091,Kankakee County,41.13951,-87.861117,No,111493,9,73056,8,5,50908,354287.0,44375.0,3.0,43449,201114.0,3217096.0,29.0,40480,40661129.0,365.0,931342128.0,8353.0
17,IL,"Kendall County, IL",17093,Kendall County,41.58814,-88.430626,No,121452,9,47768,7,5,50907,344210.0,43077.0,3.0,39512,195394.0,3526391.0,29.0,39275,35631390.0,293.0,799208025.0,6580.0
17,IL,"Knox County, IL",17095,Knox County,40.930941,-90.213761,No,51752,7,30629,6,5,50706,209955.0,25511.0,4.0,22991,154514.0,1805720.0,35.0,21146,21060637.0,407.0,515978901.0,9970.0
17,IL,"Lake County, IL",17097,Lake County,42.326435,-87.436033,No,702890,14,646153,13,5,51413,2068570.0,259376.0,3.0,251675,1174240.0,26107712.0,37.0,243276,257800949.0,367.0,5850038994.0,8323.0
17,IL,"LaSalle County, IL",17099,LaSalle County,41.343341,-88.885931,No,111935,9,75844,8,5,50908,399098.0,49160.0,4.0,47958,293711.0,3634350.0,32.0,44368,54536126.0,487.0,1372922507.0,12265.0
17,IL,"Lawrence County, IL",17101,Lawrence County,38.718954,-87.730221,No,16582,4,6759,2,4,40402,61785.0,7511.0,4.0,6137,45470.0,297068.0,18.0,5557,6134600.0,370.0,141796953.0,8551.0
17,IL,"Lee County, IL",17103,Lee County,41.747442,-89.299351,No,34718,6,21358,5,5,50605,126342.0,15842.0,4.0,14465,71719.0,949892.0,27.0,13506,22040175.0,635.0,582985626.0,16792.0
17,IL,"Livingston County, IL",17105,Livingston County,40.894376,-88.552852,No,37278,6,22278,5,5,50605,140727.0,17475.0,4.0,15237,79885.0,1061875.0,28.0,14525,20921640.0,561.0,535015865.0,14352.0
17,IL,"Logan County, IL",17107,Logan County,40.129122,-89.365307,No,29820,6,14788,4,5,50604,120290.0,14610.0,4.0,11507,88526.0,1870232.0,63.0,11016,19900703.0,667.0,541436767.0,18157.0
17,IL,"McDonough County, IL",17109,McDonough County,40.455808,-90.678954,No,31727,6,17844,5,5,50605,114213.0,13866.0,4.0,13843,84054.0,623249.0,20.0,11841,11283863.0,356.0,252459146.0,7957.0
17,IL,"McHenry County, IL",17111,McHenry County,42.324298,-88.452245,No,307083,12,175333,10,5,51210,943241.0,118272.0,3.0,112744,535438.0,10249077.0,33.0,110109,98874490.0,322.0,2230375138.0,7263.0
17,IL,"McLean County, IL",17113,McLean County,40.494559,-88.844539,No,173254,10,153963,10,5,51010,589291.0,71647.0,3.0,68520,433681.0,4723186.0,27.0,65956,75467908.0,436.0,1880670818.0,10855.0
17,IL,"Macon County, IL",17115,Macon County,39.860237,-88.961529,No,108404,9,89985,9,5,50909,483688.0,58830.0,4.0,48390,355964.0,3744522.0,35.0,44860,39616517.0,365.0,913002267.0,8422.0
17,IL,"Macoupin County, IL",17117,Macoupin County,39.2659,-89.926344,No,46482,7,16056,4,4,40704,224040.0,27259.0,5.0,20729,164879.0,999665.0,22.0,18754,15834080.0,341.0,384060627.0,8263.0
17,IL,"Madison County, IL",17119,Madison County,38.827082,-89.900195,No,266759,11,173213,10,4,41110,1252443.0,152130.0,5.0,114708,921719.0,7074512.0,27.0,107014,115136978.0,432.0,2783066758.0,10433.0
17,IL,"Marion County, IL",17121,Marion County,38.648106,-88.920488,No,38503,7,22665,5,4,40705,191765.0,23352.0,5.0,17436,141127.0,629654.0,16.0,15841,18751940.0,487.0,469138393.0,12184.0
17,IL,"Marshall County, IL",17123,Marshall County,41.031119,-89.342371,No,12060,4,5448,2,5,50402,52138.0,6389.0,4.0,5670,38370.0,633753.0,53.0,4953,7539155.0,625.0,192481804.0,15960.0
17,IL,"Mason County, IL",17125,Mason County,40.236993,-89.913575,No,13931,4,4450,1,5,50401,67962.0,8266.0,5.0,6766,50016.0,498136.0,36.0,6084,5383410.0,386.0,121368862.0,8712.0
17,IL,"Massac County, IL",17127,Massac County,37.216119,-88.705658,No,14883,4,6891,2,4,40402,76585.0,9314.0,5.0,6810,56362.0,132832.0,9.0,5951,7547677.0,507.0,197180835.0,13249.0
17,IL,"Menard County, IL",17129,Menard County,40.022569,-89.794133,No,12576,4,2607,1,5,50401,60759.0,7393.0,5.0,5452,44715.0,244371.0,19.0,5219,3726835.0,296.0,85678933.0,6813.0
17,IL,"Mercer County, IL",17131,Mercer County,41.204791,-90.741433,No,15971,4,4353,1,5,50401,67343.0,8122.0,4.0,7085,49560.0,339573.0,21.0,6567,5841576.0,366.0,133512333.0,8360.0
17,IL,"Monroe County, IL",17133,Monroe County,38.277983,-90.179078,No,33703,6,16677,4,4,40604,172043.0,20914.0,5.0,13243,126613.0,245741.0,7.0,13030,14522375.0,431.0,342160638.0,10152.0
17,IL,"Montgomery County, IL",17135,Montgomery County,39.228093,-89.478004,No,29301,6,13857,4,4,40604,126851.0,15474.0,4.0,12469,93355.0,643213.0,22.0,11287,17946983.0,613.0,468688394.0,15996.0
17,IL,"Morgan County, IL",17137,Morgan County,39.7183,-90.202543,No,34801,6,26036,6,5,50606,155952.0,18983.0,4.0,14821,114771.0,857308.0,25.0,13797,14572032.0,419.0,361272212.0,10381.0
17,IL,"Moultrie County, IL",17139,Moultrie County,39.636896,-88.625726,No,14915,4,9611,3,5,50403,65829.0,7995.0,4.0,6105,48446.0,570395.0,38.0,5804,6185445.0,415.0,141478658.0,9486.0
17,IL,"Ogle County, IL",17141,Ogle County,42.041884,-89.320176,No,52034,7,25511,6,5,50706,184156.0,23091.0,4.0,21996,104537.0,1397254.0,27.0,20782,26795191.0,515.0,675383169.0,12980.0
17,IL,"Peoria County, IL",17143,Peoria County,40.785995,-89.767106,No,186818,10,191593,10,5,51010,691882.0,83998.0,4.0,80284,509181.0,14145399.0,76.0,75406,71098650.0,381.0,1639523392.0,8776.0
17,IL,"Perry County, IL",17145,Perry County,38.084381,-89.368525,No,21595,5,7779,3,4,40503,101340.0,12318.0,5.0,9111,74580.0,291186.0,13.0,8089,7637822.0,354.0,176484523.0,8172.0
17,IL,"Piatt County, IL",17147,Piatt County,40.009056,-88.592328,No,16469,4,4680,1,5,50401,76413.0,9312.0,5.0,7056,56235.0,751304.0,46.0,6658,10170891.0,618.0,276168938.0,16769.0
17,IL,"Pike County, IL",17149,Pike County,39.625106,-90.889034,No,16054,4,6016,2,5,50402,73648.0,8978.0,5.0,7626,54200.0,356682.0,22.0,6615,11786797.0,734.0,311276790.0,19389.0
17,IL,"Pope County, IL",17151,Pope County,37.417169,-88.542374,No,4255,1,427,1,4,40101,21545.0,2621.0,5.0,2584,15856.0,43881.0,10.0,1589,1640715.0,386.0,38788819.0,9116.0
17,IL,"Pulaski County, IL",17153,Pulaski County,37.215615,-89.127755,No,5792,2,1155,1,4,40201,28156.0,3428.0,5.0,3005,20721.0,69575.0,12.0,2285,4387813.0,758.0,119124196.0,20567.0
17,IL,"Putnam County, IL",17155,Putnam County,41.198961,-89.298347,No,5746,2,2220,1,5,50201,25584.0,3149.0,4.0,2988,18828.0,275054.0,48.0,2440,2952048.0,514.0,67906416.0,11818.0
17,IL,"Randolph County, IL",17157,Randolph County,38.056515,-89.82121,No,32934,6,21319,5,4,40605,149669.0,18199.0,5.0,13253,110147.0,490626.0,15.0,11907,10734824.0,326.0,243547601.0,7395.0
17,IL,"Richland County, IL",17159,Richland County,38.711552,-88.085698,No,16072,4,10656,3,4,40403,71983.0,8763.0,4.0,7207,52975.0,547337.0,34.0,6452,8335691.0,519.0,187345323.0,11657.0
17,IL,"Rock Island County, IL",17161,Rock Island County,41.468404,-90.572203,No,146536,10,123285,9,5,51009,503626.0,55639.0,3.0,63276,284963.0,4112949.0,28.0,60098,50233748.0,343.0,1161773665.0,7928.0
17,IL,"St. Clair County, IL",17163,St. Clair County,38.470198,-89.928546,No,265569,11,156080,10,4,41110,1251796.0,152042.0,5.0,113831,921242.0,7203333.0,27.0,102672,124445554.0,469.0,2859097345.0,10766.0
17,IL,"Saline County, IL",17165,Saline County,37.751508,-88.545024,No,24659,5,13706,4,4,40504,126459.0,15364.0,5.0,11192,93066.0,260076.0,11.0,10010,9500417.0,385.0,216746943.0,8790.0
17,IL,"Sangamon County, IL",17167,Sangamon County,39.757258,-89.662032,No,198639,11,171743,10,5,51110,947755.0,115203.0,5.0,91515,697488.0,14218650.0,72.0,82952,84815294.0,427.0,2037554518.0,10258.0
17,IL,"Schuyler County, IL",17169,Schuyler County,40.156905,-90.613464,No,7205,2,2002,1,5,50201,35127.0,4278.0,5.0,3310,25851.0,151856.0,21.0,2962,3428558.0,476.0,79918595.0,11092.0
17,IL,"Scott County, IL",17171,Scott County,39.637002,-90.477771,No,5169,2,894,1,5,50201,24874.0,3032.0,5.0,2359,18306.0,48858.0,9.0,2092,3687953.0,713.0,100235330.0,19392.0
17,IL,"Shelby County, IL",17173,Shelby County,39.384926,-88.798862,No,22011,5,8205,3,4,40503,104072.0,12674.0,5.0,10073,76590.0,385551.0,18.0,9213,9618764.0,437.0,225389934.0,10240.0
17,IL,"Stark County, IL",17175,Stark County,41.096908,-89.797411,No,5840,2,1984,1,5,50201,25679.0,3129.0,4.0,2563,18898.0,374102.0,64.0,2381,2912831.0,499.0,66499813.0,11387.0
17,IL,"Stephenson County, IL",17177,Stephenson County,42.349726,-89.665994,No,46283,7,28758,6,5,50706,166426.0,20868.0,4.0,21059,94473.0,1311852.0,28.0,19573,16608735.0,359.0,371291322.0,8022.0
17,IL,"Tazewell County, IL",17179,Tazewell County,40.508074,-89.51626,No,135400,10,83794,8,5,51008,509524.0,61877.0,4.0,55940,374978.0,8073779.0,60.0,54612,54595012.0,403.0,1278240398.0,9440.0
17,IL,"Union County, IL",17181,Union County,37.485644,-89.244638,No,17458,5,7255,2,4,40502,92936.0,11315.0,5.0,7608,68395.0,145976.0,8.0,6771,8173360.0,468.0,210254471.0,12043.0
17,IL,"Vermilion County, IL",17183,Vermilion County,40.186754,-87.726778,No,79613,8,49031,7,5,50807,325728.0,39591.0,4.0,34624,239715.0,2746317.0,34.0,31540,30364832.0,381.0,738703845.0,9279.0
17,IL,"Wabash County, IL",17185,Wabash County,38.445821,-87.839167,No,11587,4,5429,2,4,40402,59434.0,7226.0,5.0,5329,43740.0,140899.0,12.0,4846,4133614.0,357.0,93035201.0,8029.0
17,IL,"Warren County, IL",17187,Warren County,40.850441,-90.620223,No,17611,5,10973,3,5,50503,69205.0,8402.0,4.0,7373,50930.0,402858.0,23.0,6811,8775881.0,498.0,202294882.0,11487.0
17,IL,"Washington County, IL",17189,Washington County,38.35314,-89.417187,No,14369,4,11189,3,4,40403,76722.0,9348.0,5.0,6300,56463.0,63488.0,4.0,5809,14058839.0,978.0,396906537.0,27622.0
17,IL,"Wayne County, IL",17191,Wayne County,38.431857,-88.43243,No,16517,4,6298,2,4,40402,86243.0,10503.0,5.0,7583,63470.0,197282.0,12.0,7037,9137709.0,553.0,238240314.0,14424.0
17,IL,"White County, IL",17193,White County,38.087372,-88.178585,No,14410,4,6680,2,4,40402,73916.0,8993.0,5.0,6872,54397.0,249962.0,17.0,6183,8315005.0,577.0,209604691.0,14546.0
17,IL,"Whiteside County, IL",17195,Whiteside County,41.750571,-89.910957,No,57155,8,34409,6,5,50806,216555.0,27159.0,4.0,24735,122929.0,1559912.0,27.0,23511,21764206.0,381.0,530758388.0,9286.0
17,IL,"Will County, IL",17197,Will County,41.448474,-87.978456,No,685378,14,429284,12,5,51412,1994086.0,250036.0,3.0,230747,1131958.0,22157786.0,32.0,224959,259818743.0,379.0,6207676711.0,9057.0
17,IL,"Williamson County, IL",17199,Williamson County,37.730353,-88.930018,No,67336,8,47576,7,4,40807,353936.0,42990.0,5.0,29613,260475.0,777472.0,12.0,26711,30721996.0,456.0,753145545.0,11185.0
17,IL,"Winnebago County, IL",17201,Winnebago County,42.337396,-89.161205,No,288896,12,236264,11,5,51211,889715.0,111594.0,3.0,120773,505054.0,9862353.0,34.0,114299,109560182.0,379.0,2470643125.0,8552.0
17,IL,"Woodford County, IL",17203,Woodford County,40.789789,-89.210607,No,39123,7,17428,5,5,50705,155993.0,19102.0,4.0,14755,114801.0,1789075.0,46.0,14489,17906658.0,458.0,468096800.0,11965.0
18,IN,"Adams County, IN",18001,Adams County,40.745733,-84.93613,No,34813,6,23175,5,5,50605,155017.0,17589.0,4.0,13075,87997.0,524375.0,15.0,12260,10851638.0,312.0,281377341.0,8083.0
18,IN,"Allen County, IN",18003,Allen County,41.091855,-85.07223,No,365565,12,347661,12,5,51212,1444417.0,163274.0,4.0,154243,819935.0,8450294.0,23.0,141483,153379254.0,420.0,4058222219.0,11101.0
18,IN,"Bartholomew County, IN",18005,Bartholomew County,39.205843,-85.897999,No,80203,8,88836,9,5,50809,396449.0,43978.0,5.0,33510,225047.0,1206340.0,15.0,31073,41114511.0,513.0,1130749420.0,14099.0
18,IN,"Benton County, IN",18007,Benton County,40.600945,-87.314846,No,8709,3,2821,1,5,50301,34015.0,4430.0,4.0,3902,19309.0,194537.0,22.0,3388,5917681.0,679.0,157033083.0,18031.0
18,IN,"Blackford County, IN",18009,Blackford County,40.472672,-85.32373,No,12364,4,5463,2,5,50402,73264.0,8291.0,6.0,5984,41589.0,180460.0,15.0,5207,5196363.0,420.0,133780340.0,10820.0
18,IN,"Boone County, IN",18011,Boone County,40.050892,-86.469014,No,61884,8,42141,7,5,50807,349045.0,40723.0,6.0,25042,198138.0,1026259.0,17.0,23427,49833008.0,805.0,1360371239.0,21983.0
18,IN,"Brown County, IN",18013,Brown County,39.192864,-86.239728,No,14965,4,4317,1,4,40401,92447.0,11081.0,6.0,8496,52478.0,98054.0,7.0,5953,5083922.0,340.0,138475956.0,9253.0
18,IN,"Carroll County, IN",18015,Carroll County,40.58498,-86.565141,No,20007,5,6571,2,5,50502,98470.0,11275.0,5.0,9434,55897.0,389222.0,19.0,7770,9097823.0,455.0,243834361.0,12187.0
18,IN,"Cass County, IN",18017,Cass County,40.753799,-86.355168,No,38324,7,27487,6,5,50706,170022.0,18881.0,4.0,16306,96515.0,917201.0,24.0,14536,15246838.0,398.0,396009614.0,10333.0
18,IN,"Clark County, IN",18019,Clark County,38.476217,-85.711122,No,113993,9,97025,9,4,40909,561488.0,62588.0,5.0,48912,318733.0,1596941.0,14.0,43074,54968610.0,482.0,1502623943.0,13182.0
18,IN,"Clay County, IN",18021,Clay County,39.393951,-87.115837,No,26568,6,12152,4,5,50604,167679.0,18672.0,6.0,11676,95184.0,290251.0,11.0,10541,14855043.0,559.0,425932288.0,16032.0
18,IN,"Clinton County, IN",18023,Clinton County,40.305944,-86.477567,No,32692,6,19718,5,5,50605,147416.0,16362.0,5.0,13245,83682.0,551369.0,17.0,11769,19058339.0,583.0,545637628.0,16690.0
18,IN,"Crawford County, IN",18025,Crawford County,38.289433,-86.440871,No,10582,3,2243,1,4,40301,60481.0,6731.0,6.0,5460,34333.0,40771.0,4.0,4076,8061589.0,762.0,239799548.0,22661.0
18,IN,"Daviess County, IN",18027,Daviess County,38.694546,-87.072759,No,32583,6,20799,5,4,40605,155308.0,17847.0,5.0,12460,88162.0,402061.0,12.0,11483,12101446.0,371.0,329583959.0,10115.0
18,IN,"Dearborn County, IN",18029,Dearborn County,39.148321,-84.973497,No,49552,7,25965,6,4,40706,269900.0,30684.0,5.0,20214,153211.0,350671.0,7.0,18639,23408433.0,472.0,665727989.0,13435.0
18,IN,"Decatur County, IN",18031,Decatur County,39.30598,-85.499831,No,26340,6,22337,5,5,50605,146211.0,16250.0,6.0,11218,82998.0,302051.0,11.0,10120,17291080.0,656.0,501455189.0,19038.0
18,IN,"DeKalb County, IN",18033,DeKalb County,41.401189,-85.000185,No,42489,7,40094,7,5,50707,180306.0,20972.0,4.0,17613,102352.0,623347.0,15.0,16221,23059568.0,543.0,647523345.0,15240.0
18,IN,"Delaware County, IN",18035,Delaware County,40.227543,-85.399262,No,116463,9,84547,8,5,50908,542345.0,61333.0,5.0,52310,307866.0,2296561.0,20.0,46104,52568720.0,451.0,1393463311.0,11965.0
18,IN,"Dubois County, IN",18037,Dubois County,38.373344,-86.873385,No,42345,7,55095,7,4,40707,201504.0,24408.0,5.0,17679,114385.0,427096.0,10.0,16311,18402146.0,435.0,479293892.0,11319.0
18,IN,"Elkhart County, IN",18039,Elkhart County,41.600693,-85.863986,No,201640,11,253657,11,5,51111,638894.0,76210.0,3.0,77790,362673.0,4838916.0,24.0,70822,80041694.0,397.0,2150211227.0,10664.0
18,IN,"Fayette County, IN",18041,Fayette County,39.639655,-85.185032,No,23608,5,11881,4,5,50504,112720.0,12507.0,5.0,10804,63986.0,367392.0,16.0,9420,7593324.0,322.0,194132995.0,8223.0
18,IN,"Floyd County, IN",18043,Floyd County,38.317936,-85.911474,No,76290,8,53526,7,4,40807,394968.0,43702.0,5.0,32257,224207.0,1030560.0,14.0,29034,28475041.0,373.0,798382273.0,10465.0
18,IN,"Fountain County, IN",18045,Fountain County,40.121237,-87.234872,No,16741,4,7243,2,5,50402,90846.0,10472.0,5.0,7796,51569.0,258405.0,15.0,6963,10075590.0,602.0,290803290.0,17371.0
18,IN,"Franklin County, IN",18047,Franklin County,39.409762,-85.066964,No,22887,5,7859,3,5,50503,133036.0,14897.0,6.0,9549,75519.0,152496.0,7.0,8710,8634079.0,377.0,239845741.0,10480.0
18,IN,"Fulton County, IN",18049,Fulton County,41.050384,-86.265006,No,20412,5,9921,3,5,50503,94113.0,10740.0,5.0,9644,53424.0,439472.0,22.0,7962,9041691.0,443.0,238271448.0,11673.0
18,IN,"Gibson County, IN",18051,Gibson County,38.317398,-87.580523,No,33684,6,36396,6,4,40606,197546.0,22778.0,6.0,14733,112138.0,453530.0,13.0,13297,21970271.0,652.0,612715511.0,18190.0
18,IN,"Grant County, IN",18053,Grant County,40.515758,-85.654946,No,68269,8,52441,7,5,50807,332281.0,37131.0,5.0,30247,188622.0,1172033.0,17.0,26227,31368770.0,459.0,845242090.0,12381.0
18,IN,"Greene County, IN",18055,Greene County,39.047147,-87.004771,No,32633,6,9345,3,4,40603,173455.0,21876.0,5.0,15062,98463.0,381160.0,12.0,12688,13685328.0,419.0,370247755.0,11346.0
18,IN,"Hamilton County, IN",18057,Hamilton County,40.053646,-86.021726,No,303042,12,268254,11,5,51211,1485933.0,162878.0,5.0,116686,843501.0,6012659.0,20.0,111443,127387640.0,420.0,3316002810.0,10942.0
18,IN,"Hancock County, IN",18059,Hancock County,39.82253,-85.773162,No,71955,8,38774,7,5,50807,373599.0,41733.0,5.0,28865,212076.0,1314247.0,18.0,26680,37539121.0,522.0,1066433517.0,14821.0
18,IN,"Harrison County, IN",18061,Harrison County,38.18644,-86.103681,No,39370,7,17698,5,4,40705,218302.0,24435.0,6.0,16616,123921.0,218698.0,6.0,14524,15192448.0,386.0,450138379.0,11434.0
18,IN,"Hendricks County, IN",18063,Hendricks County,39.768963,-86.509908,No,155817,10,111747,9,5,51009,776992.0,85176.0,5.0,58314,441065.0,2275079.0,15.0,55744,58164645.0,373.0,1569858265.0,10075.0
18,IN,"Henry County, IN",18065,Henry County,39.929591,-85.397363,No,48953,7,22392,5,5,50705,221947.0,24635.0,5.0,21116,125990.0,793655.0,16.0,17926,26128470.0,534.0,756651020.0,15457.0
18,IN,"Howard County, IN",18067,Howard County,40.483537,-86.114118,No,82728,8,65503,8,5,50808,393963.0,43578.0,5.0,38661,223636.0,1832923.0,22.0,34411,31500689.0,381.0,801650038.0,9690.0
18,IN,"Huntington County, IN",18069,Huntington County,40.826394,-85.478597,No,36696,6,25788,6,5,50606,181897.0,20211.0,5.0,15854,103255.0,508866.0,14.0,14532,22442733.0,612.0,636380692.0,17342.0
18,IN,"Jackson County, IN",18071,Jackson County,38.911957,-86.042516,No,43637,7,41262,7,4,40707,230536.0,25616.0,5.0,18518,130866.0,416566.0,10.0,16517,23356349.0,535.0,666945136.0,15284.0
18,IN,"Jasper County, IN",18073,Jasper County,41.017688,-87.118814,No,33461,6,18527,5,5,50605,123120.0,16026.0,4.0,13330,69890.0,669968.0,20.0,12091,26165826.0,782.0,776652530.0,23211.0
18,IN,"Jay County, IN",18075,Jay County,40.434972,-85.00338,No,21196,5,12040,4,5,50504,111765.0,12663.0,5.0,9168,63444.0,291151.0,14.0,8062,8851406.0,418.0,231946311.0,10943.0
18,IN,"Jefferson County, IN",18077,Jefferson County,38.783604,-85.44009,No,32482,6,23310,5,4,40605,198409.0,22089.0,6.0,14289,112628.0,261483.0,8.0,12642,12617468.0,388.0,332918793.0,10249.0
18,IN,"Jennings County, IN",18079,Jennings County,38.996234,-85.628111,No,28023,6,12699,4,4,40604,175567.0,19634.0,6.0,12053,99662.0,114734.0,4.0,10519,10416071.0,372.0,278536522.0,9940.0
18,IN,"Johnson County, IN",18081,Johnson County,39.495986,-86.0946,No,147567,10,94238,9,5,51009,677599.0,74952.0,5.0,58640,384644.0,2575366.0,17.0,53713,58958334.0,400.0,1586390125.0,10750.0
18,IN,"Knox County, IN",18083,Knox County,38.688391,-87.420354,No,37956,6,27834,6,4,40606,201204.0,22808.0,5.0,16938,114215.0,518373.0,14.0,14655,18381854.0,484.0,490474206.0,12922.0
18,IN,"Kosciusko County, IN",18085,Kosciusko County,41.244293,-85.861575,No,78461,8,73554,8,5,50808,288820.0,36936.0,4.0,37504,163951.0,1903370.0,24.0,30078,33029019.0,421.0,855600816.0,10905.0
18,IN,"LaGrange County, IN",18087,LaGrange County,41.642468,-85.426302,No,38395,7,25777,6,5,50706,95956.0,12410.0,2.0,14355,54470.0,587499.0,15.0,11850,18094928.0,471.0,530740791.0,13823.0
18,IN,"Lake County, IN",18089,Lake County,41.472247,-87.374337,No,489698,13,324060,12,5,51312,1594677.0,207513.0,3.0,210007,905231.0,16715395.0,34.0,184140,256682144.0,524.0,6615725472.0,13510.0
18,IN,"LaPorte County, IN",18091,LaPorte County,41.549013,-86.744739,No,110993,9,70434,8,5,50908,381890.0,48566.0,3.0,48663,216783.0,3238721.0,29.0,43052,69808978.0,629.0,1946216240.0,17535.0
18,IN,"Lawrence County, IN",18093,Lawrence County,38.839815,-86.48782,No,45696,7,22858,5,4,40705,278815.0,31027.0,6.0,20919,158272.0,514827.0,11.0,18426,16461533.0,360.0,432905719.0,9474.0
18,IN,"Madison County, IN",18095,Madison County,40.166203,-85.722454,No,129862,10,71905,8,5,51008,636083.0,73085.0,5.0,58701,361078.0,2899262.0,22.0,51441,56899808.0,438.0,1502559328.0,11570.0
18,IN,"Marion County, IN",18097,Marion County,39.782976,-86.135794,Yes,932142,14,1046820,15,5,51415,4288192.0,444040.0,5.0,418748,2434225.0,18844084.0,20.0,365472,466459327.0,500.0,12000764274.0,12874.0
18,IN,"Marshall County, IN",18099,Marshall County,41.325003,-86.269036,No,46833,7,34240,6,5,50706,158017.0,20449.0,3.0,19916,89699.0,1099054.0,23.0,17093,26852348.0,573.0,718407079.0,15340.0
18,IN,"Martin County, IN",18101,Martin County,38.705322,-86.801847,No,10218,3,4349,1,4,40301,61889.0,6870.0,6.0,4742,35132.0,97032.0,9.0,4219,5506042.0,539.0,148330159.0,14517.0
18,IN,"Miami County, IN",18103,Miami County,40.772881,-86.044258,No,36093,6,13470,4,5,50604,156109.0,18005.0,4.0,15299,88616.0,783575.0,22.0,13268,15589469.0,432.0,418480382.0,11595.0
18,IN,"Monroe County, IN",18105,Monroe County,39.160751,-86.523325,No,143292,10,101548,9,4,41009,617696.0,71876.0,4.0,59994,350640.0,1697904.0,12.0,54278,40011091.0,279.0,1082172340.0,7552.0
18,IN,"Montgomery County, IN",18107,Montgomery County,40.040296,-86.892715,No,38108,7,25671,6,5,50706,181291.0,21514.0,5.0,16520,102911.0,547853.0,14.0,14852,20243061.0,531.0,560349130.0,14704.0
18,IN,"Morgan County, IN",18109,Morgan County,39.482646,-86.447457,No,69504,8,24488,5,5,50805,417853.0,46118.0,6.0,27898,237198.0,858964.0,12.0,25655,31303374.0,450.0,868294079.0,12493.0
18,IN,"Newton County, IN",18111,Newton County,40.962399,-87.402172,No,14022,4,4609,1,5,50401,54438.0,7059.0,4.0,6015,30902.0,317941.0,23.0,5482,8646405.0,617.0,242976930.0,17328.0
18,IN,"Noble County, IN",18113,Noble County,41.40468,-85.417271,No,47587,7,32847,6,5,50706,202077.0,23778.0,4.0,20169,114710.0,695965.0,15.0,18013,17835671.0,375.0,468879493.0,9853.0
18,IN,"Ohio County, IN",18115,Ohio County,38.940527,-84.964299,No,6003,2,1390,1,4,40201,33025.0,4465.0,6.0,2791,18747.0,43476.0,7.0,2427,1826687.0,304.0,49700606.0,8279.0
18,IN,"Orange County, IN",18117,Orange County,38.547381,-86.489257,No,19579,5,12275,4,4,40504,112602.0,12859.0,6.0,9084,63920.0,162124.0,8.0,7720,7386853.0,377.0,193763015.0,9896.0
18,IN,"Owen County, IN",18119,Owen County,39.317339,-86.838845,No,21038,5,6046,2,5,50502,133057.0,14987.0,6.0,9972,75531.0,162642.0,8.0,8581,7729164.0,367.0,207646057.0,9870.0
18,IN,"Parke County, IN",18121,Parke County,39.77425,-87.19695,No,17033,5,4690,1,5,50501,88438.0,9811.0,5.0,8050,50202.0,171624.0,10.0,6150,7072828.0,415.0,189252995.0,11111.0
18,IN,"Perry County, IN",18123,Perry County,38.081436,-86.62654,No,19301,5,11712,4,4,40504,83079.0,10935.0,4.0,8511,47160.0,220105.0,11.0,7318,9718406.0,504.0,271042892.0,14043.0
18,IN,"Pike County, IN",18125,Pike County,38.397898,-87.232532,No,12554,4,3961,1,4,40401,66505.0,7636.0,5.0,5704,37752.0,134266.0,11.0,4957,6681640.0,532.0,182435056.0,14532.0
18,IN,"Porter County, IN",18127,Porter County,41.509916,-87.071313,No,167016,10,108880,9,5,51009,556990.0,72469.0,3.0,66942,316180.0,5318062.0,32.0,62429,89203060.0,534.0,2426622198.0,14529.0
18,IN,"Posey County, IN",18129,Posey County,38.027614,-87.868653,No,25527,6,17848,5,4,40605,128017.0,17999.0,5.0,11314,72670.0,375800.0,15.0,10017,12748541.0,499.0,361004096.0,14142.0
18,IN,"Pulaski County, IN",18131,Pulaski County,41.045272,-86.692538,No,12910,4,6929,2,5,50402,53376.0,6897.0,4.0,6033,30299.0,254410.0,20.0,5174,7431609.0,576.0,196411758.0,15214.0
18,IN,"Putnam County, IN",18133,Putnam County,39.665548,-86.853373,No,37626,6,22027,5,5,50605,199366.0,22194.0,5.0,14781,113171.0,316724.0,8.0,12962,20648206.0,549.0,605822590.0,16101.0
18,IN,"Randolph County, IN",18135,Randolph County,40.164174,-85.005481,No,25403,6,11713,4,5,50604,149117.0,16986.0,6.0,11623,84647.0,334018.0,13.0,10483,11097395.0,437.0,289042343.0,11378.0
18,IN,"Ripley County, IN",18137,Ripley County,39.10023,-85.260541,No,28633,6,18952,5,4,40605,160652.0,17944.0,6.0,12085,91195.0,220219.0,8.0,10981,13471093.0,470.0,378901347.0,13233.0
18,IN,"Rush County, IN",18139,Rush County,39.622357,-85.466403,No,16873,4,6718,2,5,50402,89045.0,9929.0,5.0,7449,50547.0,240599.0,14.0,6747,7355558.0,436.0,198285730.0,11752.0
18,IN,"St. Joseph County, IN",18141,St. Joseph County,41.617699,-86.288159,No,267696,11,239753,11,5,51111,963584.0,110014.0,4.0,115358,546986.0,7114618.0,27.0,100861,109343996.0,408.0,2896513508.0,10820.0
18,IN,"Scott County, IN",18143,Scott County,38.679431,-85.751898,No,23734,5,12720,4,4,40504,140106.0,16167.0,6.0,10421,79532.0,153202.0,6.0,8844,11125323.0,469.0,314492516.0,13251.0
18,IN,"Shelby County, IN",18145,Shelby County,39.524135,-85.792174,No,44404,7,31768,6,5,50706,241181.0,26746.0,5.0,19082,136908.0,691692.0,16.0,17309,25663311.0,578.0,760226342.0,17121.0
18,IN,"Spencer County, IN",18147,Spencer County,38.009697,-87.010375,No,20777,5,9313,3,4,40503,90123.0,13033.0,4.0,8927,51159.0,225531.0,11.0,8065,13674076.0,658.0,376770811.0,18134.0
18,IN,"Starke County, IN",18149,Starke County,41.284478,-86.644636,No,23069,5,5833,2,5,50502,83743.0,10908.0,4.0,10962,47537.0,586806.0,25.0,8727,9371003.0,406.0,249840583.0,10830.0
18,IN,"Steuben County, IN",18151,Steuben County,41.643467,-85.002405,No,34279,6,27691,6,5,50606,119195.0,15195.0,3.0,19478,67662.0,548455.0,16.0,13451,23130344.0,675.0,671223614.0,19581.0
18,IN,"Sullivan County, IN",18153,Sullivan County,39.089225,-87.415843,No,21026,5,7598,3,4,40503,117785.0,13044.0,6.0,8852,66862.0,247428.0,12.0,7713,10260315.0,488.0,274734793.0,13066.0
18,IN,"Switzerland County, IN",18155,Switzerland County,38.825854,-85.029681,No,10484,3,2130,1,4,40301,64071.0,7141.0,6.0,5083,36370.0,44148.0,4.0,4102,3266449.0,312.0,89463481.0,8533.0
18,IN,"Tippecanoe County, IN",18157,Tippecanoe County,40.38913,-86.893555,No,183397,10,132473,10,5,51010,732369.0,81148.0,4.0,73724,415735.0,2915031.0,16.0,68172,61557126.0,336.0,1700017075.0,9270.0
18,IN,"Tipton County, IN",18159,Tipton County,40.310229,-86.056207,No,15447,4,6740,2,5,50402,84259.0,9346.0,5.0,7217,47830.0,257145.0,17.0,6401,9185815.0,595.0,252324158.0,16335.0
18,IN,"Union County, IN",18161,Union County,39.623111,-84.925152,No,7251,2,1812,1,5,50201,39939.0,4424.0,6.0,3221,22672.0,55716.0,8.0,2917,2923430.0,403.0,79087997.0,10907.0
18,IN,"Vanderburgh County, IN",18163,Vanderburgh County,38.02007,-87.586166,No,181692,10,203189,11,4,41011,827816.0,124634.0,5.0,83276,469916.0,3239162.0,18.0,74313,65267233.0,359.0,1715903477.0,9444.0
18,IN,"Vermillion County, IN",18165,Vermillion County,39.854045,-87.462071,No,15752,4,6231,2,5,50402,92288.0,10197.0,6.0,7442,52388.0,215397.0,14.0,6600,9677111.0,614.0,268814052.0,17065.0
18,IN,"Vigo County, IN",18167,Vigo County,39.429143,-87.390375,No,108099,9,87582,9,5,50909,531654.0,58781.0,5.0,46396,301797.0,1577865.0,15.0,40753,46100381.0,426.0,1216822338.0,11257.0
18,IN,"Wabash County, IN",18169,Wabash County,40.843747,-85.795192,No,32177,6,21150,5,5,50605,160306.0,17756.0,5.0,14088,90999.0,655253.0,20.0,12767,16208797.0,504.0,422533035.0,13132.0
18,IN,"Warren County, IN",18171,Warren County,40.352658,-87.375847,No,8309,3,2760,1,5,50301,47143.0,5366.0,6.0,3672,26761.0,74163.0,9.0,3327,5316883.0,640.0,142638476.0,17167.0
18,IN,"Warrick County, IN",18173,Warrick County,38.097728,-87.272049,No,61427,8,28348,6,4,40806,288502.0,41989.0,5.0,24884,163770.0,940438.0,15.0,23290,22017918.0,358.0,628470135.0,10231.0
18,IN,"Washington County, IN",18175,Washington County,38.600613,-86.104751,No,27792,6,9610,3,4,40603,159434.0,18059.0,6.0,12182,90504.0,140907.0,5.0,10540,9951952.0,358.0,267700642.0,9632.0
18,IN,"Wayne County, IN",18177,Wayne County,39.863091,-85.006735,No,67423,8,50087,7,5,50807,339022.0,38984.0,5.0,31096,192449.0,1064065.0,16.0,26664,31112090.0,461.0,877520248.0,13015.0
18,IN,"Wells County, IN",18179,Wells County,40.735273,-85.212974,No,27836,6,21124,5,5,50605,143282.0,16152.0,5.0,14621,81335.0,445978.0,16.0,10828,11313201.0,406.0,296139395.0,10639.0
18,IN,"White County, IN",18181,White County,40.75095,-86.864293,No,24265,5,14618,4,5,50504,95359.0,12434.0,4.0,12935,54131.0,614961.0,25.0,9670,18357596.0,757.0,529763948.0,21832.0
18,IN,"Whitley County, IN",18183,Whitley County,41.136426,-85.501892,No,33354,6,21702,5,5,50605,175566.0,20112.0,5.0,14421,99661.0,516346.0,15.0,13232,16641558.0,499.0,446781124.0,13395.0
19,IA,"Adair County, IA",19001,Adair County,41.328528,-94.478164,No,7330,2,3186,1,5,50201,38564.0,5075.0,5.0,3575,21820.0,132785.0,18.0,3228,16846411.0,2298.0,459783823.0,62726.0
19,IA,"Adams County, IA",19003,Adams County,41.021656,-94.696906,No,3822,1,2077,1,5,50101,20825.0,2300.0,5.0,1951,11783.0,68842.0,18.0,1681,1728180.0,452.0,36226919.0,9479.0
19,IA,"Allamakee County, IA",19005,Allamakee County,43.274964,-91.382751,No,14001,4,7967,3,6,60403,57654.0,8512.0,4.0,7440,32622.0,192740.0,14.0,6035,3997075.0,285.0,82273670.0,5876.0
19,IA,"Appanoose County, IA",19007,Appanoose County,40.744296,-92.873061,No,12602,4,7478,2,5,50402,54707.0,8076.0,4.0,6400,30955.0,183351.0,15.0,5430,3540656.0,281.0,71503499.0,5674.0
19,IA,"Audubon County, IA",19009,Audubon County,41.679178,-94.904312,No,5793,2,2377,1,5,50201,34668.0,3566.0,6.0,2913,19616.0,120290.0,21.0,2667,1187942.0,205.0,23706357.0,4092.0
19,IA,"Benton County, IA",19011,Benton County,42.092547,-92.05763,No,25720,6,8811,3,5,50603,106633.0,15537.0,4.0,10801,60335.0,495803.0,19.0,10155,12953611.0,504.0,296393056.0,11524.0
19,IA,"Black Hawk County, IA",19013,Black Hawk County,42.471541,-92.308033,No,132821,10,136996,10,6,61010,483203.0,48932.0,4.0,55316,273407.0,2641473.0,20.0,52506,56735966.0,427.0,1157169745.0,8712.0
19,IA,"Boone County, IA",19015,Boone County,42.038601,-93.938363,No,26411,6,14020,4,5,50604,98643.0,14476.0,4.0,11478,55814.0,505997.0,19.0,10943,12407697.0,470.0,261530366.0,9902.0
19,IA,"Bremer County, IA",19017,Bremer County,42.780895,-92.327356,No,24663,5,17842,5,6,60505,97884.0,11321.0,4.0,9870,55385.0,473858.0,19.0,9343,11961177.0,485.0,253938600.0,10296.0
19,IA,"Buchanan County, IA",19019,Buchanan County,42.470328,-91.838666,No,21031,5,10759,3,6,60503,80578.0,10236.0,4.0,8760,45593.0,391800.0,19.0,8246,10377523.0,493.0,234814831.0,11165.0
19,IA,"Buena Vista County, IA",19021,Buena Vista County,42.741522,-95.141432,No,20445,5,17274,5,6,60505,81866.0,8832.0,4.0,8053,46321.0,364476.0,18.0,7504,5132198.0,251.0,101577665.0,4968.0
19,IA,"Butler County, IA",19023,Butler County,42.734708,-92.780066,No,14933,4,4743,1,6,60401,75174.0,8213.0,5.0,6559,42535.0,291392.0,20.0,6282,4078636.0,273.0,83574858.0,5597.0
19,IA,"Calhoun County, IA",19025,Calhoun County,42.38617,-94.643683,No,9876,3,4248,1,6,60301,47628.0,4888.0,5.0,4948,26949.0,192557.0,19.0,4249,4886162.0,495.0,102062415.0,10334.0
19,IA,"Carroll County, IA",19027,Carroll County,42.039492,-94.867647,No,20555,5,20758,5,5,50505,94219.0,10143.0,5.0,9168,53311.0,385123.0,19.0,8580,5487916.0,267.0,109649552.0,5334.0
19,IA,"Cass County, IA",19029,Cass County,41.333824,-94.933302,No,13433,4,9497,3,5,50403,60584.0,6996.0,5.0,6388,34280.0,303533.0,23.0,6076,16774406.0,1249.0,458641234.0,34143.0
19,IA,"Cedar County, IA",19031,Cedar County,41.77236,-91.132611,No,18389,5,8801,3,5,50503,81324.0,11763.0,4.0,7896,46015.0,349812.0,19.0,7599,23395676.0,1272.0,633064867.0,34426.0
19,IA,"Cerro Gordo County, IA",19033,Cerro Gordo County,43.074975,-93.250965,No,43303,7,40709,7,6,60707,173562.0,24953.0,4.0,21671,98205.0,1136676.0,26.0,19250,26712838.0,617.0,589136777.0,13605.0
19,IA,"Cherokee County, IA",19035,Cherokee County,42.742737,-95.633262,No,11752,4,6947,2,6,60402,61290.0,6522.0,5.0,5619,34679.0,234895.0,20.0,5317,3990286.0,340.0,80628066.0,6861.0
19,IA,"Chickasaw County, IA",19037,Chickasaw County,43.059741,-92.31721,No,12164,4,7716,3,6,60403,59684.0,7953.0,5.0,5523,33770.0,224101.0,18.0,5244,5465272.0,449.0,113665482.0,9344.0
19,IA,"Clarke County, IA",19039,Clarke County,41.029191,-93.784096,No,9273,3,6569,2,5,50302,40829.0,6021.0,4.0,4039,23102.0,120796.0,13.0,3837,7598746.0,819.0,192273780.0,20735.0
19,IA,"Clay County, IA",19041,Clay County,43.081224,-95.149875,No,16478,4,14496,4,6,60404,70088.0,9842.0,4.0,7887,39657.0,301328.0,18.0,7281,5146791.0,312.0,100814326.0,6118.0
19,IA,"Clayton County, IA",19043,Clayton County,42.840985,-91.323576,No,17735,5,10503,3,6,60503,70761.0,10415.0,4.0,8783,40038.0,279405.0,16.0,7622,6260003.0,353.0,129805070.0,7319.0
19,IA,"Clinton County, IA",19045,Clinton County,41.898073,-90.534243,No,47972,7,38046,7,5,50707,204771.0,28643.0,4.0,21210,115864.0,1012331.0,21.0,19871,28436334.0,593.0,584972459.0,12194.0
19,IA,"Crawford County, IA",19047,Crawford County,42.043119,-95.38909,No,17147,5,12740,4,5,50504,79964.0,8212.0,5.0,6819,45245.0,214008.0,12.0,6430,6084810.0,355.0,124270362.0,7247.0
19,IA,"Dallas County, IA",19049,Dallas County,41.685321,-94.040707,No,78074,8,77418,8,5,50808,290156.0,31734.0,4.0,30848,164177.0,1483705.0,19.0,30026,35782161.0,458.0,846655668.0,10844.0
19,IA,"Davis County, IA",19051,Davis County,40.748089,-92.410345,No,8768,3,2932,1,5,50301,32802.0,4833.0,4.0,3487,24140.0,87848.0,10.0,3230,2541968.0,290.0,53552089.0,6108.0
19,IA,"Decatur County, IA",19053,Decatur County,40.736379,-93.78458,No,8210,3,2712,1,5,50301,32076.0,4721.0,4.0,3745,18149.0,99579.0,12.0,3166,7447147.0,907.0,198540223.0,24183.0
19,IA,"Delaware County, IA",19055,Delaware County,42.472937,-91.366767,No,17445,5,12658,4,6,60504,63719.0,9320.0,4.0,7818,36053.0,283060.0,16.0,6882,6957298.0,399.0,145702703.0,8352.0
19,IA,"Des Moines County, IA",19057,Des Moines County,40.915339,-91.186925,No,40114,7,40695,7,5,50707,165219.0,24264.0,4.0,17988,93485.0,879039.0,22.0,16659,14699597.0,366.0,297542516.0,7417.0
19,IA,"Dickinson County, IA",19059,Dickinson County,43.389611,-95.196057,No,17046,5,15208,4,6,60504,73352.0,10771.0,4.0,12904,41504.0,351006.0,21.0,8008,4358430.0,256.0,87308249.0,5122.0
19,IA,"Dubuque County, IA",19061,Dubuque County,42.463481,-90.878771,No,96359,9,110216,9,5,50909,318012.0,46840.0,3.0,39365,179938.0,2088289.0,22.0,38006,31347376.0,325.0,641627094.0,6659.0
19,IA,"Emmet County, IA",19063,Emmet County,43.377984,-94.66937,No,9820,3,6503,2,6,60302,45172.0,6328.0,5.0,4648,25560.0,213005.0,22.0,4127,2710440.0,276.0,54435531.0,5543.0
19,IA,"Fayette County, IA",19065,Fayette County,42.864122,-91.840376,No,20391,5,11473,4,6,60504,77076.0,11313.0,4.0,9290,43612.0,376907.0,18.0,8333,6285546.0,308.0,129124155.0,6332.0
19,IA,"Floyd County, IA",19067,Floyd County,43.052741,-92.787367,No,16004,4,9114,3,6,60403,75918.0,8476.0,5.0,7335,42956.0,350706.0,22.0,6891,11363731.0,710.0,240902692.0,15053.0
19,IA,"Franklin County, IA",19069,Franklin County,42.736549,-93.271425,No,10393,3,6236,2,6,60302,49023.0,5518.0,5.0,4742,27738.0,198950.0,19.0,4227,9490998.0,913.0,240310257.0,23122.0
19,IA,"Fremont County, IA",19071,Fremont County,40.74259,-95.599182,No,7019,2,3844,1,5,50201,33924.0,3476.0,5.0,3345,19195.0,113576.0,16.0,2969,13406817.0,1910.0,363312944.0,51761.0
19,IA,"Greene County, IA",19073,Greene County,42.042494,-94.388703,No,9083,3,5940,2,5,50302,36944.0,5385.0,4.0,4422,20904.0,180855.0,20.0,3903,3703291.0,408.0,76201680.0,8389.0
19,IA,"Grundy County, IA",19075,Grundy County,42.403323,-92.790261,No,12373,4,6490,2,6,60402,54398.0,7058.0,4.0,5400,30780.0,252881.0,20.0,5162,7862313.0,635.0,167993943.0,13577.0
19,IA,"Guthrie County, IA",19077,Guthrie County,41.683573,-94.501272,No,10691,3,5021,2,5,50302,45971.0,6718.0,4.0,5596,26011.0,203429.0,19.0,4490,2976512.0,278.0,61623280.0,5764.0
19,IA,"Hamilton County, IA",19079,Hamilton County,42.390768,-93.709198,No,15227,4,8991,3,6,60403,69092.0,7677.0,5.0,6982,39094.0,319392.0,21.0,6381,15148966.0,995.0,383922149.0,25213.0
19,IA,"Hancock County, IA",19081,Hancock County,43.075411,-93.743697,No,11006,3,7160,2,6,60302,45763.0,6704.0,4.0,5164,25894.0,228260.0,21.0,4699,4308309.0,391.0,87290144.0,7931.0
19,IA,"Hardin County, IA",19083,Hardin County,42.390208,-93.241669,No,17324,5,11097,3,6,60503,67167.0,9497.0,4.0,7953,38005.0,368946.0,21.0,7093,7033097.0,406.0,146769909.0,8472.0
19,IA,"Harrison County, IA",19085,Harrison County,41.688584,-95.827149,No,14335,4,6567,2,5,50402,73104.0,7516.0,5.0,6555,41364.0,226782.0,16.0,6046,14198364.0,990.0,381916492.0,26642.0
19,IA,"Henry County, IA",19087,Henry County,40.985864,-91.54427,No,19941,5,17095,5,5,50505,84244.0,11610.0,4.0,8049,47667.0,296286.0,15.0,7619,11849447.0,594.0,253316436.0,12703.0
19,IA,"Howard County, IA",19089,Howard County,43.365312,-92.321908,No,9430,3,6051,2,6,60302,36462.0,5369.0,4.0,4242,20631.0,120639.0,13.0,3815,3141488.0,333.0,63903384.0,6777.0
19,IA,"Humboldt County, IA",19091,Humboldt County,42.782221,-94.202775,No,9607,3,6966,2,6,60302,49749.0,5089.0,5.0,4575,28149.0,178945.0,19.0,4236,3307085.0,344.0,66516166.0,6924.0
19,IA,"Ida County, IA",19093,Ida County,42.39186,-95.507421,No,7041,2,5871,2,6,60202,38051.0,3878.0,5.0,3329,21530.0,131363.0,19.0,3077,2871869.0,408.0,60320850.0,8567.0
19,IA,"Iowa County, IA",19095,Iowa County,41.683918,-92.059123,No,16326,4,16609,4,5,50404,74807.0,10235.0,5.0,7088,42327.0,338845.0,21.0,6779,20978114.0,1285.0,566824762.0,34719.0
19,IA,"Jackson County, IA",19097,Jackson County,42.164281,-90.574596,No,19529,5,9449,3,5,50503,75285.0,11014.0,4.0,9194,42598.0,347269.0,18.0,8427,8353567.0,428.0,177039939.0,9065.0
19,IA,"Jasper County, IA",19099,Jasper County,41.685551,-93.054147,No,36715,6,15522,4,5,50604,134780.0,17340.0,4.0,15724,99190.0,641481.0,17.0,14644,34348088.0,936.0,861915822.0,23476.0
19,IA,"Jefferson County, IA",19101,Jefferson County,41.006384,-91.96744,No,17662,5,14108,4,5,50504,64132.0,9423.0,4.0,7356,47197.0,252521.0,14.0,6896,7436249.0,421.0,157395164.0,8912.0
19,IA,"Johnson County, IA",19103,Johnson County,41.668877,-91.588924,No,142006,10,124357,9,5,51009,479145.0,52892.0,3.0,57991,271111.0,2647695.0,19.0,56543,68794752.0,484.0,1598203469.0,11254.0
19,IA,"Jones County, IA",19105,Jones County,42.125118,-91.116914,No,20481,5,9332,3,5,50503,86772.0,12583.0,4.0,8672,49098.0,290143.0,14.0,8244,9788119.0,478.0,208120853.0,10162.0
19,IA,"Keokuk County, IA",19107,Keokuk County,41.331182,-92.167721,No,10234,3,3357,1,5,50301,47698.0,6332.0,5.0,4763,26988.0,138332.0,14.0,4414,2805040.0,274.0,58765663.0,5742.0
19,IA,"Kossuth County, IA",19109,Kossuth County,43.212478,-94.213983,No,15226,4,11816,4,6,60404,69863.0,9498.0,5.0,7289,39530.0,296653.0,19.0,6657,5905781.0,388.0,120284213.0,7900.0
19,IA,"Lee County, IA",19111,Lee County,40.647588,-91.477157,No,35172,6,29389,6,5,50606,146143.0,21555.0,4.0,15765,107552.0,751184.0,21.0,14318,14388210.0,409.0,305178911.0,8677.0
19,IA,"Linn County, IA",19113,Linn County,42.077951,-91.597674,No,218076,11,243154,11,5,51111,711538.0,104252.0,3.0,92256,402604.0,4725834.0,22.0,88006,92518781.0,424.0,1964172660.0,9007.0
19,IA,"Louisa County, IA",19115,Louisa County,41.218211,-91.256994,No,11251,4,5685,2,5,50402,48298.0,6661.0,4.0,4877,27328.0,180722.0,16.0,4366,2700543.0,240.0,55550310.0,4937.0
19,IA,"Lucas County, IA",19117,Lucas County,41.033344,-93.331467,No,8700,3,4785,1,5,50301,39963.0,5313.0,5.0,4108,22612.0,128769.0,15.0,3678,2922780.0,336.0,60704748.0,6978.0
19,IA,"Lyon County, IA",19119,Lyon County,43.38358,-96.207201,No,11730,4,6966,2,6,60402,73791.0,7596.0,6.0,4809,41753.0,177085.0,15.0,4492,4583125.0,391.0,93012083.0,7929.0
19,IA,"Madison County, IA",19121,Madison County,41.330622,-94.015184,No,15661,4,5554,2,5,50402,70331.0,8344.0,4.0,6504,39795.0,216928.0,14.0,6260,4172731.0,266.0,94612151.0,6041.0
19,IA,"Mahaska County, IA",19123,Mahaska County,41.330797,-92.636366,No,22324,5,13054,4,5,50504,105364.0,11313.0,5.0,9529,59617.0,425403.0,19.0,8983,9230489.0,413.0,196598570.0,8807.0
19,IA,"Marion County, IA",19125,Marion County,41.331455,-93.093849,No,33197,6,32130,6,5,50606,136032.0,14851.0,4.0,13630,76970.0,573575.0,17.0,13026,12343723.0,372.0,257080508.0,7744.0
19,IA,"Marshall County, IA",19127,Marshall County,42.041691,-92.981452,No,40735,7,27877,6,5,50706,151321.0,22316.0,4.0,16291,85621.0,796159.0,20.0,15293,16118327.0,396.0,334118957.0,8202.0
19,IA,"Mills County, IA",19129,Mills County,41.033703,-95.619101,No,14841,4,4300,1,5,50401,60972.0,6237.0,4.0,5928,34499.0,220287.0,15.0,5444,13977476.0,942.0,352547522.0,23755.0
19,IA,"Mitchell County, IA",19131,Mitchell County,43.348564,-92.784466,No,10757,3,6249,2,6,60302,42816.0,6295.0,4.0,4788,24226.0,171391.0,16.0,4322,3198297.0,297.0,65379771.0,6078.0
19,IA,"Monona County, IA",19133,Monona County,42.049432,-95.956566,No,9013,3,4061,1,5,50301,50234.0,5158.0,6.0,4591,28423.0,144654.0,16.0,4064,11652899.0,1293.0,315346961.0,34988.0
19,IA,"Monroe County, IA",19135,Monroe County,41.028847,-92.869642,No,7964,3,4767,1,5,50301,35785.0,4609.0,4.0,3807,26335.0,132386.0,17.0,3349,3111054.0,391.0,65666091.0,8245.0
19,IA,"Montgomery County, IA",19137,Montgomery County,41.021735,-95.15779,No,10380,3,6735,2,5,50302,48465.0,5145.0,5.0,5067,27423.0,230737.0,22.0,4607,2892904.0,279.0,59766655.0,5758.0
19,IA,"Muscatine County, IA",19139,Muscatine County,41.483776,-91.118699,No,42949,7,40091,7,5,50707,192196.0,22963.0,4.0,17495,108749.0,948765.0,22.0,16390,15022960.0,350.0,308845584.0,7191.0
19,IA,"O'Brien County, IA",19141,O'Brien County,43.083746,-95.625624,No,14055,4,10594,3,6,60403,69257.0,7249.0,5.0,6473,39187.0,292951.0,21.0,6066,5355590.0,381.0,108307382.0,7706.0
19,IA,"Osceola County, IA",19143,Osceola County,43.378542,-95.633788,No,6154,2,3276,1,6,60201,27509.0,3621.0,4.0,2884,15565.0,96430.0,16.0,2621,3778074.0,614.0,79716499.0,12954.0
19,IA,"Page County, IA",19145,Page County,40.73909,-95.14429,No,15552,4,11050,3,5,50403,66120.0,6773.0,4.0,6985,48660.0,305397.0,20.0,6388,3496445.0,225.0,70411774.0,4528.0
19,IA,"Palo Alto County, IA",19147,Palo Alto County,43.075337,-94.669055,No,9155,3,5748,2,6,60302,42174.0,4660.0,5.0,4497,23863.0,173412.0,19.0,3877,3481546.0,380.0,70331094.0,7682.0
19,IA,"Plymouth County, IA",19149,Plymouth County,42.737585,-96.215864,No,24972,5,19780,5,6,60505,116531.0,11837.0,5.0,10378,65936.0,444845.0,18.0,10008,14734921.0,590.0,315071514.0,12617.0
19,IA,"Pocahontas County, IA",19151,Pocahontas County,42.734033,-94.678279,No,7061,2,3668,1,6,60201,34645.0,4202.0,5.0,3666,19603.0,127481.0,18.0,3222,3114778.0,441.0,63813736.0,9037.0
19,IA,"Polk County, IA",19153,Polk County,41.684816,-93.568971,No,459159,13,524078,13,5,51313,1698609.0,174492.0,4.0,185709,1250068.0,9945607.0,22.0,178520,208862296.0,455.0,4542129472.0,9892.0
19,IA,"Pottawattamie County, IA",19155,Pottawattamie County,41.340184,-95.544905,No,93198,9,63254,8,5,50908,356974.0,36539.0,4.0,38501,201984.0,2167343.0,23.0,36680,67639039.0,726.0,1677698075.0,18001.0
19,IA,"Poweshiek County, IA",19157,Poweshiek County,41.684526,-92.522882,No,18622,5,16245,4,5,50504,77285.0,10518.0,4.0,8761,43730.0,325395.0,17.0,7365,20190377.0,1084.0,547989250.0,29427.0
19,IA,"Ringgold County, IA",19159,Ringgold County,40.735334,-94.244251,No,5054,2,2128,1,5,50201,21227.0,3123.0,4.0,2530,12011.0,57990.0,11.0,2024,1594620.0,316.0,32679504.0,6466.0
19,IA,"Sac County, IA",19161,Sac County,42.387526,-95.105224,No,10034,3,4572,1,6,60301,52048.0,5318.0,5.0,5255,29450.0,187847.0,19.0,4363,4299974.0,429.0,88717100.0,8842.0
19,IA,"Scott County, IA",19163,Scott County,41.642079,-90.622289,No,171116,10,162865,10,5,51010,635387.0,66610.0,4.0,71150,359516.0,4223696.0,25.0,67540,86922776.0,508.0,1877649125.0,10973.0
19,IA,"Shelby County, IA",19165,Shelby County,41.679014,-95.308917,No,11944,4,10648,3,5,50403,58920.0,6064.0,5.0,5411,33338.0,206701.0,17.0,5061,3219176.0,270.0,66273631.0,5549.0
19,IA,"Sioux County, IA",19167,Sioux County,43.082646,-96.17801,No,34621,6,37520,6,6,60606,151485.0,15699.0,4.0,12245,85714.0,509519.0,15.0,11940,12154854.0,351.0,248961617.0,7191.0
19,IA,"Story County, IA",19169,Story County,42.037538,-93.466093,No,94834,9,65258,8,5,50908,296686.0,37175.0,3.0,37168,167872.0,1562113.0,16.0,36544,43537843.0,459.0,990327280.0,10443.0
19,IA,"Tama County, IA",19171,Tama County,42.074848,-92.529411,No,17423,5,8582,3,5,50503,73229.0,10019.0,4.0,7531,41435.0,312866.0,18.0,6734,7578948.0,435.0,159949415.0,9180.0
19,IA,"Taylor County, IA",19173,Taylor County,40.737949,-94.697108,No,6209,2,3333,1,5,50201,32469.0,4015.0,5.0,3008,23895.0,93420.0,15.0,2715,1788388.0,288.0,36943370.0,5950.0
19,IA,"Union County, IA",19175,Union County,41.02855,-94.245091,No,12539,4,10568,3,5,50403,54230.0,7998.0,4.0,5764,30685.0,246993.0,20.0,5382,3398366.0,271.0,69251986.0,5523.0
19,IA,"Van Buren County, IA",19177,Van Buren County,40.754117,-91.952943,No,7380,2,3022,1,5,50201,29167.0,4293.0,4.0,3559,21465.0,70765.0,10.0,2921,2228630.0,302.0,46054737.0,6240.0
19,IA,"Wapello County, IA",19179,Wapello County,41.031263,-92.409482,No,35242,6,29122,6,5,50606,137441.0,19932.0,4.0,15606,77767.0,756378.0,21.0,14454,15061702.0,427.0,312307747.0,8862.0
19,IA,"Warren County, IA",19181,Warren County,41.336862,-93.564222,No,48170,7,17135,5,5,50705,194470.0,20561.0,4.0,18603,110036.0,737677.0,15.0,18231,25254578.0,524.0,581468252.0,12071.0
19,IA,"Washington County, IA",19183,Washington County,41.329401,-91.725052,No,22115,5,13666,4,5,50504,90143.0,13139.0,4.0,9307,51005.0,356441.0,16.0,8757,10797706.0,488.0,234950278.0,10624.0
19,IA,"Wayne County, IA",19185,Wayne County,40.739983,-93.332613,No,6403,2,2754,1,5,50201,26535.0,3907.0,4.0,3090,15014.0,88478.0,14.0,2574,2137889.0,334.0,44021908.0,6875.0
19,IA,"Webster County, IA",19187,Webster County,42.433579,-94.175831,No,37050,6,32704,6,6,60606,158317.0,16719.0,4.0,16558,89579.0,885400.0,24.0,15073,13580339.0,367.0,273836986.0,7391.0
19,IA,"Winnebago County, IA",19189,Winnebago County,43.378124,-93.743488,No,10580,3,12879,4,6,60304,44909.0,6577.0,4.0,5039,25410.0,186878.0,18.0,4545,2790346.0,264.0,56607919.0,5350.0
19,IA,"Winneshiek County, IA",19191,Winneshiek County,43.292989,-91.850788,No,20789,5,16696,4,6,60504,76905.0,11332.0,4.0,8591,43515.0,306362.0,15.0,8205,7002596.0,337.0,140881237.0,6777.0
19,IA,"Woodbury County, IA",19193,Woodbury County,42.39322,-96.053296,No,102426,9,91761,9,5,50909,379276.0,38791.0,4.0,40518,214603.0,2078035.0,20.0,38536,38449867.0,375.0,812078747.0,7928.0
19,IA,"Worth County, IA",19195,Worth County,43.373491,-93.248533,No,7562,3,3296,1,6,60301,30371.0,4463.0,4.0,3430,17185.0,151402.0,20.0,3144,8336566.0,1102.0,210754924.0,27870.0
19,IA,"Wright County, IA",19197,Wright County,42.733007,-93.734735,No,12891,4,8307,3,6,60403,59154.0,6845.0,5.0,6333,33471.0,280937.0,22.0,5528,5123197.0,397.0,115527736.0,8962.0
20,KS,"Allen County, KS",20001,Allen County,37.884228,-95.300945,No,12951,4,8818,3,4,40403,60141.0,7969.0,5.0,6215,38796.0,225899.0,17.0,5303,5168293.0,399.0,131678241.0,10167.0
20,KS,"Anderson County, KS",20003,Anderson County,38.215114,-95.292046,No,7858,3,3050,1,4,40301,38589.0,5136.0,5.0,3682,24893.0,113382.0,14.0,3214,3589731.0,457.0,96511369.0,12282.0
20,KS,"Atchison County, KS",20005,Atchison County,39.532544,-95.313397,No,16557,4,10806,3,4,40403,67709.0,8876.0,4.0,6888,43678.0,297425.0,18.0,6057,4809742.0,290.0,122939451.0,7425.0
20,KS,"Barber County, KS",20007,Barber County,37.222906,-98.685052,No,4831,1,2615,1,4,40101,18886.0,2740.0,4.0,2770,10750.0,98472.0,20.0,1960,2522142.0,522.0,68007552.0,14077.0
20,KS,"Barton County, KS",20009,Barton County,38.481239,-98.767837,No,27214,6,20463,5,4,40605,113369.0,14762.0,4.0,12523,73133.0,589591.0,22.0,11255,9747526.0,358.0,249226361.0,9158.0
20,KS,"Bourbon County, KS",20011,Bourbon County,37.8561,-94.850928,No,14751,4,9552,3,4,40403,66327.0,8653.0,4.0,7059,42787.0,230265.0,16.0,5628,5902680.0,400.0,154199930.0,10454.0
20,KS,"Brown County, KS",20013,Brown County,39.825931,-95.569905,No,9810,3,6391,2,4,40302,43787.0,5731.0,4.0,4716,28247.0,175725.0,18.0,4025,5648742.0,576.0,150586714.0,15350.0
20,KS,"Butler County, KS",20015,Butler County,37.773649,-96.83884,No,66264,8,27111,6,4,40806,294836.0,38396.0,4.0,26160,190194.0,1111679.0,17.0,24278,28989030.0,437.0,797198775.0,12031.0
20,KS,"Chase County, KS",20017,Chase County,38.299475,-96.594029,No,2694,1,929,1,4,40101,11618.0,1535.0,4.0,1484,7494.0,41403.0,15.0,1084,5258491.0,1952.0,167506435.0,62178.0
20,KS,"Chautauqua County, KS",20019,Chautauqua County,37.154259,-96.245396,No,3470,1,822,1,4,40101,14574.0,1979.0,4.0,2126,9402.0,62264.0,18.0,1472,1713985.0,494.0,46677262.0,13452.0
20,KS,"Cherokee County, KS",20021,Cherokee County,37.169392,-94.845698,No,20737,5,9529,3,4,40503,99660.0,12013.0,5.0,9733,64289.0,313010.0,15.0,7861,8842139.0,426.0,236370730.0,11399.0
20,KS,"Cheyenne County, KS",20023,Cheyenne County,39.789918,-101.727326,No,2679,1,939,1,5,50101,12411.0,1514.0,5.0,1491,8006.0,59481.0,22.0,1252,1940038.0,724.0,51556288.0,19245.0
20,KS,"Clark County, KS",20025,Clark County,37.233831,-99.813869,No,2131,1,679,1,4,40101,8831.0,1116.0,4.0,1137,5697.0,48669.0,23.0,904,2056354.0,965.0,55436052.0,26014.0
20,KS,"Clay County, KS",20027,Clay County,39.344964,-97.168853,No,8346,3,4485,1,4,40301,37507.0,5364.0,4.0,4015,24195.0,148978.0,18.0,3355,3167252.0,379.0,82467706.0,9881.0
20,KS,"Cloud County, KS",20029,Cloud County,39.487329,-97.64139,No,9302,3,5758,2,5,50302,37624.0,5097.0,4.0,4597,24271.0,193744.0,21.0,3904,5126405.0,551.0,133999873.0,14405.0
20,KS,"Coffey County, KS",20031,Coffey County,38.23645,-95.729137,No,8433,3,4737,1,4,40301,43274.0,5667.0,5.0,3955,27915.0,136707.0,16.0,3580,5831211.0,691.0,169830228.0,20139.0
20,KS,"Comanche County, KS",20033,Comanche County,37.181442,-99.251293,No,1898,1,872,1,4,40101,6493.0,1151.0,3.0,995,4189.0,34685.0,18.0,766,1007873.0,531.0,27276835.0,14371.0
20,KS,"Cowley County, KS",20035,Cowley County,37.234507,-96.837247,No,35977,6,21576,5,4,40605,154815.0,20026.0,4.0,15864,99869.0,630666.0,18.0,13768,11215996.0,312.0,289750921.0,8054.0
20,KS,"Crawford County, KS",20037,Crawford County,37.50582,-94.853897,No,39281,7,27483,6,4,40706,170456.0,22191.0,4.0,17740,109959.0,711355.0,18.0,14965,11916613.0,303.0,300536770.0,7651.0
20,KS,"Decatur County, KS",20039,Decatur County,39.783542,-100.459708,No,2886,1,1160,1,5,50101,13212.0,1610.0,5.0,1787,8523.0,61589.0,21.0,1423,1906314.0,661.0,51928861.0,17993.0
20,KS,"Dickinson County, KS",20041,Dickinson County,38.867735,-97.157943,No,19384,5,9933,3,4,40503,87741.0,11532.0,5.0,9022,56600.0,346555.0,18.0,7916,10719833.0,553.0,309013742.0,15942.0
20,KS,"Doniphan County, KS",20043,Doniphan County,39.788502,-95.147225,No,7793,3,2858,1,4,40301,35935.0,4705.0,5.0,3518,23181.0,124680.0,16.0,3087,3846756.0,494.0,101229858.0,12990.0
20,KS,"Douglas County, KS",20045,Douglas County,38.896415,-95.290946,No,116352,9,80221,8,4,40908,397797.0,52166.0,3.0,47838,256613.0,1925149.0,17.0,44212,41219104.0,354.0,1107214060.0,9516.0
20,KS,"Edwards County, KS",20047,Edwards County,37.883595,-99.304746,No,2975,1,1200,1,4,40101,13085.0,1600.0,4.0,1610,8441.0,61515.0,21.0,1254,2563924.0,862.0,68428872.0,23001.0
20,KS,"Elk County, KS",20049,Elk County,37.456026,-96.244642,No,2635,1,525,1,4,40101,13527.0,1770.0,5.0,1731,8726.0,53526.0,20.0,1245,1113629.0,423.0,29647455.0,11251.0
20,KS,"Ellis County, KS",20051,Ellis County,38.914596,-99.317329,No,29032,6,25194,5,5,50605,111308.0,13607.0,4.0,12949,71803.0,565376.0,19.0,11682,14015741.0,483.0,388874871.0,13395.0
20,KS,"Ellsworth County, KS",20053,Ellsworth County,38.700845,-98.205355,No,6375,2,3604,1,4,40201,24729.0,3342.0,4.0,3190,15952.0,121012.0,19.0,2517,7360226.0,1155.0,216097003.0,33898.0
20,KS,"Finney County, KS",20055,Finney County,38.049808,-100.739967,No,36983,6,29828,6,4,40606,125210.0,15409.0,3.0,13203,80771.0,712649.0,19.0,12637,12015588.0,325.0,310005828.0,8382.0
20,KS,"Ford County, KS",20057,Ford County,37.688416,-99.884748,No,34492,6,27954,6,4,40606,112829.0,13251.0,3.0,12004,72785.0,632373.0,18.0,11226,11750279.0,341.0,305511938.0,8857.0
20,KS,"Franklin County, KS",20059,Franklin County,38.558019,-95.278962,No,25663,6,16519,4,4,40604,128829.0,17059.0,5.0,10995,83106.0,385266.0,15.0,9820,14313043.0,558.0,408645934.0,15924.0
20,KS,"Geary County, KS",20061,Geary County,39.002156,-96.768037,No,36818,6,16717,4,4,40604,117794.0,15488.0,3.0,14953,75987.0,429741.0,12.0,12749,15145628.0,411.0,421939268.0,11460.0
20,KS,"Gove County, KS",20063,Gove County,38.917239,-100.48736,No,2682,1,1921,1,5,50101,12156.0,1487.0,5.0,1360,7841.0,55861.0,21.0,1193,6360123.0,2371.0,200233359.0,74658.0
20,KS,"Graham County, KS",20065,Graham County,39.354972,-99.879894,No,2577,1,1148,1,5,50101,11850.0,1446.0,5.0,1476,7644.0,63247.0,25.0,1236,1667261.0,647.0,44111523.0,17117.0
20,KS,"Grant County, KS",20067,Grant County,37.547537,-101.299362,No,7748,3,4398,1,4,40301,33432.0,3805.0,4.0,2510,21567.0,156773.0,20.0,2678,2835914.0,366.0,72846519.0,9402.0
20,KS,"Gray County, KS",20069,Gray County,37.744513,-100.451716,No,6037,2,2664,1,4,40201,22779.0,2976.0,4.0,2379,14694.0,116875.0,19.0,2129,4421077.0,732.0,121094482.0,20059.0
20,KS,"Greeley County, KS",20071,Greeley County,38.480404,-101.80597,No,1235,1,481,1,5,50101,4864.0,671.0,4.0,608,3138.0,22752.0,18.0,478,5153367.0,4173.0,112205291.0,90854.0
20,KS,"Greenwood County, KS",20073,Greenwood County,37.879347,-96.241732,No,6304,2,2136,1,4,40201,30200.0,3961.0,5.0,4003,19482.0,104763.0,17.0,2779,4892714.0,776.0,134766781.0,21378.0
20,KS,"Hamilton County, KS",20075,Hamilton County,37.995244,-101.793689,No,2567,1,1061,1,5,50101,9375.0,1241.0,4.0,1096,6048.0,52883.0,21.0,903,1847185.0,720.0,48164311.0,18763.0
20,KS,"Harper County, KS",20077,Harper County,37.188184,-98.06659,No,5798,2,3667,1,4,40201,24858.0,3493.0,4.0,3132,16035.0,113402.0,20.0,2395,2994565.0,516.0,77661019.0,13394.0
20,KS,"Harvey County, KS",20079,Harvey County,38.050144,-97.436706,No,34814,6,26283,6,4,40606,144016.0,18755.0,4.0,14504,92903.0,608076.0,17.0,13449,14277988.0,410.0,387692849.0,11136.0
20,KS,"Haskell County, KS",20081,Haskell County,37.554979,-100.879952,No,4087,1,1278,1,4,40101,14291.0,1651.0,3.0,1654,9219.0,76757.0,19.0,1325,3168882.0,775.0,87713137.0,21461.0
20,KS,"Hodgeman County, KS",20083,Hodgeman County,38.087493,-99.898407,No,1919,1,340,1,4,40101,8778.0,1057.0,5.0,1031,5663.0,32262.0,17.0,814,1675686.0,873.0,44977484.0,23438.0
20,KS,"Jackson County, KS",20085,Jackson County,39.411145,-95.794485,No,13365,4,6395,2,4,40402,60795.0,8011.0,5.0,5859,39218.0,139158.0,10.0,5213,5581546.0,418.0,152014036.0,11374.0
20,KS,"Jefferson County, KS",20087,Jefferson County,39.239644,-95.375314,No,18880,5,4395,1,4,40501,91309.0,12012.0,5.0,8139,58902.0,252729.0,13.0,7585,6515627.0,345.0,178968821.0,9479.0
20,KS,"Jewell County, KS",20089,Jewell County,39.77701,-98.222584,No,3003,1,761,1,5,50101,13077.0,1809.0,4.0,2005,8435.0,50863.0,17.0,1398,2156886.0,718.0,58100635.0,19348.0
20,KS,"Johnson County, KS",20091,Johnson County,38.883907,-94.82233,No,572428,13,640816,13,4,41313,2702997.0,357734.0,5.0,231130,1743663.0,12752053.0,22.0,222067,224127614.0,392.0,5661966838.0,9891.0
20,KS,"Kearny County, KS",20093,Kearny County,37.994461,-101.308136,No,3943,1,983,1,4,40101,14246.0,1885.0,4.0,1535,9190.0,83446.0,21.0,1327,2617917.0,664.0,69617285.0,17656.0
20,KS,"Kingman County, KS",20095,Kingman County,37.552951,-98.144529,No,7697,3,3416,1,4,40301,33194.0,4614.0,4.0,3784,21413.0,118201.0,15.0,3001,5677513.0,738.0,155277184.0,20174.0
20,KS,"Kiowa County, KS",20097,Kiowa County,37.561231,-99.286539,No,2520,1,1438,1,4,40101,9673.0,1267.0,4.0,1214,6240.0,42573.0,17.0,1016,3351958.0,1330.0,91859171.0,36452.0
20,KS,"Labette County, KS",20099,Labette County,37.191468,-95.297473,No,20833,5,14564,4,4,40504,96751.0,13089.0,5.0,9969,62413.0,412036.0,20.0,8374,8042232.0,386.0,206275458.0,9901.0
20,KS,"Lane County, KS",20101,Lane County,38.481286,-100.466185,No,1687,1,511,1,5,50101,7046.0,868.0,4.0,970,4545.0,39181.0,23.0,810,1324358.0,785.0,35170457.0,20848.0
20,KS,"Leavenworth County, KS",20103,Leavenworth County,39.189511,-95.038977,No,78785,8,28222,6,4,40806,305398.0,40072.0,4.0,28861,197008.0,1289908.0,16.0,27122,25406511.0,322.0,683408370.0,8674.0
20,KS,"Lincoln County, KS",20105,Lincoln County,39.047276,-98.214265,No,3134,1,967,1,4,40101,14149.0,1855.0,5.0,1841,9127.0,54258.0,17.0,1291,2909096.0,928.0,86707736.0,27667.0
20,KS,"Linn County, KS",20107,Linn County,38.216549,-94.844932,No,9524,3,2405,1,4,40301,57795.0,7655.0,6.0,5414,37283.0,109656.0,12.0,4243,4678230.0,491.0,124043888.0,13024.0
20,KS,"Logan County, KS",20109,Logan County,38.913269,-101.157407,No,2800,1,1373,1,5,50101,11757.0,1507.0,4.0,1427,7584.0,55585.0,20.0,1168,2270415.0,811.0,62346252.0,22267.0
20,KS,"Lyon County, KS",20111,Lyon County,38.455498,-96.161589,No,33401,6,23168,5,4,40605,139871.0,18342.0,4.0,15071,90228.0,518990.0,16.0,13305,15715297.0,471.0,445178386.0,13328.0
20,KS,"McPherson County, KS",20113,McPherson County,38.395812,-97.647489,No,29164,6,27316,6,4,40606,125519.0,15933.0,4.0,13759,80971.0,546219.0,19.0,11885,15556832.0,533.0,433023520.0,14848.0
20,KS,"Marion County, KS",20115,Marion County,38.359647,-97.102771,No,12213,4,4717,1,4,40401,53399.0,7007.0,4.0,5882,34447.0,209605.0,17.0,4812,6262753.0,513.0,167295293.0,13698.0
20,KS,"Marshall County, KS",20117,Marshall County,39.782709,-96.521243,No,9963,3,8181,3,4,40303,47127.0,6173.0,5.0,4853,30401.0,182464.0,18.0,4323,5110854.0,513.0,132372982.0,13286.0
20,KS,"Meade County, KS",20119,Meade County,37.243886,-100.360094,No,4310,1,1587,1,4,40101,17416.0,2295.0,4.0,1953,11235.0,90904.0,21.0,1665,3367873.0,781.0,89542377.0,20775.0
20,KS,"Miami County, KS",20121,Miami County,38.566772,-94.832963,No,32787,6,13400,4,4,40604,198765.0,26404.0,6.0,13212,128220.0,364811.0,11.0,12620,15574525.0,475.0,413141679.0,12601.0
20,KS,"Mitchell County, KS",20123,Mitchell County,39.393026,-98.207362,No,6299,2,4993,1,5,50201,26008.0,3643.0,4.0,3266,16777.0,120543.0,19.0,2706,2941287.0,467.0,75863539.0,12044.0
20,KS,"Montgomery County, KS",20125,Montgomery County,37.189537,-95.742403,No,33765,6,24785,5,4,40605,153631.0,19870.0,5.0,16308,99105.0,716871.0,21.0,13630,12064633.0,357.0,309591518.0,9169.0
20,KS,"Morris County, KS",20127,Morris County,38.688204,-96.651448,No,5694,2,2337,1,4,40201,26370.0,3474.0,5.0,3168,17011.0,93593.0,16.0,2328,2693745.0,473.0,71414574.0,12542.0
20,KS,"Morton County, KS",20129,Morton County,37.185249,-101.809516,No,3033,1,1261,1,4,40101,13342.0,1561.0,4.0,1245,8607.0,63547.0,21.0,1158,1699033.0,560.0,43527161.0,14351.0
20,KS,"Nemaha County, KS",20131,Nemaha County,39.791043,-96.005381,No,10177,3,10106,3,4,40303,47065.0,6158.0,5.0,4534,30361.0,160050.0,16.0,4141,4010696.0,394.0,102808293.0,10102.0
20,KS,"Neosho County, KS",20133,Neosho County,37.564283,-95.315683,No,16358,4,10097,3,4,40403,74765.0,9783.0,5.0,7620,48229.0,293578.0,18.0,6407,6296349.0,385.0,163886422.0,10019.0
20,KS,"Ness County, KS",20135,Ness County,38.480437,-99.908745,No,3047,1,1748,1,5,50101,13361.0,1632.0,4.0,1708,8619.0,54574.0,18.0,1325,1966752.0,645.0,52376339.0,17189.0
20,KS,"Norton County, KS",20137,Norton County,39.783867,-99.899235,No,5558,2,3401,1,5,50201,20433.0,2492.0,4.0,2516,13181.0,97517.0,18.0,2019,2676624.0,482.0,70526184.0,12689.0
20,KS,"Osage County, KS",20139,Osage County,38.648409,-95.707596,No,16001,4,3236,1,4,40401,75593.0,9974.0,5.0,7429,48764.0,240130.0,15.0,6444,8690219.0,543.0,249873250.0,15616.0
20,KS,"Osborne County, KS",20141,Osborne County,39.348261,-98.767942,No,3746,1,2135,1,5,50101,15427.0,2076.0,4.0,2165,9952.0,79954.0,21.0,1713,1957210.0,522.0,51393407.0,13720.0
20,KS,"Ottawa County, KS",20143,Ottawa County,39.137963,-97.654802,No,6004,2,1669,1,4,40201,28702.0,3778.0,5.0,2739,18515.0,85237.0,14.0,2446,3729891.0,621.0,101630775.0,16927.0
20,KS,"Pawnee County, KS",20145,Pawnee County,38.181477,-99.234772,No,6840,2,3800,1,4,40201,27315.0,3365.0,4.0,3120,17620.0,124255.0,18.0,2598,3388992.0,495.0,90515115.0,13233.0
20,KS,"Phillips County, KS",20147,Phillips County,39.784506,-99.34215,No,5484,2,3264,1,5,50201,22983.0,2878.0,4.0,3037,14826.0,112332.0,20.0,2345,2898386.0,529.0,76785671.0,14002.0
20,KS,"Pottawatomie County, KS",20149,Pottawatomie County,39.382187,-96.337113,No,22920,5,17008,5,4,40505,90889.0,11955.0,4.0,8990,58631.0,294502.0,13.0,8364,8259284.0,360.0,218648406.0,9540.0
20,KS,"Pratt County, KS",20151,Pratt County,37.647594,-98.74012,No,9729,3,6863,2,4,40302,34630.0,4901.0,4.0,4442,22339.0,192371.0,20.0,3778,5821482.0,598.0,155049051.0,15937.0
20,KS,"Rawlins County, KS",20153,Rawlins County,39.786198,-101.076738,No,2557,1,1247,1,5,50101,12037.0,1468.0,5.0,1438,7765.0,46414.0,18.0,1178,1806980.0,707.0,47485676.0,18571.0
20,KS,"Reno County, KS",20155,Reno County,37.948185,-98.078346,No,63803,8,44762,7,4,40807,260226.0,34046.0,4.0,28054,167868.0,1184057.0,19.0,25028,21841556.0,342.0,552881499.0,8665.0
20,KS,"Republic County, KS",20157,Republic County,39.82891,-97.650921,No,4768,1,2658,1,5,50101,19219.0,2872.0,4.0,2870,12398.0,97964.0,21.0,2238,3551275.0,745.0,94956958.0,19915.0
20,KS,"Rice County, KS",20159,Rice County,38.347178,-98.201415,No,9949,3,4859,1,4,40301,40262.0,5216.0,4.0,4522,25972.0,190799.0,19.0,3968,4495585.0,452.0,118447783.0,11905.0
20,KS,"Riley County, KS",20161,Riley County,39.291211,-96.727489,No,75026,8,42225,7,4,40807,244401.0,32012.0,3.0,29585,157660.0,857619.0,11.0,26544,19371278.0,258.0,502464649.0,6697.0
20,KS,"Rooks County, KS",20163,Rooks County,39.346006,-99.324492,No,5160,2,2857,1,5,50201,20811.0,2672.0,4.0,2740,13425.0,112148.0,22.0,2192,2866597.0,556.0,76044994.0,14737.0
20,KS,"Rush County, KS",20165,Rush County,38.523592,-99.309183,No,3144,1,2049,1,4,40101,14209.0,1738.0,5.0,1774,9166.0,67424.0,21.0,1424,2512691.0,799.0,66223599.0,21063.0
20,KS,"Russell County, KS",20167,Russell County,38.91604,-98.770949,No,6988,2,3597,1,4,40201,30014.0,3908.0,4.0,3870,19361.0,163843.0,23.0,3195,7633830.0,1092.0,228191693.0,32655.0
20,KS,"Saline County, KS",20169,Saline County,38.786327,-97.650153,No,55547,7,55291,7,4,40707,238123.0,31200.0,4.0,24004,153609.0,1091069.0,20.0,22400,23845874.0,429.0,659029598.0,11864.0
20,KS,"Scott County, KS",20171,Scott County,38.481877,-100.90636,No,4958,1,2961,1,5,50101,20752.0,2826.0,4.0,2252,13387.0,119462.0,24.0,2139,3034292.0,612.0,79955507.0,16127.0
20,KS,"Sedgwick County, KS",20173,Sedgwick County,37.681045,-97.461054,No,508221,13,455134,13,4,41313,2052975.0,266926.0,4.0,212769,1324344.0,9304145.0,18.0,193927,178074549.0,350.0,4412323042.0,8682.0
20,KS,"Seward County, KS",20175,Seward County,37.180623,-100.854932,No,23185,5,14941,4,4,40504,74569.0,9855.0,3.0,7931,48103.0,429784.0,19.0,7381,7680442.0,331.0,193743013.0,8356.0
20,KS,"Shawnee County, KS",20177,Shawnee County,39.041805,-95.755664,No,178567,10,160246,10,4,41010,710746.0,93097.0,4.0,78829,458491.0,3293404.0,18.0,71015,64641980.0,362.0,1696111138.0,9498.0
20,KS,"Sheridan County, KS",20179,Sheridan County,39.350542,-100.441206,No,2522,1,1167,1,5,50101,11896.0,1453.0,5.0,1246,7674.0,55961.0,22.0,1151,1936529.0,768.0,52665843.0,20883.0
20,KS,"Sherman County, KS",20181,Sherman County,39.351352,-101.719859,No,6038,2,3920,1,5,50201,26967.0,3322.0,4.0,3097,17396.0,143136.0,24.0,2804,6697861.0,1109.0,201020648.0,33293.0
20,KS,"Smith County, KS",20183,Smith County,39.78466,-98.785429,No,3701,1,1722,1,5,50101,15701.0,2172.0,4.0,2227,10129.0,73952.0,20.0,1698,2308064.0,624.0,59925374.0,16192.0
20,KS,"Stafford County, KS",20185,Stafford County,38.03563,-98.719889,No,4284,1,1248,1,4,40101,19237.0,2446.0,4.0,2284,12409.0,79840.0,19.0,1770,3373179.0,787.0,91069238.0,21258.0
20,KS,"Stanton County, KS",20187,Stanton County,37.565932,-101.789383,No,2115,1,790,1,4,40101,9488.0,1080.0,4.0,938,6120.0,46751.0,22.0,810,1391101.0,658.0,36777829.0,17389.0
20,KS,"Stevens County, KS",20189,Stevens County,37.200969,-101.317577,No,5738,2,3989,1,4,40201,22129.0,2600.0,4.0,2178,14275.0,110157.0,19.0,1910,3379561.0,589.0,88289121.0,15387.0
20,KS,"Sumner County, KS",20191,Sumner County,37.236662,-97.493352,No,23509,5,8601,3,4,40503,106069.0,14878.0,5.0,10754,68423.0,405190.0,17.0,9103,14622176.0,622.0,425830485.0,18114.0
20,KS,"Thomas County, KS",20193,Thomas County,39.357706,-101.083438,No,7909,3,5831,2,5,50302,32830.0,3969.0,4.0,3520,21178.0,178940.0,23.0,3233,8925716.0,1129.0,264655972.0,33463.0
20,KS,"Trego County, KS",20195,Trego County,38.921302,-99.865423,No,2927,1,1392,1,5,50101,13049.0,1597.0,4.0,1674,8418.0,63438.0,22.0,1334,5743052.0,1962.0,178149865.0,60864.0
20,KS,"Wabaunsee County, KS",20197,Wabaunsee County,38.955154,-96.201262,No,6960,2,1584,1,4,40201,31827.0,4213.0,5.0,3227,20531.0,87775.0,13.0,2707,9135612.0,1313.0,278281018.0,39983.0
20,KS,"Wallace County, KS",20199,Wallace County,38.926626,-101.771103,No,1584,1,503,1,5,50101,5868.0,754.0,4.0,783,3786.0,26228.0,17.0,587,1133686.0,716.0,31011941.0,19578.0
20,KS,"Washington County, KS",20201,Washington County,39.776714,-97.095611,No,5613,2,3088,1,4,40201,25022.0,3419.0,4.0,2915,16141.0,104588.0,19.0,2412,3404563.0,607.0,88457396.0,15759.0
20,KS,"Wichita County, KS",20203,Wichita County,38.481922,-101.347434,No,2168,1,734,1,5,50101,8688.0,1198.0,4.0,957,5604.0,46337.0,21.0,839,1504909.0,694.0,39954776.0,18429.0
20,KS,"Wilson County, KS",20205,Wilson County,37.558515,-95.745175,No,8956,3,7351,2,4,40302,42644.0,5555.0,5.0,4615,27509.0,179010.0,20.0,3878,4138478.0,462.0,109477707.0,12224.0
20,KS,"Woodson County, KS",20207,Woodson County,37.888197,-95.758489,No,3186,1,868,1,4,40101,16858.0,2200.0,5.0,1990,10875.0,57400.0,18.0,1521,1852379.0,581.0,50002906.0,15695.0
20,KS,"Wyandotte County, KS",20209,Wyandotte County,39.115384,-94.763087,Yes,161777,10,140450,10,4,41010,623352.0,74554.0,4.0,66730,402115.0,3860671.0,24.0,59067,81396513.0,503.0,2072788723.0,12813.0
21,KY,"Adair County, KY",21001,Adair County,37.105559,-85.28138,No,19156,5,7255,2,4,40502,103552.0,10271.0,5.0,8472,56019.0,85386.0,4.0,7126,8246795.0,431.0,180367573.0,9416.0
21,KY,"Allen County, KY",21003,Allen County,36.75077,-86.192458,No,20421,5,6268,2,4,40502,114367.0,12245.0,6.0,9290,61869.0,78649.0,4.0,7705,6560182.0,321.0,141093858.0,6909.0
21,KY,"Anderson County, KY",21005,Anderson County,38.005396,-84.986417,No,21867,5,7089,2,4,40502,138275.0,13762.0,6.0,9218,74803.0,124808.0,6.0,8554,10034621.0,459.0,219983943.0,10060.0
21,KY,"Ballard County, KY",21007,Ballard County,37.051323,-89.010367,No,8216,3,2676,1,4,40301,54776.0,5425.0,7.0,3867,29632.0,51947.0,6.0,3252,3712467.0,452.0,79381141.0,9662.0
21,KY,"Barren County, KY",21009,Barren County,36.963671,-85.925162,No,43287,7,29414,6,4,40706,227099.0,23721.0,5.0,19328,122854.0,297487.0,7.0,16766,22652856.0,523.0,511828497.0,11824.0
21,KY,"Bath County, KY",21011,Bath County,38.152249,-83.737641,No,12113,4,2344,1,4,40401,69276.0,6904.0,6.0,5364,37476.0,67852.0,6.0,4450,7813625.0,645.0,196234194.0,16200.0
21,KY,"Bell County, KY",21013,Bell County,36.72268,-83.681046,No,27676,6,13464,4,4,40604,170345.0,16814.0,6.0,13048,92152.0,111040.0,4.0,10978,12227954.0,442.0,260564362.0,9415.0
21,KY,"Boone County, KY",21015,Boone County,38.974595,-84.731431,No,125656,9,159134,10,4,40910,556417.0,52733.0,4.0,47694,315855.0,1247258.0,10.0,45649,69141419.0,550.0,1721436509.0,13700.0
21,KY,"Bourbon County, KY",21017,Bourbon County,38.202562,-84.20986,No,20004,5,10234,3,4,40503,117434.0,11719.0,6.0,8972,63528.0,175927.0,9.0,8043,8471351.0,423.0,185626103.0,9279.0
21,KY,"Boyd County, KY",21019,Boyd County,38.360004,-82.681406,No,48716,7,45160,7,4,40707,272528.0,32529.0,6.0,21599,154703.0,590104.0,12.0,19386,20104595.0,413.0,458837820.0,9419.0
21,KY,"Boyle County, KY",21021,Boyle County,37.618104,-84.868352,No,29650,6,28612,6,4,40606,151216.0,14997.0,5.0,12351,81803.0,271917.0,9.0,10882,12267378.0,414.0,265237159.0,8946.0
21,KY,"Bracken County, KY",21023,Bracken County,38.680365,-84.115235,No,8404,3,1398,1,4,40301,53355.0,5327.0,6.0,3812,28863.0,65030.0,8.0,3412,3944882.0,469.0,86446393.0,10286.0
21,KY,"Breathitt County, KY",21025,Breathitt County,37.506632,-83.28304,No,13476,4,5210,2,4,40402,77624.0,9194.0,6.0,6181,44064.0,78629.0,6.0,5304,5739510.0,426.0,123207706.0,9143.0
21,KY,"Breckinridge County, KY",21027,Breckinridge County,37.777988,-86.432919,No,20000,5,4954,1,4,40501,94392.0,9920.0,5.0,10581,51063.0,98134.0,5.0,7343,6834989.0,342.0,146160193.0,7308.0
21,KY,"Bullitt County, KY",21029,Bullitt County,37.969928,-85.702641,No,77727,8,38186,7,4,40807,396979.0,39765.0,5.0,30328,214754.0,823797.0,11.0,28533,37662406.0,485.0,923444399.0,11881.0
21,KY,"Butler County, KY",21031,Butler County,37.207013,-86.682471,No,12828,4,3754,1,4,40401,82691.0,8822.0,6.0,5833,44733.0,71508.0,6.0,5153,6944784.0,541.0,150595465.0,11740.0
21,KY,"Caldwell County, KY",21033,Caldwell County,37.148642,-87.870509,No,12758,4,7580,3,4,40403,80769.0,8087.0,6.0,6261,43694.0,110479.0,9.0,5322,7957964.0,624.0,195158867.0,15297.0
21,KY,"Calloway County, KY",21035,Calloway County,36.620978,-88.274086,No,38302,7,28998,6,4,40706,202100.0,23921.0,5.0,18269,109330.0,307973.0,8.0,15002,12470098.0,326.0,266742025.0,6964.0
21,KY,"Campbell County, KY",21037,Campbell County,38.946981,-84.379583,No,91456,9,48927,7,4,40907,456891.0,41353.0,5.0,39720,247165.0,1540357.0,17.0,35954,38814783.0,424.0,896951666.0,9807.0
21,KY,"Carlisle County, KY",21039,Carlisle County,36.857726,-88.975757,No,4954,1,1311,1,4,40101,32295.0,3540.0,7.0,2431,17471.0,36646.0,7.0,2088,2367904.0,478.0,50864118.0,10267.0
21,KY,"Carroll County, KY",21041,Carroll County,38.668394,-85.124024,No,10776,3,11405,4,4,40304,57613.0,5740.0,5.0,4673,31167.0,131172.0,12.0,4030,11415067.0,1059.0,300974068.0,27930.0
21,KY,"Carter County, KY",21043,Carter County,38.309549,-83.048796,No,27292,6,8916,3,4,40603,166742.0,20049.0,6.0,12239,90203.0,104260.0,4.0,10647,16444884.0,603.0,416557557.0,15263.0
21,KY,"Casey County, KY",21045,Casey County,37.321962,-84.92822,No,15928,4,6482,2,4,40402,90626.0,9198.0,6.0,7391,49026.0,48184.0,3.0,6412,5204127.0,327.0,111784154.0,7018.0
21,KY,"Christian County, KY",21047,Christian County,36.892059,-87.492986,No,73936,8,48096,7,4,40807,354338.0,38685.0,5.0,29609,191687.0,482758.0,7.0,25382,42391234.0,573.0,997172225.0,13487.0
21,KY,"Clark County, KY",21049,Clark County,37.970133,-84.144974,No,35706,6,25660,6,4,40606,204153.0,20223.0,6.0,15696,110441.0,322674.0,9.0,14183,20056254.0,562.0,491086209.0,13754.0
21,KY,"Clay County, KY",21051,Clay County,37.157317,-83.718433,No,21160,5,5003,2,4,40502,122958.0,12961.0,6.0,8816,66517.0,93569.0,4.0,7679,8246360.0,390.0,176842540.0,8357.0
21,KY,"Clinton County, KY",21053,Clinton County,36.727258,-85.136098,No,10172,3,6433,2,4,40302,47888.0,5075.0,5.0,5238,25906.0,20546.0,2.0,3863,3299513.0,324.0,71124371.0,6992.0
21,KY,"Crittenden County, KY",21055,Crittenden County,37.358149,-88.10501,No,9211,3,3918,1,4,40301,55770.0,5556.0,6.0,4544,30170.0,60358.0,7.0,3721,3369481.0,366.0,72396679.0,7860.0
21,KY,"Cumberland County, KY",21057,Cumberland County,36.784224,-85.393507,No,6780,2,2051,1,4,40201,33979.0,3534.0,5.0,3649,18381.0,16125.0,2.0,2771,2668029.0,394.0,58187874.0,8582.0
21,KY,"Daviess County, KY",21059,Daviess County,37.731671,-87.087139,No,98724,9,82817,8,4,40908,503276.0,59046.0,5.0,42320,272258.0,1479481.0,15.0,39282,37919308.0,384.0,813061020.0,8236.0
21,KY,"Edmonson County, KY",21061,Edmonson County,37.227514,-86.218015,No,12086,4,1587,1,4,40401,78327.0,8217.0,6.0,6429,42373.0,32188.0,3.0,4712,5177866.0,428.0,121796543.0,10077.0
21,KY,"Elliott County, KY",21063,Elliott County,38.115438,-83.097209,No,7661,3,672,1,4,40301,38776.0,4648.0,5.0,3349,20977.0,24711.0,3.0,2624,1963287.0,256.0,41604125.0,5431.0
21,KY,"Estill County, KY",21065,Estill County,37.692449,-83.963983,No,14406,4,3037,1,4,40401,79095.0,8008.0,5.0,6827,42788.0,92982.0,6.0,5622,4356255.0,302.0,93453278.0,6487.0
21,KY,"Fayette County, KY",21067,Fayette County,38.040676,-84.458274,Yes,311529,12,320732,12,4,41212,1537524.0,151999.0,5.0,138325,831756.0,3267121.0,10.0,126439,153363535.0,492.0,3419001309.0,10975.0
21,KY,"Fleming County, KY",21069,Fleming County,38.368431,-83.706152,No,14543,4,4112,1,4,40401,87973.0,8853.0,6.0,6584,47591.0,55257.0,4.0,5730,5555636.0,382.0,119646060.0,8227.0
21,KY,"Floyd County, KY",21071,Floyd County,37.559878,-82.743361,No,38144,7,18185,5,4,40705,232893.0,27678.0,6.0,18089,132203.0,263792.0,7.0,15233,17878437.0,469.0,386383643.0,10130.0
21,KY,"Franklin County, KY",21073,Franklin County,38.234919,-84.868786,No,49982,7,33438,6,4,40706,283557.0,27580.0,6.0,23144,153396.0,575982.0,12.0,20978,24387278.0,488.0,598123179.0,11967.0
21,KY,"Fulton County, KY",21075,Fulton County,36.552511,-89.187659,No,6323,2,2864,1,4,40201,37475.0,4005.0,6.0,3349,20273.0,62280.0,10.0,2611,2883749.0,456.0,61161284.0,9673.0
21,KY,"Gallatin County, KY",21077,Gallatin County,38.760103,-84.862153,No,8543,3,1378,1,4,40301,44424.0,4550.0,5.0,3820,24032.0,43666.0,5.0,2962,11529491.0,1350.0,312180692.0,36542.0
21,KY,"Garrard County, KY",21079,Garrard County,37.630162,-84.545856,No,17051,5,2872,1,4,40501,111363.0,11161.0,7.0,7435,60244.0,64896.0,4.0,6732,6548755.0,384.0,142247111.0,8342.0
21,KY,"Grant County, KY",21081,Grant County,38.64916,-84.625927,No,24705,5,7865,3,4,40503,119763.0,11711.0,5.0,9928,64788.0,124439.0,5.0,8327,19084972.0,773.0,492887777.0,19951.0
21,KY,"Graves County, KY",21083,Graves County,36.723344,-88.649897,No,37379,6,18478,5,4,40605,204762.0,23881.0,5.0,16691,110770.0,335543.0,9.0,14268,15939462.0,426.0,342195714.0,9155.0
21,KY,"Grayson County, KY",21085,Grayson County,37.458577,-86.344011,No,26092,6,12589,4,4,40604,134940.0,13582.0,5.0,13453,72999.0,110159.0,4.0,9736,13839181.0,530.0,298094807.0,11425.0
21,KY,"Green County, KY",21087,Green County,37.269637,-85.561403,No,11123,3,2497,1,4,40301,62616.0,6202.0,6.0,5267,33873.0,53711.0,5.0,4528,3956650.0,356.0,86266862.0,7756.0
21,KY,"Greenup County, KY",21089,Greenup County,38.563562,-82.93382,No,36255,6,9744,3,4,40603,206754.0,24794.0,6.0,16212,117365.0,371086.0,10.0,14289,14952361.0,412.0,324062164.0,8938.0
21,KY,"Hancock County, KY",21091,Hancock County,37.843325,-86.792761,No,8716,3,6411,2,4,40302,48043.0,5170.0,6.0,3710,25990.0,82851.0,10.0,3254,3554057.0,408.0,76695682.0,8799.0
21,KY,"Hardin County, KY",21093,Hardin County,37.695836,-85.963183,No,107573,9,72434,8,4,40908,570525.0,56516.0,5.0,45486,308638.0,602435.0,6.0,40422,58186259.0,541.0,1359091866.0,12634.0
21,KY,"Harlan County, KY",21095,Harlan County,36.859223,-83.221497,No,28031,6,8574,3,4,40603,189882.0,18786.0,7.0,13417,102721.0,79121.0,3.0,11429,10844699.0,387.0,229900179.0,8202.0
21,KY,"Harrison County, KY",21097,Harrison County,38.444578,-84.334131,No,18629,5,7976,3,4,40503,104346.0,10400.0,6.0,8177,56448.0,120760.0,6.0,7135,6039300.0,324.0,132009219.0,7086.0
21,KY,"Hart County, KY",21099,Hart County,37.316435,-85.8791,No,18510,5,9000,3,4,40503,114108.0,11309.0,6.0,8714,61729.0,107943.0,6.0,7387,15516337.0,838.0,404319232.0,21843.0
21,KY,"Henderson County, KY",21101,Henderson County,37.792542,-87.572577,No,46362,7,33980,6,4,40706,263658.0,25952.0,6.0,20418,142631.0,438549.0,9.0,18914,22581376.0,487.0,498193700.0,10746.0
21,KY,"Henry County, KY",21103,Henry County,38.451585,-85.11989,No,15528,4,4395,1,4,40401,93543.0,9343.0,6.0,6636,50604.0,144908.0,9.0,5996,10815143.0,696.0,278993818.0,17967.0
21,KY,"Hickman County, KY",21105,Hickman County,36.675896,-88.972084,No,4691,1,1803,1,4,40101,29491.0,2953.0,6.0,2331,15954.0,32709.0,7.0,1856,2299642.0,490.0,49073353.0,10461.0
21,KY,"Hopkins County, KY",21107,Hopkins County,37.31107,-87.542196,No,46359,7,28732,6,4,40706,262159.0,26013.0,6.0,21190,141820.0,486342.0,10.0,18394,22928659.0,495.0,542692122.0,11706.0
21,KY,"Jackson County, KY",21109,Jackson County,37.403458,-84.020576,No,13357,4,1467,1,4,40401,82342.0,9693.0,6.0,6489,44545.0,36796.0,3.0,5546,4235282.0,317.0,90404904.0,6768.0
21,KY,"Jefferson County, KY",21111,Jefferson County,38.189532,-85.657624,No,759724,14,837669,14,4,41414,3633260.0,378201.0,5.0,340218,1965489.0,15119650.0,20.0,310355,354953332.0,467.0,8367704436.0,11014.0
21,KY,"Jessamine County, KY",21113,Jessamine County,37.873291,-84.58396,No,51015,7,31000,6,4,40706,290451.0,29114.0,6.0,19858,157126.0,350271.0,7.0,18401,15276860.0,299.0,333056420.0,6529.0
21,KY,"Johnson County, KY",21115,Johnson County,37.84926,-82.830639,No,23280,5,7765,3,4,40503,139875.0,16458.0,6.0,10507,75668.0,104278.0,4.0,8820,8452977.0,363.0,181160541.0,7782.0
21,KY,"Kenton County, KY",21117,Kenton County,38.930503,-84.533438,No,163393,10,107248,9,4,41009,722195.0,66187.0,4.0,69253,409959.0,2265861.0,14.0,62746,77847997.0,476.0,1814374818.0,11104.0
21,KY,"Knott County, KY",21119,Knott County,37.359724,-82.945724,No,15884,4,2756,1,4,40401,88995.0,10599.0,6.0,7412,50519.0,97551.0,6.0,6064,6639347.0,418.0,144936772.0,9125.0
21,KY,"Knox County, KY",21121,Knox County,36.887476,-83.85563,No,31740,6,16849,4,4,40604,173353.0,17417.0,5.0,14420,93779.0,170278.0,5.0,12333,12294440.0,387.0,264065752.0,8320.0
21,KY,"Larue County, KY",21123,Larue County,37.544462,-85.696841,No,14127,4,3622,1,4,40401,86023.0,8510.0,6.0,6246,46536.0,66997.0,5.0,5485,6957722.0,493.0,166036981.0,11753.0
21,KY,"Laurel County, KY",21125,Laurel County,37.113268,-84.119395,No,59950,8,47870,7,4,40807,391450.0,40141.0,7.0,25336,211763.0,179208.0,3.0,23029,36291094.0,605.0,872182914.0,14549.0
21,KY,"Lawrence County, KY",21127,Lawrence County,38.074457,-82.738302,No,15870,4,4797,1,4,40401,93409.0,11145.0,6.0,7236,50532.0,90898.0,6.0,6142,8081902.0,509.0,173320289.0,10921.0
21,KY,"Lee County, KY",21129,Lee County,37.608116,-83.719248,No,6896,2,2528,1,4,40201,41778.0,4217.0,6.0,3425,22601.0,19796.0,3.0,2821,2699345.0,391.0,58079896.0,8422.0
21,KY,"Leslie County, KY",21131,Leslie County,37.087846,-83.388617,No,10869,3,2212,1,4,40301,66036.0,7633.0,6.0,5244,37486.0,31946.0,3.0,4074,5071918.0,467.0,107549183.0,9895.0
21,KY,"Letcher County, KY",21133,Letcher County,37.118536,-82.861251,No,23382,5,6814,2,4,40502,164090.0,19350.0,7.0,11532,93147.0,68399.0,3.0,10017,8992902.0,385.0,191013968.0,8169.0
21,KY,"Lewis County, KY",21135,Lewis County,38.552152,-83.376774,No,13646,4,2761,1,4,40401,70646.0,7899.0,5.0,6453,38217.0,55194.0,4.0,5431,5517151.0,404.0,119400232.0,8750.0
21,KY,"Lincoln County, KY",21137,Lincoln County,37.457174,-84.658335,No,24424,5,5566,2,4,40502,152734.0,15235.0,6.0,10808,82625.0,105939.0,4.0,9721,8613651.0,353.0,185414342.0,7591.0
21,KY,"Livingston County, KY",21139,Livingston County,37.209517,-88.363426,No,9353,3,3783,1,4,40301,56241.0,6110.0,6.0,4797,30425.0,36168.0,4.0,3880,5789874.0,619.0,138481514.0,14806.0
21,KY,"Logan County, KY",21141,Logan County,36.859829,-86.881436,No,26757,6,13403,4,4,40604,158221.0,17188.0,6.0,12265,85593.0,197030.0,7.0,10682,11608654.0,434.0,248117700.0,9273.0
21,KY,"Lyon County, KY",21143,Lyon County,37.023976,-88.083391,No,8325,3,2473,1,4,40301,50543.0,5078.0,6.0,4797,27342.0,45713.0,5.0,3326,12319208.0,1480.0,321656772.0,38637.0
21,KY,"McCracken County, KY",21145,McCracken County,37.053683,-88.712366,No,65292,8,68493,8,4,40808,365186.0,43569.0,6.0,31392,197555.0,841801.0,13.0,27950,33259816.0,509.0,763012668.0,11686.0
21,KY,"McCreary County, KY",21147,McCreary County,36.731136,-84.491052,No,17850,5,2961,1,4,40501,91254.0,9134.0,5.0,7409,49366.0,38563.0,2.0,6252,5186324.0,291.0,110508444.0,6191.0
21,KY,"McLean County, KY",21149,McLean County,37.526707,-87.265597,No,9492,3,2323,1,4,40301,58479.0,5826.0,6.0,4240,31635.0,61217.0,6.0,3751,3912312.0,412.0,83775978.0,8826.0
21,KY,"Madison County, KY",21151,Madison County,37.723592,-84.276998,No,87324,9,45409,7,4,40907,467003.0,47468.0,5.0,35678,252635.0,324933.0,4.0,32409,44236825.0,507.0,1061369991.0,12154.0
21,KY,"Magoffin County, KY",21153,Magoffin County,37.698953,-83.069716,No,12887,4,2135,1,4,40401,77529.0,9191.0,6.0,5912,41941.0,63524.0,5.0,5027,5494723.0,426.0,117305548.0,9103.0
21,KY,"Marion County, KY",21155,Marion County,37.552604,-85.268959,No,19497,5,15664,4,4,40504,107990.0,10698.0,6.0,8182,58420.0,106959.0,5.0,7438,6719078.0,345.0,145827184.0,7479.0
21,KY,"Marshall County, KY",21157,Marshall County,36.882017,-88.332752,No,31213,6,18563,5,4,40605,193319.0,22179.0,6.0,15868,104580.0,320213.0,10.0,12856,20419147.0,654.0,475788730.0,15243.0
21,KY,"Martin County, KY",21159,Martin County,37.796774,-82.506623,No,12478,4,3204,1,4,40401,67428.0,8021.0,5.0,5125,38276.0,64117.0,5.0,4295,3574966.0,287.0,76658138.0,6143.0
21,KY,"Mason County, KY",21161,Mason County,38.594137,-83.828125,No,17229,5,13612,4,4,40504,99469.0,9846.0,6.0,8116,53810.0,156272.0,9.0,6804,8856959.0,514.0,191861331.0,11136.0
21,KY,"Meade County, KY",21163,Meade County,37.967476,-86.200863,No,28751,6,6807,2,4,40602,144875.0,15139.0,5.0,12123,78373.0,119426.0,4.0,10631,10126768.0,352.0,220500200.0,7669.0
21,KY,"Menifee County, KY",21165,Menifee County,37.950665,-83.597515,No,6345,2,870,1,4,40201,31818.0,3509.0,5.0,3839,17213.0,25719.0,4.0,2521,2419996.0,381.0,51634614.0,8138.0
21,KY,"Mercer County, KY",21167,Mercer County,37.812085,-84.879694,No,21411,5,10543,3,4,40503,135514.0,13495.0,6.0,10015,73309.0,181881.0,8.0,8813,8250434.0,385.0,179620867.0,8389.0
21,KY,"Metcalfe County, KY",21169,Metcalfe County,36.992515,-85.633598,No,9983,3,2268,1,4,40301,51570.0,5318.0,5.0,4662,27898.0,71611.0,7.0,3922,4625882.0,463.0,99544840.0,9971.0
21,KY,"Monroe County, KY",21171,Monroe County,36.714077,-85.713508,No,10692,3,4957,1,4,40301,60272.0,6470.0,6.0,5182,32605.0,62322.0,6.0,4421,3240299.0,303.0,70214754.0,6567.0
21,KY,"Montgomery County, KY",21173,Montgomery County,38.038138,-83.912337,No,27391,6,19807,5,4,40605,156533.0,15542.0,6.0,11710,84680.0,166719.0,6.0,10212,13198320.0,482.0,314268898.0,11473.0
21,KY,"Morgan County, KY",21175,Morgan County,37.92294,-83.258944,No,13379,4,3521,1,4,40401,62943.0,7185.0,5.0,5847,34051.0,47036.0,4.0,4946,5174659.0,387.0,111236846.0,8314.0
21,KY,"Muhlenberg County, KY",21177,Muhlenberg County,37.213816,-87.134092,No,31216,6,12652,4,4,40604,173415.0,17231.0,6.0,13611,93813.0,247248.0,8.0,11510,14401412.0,461.0,307934336.0,9865.0
21,KY,"Nelson County, KY",21179,Nelson County,37.803188,-85.465955,No,44875,7,30443,6,4,40706,277958.0,26952.0,6.0,18498,150367.0,199377.0,4.0,17236,21164041.0,472.0,462167493.0,10299.0
21,KY,"Nicholas County, KY",21181,Nicholas County,38.337132,-84.025554,No,7062,2,839,1,4,40201,41971.0,4193.0,6.0,3232,22705.0,42155.0,6.0,2758,2567106.0,364.0,56547481.0,8007.0
21,KY,"Ohio County, KY",21183,Ohio County,37.477859,-86.844871,No,24152,5,13895,4,4,40504,137505.0,13984.0,6.0,10193,74386.0,149972.0,6.0,8930,15405626.0,638.0,328577243.0,13605.0
21,KY,"Oldham County, KY",21185,Oldham County,38.400127,-85.456152,No,63876,8,25853,6,4,40806,315052.0,32486.0,5.0,21209,170434.0,821500.0,13.0,20148,24555145.0,384.0,610617971.0,9559.0
21,KY,"Owen County, KY",21187,Owen County,38.499394,-84.84159,No,10673,3,2331,1,4,40301,60187.0,6015.0,6.0,5612,32560.0,30107.0,3.0,3946,3656505.0,343.0,80392115.0,7532.0
21,KY,"Owsley County, KY",21189,Owsley County,37.423614,-83.691628,No,4552,1,724,1,4,40101,23870.0,2819.0,5.0,2161,12913.0,10714.0,2.0,1681,1647642.0,362.0,35493589.0,7797.0
21,KY,"Pendleton County, KY",21191,Pendleton County,38.696284,-84.351944,No,14509,4,3179,1,4,40401,76346.0,7729.0,5.0,6296,41301.0,105165.0,7.0,5296,3938740.0,271.0,87153027.0,6007.0
21,KY,"Perry County, KY",21193,Perry County,37.241282,-83.217772,No,27818,6,17995,5,4,40605,174875.0,20873.0,6.0,12745,99269.0,129415.0,5.0,11073,12865621.0,462.0,276431488.0,9937.0
21,KY,"Pike County, KY",21195,Pike County,37.486031,-82.410913,No,62791,8,33753,6,4,40806,436227.0,52021.0,7.0,30214,247627.0,259706.0,4.0,25861,27729333.0,442.0,600183404.0,9558.0
21,KY,"Powell County, KY",21197,Powell County,37.800629,-83.820015,No,12387,4,3074,1,4,40401,59807.0,6930.0,5.0,5566,32354.0,73338.0,6.0,4794,7694517.0,621.0,166127114.0,13411.0
21,KY,"Pulaski County, KY",21199,Pulaski County,37.108312,-84.579986,No,63772,8,41538,7,4,40807,381963.0,38371.0,6.0,31069,206631.0,181401.0,3.0,25567,28255739.0,443.0,613456539.0,9620.0
21,KY,"Robertson County, KY",21201,Robertson County,38.513473,-84.06423,No,2191,1,252,1,4,40101,13921.0,1391.0,6.0,1143,7531.0,16008.0,7.0,961,674451.0,308.0,14622597.0,6674.0
21,KY,"Rockcastle County, KY",21203,Rockcastle County,37.36105,-84.314368,No,16893,5,4835,1,4,40501,109221.0,11351.0,6.0,7671,59085.0,31662.0,2.0,6488,18323345.0,1085.0,491439920.0,29091.0
21,KY,"Rowan County, KY",21205,Rowan County,38.20425,-83.42807,No,24302,5,15517,4,4,40504,121972.0,13033.0,5.0,10089,65983.0,129501.0,5.0,8473,13550452.0,558.0,324499391.0,13353.0
21,KY,"Russell County, KY",21207,Russell County,36.990605,-85.054874,No,17684,5,8785,3,4,40503,103215.0,10407.0,6.0,9909,55836.0,49102.0,3.0,7081,6248994.0,353.0,134809646.0,7623.0
21,KY,"Scott County, KY",21209,Scott County,38.289882,-84.579376,No,51348,7,45032,7,4,40707,290075.0,28834.0,6.0,20438,156922.0,285839.0,6.0,18913,31519957.0,614.0,805832089.0,15694.0
21,KY,"Shelby County, KY",21211,Shelby County,38.239028,-85.228266,No,44967,7,35852,6,4,40706,238151.0,23730.0,5.0,16981,128833.0,419506.0,9.0,16123,29312850.0,652.0,738501182.0,16423.0
21,KY,"Simpson County, KY",21213,Simpson County,36.740947,-86.581746,No,17856,5,14350,4,4,40504,103188.0,11014.0,6.0,7540,55822.0,175013.0,10.0,6958,14560327.0,815.0,363747078.0,20371.0
21,KY,"Spencer County, KY",21215,Spencer County,38.024903,-85.316765,No,17798,5,2285,1,4,40501,105025.0,10420.0,6.0,6898,56815.0,43749.0,2.0,6448,4776257.0,268.0,103856192.0,5835.0
21,KY,"Taylor County, KY",21217,Taylor County,37.366184,-85.327836,No,25315,6,17764,5,4,40605,131786.0,13118.0,5.0,10917,71293.0,183909.0,7.0,9745,9077575.0,359.0,197033291.0,7783.0
21,KY,"Todd County, KY",21219,Todd County,36.840338,-87.183642,No,12465,4,3079,1,4,40401,69856.0,7777.0,6.0,5265,37790.0,66671.0,5.0,4534,5126830.0,411.0,109357919.0,8773.0
21,KY,"Trigg County, KY",21221,Trigg County,36.807681,-87.858652,No,14267,4,4296,1,4,40401,95293.0,10609.0,7.0,7811,51551.0,69260.0,5.0,5977,9208656.0,645.0,226796618.0,15897.0
21,KY,"Trimble County, KY",21223,Trimble County,38.62004,-85.351208,No,8751,3,1071,1,4,40301,57304.0,5742.0,7.0,3915,31000.0,70849.0,8.0,3555,2947495.0,337.0,66257910.0,7571.0
21,KY,"Union County, KY",21225,Union County,37.658029,-87.95165,No,15065,4,7050,2,4,40402,81631.0,8132.0,5.0,6169,44160.0,122351.0,8.0,5565,5432970.0,361.0,116711337.0,7747.0
21,KY,"Warren County, KY",21227,Warren County,36.995634,-86.423579,No,121066,9,105901,9,4,40909,650118.0,68039.0,5.0,49673,351695.0,1098550.0,9.0,45974,64370598.0,532.0,1529379286.0,12633.0
21,KY,"Washington County, KY",21229,Washington County,37.754209,-85.175416,No,12017,4,5603,2,4,40402,69797.0,6921.0,6.0,5077,37758.0,51886.0,4.0,4490,6626260.0,551.0,143614075.0,11951.0
21,KY,"Wayne County, KY",21231,Wayne County,36.802011,-84.83044,No,20557,5,7902,3,4,40503,96834.0,10225.0,5.0,10801,52384.0,71031.0,3.0,7842,6834061.0,332.0,145434353.0,7075.0
21,KY,"Webster County, KY",21233,Webster County,37.51946,-87.68479,No,13331,4,3892,1,4,40401,78181.0,7789.0,6.0,5897,42294.0,102083.0,8.0,5136,6350727.0,476.0,148625158.0,11149.0
21,KY,"Whitley County, KY",21235,Whitley County,36.758024,-84.144648,No,35842,6,19264,5,4,40605,188566.0,19067.0,5.0,15122,102009.0,204785.0,6.0,12708,23523191.0,656.0,579473336.0,16167.0
21,KY,"Wolfe County, KY",21237,Wolfe County,37.743774,-83.495068,No,7221,2,1264,1,4,40201,33685.0,3820.0,5.0,3637,18223.0,32389.0,4.0,2899,4796802.0,664.0,104017738.0,14405.0
21,KY,"Woodford County, KY",21239,Woodford County,38.043103,-84.748863,No,25591,6,13973,4,4,40604,151924.0,15041.0,6.0,10896,82186.0,199598.0,8.0,9976,18595403.0,727.0,440750211.0,17223.0
22,LA,"Acadia Parish, LA",22001,Acadia Parish,30.291497,-92.411037,No,62372,8,24002,5,2,20805,335207.0,34655.0,5.0,27764,128047.0,278415.0,4.0,22655,35381533.0,567.0,900377019.0,14436.0
22,LA,"Allen Parish, LA",22003,Allen Parish,30.652744,-92.819605,No,25619,6,6722,2,2,20602,113677.0,12777.0,4.0,10499,43424.0,83607.0,3.0,7881,11559465.0,451.0,264228174.0,10314.0
22,LA,"Ascension Parish, LA",22005,Ascension Parish,30.206444,-90.912502,No,117009,9,76406,8,2,20908,663271.0,62595.0,6.0,28262,253365.0,664706.0,6.0,40663,55229861.0,472.0,1415557415.0,12098.0
22,LA,"Assumption Parish, LA",22007,Assumption Parish,29.898853,-91.052465,No,22973,5,5295,2,2,20502,135115.0,11739.0,6.0,13110,51613.0,108338.0,5.0,8676,9787797.0,426.0,229505665.0,9990.0
22,LA,"Avoyelles Parish, LA",22009,Avoyelles Parish,31.088503,-91.983275,No,41252,7,17654,5,2,20705,229434.0,24026.0,6.0,20820,130592.0,289103.0,7.0,15016,15526283.0,376.0,359903521.0,8725.0
22,LA,"Beauregard Parish, LA",22011,Beauregard Parish,30.645018,-93.340253,No,36435,6,14010,4,2,20604,201157.0,22642.0,6.0,16336,76841.0,91506.0,3.0,13106,17414893.0,478.0,404298728.0,11096.0
22,LA,"Bienville Parish, LA",22013,Bienville Parish,32.340952,-93.041151,No,13924,4,6463,2,3,30402,89948.0,7815.0,6.0,9651,34359.0,111146.0,8.0,5738,16309309.0,1171.0,419886023.0,30156.0
22,LA,"Bossier Parish, LA",22015,Bossier Parish,32.695851,-93.616132,No,124720,9,74654,8,3,30908,659438.0,63125.0,5.0,59956,375347.0,1015398.0,8.0,47505,52542622.0,421.0,1260395683.0,10106.0
22,LA,"Caddo Parish, LA",22017,Caddo Parish,32.577195,-93.882423,No,253125,11,204620,11,3,31111,1368579.0,134193.0,5.0,121011,778985.0,2745155.0,11.0,97497,118686367.0,469.0,2704282733.0,10684.0
22,LA,"Calcasieu Parish, LA",22019,Calcasieu Parish,30.229559,-93.358015,No,197233,11,149092,10,2,21110,1154563.0,118633.0,6.0,21669,657169.0,959632.0,5.0,76270,93630139.0,475.0,2349776781.0,11914.0
22,LA,"Caldwell Parish, LA",22021,Caldwell Parish,32.101219,-92.114231,No,9997,3,3559,1,3,30301,55937.0,4805.0,6.0,6277,21367.0,50418.0,5.0,3635,6028007.0,603.0,139694692.0,13974.0
22,LA,"Cameron Parish, LA",22023,Cameron Parish,29.871812,-93.164948,No,6739,2,2456,1,2,20201,47233.0,4471.0,7.0,2946,18043.0,21632.0,3.0,2653,4193616.0,622.0,102350998.0,15188.0
22,LA,"Catahoula Parish, LA",22025,Catahoula Parish,31.666517,-91.846703,No,10145,3,2341,1,3,30301,59788.0,5142.0,6.0,6123,22839.0,59210.0,6.0,3731,6263683.0,617.0,143043363.0,14100.0
22,LA,"Claiborne Parish, LA",22027,Claiborne Parish,32.827043,-92.989767,No,16452,4,4765,1,3,30401,88675.0,7628.0,5.0,9681,33873.0,119585.0,7.0,5828,9586436.0,583.0,215537215.0,13101.0
22,LA,"Concordia Parish, LA",22029,Concordia Parish,31.469805,-91.626314,No,20288,5,7773,3,3,30503,116276.0,9997.0,6.0,11777,44417.0,150878.0,7.0,7579,10707498.0,528.0,241208029.0,11889.0
22,LA,"De Soto Parish, LA",22031,De Soto Parish,32.059248,-93.740797,No,27047,6,8684,3,3,30603,155944.0,16643.0,6.0,13344,88762.0,178181.0,7.0,10259,26107211.0,965.0,653502732.0,24162.0
22,LA,"East Baton Rouge Parish, LA",22033,East Baton Rouge Parish,30.54393,-91.093131,No,445337,13,492300,13,2,21313,2642258.0,254162.0,6.0,88289,1009326.0,2903059.0,7.0,168561,170755967.0,383.0,3934298399.0,8834.0
22,LA,"East Carroll Parish, LA",22035,East Carroll Parish,32.73017,-91.234141,No,7419,2,2281,1,3,30201,33874.0,2910.0,5.0,3840,12939.0,55673.0,8.0,2557,3484612.0,470.0,78278448.0,10551.0
22,LA,"East Feliciana Parish, LA",22037,East Feliciana Parish,30.839784,-91.043434,No,19756,5,6594,2,2,20502,120035.0,11667.0,6.0,3123,45853.0,97946.0,5.0,6822,8951733.0,453.0,208811107.0,10570.0
22,LA,"Evangeline Parish, LA",22039,Evangeline Parish,30.720693,-92.404086,No,33765,6,12357,4,2,20604,181468.0,20039.0,5.0,15930,103290.0,160692.0,5.0,11871,13181925.0,390.0,307089401.0,9095.0
22,LA,"Franklin Parish, LA",22041,Franklin Parish,32.139076,-91.672371,No,20464,5,7051,2,3,30502,112657.0,9680.0,6.0,11371,43034.0,112589.0,6.0,7520,8732007.0,427.0,197377245.0,9645.0
22,LA,"Grant Parish, LA",22043,Grant Parish,31.597787,-92.561716,No,22372,5,2874,1,3,30501,120300.0,11784.0,5.0,10713,68474.0,100630.0,4.0,7286,9412087.0,421.0,216426732.0,9674.0
22,LA,"Iberia Parish, LA",22045,Iberia Parish,29.606013,-91.842706,No,73799,8,46597,7,2,20807,405216.0,44314.0,5.0,33265,154790.0,403588.0,5.0,26185,29680729.0,402.0,679000148.0,9201.0
22,LA,"Iberville Parish, LA",22047,Iberville Parish,30.270628,-91.365848,No,33159,6,23083,5,2,20605,166730.0,15548.0,5.0,10799,63690.0,250618.0,8.0,11162,19909225.0,600.0,517653043.0,15611.0
22,LA,"Jackson Parish, LA",22049,Jackson Parish,32.30429,-92.5617,No,15999,4,4691,1,3,30401,91286.0,7852.0,6.0,9660,34871.0,106344.0,7.0,6052,8449013.0,528.0,189310152.0,11833.0
22,LA,"Jefferson Parish, LA",22051,Jefferson Parish,29.5033,-90.036231,No,435204,13,375366,12,2,21312,2268380.0,196416.0,5.0,234906,866507.0,3105492.0,7.0,169192,98690292.0,227.0,2400597097.0,5516.0
22,LA,"Jefferson Davis Parish, LA",22053,Jefferson Davis Parish,30.269529,-92.816221,No,31399,6,13964,4,2,20604,181988.0,18223.0,6.0,11032,69518.0,162608.0,5.0,11554,23053690.0,734.0,615103976.0,19590.0
22,LA,"Lafayette Parish, LA",22055,Lafayette Parish,30.206507,-92.06417,No,234963,11,254220,11,2,21111,1459100.0,132948.0,6.0,106129,557367.0,1126271.0,5.0,89288,91969146.0,391.0,2100675693.0,8940.0
22,LA,"Lafourche Parish, LA",22057,Lafourche Parish,29.491992,-90.394849,No,97688,9,52881,7,2,20907,547367.0,47014.0,6.0,49573,209091.0,482890.0,5.0,35961,43704709.0,447.0,1019988507.0,10441.0
22,LA,"La Salle Parish, LA",22059,La Salle Parish,31.680083,-92.161596,No,14927,4,6376,2,3,30402,87055.0,7654.0,6.0,8215,33254.0,70048.0,5.0,5320,7821588.0,524.0,179605626.0,12032.0
22,LA,"Lincoln Parish, LA",22061,Lincoln Parish,32.601823,-92.662303,No,47480,7,31532,6,3,30706,252053.0,21633.0,5.0,24620,96283.0,374147.0,8.0,17144,29888944.0,630.0,735859402.0,15498.0
22,LA,"Livingston Parish, LA",22063,Livingston Parish,30.440419,-90.727474,No,135925,10,44293,7,2,21007,843150.0,80524.0,6.0,29318,322078.0,602344.0,4.0,48014,55970192.0,412.0,1381866965.0,10166.0
22,LA,"Madison Parish, LA",22065,Madison Parish,32.341375,-91.242023,No,11803,4,5075,2,3,30402,54734.0,4702.0,5.0,6152,20908.0,90276.0,8.0,4080,16996314.0,1440.0,445155950.0,37715.0
22,LA,"Morehouse Parish, LA",22067,Morehouse Parish,32.820008,-91.800399,No,26739,6,10950,3,3,30603,150795.0,12955.0,6.0,15607,57603.0,180900.0,7.0,10273,11402566.0,426.0,253671474.0,9487.0
22,LA,"Natchitoches Parish, LA",22069,Natchitoches Parish,31.732551,-93.082611,No,39258,7,22745,5,3,30705,216060.0,20490.0,6.0,23111,82534.0,239813.0,6.0,14393,29646531.0,755.0,739195828.0,18829.0
22,LA,"Orleans Parish, LA",22071,Orleans Parish,30.05342,-89.934502,Yes,382922,12,349088,12,2,21212,2021284.0,199762.0,5.0,203565,772118.0,2762023.0,7.0,154844,124231504.0,324.0,2777707017.0,7254.0
22,LA,"Ouachita Parish, LA",22073,Ouachita Parish,32.477664,-92.154848,No,156398,10,127024,9,3,31009,864810.0,74340.0,6.0,82808,330352.0,1082814.0,7.0,56903,64473775.0,412.0,1524065124.0,9745.0
22,LA,"Plaquemines Parish, LA",22075,Plaquemines Parish,29.402337,-89.298489,No,23584,5,19980,5,2,20505,135081.0,11706.0,6.0,12316,51600.0,102273.0,4.0,8644,12467910.0,529.0,293277649.0,12435.0
22,LA,"Pointe Coupee Parish, LA",22077,Pointe Coupee Parish,30.708319,-91.604621,No,22366,5,8116,3,2,20503,136331.0,13249.0,6.0,6981,52078.0,139455.0,6.0,8802,13154681.0,588.0,309183286.0,13824.0
22,LA,"Rapides Parish, LA",22079,Rapides Parish,31.193204,-92.535953,No,132373,10,94010,9,2,21009,774867.0,85471.0,6.0,77285,441049.0,764144.0,6.0,48154,63117616.0,477.0,1461497576.0,11041.0
22,LA,"Red River Parish, LA",22081,Red River Parish,32.101213,-93.34905,No,8757,3,3887,1,3,30301,53824.0,5293.0,6.0,4848,30636.0,62432.0,7.0,3491,7538449.0,861.0,171677977.0,19605.0
22,LA,"Richland Parish, LA",22083,Richland Parish,32.413158,-91.748353,No,20692,5,10612,3,3,30503,114817.0,9863.0,6.0,11022,43859.0,123649.0,6.0,7581,21252071.0,1027.0,570666871.0,27579.0
22,LA,"Sabine Parish, LA",22085,Sabine Parish,31.560402,-93.559579,No,24144,5,9262,3,3,30503,142887.0,14277.0,6.0,16504,81331.0,123930.0,5.0,8984,12218925.0,506.0,275267804.0,11401.0
22,LA,"St. Bernard Parish, LA",22087,St. Bernard Parish,29.91811,-89.263494,No,44091,7,16308,4,2,20704,215146.0,18737.0,5.0,21061,122460.0,263189.0,6.0,14732,9595672.0,218.0,223480668.0,5069.0
22,LA,"St. Charles Parish, LA",22089,St. Charles Parish,29.905722,-90.357855,No,52708,7,41582,7,2,20707,292503.0,25125.0,6.0,25328,166491.0,323191.0,6.0,18586,34050761.0,646.0,896586201.0,17010.0
22,LA,"St. Helena Parish, LA",22091,St. Helena Parish,30.822539,-90.708307,No,10714,3,2418,1,2,20301,63890.0,5537.0,6.0,6438,24405.0,35415.0,3.0,4033,4985369.0,465.0,115549517.0,10785.0
22,LA,"St. James Parish, LA",22093,St. James Parish,30.024777,-90.793956,No,21581,5,12961,4,2,20504,124037.0,10654.0,6.0,10863,47381.0,137930.0,6.0,7952,17738975.0,822.0,435674073.0,20188.0
22,LA,"St. John the Baptist Parish, LA",22095,St. John the Baptist Parish,30.147307,-90.485674,No,43888,7,35161,6,2,20706,247057.0,21305.0,6.0,21995,94374.0,188454.0,4.0,15363,26767337.0,610.0,725206921.0,16524.0
22,LA,"St. Landry Parish, LA",22097,St. Landry Parish,30.583441,-91.989274,No,83699,8,44597,7,2,20807,471892.0,50509.0,6.0,38824,180260.0,481627.0,6.0,30467,38081311.0,455.0,936059729.0,11184.0
22,LA,"St. Martin Parish, LA",22099,St. Martin Parish,30.121433,-91.611481,No,53385,7,23447,5,2,20705,328372.0,34531.0,6.0,24390,125436.0,189625.0,4.0,19268,33924982.0,635.0,872446704.0,16343.0
22,LA,"St. Mary Parish, LA",22101,St. Mary Parish,29.629349,-91.463804,No,53053,7,39191,7,2,20707,310559.0,32257.0,6.0,27522,176768.0,274592.0,5.0,20164,25679180.0,484.0,573783776.0,10815.0
22,LA,"St. Tammany Parish, LA",22103,St. Tammany Parish,30.410022,-89.951962,No,246269,11,158758,10,2,21110,1397348.0,149628.0,6.0,109095,533778.0,1445189.0,6.0,89893,102817516.0,418.0,2649449084.0,10758.0
22,LA,"Tangipahoa Parish, LA",22105,Tangipahoa Parish,30.62158,-90.406633,No,127115,9,70991,8,2,20908,742587.0,64005.0,6.0,65555,283664.0,564818.0,4.0,46068,69103254.0,544.0,1797463552.0,14140.0
22,LA,"Tensas Parish, LA",22107,Tensas Parish,32.001489,-91.342576,No,4793,1,884,1,3,30101,26205.0,2254.0,5.0,4216,10010.0,38947.0,8.0,1941,4443705.0,927.0,100220481.0,20910.0
22,LA,"Terrebonne Parish, LA",22109,Terrebonne Parish,29.33413,-90.843674,No,113099,9,95548,9,2,20909,572696.0,49191.0,5.0,55697,218767.0,468150.0,4.0,39825,40787016.0,361.0,954546218.0,8440.0
22,LA,"Union Parish, LA",22111,Union Parish,32.829349,-92.37565,No,22460,5,7077,2,3,30502,122373.0,10527.0,5.0,14267,46746.0,124705.0,6.0,8194,13195174.0,587.0,296756225.0,13213.0
22,LA,"Vermilion Parish, LA",22113,Vermilion Parish,29.789722,-92.291568,No,59524,8,20219,5,2,20805,359710.0,33238.0,6.0,27766,137407.0,227440.0,4.0,21743,18665352.0,314.0,425670078.0,7151.0
22,LA,"Vernon Parish, LA",22115,Vernon Parish,31.110563,-93.18152,No,52101,7,15894,4,3,30704,277202.0,29680.0,5.0,23311,157781.0,158236.0,3.0,17789,23276885.0,447.0,531568067.0,10203.0
22,LA,"Washington Parish, LA",22117,Washington Parish,30.852144,-90.046253,No,46367,7,19160,5,2,20705,266982.0,23922.0,6.0,26570,101985.0,292188.0,6.0,17487,17510924.0,378.0,396482705.0,8551.0
22,LA,"Webster Parish, LA",22119,Webster Parish,32.732152,-93.339825,No,40335,7,20172,5,3,30705,215947.0,18798.0,5.0,24252,82490.0,410408.0,10.0,15806,25765996.0,639.0,632386233.0,15678.0
22,LA,"West Baton Rouge Parish, LA",22121,West Baton Rouge Parish,30.464052,-91.309808,No,25017,5,23545,5,2,20505,143966.0,14275.0,6.0,3849,54994.0,210256.0,8.0,9253,29607461.0,1183.0,767347609.0,30673.0
22,LA,"West Carroll Parish, LA",22123,West Carroll Parish,32.79248,-91.451998,No,11370,4,3401,1,3,30401,62774.0,5392.0,6.0,6337,23979.0,69612.0,6.0,4185,4691602.0,413.0,108479154.0,9541.0
22,LA,"West Feliciana Parish, LA",22125,West Feliciana Parish,30.872701,-91.421008,No,15384,4,5119,2,2,20402,67702.0,6560.0,4.0,2205,25862.0,43290.0,3.0,3879,6755868.0,439.0,158592735.0,10309.0
22,LA,"Winn Parish, LA",22127,Winn Parish,31.941187,-92.641269,No,14695,4,8175,3,3,30403,90305.0,8086.0,6.0,9029,34496.0,83971.0,6.0,5440,10346738.0,704.0,236293000.0,16080.0
23,ME,"Androscoggin County, ME",23001,Androscoggin County,44.167681,-70.207435,No,107376,9,90814,9,6,60909,288298.0,44379.0,3.0,49116,73717.0,230908.0,2.0,44747,36496055.0,340.0,869548317.0,8098.0
23,ME,"Aroostook County, ME",23003,Aroostook County,46.727082,-68.649426,No,69405,8,42061,7,7,70807,192667.0,30036.0,3.0,33216,49264.0,14878.0,0.0,29852,37073443.0,534.0,886156882.0,12768.0
23,ME,"Cumberland County, ME",23005,Cumberland County,43.808348,-70.330375,No,288204,11,339594,12,6,61112,731175.0,112554.0,3.0,140300,186960.0,1042144.0,4.0,117871,125633036.0,436.0,3195688131.0,11088.0
23,ME,"Franklin County, ME",23007,Franklin County,44.973012,-70.444727,No,30270,6,17464,5,6,60605,80222.0,12349.0,3.0,21811,20512.0,14082.0,0.0,11684,16114215.0,532.0,368417014.0,12171.0
23,ME,"Hancock County, ME",23009,Hancock County,44.564906,-68.370703,No,54483,7,33101,6,6,60706,144476.0,24950.0,3.0,40454,36942.0,130094.0,2.0,23748,27428886.0,503.0,638250046.0,11715.0
23,ME,"Kennebec County, ME",23011,Kennebec County,44.417012,-69.765764,No,120953,9,94605,9,6,60909,338267.0,52071.0,3.0,61449,86494.0,125122.0,1.0,50829,55593329.0,460.0,1401575474.0,11588.0
23,ME,"Knox County, ME",23013,Knox County,44.042045,-69.038514,No,39717,7,29006,6,6,60706,109090.0,17239.0,3.0,23323,27894.0,9787.0,0.0,16813,12541152.0,316.0,288581711.0,7266.0
23,ME,"Lincoln County, ME",23015,Lincoln County,43.994263,-69.514038,No,34165,6,17555,5,6,60605,101855.0,15679.0,3.0,23581,26044.0,38872.0,1.0,15021,13481693.0,395.0,310243683.0,9081.0
23,ME,"Oxford County, ME",23017,Oxford County,44.4945,-70.734421,No,57299,8,28404,6,6,60806,143416.0,22077.0,3.0,36200,36671.0,14537.0,0.0,20723,21269823.0,371.0,487867475.0,8514.0
23,ME,"Penobscot County, ME",23019,Penobscot County,45.409279,-68.666598,No,152978,10,115244,9,6,61009,386648.0,66458.0,3.0,74275,98865.0,513921.0,3.0,61787,67948601.0,444.0,1739702953.0,11372.0
23,ME,"Piscataquis County, ME",23021,Piscataquis County,45.917685,-69.104536,No,17044,5,9010,3,6,60503,50356.0,7968.0,3.0,15291,12876.0,1759.0,0.0,7572,16500535.0,968.0,385669530.0,22628.0
23,ME,"Sagadahoc County, ME",23023,Sagadahoc County,43.916645,-69.844326,No,35134,6,21845,5,6,60605,105319.0,16212.0,3.0,18418,26930.0,54434.0,2.0,15613,17070450.0,486.0,436977038.0,12437.0
23,ME,"Somerset County, ME",23025,Somerset County,45.507482,-69.97604,No,51363,7,26987,6,6,60706,150384.0,23151.0,3.0,30466,38453.0,46607.0,1.0,21376,31351526.0,610.0,752833574.0,14657.0
23,ME,"Waldo County, ME",23027,Waldo County,44.505834,-69.138952,No,39071,7,18343,5,6,60705,113092.0,17461.0,3.0,21853,28917.0,35353.0,1.0,16820,14554278.0,373.0,337375977.0,8635.0
23,ME,"Washington County, ME",23029,Washington County,44.967009,-67.609354,No,31925,6,14113,4,6,60604,80411.0,14287.0,3.0,23067,20561.0,4919.0,0.0,14065,20592399.0,645.0,484608968.0,15180.0
23,ME,"York County, ME",23031,York County,43.426019,-70.668425,No,200536,11,108336,9,6,61109,599138.0,92188.0,3.0,107259,153198.0,304987.0,2.0,82588,84074579.0,419.0,2154623228.0,10744.0
24,MD,"Allegany County, MD",24001,Allegany County,39.612313,-78.703104,No,73060,8,49259,7,4,40807,321313.0,36449.0,4.0,31190,182396.0,975256.0,13.0,28167,37252723.0,510.0,876060051.0,11991.0
24,MD,"Anne Arundel County, MD",24003,Anne Arundel County,38.993579,-76.56048,No,559737,13,473758,13,4,41313,2678948.0,397690.0,5.0,206068,926081.0,4918708.0,9.0,204829,255353561.0,456.0,5924809537.0,10585.0
24,MD,"Baltimore County, MD",24005,Baltimore County,39.443167,-76.616569,No,825666,14,647878,13,4,41413,3329090.0,494271.0,4.0,316520,1150828.0,12074308.0,15.0,312826,365022997.0,442.0,8851284047.0,10720.0
24,MD,"Calvert County, MD",24009,Calvert County,38.522611,-76.529493,No,90527,9,36584,6,4,40906,486559.0,66969.0,5.0,33977,168198.0,356705.0,4.0,31479,30581123.0,338.0,671467783.0,7417.0
24,MD,"Caroline County, MD",24011,Caroline County,38.871531,-75.831662,No,32653,6,13758,4,4,40604,159738.0,23675.0,5.0,12999,55220.0,48690.0,1.0,12010,15876269.0,486.0,346313889.0,10606.0
24,MD,"Carroll County, MD",24013,Carroll County,39.563301,-77.015368,No,167535,10,101065,9,4,41009,815678.0,116086.0,5.0,59281,281970.0,912211.0,5.0,60449,57505144.0,343.0,1268711784.0,7573.0
24,MD,"Cecil County, MD",24015,Cecil County,39.562354,-75.941585,No,102175,9,49333,7,4,40907,449006.0,67695.0,4.0,40626,155216.0,213558.0,2.0,36993,54057685.0,529.0,1277699735.0,12505.0
24,MD,"Charles County, MD",24017,Charles County,38.472853,-77.015427,No,154357,10,67407,8,4,41008,769591.0,100914.0,5.0,56947,266039.0,1244602.0,8.0,54105,54741135.0,355.0,1196002189.0,7748.0
24,MD,"Dorchester County, MD",24019,Dorchester County,38.429196,-76.047433,No,32451,6,19211,5,4,40605,161803.0,24026.0,5.0,16051,55933.0,65975.0,2.0,13206,17650062.0,544.0,382976263.0,11802.0
24,MD,"Frederick County, MD",24021,Frederick County,39.470429,-77.397624,No,243465,11,179378,10,4,41110,1257674.0,142669.0,5.0,87946,713928.0,2070394.0,9.0,88995,137628684.0,565.0,3211354186.0,13190.0
24,MD,"Garrett County, MD",24023,Garrett County,39.547299,-79.274619,No,29677,6,19468,5,5,50605,143085.0,16231.0,5.0,17919,81224.0,167693.0,6.0,11644,19632830.0,662.0,459666435.0,15489.0
24,MD,"Harford County, MD",24025,Harford County,39.537429,-76.299789,No,249776,11,141918,10,4,41110,1140125.0,169363.0,5.0,92591,394128.0,2467669.0,10.0,92497,106544019.0,427.0,2504306596.0,10026.0
24,MD,"Howard County, MD",24027,Howard County,39.252264,-76.924406,No,308447,12,351901,12,4,41212,1361816.0,201622.0,4.0,108004,470764.0,3552839.0,12.0,109872,183348314.0,594.0,4344703567.0,14086.0
24,MD,"Kent County, MD",24029,Kent County,39.241279,-76.125987,No,19819,5,14659,4,4,40504,95217.0,14150.0,5.0,10252,32915.0,22798.0,1.0,7683,9266607.0,468.0,199403474.0,10061.0
24,MD,"Montgomery County, MD",24031,Montgomery County,39.137381,-77.203063,No,1026371,15,848657,14,4,41514,4347093.0,633406.0,4.0,362025,2467661.0,16965571.0,17.0,367764,357894498.0,349.0,8278595143.0,8066.0
24,MD,"Prince George's County, MD",24033,Prince George's County,38.82588,-76.847272,No,897693,14,513929,13,4,41413,3660443.0,543642.0,4.0,311056,1265373.0,15070834.0,17.0,306711,421743308.0,470.0,9690050218.0,10794.0
24,MD,"Queen Anne's County, MD",24035,Queen Anne's County,39.040693,-76.082405,No,48712,7,23546,5,4,40705,250553.0,37460.0,5.0,19947,86613.0,78210.0,2.0,17785,34627188.0,711.0,766825657.0,15742.0
24,MD,"St. Mary's County, MD",24037,St. Mary's County,38.220289,-76.530384,No,110675,9,59544,8,4,40908,543307.0,71242.0,5.0,42480,187815.0,463099.0,4.0,38978,35950400.0,325.0,784878217.0,7092.0
24,MD,"Somerset County, MD",24039,Somerset County,38.07445,-75.853323,No,25899,6,7772,3,4,40603,101144.0,14991.0,4.0,10807,34964.0,29535.0,1.0,8328,11161282.0,431.0,239858415.0,9261.0
24,MD,"Talbot County, MD",24041,Talbot County,38.748352,-76.17848,No,37668,6,34424,6,4,40606,207295.0,30390.0,6.0,19328,71659.0,232075.0,6.0,16481,26617034.0,707.0,576773036.0,15312.0
24,MD,"Washington County, MD",24043,Washington County,39.603621,-77.814671,No,149571,10,120424,9,4,41009,743152.0,82207.0,5.0,57474,421856.0,870444.0,6.0,56094,80312193.0,537.0,1945503580.0,13007.0
24,MD,"Wicomico County, MD",24045,Wicomico County,38.367375,-75.632089,No,101527,9,72590,8,4,40908,456159.0,67944.0,4.0,40282,157689.0,227054.0,2.0,37170,46091278.0,454.0,993585261.0,9786.0
24,MD,"Worcester County, MD",24047,Worcester County,38.222133,-75.309931,No,51441,7,36314,6,4,40706,256183.0,37979.0,5.0,53653,88559.0,127947.0,2.0,21010,34055566.0,662.0,727957651.0,14151.0
24,MD,"Baltimore city, MD",24510,Baltimore city,39.300032,-76.610476,No,621000,13,587677,13,4,41313,2292197.0,340323.0,4.0,278853,792386.0,12932794.0,21.0,242416,206485100.0,333.0,4525773285.0,7288.0
25,MA,"Barnstable County, MA",25001,Barnstable County,41.799014,-70.21188,No,214703,11,153308,10,5,51110,713517.0,148827.0,3.0,158185,182445.0,4388025.0,20.0,94351,138735594.0,646.0,3171487421.0,14772.0
25,MA,"Berkshire County, MA",25003,Berkshire County,42.375314,-73.213948,No,128563,10,106616,9,5,51009,373062.0,71039.0,3.0,66933,95391.0,2050045.0,16.0,54854,61585152.0,479.0,1449164026.0,11272.0
25,MA,"Bristol County, MA",25005,Bristol County,41.746863,-71.090509,No,554868,13,403928,12,5,51312,1473178.0,282048.0,3.0,226954,376688.0,9778916.0,18.0,212933,213234016.0,384.0,5053212944.0,9107.0
25,MA,"Dukes County, MA",25007,Dukes County,41.38097,-70.701499,No,17137,5,11330,4,5,50504,52163.0,10880.0,3.0,17162,13338.0,,,6134,8980500.0,524.0,198501367.0,11583.0
25,MA,"Essex County, MA",25009,Essex County,42.642711,-70.865107,No,769362,14,577774,13,5,51413,2029842.0,385805.0,3.0,302172,519026.0,14739093.0,19.0,288291,287588314.0,374.0,6762011754.0,8789.0
25,MA,"Franklin County, MA",25011,Franklin County,42.584504,-72.591792,No,70916,8,40463,7,5,50807,220493.0,41889.0,3.0,32966,56380.0,582134.0,8.0,30389,39374050.0,555.0,932654701.0,13152.0
25,MA,"Hampden County, MA",25013,Hampden County,42.136198,-72.635648,No,468072,13,341719,12,5,51312,1370299.0,244656.0,3.0,187937,350382.0,8128831.0,17.0,177153,185308095.0,396.0,4359493282.0,9314.0
25,MA,"Hampshire County, MA",25015,Hampshire County,42.339459,-72.663694,No,161035,10,124712,9,5,51009,433636.0,80297.0,3.0,61573,110880.0,1563167.0,10.0,58448,54892793.0,341.0,1288962242.0,8004.0
25,MA,"Middlesex County, MA",25017,Middlesex County,42.481711,-71.394917,No,1567610,16,1775554,16,5,51616,4014211.0,801341.0,3.0,607409,1026424.0,29605916.0,19.0,587735,608544863.0,388.0,14357819741.0,9159.0
25,MA,"Nantucket County, MA",25019,Nantucket County,41.305878,-70.14191,Yes,10694,3,9360,3,5,50303,35925.0,7170.0,3.0,11659,9186.0,52688.0,5.0,3836,4600735.0,430.0,97912124.0,9156.0
25,MA,"Norfolk County, MA",25021,Norfolk County,42.17175,-71.181115,No,691218,14,695818,14,5,51414,1865160.0,373144.0,3.0,267453,476917.0,12712443.0,18.0,260061,307031586.0,444.0,7213928059.0,10437.0
25,MA,"Plymouth County, MA",25023,Plymouth County,41.987196,-70.741942,No,506657,13,334726,12,5,51312,1470850.0,291464.0,3.0,199444,376093.0,8245722.0,16.0,182252,207982756.0,411.0,4814651831.0,9503.0
25,MA,"Suffolk County, MA",25025,Suffolk County,42.33196,-71.020173,Yes,767719,14,1224755,15,5,51415,1572552.0,325435.0,2.0,317473,402098.0,13652624.0,18.0,299658,160786747.0,209.0,3807234992.0,4959.0
25,MA,"Worcester County, MA",25027,Worcester County,42.311693,-71.940282,No,813589,14,601680,13,5,51413,2377043.0,459389.0,3.0,322264,607804.0,9226185.0,11.0,302794,387868800.0,477.0,9153375515.0,11251.0
26,MI,"Alcona County, MI",26001,Alcona County,44.682535,-82.83408,No,10461,3,2354,1,6,60301,36002.0,5546.0,3.0,10737,20885.0,159940.0,15.0,4973,5257243.0,503.0,115425262.0,11034.0
26,MI,"Alger County, MI",26003,Alger County,47.080077,-86.564108,No,9396,3,3322,1,6,60301,17722.0,4091.0,2.0,5562,13499.0,165437.0,18.0,3433,8123493.0,865.0,179530372.0,19107.0
26,MI,"Allegan County, MI",26005,Allegan County,42.595787,-86.634745,No,113666,9,71211,8,5,50908,357141.0,54851.0,3.0,50259,207176.0,1837222.0,16.0,42097,59590320.0,524.0,1359742349.0,11963.0
26,MI,"Alpena County, MI",26007,Alpena County,44.894954,-83.426574,No,28929,6,20418,5,6,60605,77240.0,11746.0,3.0,15547,44807.0,221834.0,8.0,12670,12142415.0,420.0,268186819.0,9271.0
26,MI,"Antrim County, MI",26009,Antrim County,45.005455,-85.175639,No,23215,5,7366,2,6,60502,80564.0,12384.0,3.0,17359,46735.0,561068.0,24.0,9841,13106075.0,565.0,286692249.0,12349.0
26,MI,"Arenac County, MI",26011,Arenac County,44.036833,-83.740675,No,15327,4,6220,2,6,60402,53625.0,8258.0,3.0,9492,31107.0,251307.0,16.0,6514,12343141.0,805.0,288333066.0,18812.0
26,MI,"Baraga County, MI",26013,Baraga County,46.695859,-88.36181,No,8612,3,3299,1,7,70301,16799.0,3451.0,2.0,4404,12796.0,144542.0,17.0,2962,5906438.0,686.0,130959866.0,15207.0
26,MI,"Barry County, MI",26015,Barry County,42.582811,-85.31455,No,59316,8,20706,5,5,50805,200826.0,30873.0,3.0,26349,116499.0,961154.0,16.0,22858,18861697.0,318.0,417454275.0,7038.0
26,MI,"Bay County, MI",26017,Bay County,43.699711,-83.978701,No,106107,9,61531,8,5,50908,350699.0,52786.0,3.0,46756,203440.0,3020786.0,28.0,43714,49011195.0,462.0,1141101235.0,10754.0
26,MI,"Benzie County, MI",26019,Benzie County,44.648621,-86.494317,No,17462,5,7125,2,6,60502,56610.0,8703.0,3.0,11958,32839.0,382231.0,22.0,7169,10221690.0,585.0,224469101.0,12855.0
26,MI,"Berrien County, MI",26021,Berrien County,41.792639,-86.741822,No,155134,10,104334,9,5,51009,634568.0,70867.0,4.0,74792,360217.0,2914480.0,19.0,62282,84138179.0,542.0,1970232094.0,12700.0
26,MI,"Branch County, MI",26023,Branch County,41.918455,-85.066885,No,43603,7,23393,5,5,50705,134018.0,20633.0,3.0,20075,77744.0,704148.0,16.0,16118,20418654.0,468.0,470361997.0,10787.0
26,MI,"Calhoun County, MI",26025,Calhoun County,42.24299,-85.012385,No,134691,10,105814,9,5,51009,423643.0,65236.0,3.0,59048,245754.0,3342785.0,25.0,53089,73581907.0,546.0,1738372987.0,12906.0
26,MI,"Cass County, MI",26027,Cass County,41.916966,-86.000257,No,51795,7,14981,4,5,50704,233272.0,28712.0,5.0,25229,135321.0,818477.0,16.0,20246,19117786.0,369.0,424704390.0,8200.0
26,MI,"Charlevoix County, MI",26029,Charlevoix County,45.513164,-85.450392,No,26172,6,16552,4,6,60604,82685.0,12682.0,3.0,16949,47965.0,758478.0,29.0,11043,12918384.0,494.0,280790448.0,10729.0
26,MI,"Cheboygan County, MI",26031,Cheboygan County,45.47612,-84.495271,No,25579,6,9158,3,6,60603,80933.0,12460.0,3.0,17807,46949.0,194325.0,8.0,11185,14802250.0,579.0,335962324.0,13134.0
26,MI,"Chippewa County, MI",26033,Chippewa County,46.321819,-84.52063,No,38330,7,17836,5,7,70705,100669.0,12698.0,3.0,17878,57146.0,870783.0,23.0,13905,16073304.0,419.0,363063057.0,9472.0
26,MI,"Clare County, MI",26035,Clare County,43.991137,-84.838325,No,30608,6,12166,4,6,60604,108572.0,16697.0,4.0,22508,62982.0,721641.0,24.0,12918,16014875.0,523.0,352003112.0,11500.0
26,MI,"Clinton County, MI",26037,Clinton County,42.950455,-84.591695,No,77245,8,32914,6,5,50806,252573.0,38850.0,3.0,30147,146517.0,1565079.0,20.0,28919,48217658.0,624.0,1164929020.0,15081.0
26,MI,"Crawford County, MI",26039,Crawford County,44.680208,-84.611132,No,13840,4,6954,2,6,60402,45696.0,7027.0,3.0,10775,26508.0,294927.0,21.0,6064,13033517.0,942.0,300980088.0,21747.0
26,MI,"Delta County, MI",26041,Delta County,45.805229,-86.901938,No,36570,6,24265,5,6,60605,83726.0,17549.0,2.0,17035,63775.0,1277282.0,35.0,15816,19216557.0,525.0,426157915.0,11653.0
26,MI,"Dickinson County, MI",26043,Dickinson County,46.012823,-87.866119,No,25889,6,24946,5,6,60605,74634.0,11220.0,3.0,11795,42367.0,951558.0,37.0,11175,11925177.0,461.0,262632917.0,10145.0
26,MI,"Eaton County, MI",26045,Eaton County,42.589614,-84.846524,No,108544,9,79429,8,5,50908,352711.0,54047.0,3.0,45801,204607.0,2308479.0,21.0,43908,53122329.0,489.0,1272040321.0,11719.0
26,MI,"Emmet County, MI",26047,Emmet County,45.590094,-84.986822,No,33091,6,29418,6,6,60606,104503.0,16070.0,3.0,20752,60622.0,796665.0,24.0,14144,17308089.0,523.0,378662970.0,11443.0
26,MI,"Genesee County, MI",26049,Genesee County,43.021077,-83.706372,No,413090,12,239958,11,5,51211,1468457.0,226219.0,4.0,186608,851848.0,12324685.0,30.0,166244,167793785.0,406.0,3956851649.0,9579.0
26,MI,"Gladwin County, MI",26051,Gladwin County,43.98975,-84.389816,No,25367,6,7646,3,6,60603,88300.0,13598.0,3.0,17162,51222.0,400331.0,16.0,10838,9271241.0,365.0,205590557.0,8105.0
26,MI,"Gogebic County, MI",26053,Gogebic County,46.488054,-89.788314,No,15650,4,8092,3,7,70403,46257.0,5824.0,3.0,9056,26173.0,374889.0,24.0,6636,7618075.0,487.0,166080938.0,10612.0
26,MI,"Grand Traverse County, MI",26055,Grand Traverse County,44.718688,-85.553848,No,90715,9,89729,9,6,60909,263432.0,40454.0,3.0,41223,152816.0,2990367.0,33.0,35708,43258390.0,477.0,961881193.0,10603.0
26,MI,"Gratiot County, MI",26057,Gratiot County,43.292326,-84.60469,No,41676,7,20354,5,5,50705,122561.0,18853.0,3.0,15790,71097.0,776487.0,19.0,14721,21009226.0,504.0,467630156.0,11221.0
26,MI,"Hillsdale County, MI",26059,Hillsdale County,41.864475,-84.642409,No,46024,7,21127,5,5,50705,155804.0,23987.0,3.0,21107,90381.0,710912.0,15.0,17775,16100701.0,350.0,357223353.0,7762.0
26,MI,"Houghton County, MI",26061,Houghton County,46.998431,-88.651908,No,36565,6,17430,5,7,70605,69057.0,16036.0,2.0,15697,52602.0,711324.0,19.0,13378,12693147.0,347.0,277652906.0,7593.0
26,MI,"Huron County, MI",26063,Huron County,43.907616,-82.857045,No,32021,6,21342,5,6,60605,110983.0,17288.0,3.0,22272,64381.0,701949.0,22.0,13885,13389409.0,418.0,296222209.0,9251.0
26,MI,"Ingham County, MI",26065,Ingham County,42.603534,-84.373811,No,284559,11,218863,11,5,51111,829401.0,125939.0,3.0,119625,481133.0,6421920.0,23.0,111118,114037551.0,401.0,2667031624.0,9373.0
26,MI,"Ionia County, MI",26067,Ionia County,42.94465,-85.073766,No,64126,8,22228,5,5,50805,187229.0,28795.0,3.0,23957,108611.0,1155735.0,18.0,22293,35987505.0,561.0,860908795.0,13425.0
26,MI,"Iosco County, MI",26069,Iosco County,44.329482,-82.849447,No,25373,6,12437,4,6,60604,87561.0,13484.0,3.0,19864,50794.0,841841.0,33.0,11483,13362405.0,527.0,294439303.0,11604.0
26,MI,"Iron County, MI",26071,Iron County,46.170254,-88.540526,No,11393,4,5027,2,7,70402,29780.0,5788.0,3.0,7784,16905.0,342581.0,30.0,5401,7012817.0,616.0,152318064.0,13369.0
26,MI,"Isabella County, MI",26073,Isabella County,43.645233,-84.839424,No,70574,8,46962,7,6,60807,193550.0,29766.0,3.0,27841,112278.0,1092270.0,15.0,24712,30572925.0,433.0,678329753.0,9612.0
26,MI,"Jackson County, MI",26075,Jackson County,42.248474,-84.420868,No,159483,10,99865,9,5,51009,528723.0,81392.0,3.0,67205,306711.0,3962390.0,25.0,60803,69700550.0,437.0,1648430305.0,10336.0
26,MI,"Kalamazoo County, MI",26077,Kalamazoo County,42.246266,-85.532854,No,258605,11,214339,11,5,51111,852842.0,130684.0,3.0,107670,494731.0,5896191.0,23.0,101589,112025964.0,433.0,2602474037.0,10064.0
26,MI,"Kalkaska County, MI",26079,Kalkaska County,44.678881,-85.088992,No,17259,5,6859,2,6,60502,56327.0,8646.0,3.0,11801,32675.0,271868.0,16.0,7031,12634515.0,732.0,272874730.0,15811.0
26,MI,"Kent County, MI",26081,Kent County,43.032497,-85.547446,No,629352,13,716498,14,5,51314,1630440.0,251033.0,3.0,242384,945814.0,20222120.0,32.0,234570,274146502.0,436.0,6272931357.0,9967.0
26,MI,"Keweenaw County, MI",26083,Keweenaw County,47.681974,-88.148797,No,2195,1,322,1,7,70101,5468.0,1285.0,2.0,2070,4165.0,30196.0,14.0,1023,2320464.0,1057.0,50103542.0,22826.0
26,MI,"Lake County, MI",26085,Lake County,43.995187,-85.8114,No,11415,4,2131,1,6,60401,36278.0,5578.0,3.0,14544,21045.0,129440.0,11.0,4394,5291245.0,464.0,114304836.0,10014.0
26,MI,"Lapeer County, MI",26087,Lapeer County,43.088633,-83.224325,No,88310,9,36576,6,5,50906,303283.0,47326.0,3.0,38135,175933.0,1773988.0,20.0,32757,38561238.0,437.0,899693090.0,10188.0
26,MI,"Leelanau County, MI",26089,Leelanau County,45.146182,-86.051574,No,21764,5,9137,3,6,60503,73665.0,11320.0,3.0,14808,42733.0,612782.0,28.0,8984,11162466.0,513.0,248203118.0,11404.0
26,MI,"Lenawee County, MI",26091,Lenawee County,41.896109,-84.07435,No,98673,9,46710,7,5,50907,321276.0,49594.0,3.0,42903,186371.0,2194354.0,22.0,37856,37684736.0,382.0,846338677.0,8577.0
26,MI,"Livingston County, MI",26093,Livingston County,42.602532,-83.911718,No,185841,10,103816,9,5,51009,614017.0,95694.0,3.0,78611,356189.0,4967326.0,27.0,69763,99304528.0,534.0,2420077502.0,13022.0
26,MI,"Luce County, MI",26095,Luce County,46.940602,-85.582368,No,6451,2,3029,1,7,70201,17295.0,2182.0,3.0,3657,9818.0,118778.0,18.0,2316,4205093.0,652.0,91830590.0,14235.0
26,MI,"Mackinac County, MI",26097,Mackinac County,46.167868,-85.303762,No,10998,3,4128,1,7,70301,41026.0,5175.0,4.0,9281,23289.0,173406.0,16.0,5230,10683811.0,971.0,245752990.0,22345.0
26,MI,"Macomb County, MI",26099,Macomb County,42.671467,-82.910869,No,859703,14,596730,13,5,51413,2549109.0,397439.0,3.0,375219,1478731.0,25187971.0,29.0,338893,316092847.0,368.0,7318602833.0,8513.0
26,MI,"Manistee County, MI",26101,Manistee County,44.350385,-86.602967,No,24465,5,11723,4,6,60504,74685.0,11469.0,3.0,15248,43324.0,649322.0,27.0,9977,12198730.0,499.0,265608363.0,10857.0
26,MI,"Marquette County, MI",26103,Marquette County,46.656596,-87.584028,No,67418,8,42808,7,6,60807,133190.0,29505.0,2.0,37654,101453.0,1462213.0,22.0,26293,28249735.0,419.0,623119376.0,9243.0
26,MI,"Mason County, MI",26105,Mason County,43.996636,-86.750814,No,28755,6,18287,5,6,60605,94709.0,14563.0,3.0,16839,54940.0,718463.0,25.0,12171,13870329.0,482.0,306183696.0,10648.0
26,MI,"Mecosta County, MI",26107,Mecosta County,43.635295,-85.332751,No,43259,7,18900,5,6,60705,121741.0,18696.0,3.0,20542,70621.0,744738.0,17.0,15528,19365007.0,448.0,429765806.0,9935.0
26,MI,"Menominee County, MI",26109,Menominee County,45.538237,-87.492949,No,23568,5,10137,3,6,60503,75696.0,10529.0,3.0,11926,42969.0,479431.0,20.0,10586,11877405.0,504.0,262006683.0,11117.0
26,MI,"Midland County, MI",26111,Midland County,43.648203,-84.379414,No,83559,8,67763,8,5,50808,288683.0,44455.0,3.0,35325,167464.0,2054594.0,25.0,33757,41118353.0,492.0,910902967.0,10901.0
26,MI,"Missaukee County, MI",26113,Missaukee County,44.325424,-85.085471,No,15032,4,4669,1,6,60401,47271.0,7274.0,3.0,8835,27422.0,208869.0,14.0,5843,7365919.0,490.0,159802312.0,10631.0
26,MI,"Monroe County, MI",26115,Monroe County,41.916097,-83.487106,No,149945,10,73479,8,5,51008,507341.0,78854.0,3.0,65714,294307.0,3373697.0,22.0,58516,73780819.0,492.0,1770341104.0,11807.0
26,MI,"Montcalm County, MI",26117,Montcalm County,43.312782,-85.149468,No,62922,8,24301,5,5,50805,189518.0,29135.0,3.0,27363,109939.0,1105300.0,18.0,23057,27303846.0,434.0,604723226.0,9611.0
26,MI,"Montmorency County, MI",26119,Montmorency County,45.024134,-84.130107,No,9317,3,3071,1,6,60301,29195.0,4489.0,3.0,9281,16936.0,62636.0,7.0,4122,6400397.0,687.0,138614404.0,14878.0
26,MI,"Muskegon County, MI",26121,Muskegon County,43.289258,-86.751892,No,172148,10,105064,9,5,51009,480203.0,73922.0,3.0,71427,278564.0,5680412.0,33.0,64914,68792783.0,400.0,1522574505.0,8845.0
26,MI,"Newaygo County, MI",26123,Newaygo County,43.562709,-85.791423,No,47957,7,18021,5,6,60705,158627.0,24392.0,3.0,24258,92019.0,924195.0,19.0,18394,18407695.0,384.0,402789681.0,8399.0
26,MI,"Oakland County, MI",26125,Oakland County,42.660452,-83.38421,No,1235215,15,1385666,15,5,51515,3920667.0,611753.0,3.0,561333,2274367.0,41156650.0,33.0,496727,566825118.0,459.0,13472643739.0,10907.0
26,MI,"Oceana County, MI",26127,Oceana County,43.647255,-86.807575,No,26152,6,9698,3,6,60603,87606.0,13471.0,3.0,15520,50820.0,479042.0,18.0,10043,14016004.0,536.0,305728911.0,11690.0
26,MI,"Ogemaw County, MI",26129,Ogemaw County,44.33328,-84.128073,No,21103,5,10437,3,6,60503,79112.0,12183.0,4.0,15593,45893.0,461280.0,22.0,9318,12939317.0,613.0,292265639.0,13849.0
26,MI,"Ontonagon County, MI",26131,Ontonagon County,47.216604,-89.500461,No,6165,2,1763,1,7,70201,16601.0,3443.0,3.0,4760,12645.0,116208.0,19.0,2969,4950397.0,803.0,109598020.0,17777.0
26,MI,"Osceola County, MI",26133,Osceola County,43.997552,-85.322283,No,23172,5,11982,4,6,60504,75403.0,11583.0,3.0,13202,43741.0,389960.0,17.0,8847,15401075.0,665.0,341581718.0,14741.0
26,MI,"Oscoda County, MI",26135,Oscoda County,44.687257,-84.126905,No,8374,3,2769,1,6,60301,27039.0,4159.0,3.0,8845,15685.0,76276.0,9.0,3662,4862595.0,581.0,105283067.0,12573.0
26,MI,"Otsego County, MI",26137,Otsego County,45.021787,-84.576603,No,24198,5,17726,5,6,60505,73517.0,11307.0,3.0,14391,42647.0,643336.0,27.0,9809,15017624.0,621.0,343171080.0,14182.0
26,MI,"Ottawa County, MI",26139,Ottawa County,42.942461,-86.654946,No,276583,11,218371,11,5,51111,680438.0,104615.0,2.0,110014,394720.0,5645467.0,20.0,97687,106240145.0,384.0,2467309941.0,8921.0
26,MI,"Presque Isle County, MI",26141,Presque Isle County,45.489515,-83.384019,No,12955,4,4284,1,6,60401,42698.0,6576.0,3.0,10121,24769.0,90856.0,7.0,5911,6555602.0,506.0,143884018.0,11106.0
26,MI,"Roscommon County, MI",26143,Roscommon County,44.339517,-84.611271,No,23900,5,9409,3,6,60503,86697.0,13351.0,4.0,23720,50293.0,847780.0,35.0,11344,17776588.0,744.0,403158277.0,16869.0
26,MI,"Saginaw County, MI",26145,Saginaw County,43.328267,-84.05541,No,195201,11,156792,10,5,51110,696456.0,107308.0,4.0,84951,404012.0,5698914.0,29.0,77928,91141890.0,467.0,2091120485.0,10713.0
26,MI,"St. Clair County, MI",26147,St. Clair County,42.928803,-82.668913,No,160069,10,84374,8,5,51008,511862.0,79874.0,3.0,75681,296930.0,4006120.0,25.0,64529,61262042.0,383.0,1423271054.0,8892.0
26,MI,"St. Joseph County, MI",26149,St. Joseph County,41.911488,-85.52287,No,60923,8,39224,7,5,50807,209153.0,29652.0,3.0,26901,121329.0,1084363.0,18.0,23198,22407314.0,368.0,494178462.0,8112.0
26,MI,"Sanilac County, MI",26151,Sanilac County,43.449155,-82.642815,No,41761,7,16662,4,6,60704,139040.0,21659.0,3.0,24051,80657.0,738552.0,18.0,16881,17814801.0,427.0,396088728.0,9485.0
26,MI,"Schoolcraft County, MI",26153,Schoolcraft County,46.021122,-86.197029,No,8186,3,3659,1,7,70301,21686.0,3601.0,3.0,5327,12310.0,150473.0,18.0,3318,7844746.0,958.0,174297016.0,21292.0
26,MI,"Shiawassee County, MI",26155,Shiawassee County,42.951545,-84.146352,No,68800,8,26511,6,5,50806,259531.0,39992.0,4.0,29475,150553.0,1486163.0,22.0,27480,32217305.0,468.0,761443034.0,11067.0
26,MI,"Tuscola County, MI",26157,Tuscola County,43.487902,-83.436618,No,54014,7,17232,5,5,50705,180040.0,28049.0,3.0,25530,104440.0,861663.0,16.0,21459,20205937.0,374.0,446648080.0,8269.0
26,MI,"Van Buren County, MI",26159,Van Buren County,42.28215,-86.306076,No,75216,8,32837,6,5,50806,256638.0,38689.0,3.0,37475,148875.0,1198469.0,16.0,28623,43100747.0,573.0,1013291719.0,13472.0
26,MI,"Washtenaw County, MI",26161,Washtenaw County,42.252327,-83.844634,No,358082,12,300270,12,5,51212,1136810.0,177231.0,3.0,156637,659460.0,10720599.0,30.0,138672,165574700.0,462.0,4031258048.0,11258.0
26,MI,"Wayne County, MI",26163,Wayne County,42.284664,-83.261953,No,1767593,16,1267940,15,5,51615,5500240.0,852312.0,3.0,759759,3190673.0,80083169.0,45.0,669412,721556810.0,408.0,16596172291.0,9389.0
26,MI,"Wexford County, MI",26165,Wexford County,44.331375,-85.570046,No,32829,6,24283,5,6,60605,98931.0,15219.0,3.0,16242,57390.0,785829.0,24.0,12975,19267721.0,587.0,421808210.0,12849.0
27,MN,"Aitkin County, MN",27001,Aitkin County,46.602446,-93.41976,No,15722,4,6244,2,7,70402,70875.0,10027.0,5.0,15553,40102.0,135223.0,9.0,7640,9216661.0,586.0,227383218.0,14463.0
27,MN,"Anoka County, MN",27003,Anoka County,45.27411,-93.242723,No,341249,12,227544,11,6,61211,1023300.0,135595.0,3.0,123954,579006.0,8866014.0,26.0,125260,105268581.0,308.0,2428869831.0,7118.0
27,MN,"Becker County, MN",27005,Becker County,46.937629,-95.741757,No,33375,6,21475,5,7,70605,167053.0,19096.0,5.0,19079,94522.0,379626.0,11.0,13495,22784342.0,683.0,541985218.0,16239.0
27,MN,"Beltrami County, MN",27007,Beltrami County,47.879508,-95.00505,No,45644,7,28979,6,7,70706,225109.0,27790.0,5.0,19980,127372.0,460282.0,10.0,16906,17659809.0,387.0,430786908.0,9438.0
27,MN,"Benton County, MN",27009,Benton County,45.701225,-94.00144,No,39457,7,30319,6,6,60706,145686.0,19149.0,4.0,15820,82432.0,674803.0,17.0,15726,18616671.0,472.0,442302819.0,11210.0
27,MN,"Big Stone County, MN",27011,Big Stone County,45.419925,-96.402226,No,5098,2,3252,1,6,60201,23974.0,2483.0,5.0,3000,13565.0,59473.0,12.0,2226,3093893.0,607.0,77015818.0,15107.0
27,MN,"Blue Earth County, MN",27013,Blue Earth County,44.03371,-94.064012,No,65524,8,73866,8,6,60808,204269.0,26885.0,3.0,26027,115580.0,1304891.0,20.0,25081,29337253.0,448.0,698746073.0,10664.0
27,MN,"Brown County, MN",27015,Brown County,44.246541,-94.733647,No,25327,6,26166,6,6,60606,122764.0,15503.0,5.0,11090,69463.0,511870.0,20.0,10641,9242190.0,365.0,223357391.0,8819.0
27,MN,"Carlton County, MN",27017,Carlton County,46.603818,-92.671044,No,35482,6,15998,4,7,70604,122012.0,14466.0,3.0,15120,69037.0,461355.0,13.0,13289,21740048.0,613.0,590818409.0,16651.0
27,MN,"Carver County, MN",27019,Carver County,44.82132,-93.800091,No,97143,9,78664,8,6,60908,315465.0,41309.0,3.0,39935,178497.0,2174407.0,22.0,34990,35684013.0,367.0,820977637.0,8451.0
27,MN,"Cass County, MN",27021,Cass County,46.951745,-94.333705,No,28633,6,13895,4,7,70604,139164.0,16315.0,5.0,24077,78742.0,295252.0,10.0,12806,17972852.0,628.0,437409941.0,15276.0
27,MN,"Chippewa County, MN",27023,Chippewa County,45.028625,-95.564108,No,12126,4,10011,3,6,60403,52390.0,6867.0,4.0,5486,29643.0,158310.0,13.0,4997,6424027.0,530.0,154021279.0,12702.0
27,MN,"Chisago County, MN",27025,Chisago County,45.505444,-92.903849,No,54041,7,27127,6,6,60706,199312.0,26914.0,4.0,20499,112775.0,1103906.0,20.0,19790,30866824.0,571.0,787706559.0,14576.0
27,MN,"Clay County, MN",27027,Clay County,46.898377,-96.494901,No,61402,8,33602,6,7,70806,266796.0,32989.0,4.0,24024,150959.0,840169.0,14.0,23034,38201268.0,622.0,965034809.0,15717.0
27,MN,"Clearwater County, MN",27029,Clearwater County,47.575873,-95.371117,No,8764,3,4407,1,7,70301,45796.0,5573.0,5.0,4573,25912.0,43847.0,5.0,3435,5262463.0,600.0,133205701.0,15199.0
27,MN,"Cook County, MN",27031,Cook County,47.538569,-90.29019,No,5215,2,3982,1,7,70201,28517.0,4128.0,5.0,3771,16135.0,22354.0,4.0,2661,5836764.0,1119.0,145737382.0,27946.0
27,MN,"Cottonwood County, MN",27033,Cottonwood County,44.010711,-95.18313,No,11557,4,7795,3,6,60403,72311.0,8628.0,6.0,5178,40915.0,199289.0,17.0,4822,5998360.0,519.0,148721522.0,12869.0
27,MN,"Crow Wing County, MN",27035,Crow Wing County,46.491653,-94.070718,No,63321,8,52584,7,7,70807,224629.0,24965.0,4.0,39251,127100.0,1146286.0,18.0,26398,33986213.0,537.0,789081827.0,12462.0
27,MN,"Dakota County, MN",27037,Dakota County,44.670893,-93.062481,No,411402,12,355870,12,6,61212,1274920.0,167917.0,3.0,179399,721379.0,10405872.0,25.0,157696,183034481.0,445.0,4321080978.0,10503.0
27,MN,"Dodge County, MN",27039,Dodge County,44.020706,-92.869353,No,20361,5,9461,3,6,60503,75499.0,9973.0,4.0,7706,42719.0,364373.0,18.0,7583,8894225.0,437.0,219049947.0,10758.0
27,MN,"Douglas County, MN",27041,Douglas County,45.936829,-95.462156,No,36862,6,36166,6,6,60606,162135.0,17976.0,4.0,20515,91739.0,540245.0,15.0,15688,22597886.0,613.0,621181279.0,16852.0
27,MN,"Faribault County, MN",27043,Faribault County,43.676522,-93.947234,No,14119,4,8178,3,6,60403,76232.0,10017.0,5.0,7030,43134.0,220639.0,16.0,6347,9118209.0,646.0,264053051.0,18702.0
27,MN,"Fillmore County, MN",27045,Fillmore County,43.679187,-92.093937,No,20877,5,9326,3,6,60503,105260.0,14693.0,5.0,9421,59558.0,341457.0,16.0,8540,9958491.0,477.0,245573112.0,11763.0
27,MN,"Freeborn County, MN",27047,Freeborn County,43.674202,-93.350289,No,30751,6,23004,5,6,60605,127578.0,16189.0,4.0,13489,72187.0,483807.0,16.0,13046,21142492.0,688.0,610894521.0,19866.0
27,MN,"Goodhue County, MN",27049,Goodhue County,44.406178,-92.716,No,46450,7,40186,7,6,60707,174206.0,22961.0,4.0,21572,98570.0,919127.0,20.0,19051,31278982.0,673.0,736616507.0,15858.0
27,MN,"Grant County, MN",27051,Grant County,45.930743,-96.010699,No,5943,2,2769,1,7,70201,29948.0,3329.0,5.0,3156,16945.0,25885.0,4.0,2547,5288199.0,890.0,148267398.0,24948.0
27,MN,"Hennepin County, MN",27053,Hennepin County,45.006121,-93.475228,No,1209265,15,1776344,16,6,61516,3418667.0,450399.0,3.0,499341,1934358.0,32569410.0,27.0,493832,491294502.0,406.0,11613351147.0,9604.0
27,MN,"Houston County, MN",27055,Houston County,43.66699,-91.501556,No,18791,5,7936,3,6,60503,88007.0,12044.0,5.0,8264,49796.0,331784.0,18.0,7989,7862520.0,418.0,193149879.0,10279.0
27,MN,"Hubbard County, MN",27057,Hubbard County,47.095551,-94.91329,No,20640,5,8987,3,7,70503,112336.0,12838.0,5.0,14017,63562.0,189995.0,9.0,8741,11439682.0,554.0,281134060.0,13621.0
27,MN,"Isanti County, MN",27059,Isanti County,45.562431,-93.296339,No,38461,7,17635,5,6,60705,147469.0,21147.0,4.0,14829,83441.0,552618.0,14.0,14403,11233599.0,292.0,283917781.0,7382.0
27,MN,"Itasca County, MN",27061,Itasca County,47.490817,-93.611102,No,45356,7,28121,6,7,70706,176500.0,21652.0,4.0,26215,99868.0,606126.0,13.0,19126,20459598.0,451.0,488114659.0,10762.0
27,MN,"Jackson County, MN",27063,Jackson County,43.671111,-95.149731,No,10163,3,9419,3,6,60303,63947.0,6880.0,6.0,4800,36182.0,163234.0,16.0,4335,10235608.0,1007.0,285072464.0,28050.0
27,MN,"Kanabec County, MN",27065,Kanabec County,45.94776,-93.297788,No,15918,4,5908,2,7,70402,64127.0,10002.0,4.0,7483,36285.0,155461.0,10.0,6290,5010384.0,315.0,128422600.0,8068.0
27,MN,"Kandiyohi County, MN",27067,Kandiyohi County,45.152714,-95.004981,No,42510,7,39213,7,6,60707,175369.0,22736.0,4.0,19104,99228.0,687994.0,16.0,16737,19348097.0,455.0,459781589.0,10816.0
27,MN,"Kittson County, MN",27069,Kittson County,48.77604,-96.780349,No,4436,1,2447,1,7,70101,23195.0,2439.0,5.0,2501,13124.0,48052.0,11.0,1913,3902656.0,880.0,99355934.0,22398.0
27,MN,"Koochiching County, MN",27071,Koochiching County,48.245489,-93.782842,No,12930,4,6891,2,7,70402,51935.0,6089.0,4.0,7541,29386.0,268267.0,21.0,5732,5756115.0,445.0,139126968.0,10760.0
27,MN,"Lac qui Parle County, MN",27073,Lac qui Parle County,44.999857,-96.176838,No,6916,2,3434,1,6,60201,35995.0,4062.0,5.0,3515,20367.0,85870.0,12.0,3111,4685877.0,678.0,117531259.0,16994.0
27,MN,"Lake County, MN",27075,Lake County,47.517111,-91.411704,No,10721,3,5560,2,7,70302,47407.0,5261.0,4.0,7405,26824.0,238912.0,22.0,5207,7739729.0,722.0,194431940.0,18136.0
27,MN,"Lake of the Woods County, MN",27077,Lake of the Woods County,48.7681,-94.904633,No,3901,1,2534,1,7,70101,19836.0,2779.0,5.0,3526,11224.0,34148.0,9.0,1551,2675780.0,686.0,68640076.0,17596.0
27,MN,"Le Sueur County, MN",27079,Le Sueur County,44.373424,-93.730143,No,27650,6,14594,4,6,60604,105254.0,13544.0,4.0,11986,59555.0,591355.0,21.0,10805,11892644.0,430.0,301340707.0,10898.0
27,MN,"Lincoln County, MN",27081,Lincoln County,44.408238,-96.272032,No,5793,2,2949,1,6,60201,29517.0,3389.0,5.0,2984,16702.0,80499.0,14.0,2477,2973303.0,513.0,75615512.0,13053.0
27,MN,"Lyon County, MN",27083,Lyon County,44.409195,-95.847268,No,25670,6,24691,5,6,60605,122494.0,14147.0,5.0,10721,69310.0,288721.0,11.0,10072,11543559.0,450.0,277672507.0,10817.0
27,MN,"McLeod County, MN",27085,McLeod County,44.821657,-94.272323,No,35926,6,32443,6,6,60606,164390.0,21033.0,5.0,15504,93016.0,764622.0,21.0,14780,14248734.0,397.0,339645652.0,9454.0
27,MN,"Mahnomen County, MN",27087,Mahnomen County,47.328387,-95.811089,No,5480,2,2513,1,7,70201,23901.0,2569.0,4.0,2654,13524.0,20497.0,4.0,1977,3732450.0,681.0,93911517.0,17137.0
27,MN,"Marshall County, MN",27089,Marshall County,48.362728,-96.357761,No,9406,3,3121,1,7,70301,51464.0,5541.0,5.0,4596,29119.0,100302.0,11.0,3991,6310635.0,671.0,164179750.0,17455.0
27,MN,"Martin County, MN",27091,Martin County,43.677118,-94.537252,No,20193,5,16154,4,6,60504,118241.0,13633.0,6.0,9551,66903.0,416392.0,21.0,8777,11671979.0,578.0,324740704.0,16082.0
27,MN,"Meeker County, MN",27093,Meeker County,45.123155,-94.527346,No,23094,5,12866,4,6,60504,114269.0,14350.0,5.0,10285,64656.0,336696.0,15.0,9119,9553330.0,414.0,233887906.0,10128.0
27,MN,"Mille Lacs County, MN",27095,Mille Lacs County,45.929043,-93.632996,No,25788,6,16806,4,7,70604,100728.0,14636.0,4.0,12196,56994.0,352501.0,14.0,10012,16469167.0,639.0,394721941.0,15306.0
27,MN,"Morrison County, MN",27097,Morrison County,46.020484,-94.266619,No,32850,6,15779,4,6,60604,127128.0,13790.0,4.0,15210,71932.0,425348.0,13.0,13275,26017966.0,792.0,629911844.0,19175.0
27,MN,"Mower County, MN",27099,Mower County,43.666249,-92.759514,No,39248,7,28238,6,6,60706,147382.0,18988.0,4.0,16296,83392.0,867851.0,22.0,15414,16240087.0,414.0,434221058.0,11064.0
27,MN,"Murray County, MN",27101,Murray County,44.015594,-95.761581,No,8463,3,4631,1,6,60301,40305.0,5304.0,5.0,4401,22805.0,66690.0,8.0,3715,4723563.0,558.0,119053935.0,14068.0
27,MN,"Nicollet County, MN",27103,Nicollet County,44.358819,-94.245685,No,33226,6,24480,5,6,60605,109942.0,14472.0,3.0,12626,62208.0,629883.0,19.0,12559,16210635.0,488.0,383194260.0,11533.0
27,MN,"Nobles County, MN",27105,Nobles County,43.677686,-95.763132,No,21729,5,18246,5,6,60505,123070.0,13816.0,6.0,8214,69636.0,289475.0,13.0,7890,11340085.0,522.0,310216203.0,14277.0
27,MN,"Norman County, MN",27107,Norman County,47.32947,-96.463807,No,6638,2,2445,1,7,70201,35257.0,4378.0,5.0,3260,19949.0,67091.0,10.0,2696,4510911.0,680.0,114142081.0,17195.0
27,MN,"Olmsted County, MN",27109,Olmsted County,44.003429,-92.406722,No,150104,10,158098,10,6,61010,558650.0,77406.0,4.0,73339,316097.0,3499274.0,23.0,58692,59480508.0,396.0,1436765311.0,9572.0
27,MN,"Otter Tail County, MN",27111,Otter Tail County,46.405725,-95.714578,No,57694,8,37549,6,7,70806,248278.0,26883.0,4.0,34228,140481.0,723031.0,13.0,23962,39146010.0,679.0,997708285.0,17293.0
27,MN,"Pennington County, MN",27113,Pennington County,48.069247,-96.037725,No,14156,4,18688,5,7,70405,76298.0,8600.0,5.0,6087,43171.0,218036.0,15.0,5923,6293046.0,445.0,152118096.0,10746.0
27,MN,"Pine County, MN",27115,Pine County,46.10094,-92.763094,No,29067,6,14442,4,7,70604,107951.0,14067.0,4.0,16537,61081.0,305364.0,11.0,10993,21381434.0,736.0,590227778.0,20306.0
27,MN,"Pipestone County, MN",27117,Pipestone County,44.015361,-96.257015,No,9285,3,6211,2,6,60302,41861.0,5513.0,5.0,4270,23686.0,155263.0,17.0,3998,4937198.0,532.0,123041440.0,13252.0
27,MN,"Polk County, MN",27119,Polk County,47.774254,-96.400027,No,31550,6,18742,5,7,70605,180301.0,21544.0,6.0,14229,102018.0,285963.0,9.0,12608,17068993.0,541.0,417546752.0,13234.0
27,MN,"Pope County, MN",27121,Pope County,45.589623,-95.446705,No,10975,3,7702,3,6,60303,49119.0,6446.0,4.0,6263,27793.0,171003.0,16.0,4815,6083871.0,554.0,152548250.0,13900.0
27,MN,"Ramsey County, MN",27123,Ramsey County,45.01525,-93.100141,No,531528,13,614326,13,6,61313,1508292.0,198838.0,3.0,209141,853426.0,12511464.0,24.0,207327,205162873.0,386.0,4897910310.0,9215.0
27,MN,"Red Lake County, MN",27125,Red Lake County,47.865487,-96.08718,No,4042,1,1134,1,7,70101,21558.0,2247.0,5.0,1857,12198.0,14891.0,4.0,1676,2532768.0,627.0,63961374.0,15824.0
27,MN,"Redwood County, MN",27127,Redwood County,44.403536,-95.254241,No,15578,4,11398,4,6,60404,70648.0,9185.0,5.0,6965,39974.0,171381.0,11.0,6262,8636185.0,554.0,214870481.0,13793.0
27,MN,"Renville County, MN",27129,Renville County,44.723697,-94.955617,No,14995,4,9171,3,6,60403,68359.0,9002.0,5.0,6991,38679.0,243953.0,16.0,6188,9833232.0,656.0,243424340.0,16234.0
27,MN,"Rice County, MN",27131,Rice County,44.350943,-93.298503,No,65116,8,49753,7,6,60807,208938.0,28036.0,3.0,24605,118222.0,1218084.0,19.0,22654,28238291.0,434.0,755312549.0,11599.0
27,MN,"Rock County, MN",27133,Rock County,43.669587,-96.263238,No,9554,3,5637,2,6,60302,65672.0,7314.0,7.0,4079,37159.0,142216.0,15.0,3932,7130644.0,746.0,206232062.0,21586.0
27,MN,"Roseau County, MN",27135,Roseau County,48.761068,-95.821504,No,15609,4,13675,4,7,70404,89157.0,11651.0,6.0,7143,50447.0,131643.0,8.0,6106,7371384.0,472.0,183779682.0,11774.0
27,MN,"St. Louis County, MN",27137,St. Louis County,47.578635,-92.51457,No,200353,11,176069,10,7,71110,649714.0,74450.0,3.0,100362,367623.0,4157808.0,21.0,85059,90452905.0,451.0,2151146475.0,10737.0
27,MN,"Scott County, MN",27139,Scott County,44.651805,-93.533731,No,139490,10,88168,9,6,61009,431549.0,56717.0,3.0,49990,244180.0,3181389.0,23.0,47154,57752495.0,414.0,1353050758.0,9700.0
27,MN,"Sherburne County, MN",27141,Sherburne County,45.453176,-93.76913,No,91188,9,43711,7,6,60907,317183.0,42234.0,3.0,34454,179469.0,1897935.0,21.0,30781,36596891.0,401.0,865567590.0,9492.0
27,MN,"Sibley County, MN",27143,Sibley County,44.575734,-94.230123,No,14957,4,6816,2,6,60402,66061.0,8681.0,4.0,6279,37379.0,237115.0,16.0,6009,9220897.0,616.0,233851446.0,15635.0
27,MN,"Stearns County, MN",27145,Stearns County,45.555235,-94.610482,No,153661,10,167050,10,6,61010,531738.0,69727.0,3.0,60332,300869.0,2387347.0,16.0,57695,75507852.0,491.0,1946332911.0,12666.0
27,MN,"Steele County, MN",27147,Steele County,44.015261,-93.220453,No,36541,6,38330,7,6,60607,136086.0,17989.0,4.0,14933,77001.0,822057.0,22.0,14354,19870883.0,544.0,528254116.0,14456.0
27,MN,"Stevens County, MN",27149,Stevens County,45.593461,-95.992315,No,9762,3,9145,3,6,60303,35904.0,3812.0,4.0,3982,20315.0,139757.0,14.0,3567,4236731.0,434.0,104177083.0,10672.0
27,MN,"Swift County, MN",27151,Swift County,45.27581,-95.690124,No,9483,3,6038,2,6,60302,41566.0,4411.0,4.0,4612,23519.0,139086.0,15.0,4177,5800796.0,612.0,143472709.0,15129.0
27,MN,"Todd County, MN",27153,Todd County,46.066569,-94.900576,No,24335,5,11465,4,6,60504,100164.0,10903.0,4.0,12419,56675.0,284853.0,12.0,9866,14893716.0,612.0,379100364.0,15578.0
27,MN,"Traverse County, MN",27155,Traverse County,45.769935,-96.474832,No,3397,1,1649,1,6,60101,16962.0,1804.0,5.0,1991,9597.0,10978.0,3.0,1544,2112252.0,622.0,55366121.0,16299.0
27,MN,"Wabasha County, MN",27157,Wabasha County,44.289693,-92.23334,No,21327,5,10835,3,6,60503,92580.0,12378.0,4.0,9544,52384.0,359004.0,17.0,9004,8960620.0,420.0,218678713.0,10254.0
27,MN,"Wadena County, MN",27159,Wadena County,46.586986,-94.988608,No,13755,4,8036,3,7,70403,53562.0,5548.0,4.0,6697,30306.0,189890.0,14.0,5657,9657710.0,702.0,229291603.0,16670.0
27,MN,"Waseca County, MN",27161,Waseca County,44.01846,-93.589844,No,19034,5,10135,3,6,60503,65790.0,8674.0,3.0,7581,37226.0,350712.0,18.0,7329,8061941.0,424.0,196941652.0,10347.0
27,MN,"Washington County, MN",27163,Washington County,45.037929,-92.890117,No,248745,11,162802,10,6,61110,860650.0,113501.0,3.0,91584,486975.0,6770006.0,27.0,91282,106991718.0,430.0,2542389650.0,10221.0
27,MN,"Watonwan County, MN",27165,Watonwan County,43.978096,-94.613842,No,10996,3,7405,2,6,60302,64055.0,8087.0,6.0,4832,36244.0,214359.0,19.0,4465,6746239.0,614.0,164637576.0,14972.0
27,MN,"Wilkin County, MN",27167,Wilkin County,46.362335,-96.476657,No,6479,2,2965,1,7,70201,29463.0,3524.0,5.0,2958,16671.0,72962.0,11.0,2871,6552433.0,1011.0,179627611.0,27725.0
27,MN,"Winona County, MN",27169,Winona County,43.982268,-91.776708,No,51145,7,47477,7,6,60707,175337.0,23153.0,3.0,20069,99209.0,887588.0,17.0,19078,25755600.0,504.0,683591526.0,13366.0
27,MN,"Wright County, MN",27171,Wright County,45.175091,-93.966396,No,129922,10,72938,8,6,61008,436029.0,57162.0,3.0,47902,246715.0,2462430.0,19.0,45887,64052391.0,493.0,1653434164.0,12726.0
27,MN,"Yellow Medicine County, MN",27173,Yellow Medicine County,44.715736,-95.862756,No,10038,3,6193,2,6,60302,47221.0,5838.0,5.0,4544,26719.0,119219.0,12.0,4174,5882105.0,586.0,148136158.0,14758.0
28,MS,"Adams County, MS",28001,Adams County,31.486218,-91.351781,No,31747,6,20088,5,3,30605,174554.0,14507.0,5.0,14346,86708.0,353290.0,11.0,11586,13255799.0,418.0,316273290.0,9962.0
28,MS,"Alcorn County, MS",28003,Alcorn County,34.886569,-88.581109,No,37309,6,23714,5,3,30605,221675.0,24729.0,6.0,16796,119920.0,263437.0,7.0,14776,18920524.0,507.0,443473846.0,11887.0
28,MS,"Amite County, MS",28005,Amite County,31.203933,-90.795542,No,12692,4,2658,1,3,30401,79580.0,6789.0,6.0,6506,39530.0,15727.0,1.0,4957,7790332.0,614.0,185868203.0,14645.0
28,MS,"Attala County, MS",28007,Attala County,33.09047,-89.588622,No,19085,5,8559,3,3,30503,112806.0,9467.0,6.0,8954,61025.0,203793.0,11.0,7268,10185407.0,534.0,241897251.0,12675.0
28,MS,"Benton County, MS",28009,Benton County,34.810518,-89.200285,No,8378,3,1503,1,3,30301,45372.0,5025.0,5.0,4123,24545.0,64514.0,8.0,3126,8193049.0,978.0,215473427.0,25719.0
28,MS,"Bolivar County, MS",28011,Bolivar County,33.799139,-90.88412,No,33615,6,18241,5,3,30605,186661.0,15567.0,6.0,13992,92722.0,444462.0,13.0,12598,19529240.0,581.0,457576208.0,13612.0
28,MS,"Calhoun County, MS",28013,Calhoun County,33.936634,-89.337114,No,14724,4,4963,1,3,30401,89362.0,9297.0,6.0,6802,48342.0,109586.0,7.0,5820,7313174.0,497.0,174181696.0,11830.0
28,MS,"Carroll County, MS",28015,Carroll County,33.440795,-89.918887,No,10301,3,1250,1,3,30301,59517.0,4961.0,6.0,4966,29564.0,67519.0,7.0,3674,10622486.0,1031.0,278263157.0,27013.0
28,MS,"Chickasaw County, MS",28017,Chickasaw County,33.921654,-88.945808,No,17357,5,10256,3,3,30503,94457.0,10394.0,5.0,7363,51099.0,96406.0,6.0,6398,10037754.0,578.0,242146671.0,13951.0
28,MS,"Choctaw County, MS",28019,Choctaw County,33.345964,-89.251332,No,8320,3,1996,1,3,30301,48029.0,4854.0,6.0,4078,25982.0,58099.0,7.0,3184,4455673.0,536.0,107936754.0,12973.0
28,MS,"Claiborne County, MS",28021,Claiborne County,31.97281,-90.915424,No,9209,3,3402,1,3,30301,49663.0,4148.0,5.0,4141,24669.0,45972.0,5.0,3134,5036081.0,547.0,123458698.0,13406.0
28,MS,"Clarke County, MS",28023,Clarke County,32.045374,-88.687976,No,16203,4,5536,2,3,30402,95630.0,11828.0,6.0,7736,51733.0,80189.0,5.0,6598,10998097.0,679.0,280167123.0,17291.0
28,MS,"Clay County, MS",28025,Clay County,33.661733,-88.783326,No,20147,5,8397,3,3,30503,114901.0,13265.0,6.0,9017,62158.0,188635.0,9.0,7781,9845617.0,489.0,233662540.0,11598.0
28,MS,"Coahoma County, MS",28027,Coahoma County,34.22867,-90.603165,No,24804,5,12457,4,3,30504,130869.0,11372.0,5.0,10556,65008.0,341109.0,14.0,9084,16137430.0,651.0,379023609.0,15281.0
28,MS,"Copiah County, MS",28029,Copiah County,31.866915,-90.448758,No,28780,6,11681,4,3,30604,155343.0,13345.0,5.0,11905,77165.0,210235.0,7.0,9851,17467277.0,607.0,474263796.0,16479.0
28,MS,"Covington County, MS",28031,Covington County,31.633331,-89.548897,No,19503,5,7950,3,3,30503,107340.0,12059.0,6.0,8347,53320.0,74285.0,4.0,6950,15645836.0,802.0,385453565.0,19764.0
28,MS,"DeSoto County, MS",28033,DeSoto County,34.874266,-89.99324,No,170890,10,102590,9,3,31009,936311.0,81278.0,5.0,62790,506517.0,2337716.0,14.0,60575,75943655.0,444.0,1841161500.0,10774.0
28,MS,"Forrest County, MS",28035,Forrest County,31.18858,-89.259447,No,76274,8,65468,8,3,30808,386432.0,47920.0,5.0,31987,191955.0,324010.0,4.0,28022,39713226.0,521.0,973812655.0,12767.0
28,MS,"Franklin County, MS",28037,Franklin County,31.477776,-90.895811,No,7818,3,2202,1,3,30301,50946.0,4339.0,7.0,4082,19461.0,40163.0,5.0,3096,6697637.0,857.0,166288254.0,21270.0
28,MS,"George County, MS",28039,George County,30.855431,-88.642268,No,23313,5,7225,2,3,30502,112992.0,13583.0,5.0,9184,56127.0,54868.0,2.0,7410,10152342.0,435.0,250444778.0,10743.0
28,MS,"Greene County, MS",28041,Greene County,31.212845,-88.634811,No,13941,4,1438,1,3,30401,63045.0,7667.0,5.0,5033,31317.0,53985.0,4.0,4164,7987994.0,573.0,190934249.0,13696.0
28,MS,"Grenada County, MS",28043,Grenada County,33.770031,-89.80274,No,21518,5,15249,4,3,30504,116181.0,9670.0,5.0,9990,62850.0,219329.0,10.0,7508,13912452.0,647.0,345694464.0,16065.0
28,MS,"Hancock County, MS",28045,Hancock County,30.391641,-89.482791,No,46028,7,18792,5,2,20705,272355.0,32459.0,6.0,23168,135289.0,76048.0,2.0,18782,29405315.0,639.0,779475333.0,16935.0
28,MS,"Harrison County, MS",28047,Harrison County,30.416536,-89.083376,No,198570,11,147309,10,2,21110,1024718.0,126050.0,5.0,88011,509016.0,536013.0,3.0,76660,98829105.0,498.0,2469677951.0,12437.0
28,MS,"Hinds County, MS",28049,Hinds County,32.267788,-90.466017,No,244596,11,197356,11,3,31111,1265340.0,103351.0,5.0,102248,483352.0,2427686.0,10.0,89335,127583389.0,522.0,3160959086.0,12923.0
28,MS,"Holmes County, MS",28051,Holmes County,33.125942,-90.091197,No,18547,5,3912,1,3,30501,94466.0,7895.0,5.0,8256,46925.0,206282.0,11.0,6314,15314349.0,826.0,403404358.0,21750.0
28,MS,"Humphreys County, MS",28053,Humphreys County,33.130996,-90.523421,No,8822,3,2385,1,3,30301,45463.0,3830.0,5.0,3754,22583.0,105124.0,12.0,3058,7600872.0,862.0,178951349.0,20285.0
28,MS,"Issaquena County, MS",28055,Issaquena County,32.755539,-91.003535,No,1352,1,57,1,3,30101,7941.0,667.0,6.0,544,3945.0,5661.0,4.0,478,2819067.0,2085.0,63076343.0,46654.0
28,MS,"Itawamba County, MS",28057,Itawamba County,34.281075,-88.363127,No,23511,5,10953,3,3,30503,141564.0,14713.0,6.0,9967,76582.0,134041.0,6.0,8858,13594825.0,578.0,361867359.0,15391.0
28,MS,"Jackson County, MS",28059,Jackson County,30.456005,-88.625101,No,140850,10,93458,9,2,21009,716628.0,84557.0,5.0,59960,355976.0,399990.0,3.0,50365,70795494.0,503.0,1838655008.0,13054.0
28,MS,"Jasper County, MS",28061,Jasper County,32.016989,-89.11943,No,16538,4,5755,2,3,30402,99193.0,12130.0,6.0,8064,49273.0,89049.0,5.0,6771,10551665.0,638.0,275601861.0,16665.0
28,MS,"Jefferson County, MS",28063,Jefferson County,31.733633,-91.043878,No,7528,3,1070,1,3,30301,36790.0,3073.0,5.0,3610,18275.0,39231.0,5.0,2457,5336752.0,709.0,130459746.0,17330.0
28,MS,"Jefferson Davis County, MS",28065,Jefferson Davis County,31.565606,-89.826517,No,11771,4,2305,1,3,30401,80614.0,7886.0,7.0,5768,40044.0,49531.0,4.0,4903,6294673.0,535.0,151636926.0,12882.0
28,MS,"Jones County, MS",28067,Jones County,31.616601,-89.168532,No,68313,8,49709,7,3,30807,353790.0,43661.0,5.0,28062,175741.0,380245.0,6.0,24870,34775655.0,509.0,899760257.0,13171.0
28,MS,"Kemper County, MS",28069,Kemper County,32.750136,-88.625631,No,10128,3,2556,1,3,30301,47016.0,5537.0,5.0,4644,25434.0,60559.0,6.0,3552,8256720.0,815.0,200995990.0,19846.0
28,MS,"Lafayette County, MS",28071,Lafayette County,34.349298,-89.485903,No,52193,7,34007,6,3,30706,267849.0,30630.0,5.0,23531,144898.0,218388.0,4.0,18788,22729530.0,435.0,550631899.0,10550.0
28,MS,"Lamar County, MS",28073,Lamar County,31.197586,-89.506369,No,59623,8,34409,6,3,30806,321960.0,39626.0,5.0,23784,159930.0,183473.0,3.0,21800,24842094.0,417.0,618969721.0,10381.0
28,MS,"Lauderdale County, MS",28075,Lauderdale County,32.403998,-88.660449,No,79233,8,59873,8,3,30808,403274.0,51044.0,5.0,34271,200321.0,494174.0,6.0,29689,43040060.0,543.0,1114601804.0,14067.0
28,MS,"Lawrence County, MS",28077,Lawrence County,31.550009,-90.10753,No,12603,4,3508,1,3,30401,83084.0,7383.0,7.0,5918,41271.0,60071.0,5.0,4859,5379366.0,427.0,129245564.0,10255.0
28,MS,"Leake County, MS",28079,Leake County,32.760737,-89.522236,No,23011,5,6729,2,3,30502,138640.0,12240.0,6.0,9240,75000.0,113932.0,5.0,8259,12319360.0,535.0,302025827.0,13125.0
28,MS,"Lee County, MS",28081,Lee County,34.29237,-88.682439,No,85281,8,95060,9,3,30809,499206.0,51079.0,6.0,35541,270056.0,788554.0,9.0,32591,50590318.0,593.0,1219897547.0,14304.0
28,MS,"Leflore County, MS",28083,Leflore County,33.54979,-90.294934,No,30500,6,24814,5,3,30605,143003.0,13549.0,5.0,12912,71035.0,403681.0,13.0,10671,17052672.0,559.0,394705558.0,12941.0
28,MS,"Lincoln County, MS",28085,Lincoln County,31.535216,-90.453566,No,34691,6,21489,5,3,30605,217467.0,18524.0,6.0,14982,83071.0,196697.0,6.0,12936,19698276.0,568.0,509682675.0,14692.0
28,MS,"Lowndes County, MS",28087,Lowndes County,33.471424,-88.439723,No,59785,8,42996,7,3,30807,346304.0,38913.0,6.0,26462,187341.0,532187.0,9.0,22821,29912800.0,500.0,720901713.0,12058.0
28,MS,"Madison County, MS",28089,Madison County,32.63437,-90.03416,No,101791,9,102000,9,3,30909,553752.0,45398.0,5.0,40282,211530.0,1030053.0,10.0,37415,62007265.0,609.0,1557215695.0,15298.0
28,MS,"Marion County, MS",28091,Marion County,31.230167,-89.821712,No,25810,6,13557,4,3,30604,142183.0,17787.0,6.0,11618,70628.0,85592.0,3.0,9659,10911228.0,423.0,264446179.0,10246.0
28,MS,"Marshall County, MS",28093,Marshall County,34.76619,-89.504231,No,36196,6,13904,4,3,30604,229296.0,23974.0,6.0,14765,124042.0,213609.0,6.0,13213,24867013.0,687.0,665193830.0,18378.0
28,MS,"Monroe County, MS",28095,Monroe County,33.89003,-88.485038,No,36029,6,15109,4,3,30604,219305.0,23637.0,6.0,16129,118638.0,303637.0,8.0,13949,21199787.0,588.0,514800144.0,14288.0
28,MS,"Montgomery County, MS",28097,Montgomery County,33.500714,-89.639625,No,10353,3,4710,1,3,30301,65690.0,5476.0,6.0,5320,32631.0,133311.0,13.0,4351,8554041.0,826.0,219791831.0,21230.0
28,MS,"Neshoba County, MS",28099,Neshoba County,32.752518,-89.119274,No,29474,6,15455,4,3,30604,163265.0,18596.0,6.0,12122,88321.0,142174.0,5.0,10777,13887035.0,471.0,332686773.0,11287.0
28,MS,"Newton County, MS",28101,Newton County,32.40197,-89.118412,No,21652,5,7448,2,3,30502,117359.0,14289.0,5.0,9184,63488.0,105440.0,5.0,7984,14916802.0,689.0,406706281.0,18784.0
28,MS,"Noxubee County, MS",28103,Noxubee County,33.106508,-88.566004,No,11098,3,3511,1,3,30301,61733.0,7156.0,6.0,5063,33396.0,94018.0,8.0,4012,7744950.0,698.0,185783161.0,16740.0
28,MS,"Oktibbeha County, MS",28105,Oktibbeha County,33.422313,-88.876151,No,49424,7,25569,6,3,30706,222683.0,25373.0,5.0,20961,120465.0,340883.0,7.0,17109,20896286.0,423.0,502545935.0,10168.0
28,MS,"Panola County, MS",28107,Panola County,34.365205,-89.963065,No,34319,6,15628,4,3,30604,198261.0,16491.0,6.0,14452,107254.0,139113.0,4.0,12184,23324214.0,680.0,606054828.0,17659.0
28,MS,"Pearl River County, MS",28109,Pearl River County,30.774793,-89.586904,No,55167,7,15724,4,2,20704,305759.0,37642.0,6.0,24098,151882.0,122177.0,2.0,20494,23491855.0,426.0,635650462.0,11522.0
28,MS,"Perry County, MS",28111,Perry County,31.169307,-88.988755,No,12174,4,3217,1,3,30401,66510.0,7815.0,5.0,5420,33038.0,31068.0,3.0,4431,9200817.0,756.0,222812821.0,18302.0
28,MS,"Pike County, MS",28113,Pike County,31.177516,-90.397728,No,39939,7,26129,6,3,30706,240352.0,20250.0,6.0,17601,119392.0,222967.0,6.0,14717,20238832.0,507.0,514554530.0,12884.0
28,MS,"Pontotoc County, MS",28115,Pontotoc County,34.227081,-89.037239,No,30862,6,23130,5,3,30605,166095.0,18382.0,5.0,12311,89853.0,201534.0,7.0,10801,18333050.0,594.0,444400607.0,14400.0
28,MS,"Prentiss County, MS",28117,Prentiss County,34.621104,-88.522179,No,25339,6,11341,4,3,30604,141643.0,14374.0,6.0,10868,76625.0,202642.0,8.0,9572,13476981.0,532.0,315553703.0,12453.0
28,MS,"Quitman County, MS",28119,Quitman County,34.252833,-90.290171,No,7634,3,1374,1,3,30301,45783.0,3806.0,6.0,3524,24768.0,64538.0,8.0,3047,6325457.0,829.0,147644110.0,19340.0
28,MS,"Rankin County, MS",28121,Rankin County,32.267123,-89.946063,No,147930,10,111142,9,3,31009,792639.0,67432.0,5.0,57099,428795.0,1094154.0,7.0,54377,80802655.0,546.0,2014058112.0,13615.0
28,MS,"Scott County, MS",28123,Scott County,32.427127,-89.533209,No,28268,6,20954,5,3,30605,144963.0,16363.0,5.0,11255,78421.0,140463.0,5.0,9848,18774798.0,664.0,497783475.0,17609.0
28,MS,"Sharkey County, MS",28125,Sharkey County,32.892395,-90.827613,No,4662,1,1489,1,3,30101,27647.0,2306.0,6.0,2077,13733.0,59726.0,13.0,1804,4685843.0,1005.0,110183670.0,23634.0
28,MS,"Simpson County, MS",28127,Simpson County,31.902505,-89.917709,No,27279,6,11190,3,3,30603,142049.0,12238.0,5.0,11721,70561.0,114460.0,4.0,9418,16737496.0,614.0,408912286.0,14990.0
28,MS,"Smith County, MS",28129,Smith County,32.019029,-89.494877,No,16137,4,4368,1,3,30401,96276.0,9278.0,6.0,7112,47824.0,73980.0,5.0,5895,7931338.0,492.0,192234787.0,11913.0
28,MS,"Stone County, MS",28131,Stone County,30.790184,-89.112297,No,17995,5,6176,2,2,20502,88150.0,10890.0,5.0,7104,43788.0,33920.0,2.0,5805,9699725.0,539.0,235869100.0,13107.0
28,MS,"Sunflower County, MS",28133,Sunflower County,33.605529,-90.59509,No,27424,6,10814,3,3,30603,124644.0,10423.0,5.0,9513,61915.0,291005.0,11.0,8507,16804027.0,613.0,392158497.0,14300.0
28,MS,"Tallahatchie County, MS",28135,Tallahatchie County,33.954527,-90.172245,No,14776,4,2972,1,3,30401,67517.0,5645.0,5.0,5429,36525.0,53567.0,4.0,4313,8163250.0,552.0,190906664.0,12920.0
28,MS,"Tate County, MS",28137,Tate County,34.649553,-89.943105,No,28338,6,7737,3,3,30603,171288.0,14244.0,6.0,10935,92662.0,135804.0,5.0,9919,14742821.0,520.0,368404284.0,13000.0
28,MS,"Tippah County, MS",28139,Tippah County,34.763618,-88.918819,No,22061,5,10138,3,3,30503,121306.0,12714.0,5.0,9544,65623.0,214262.0,10.0,8400,10020769.0,454.0,235853290.0,10691.0
28,MS,"Tishomingo County, MS",28141,Tishomingo County,34.737697,-88.236064,No,19503,5,9942,3,3,30503,103791.0,11230.0,5.0,10114,56148.0,117863.0,6.0,7768,11676720.0,599.0,275527730.0,14127.0
28,MS,"Tunica County, MS",28143,Tunica County,34.652201,-90.37177,No,10407,3,14269,4,3,30304,61790.0,5123.0,6.0,4732,33426.0,87396.0,8.0,3999,11884621.0,1142.0,288241055.0,27697.0
28,MS,"Union County, MS",28145,Union County,34.489533,-89.002339,No,27989,6,19175,5,3,30605,150932.0,16328.0,5.0,11505,81650.0,241113.0,9.0,10298,17490363.0,625.0,468524498.0,16740.0
28,MS,"Walthall County, MS",28147,Walthall County,31.164492,-90.103431,No,14812,4,3779,1,3,30401,98594.0,8656.0,7.0,6998,48975.0,72738.0,5.0,5879,6811519.0,460.0,162119588.0,10945.0
28,MS,"Warren County, MS",28149,Warren County,32.356095,-90.852384,No,47834,7,32110,6,3,30706,285166.0,23412.0,6.0,21447,108932.0,348135.0,7.0,18476,23108774.0,483.0,601850017.0,12582.0
28,MS,"Washington County, MS",28151,Washington County,33.273174,-90.944446,No,48824,7,28661,6,3,30706,269605.0,22304.0,6.0,21202,133923.0,687964.0,14.0,18148,24848133.0,509.0,580007838.0,11880.0
28,MS,"Wayne County, MS",28153,Wayne County,31.642503,-88.678214,No,20517,5,8234,3,3,30503,109587.0,13182.0,5.0,9039,54436.0,72332.0,4.0,7496,11787447.0,575.0,283719327.0,13828.0
28,MS,"Webster County, MS",28155,Webster County,33.612048,-89.283836,No,9922,3,2603,1,3,30301,63321.0,6439.0,6.0,4715,34255.0,77241.0,8.0,3950,7478297.0,754.0,178889600.0,18030.0
28,MS,"Wilkinson County, MS",28157,Wilkinson County,31.161091,-91.324617,No,9233,3,2443,1,3,30301,47725.0,3986.0,5.0,4947,18231.0,18317.0,2.0,2877,5793928.0,628.0,143798385.0,15574.0
28,MS,"Winston County, MS",28159,Winston County,33.078724,-89.037391,No,18519,5,9974,3,3,30503,103511.0,12387.0,6.0,8600,55996.0,160873.0,9.0,7634,9816660.0,530.0,240213482.0,12971.0
28,MS,"Yalobusha County, MS",28161,Yalobusha County,34.030666,-89.703807,No,12380,4,4848,1,3,30401,76985.0,7503.0,6.0,6252,41647.0,49360.0,4.0,5146,10086436.0,815.0,267929028.0,21642.0
28,MS,"Yazoo County, MS",28163,Yazoo County,32.765675,-90.387928,No,27719,6,8172,3,3,30603,131446.0,12661.0,5.0,9869,65294.0,243269.0,9.0,8754,16626330.0,600.0,421424789.0,15203.0
29,MO,"Adair County, MO",29001,Adair County,40.190666,-92.603592,No,25547,6,15204,4,5,50604,129493.0,13921.0,5.0,11089,95299.0,147270.0,6.0,9462,10909292.0,427.0,249971556.0,9785.0
29,MO,"Andrew County, MO",29003,Andrew County,39.988863,-94.803551,No,17347,5,3458,1,5,50501,92206.0,10584.0,5.0,7126,67858.0,142400.0,8.0,6837,11614297.0,670.0,323918962.0,18673.0
29,MO,"Atchison County, MO",29005,Atchison County,40.431846,-95.437555,No,5380,2,2564,1,5,50201,30983.0,3538.0,6.0,2897,22801.0,71198.0,13.0,2494,6758064.0,1256.0,195597686.0,36356.0
29,MO,"Audrain County, MO",29007,Audrain County,39.21448,-91.843415,No,25868,6,13977,4,4,40604,125318.0,13450.0,5.0,10553,92226.0,193139.0,7.0,9255,13961793.0,540.0,325812538.0,12595.0
29,MO,"Barry County, MO",29009,Barry County,36.699378,-93.834326,No,35716,6,26854,6,4,40606,161817.0,19273.0,5.0,17024,92105.0,159351.0,4.0,13248,15518581.0,434.0,363826499.0,10187.0
29,MO,"Barton County, MO",29011,Barton County,37.500799,-94.344089,No,12075,4,5238,2,4,40402,59846.0,6870.0,5.0,5451,44043.0,95692.0,8.0,4910,8093368.0,670.0,218061852.0,18059.0
29,MO,"Bates County, MO",29013,Bates County,38.257217,-94.339246,No,16513,4,5448,2,4,40402,87142.0,10327.0,5.0,7652,64131.0,135773.0,8.0,6617,10276151.0,622.0,284899839.0,17253.0
29,MO,"Benton County, MO",29015,Benton County,38.301036,-93.287942,No,18825,5,4484,1,4,40501,103839.0,11635.0,6.0,13727,76419.0,61033.0,3.0,8128,10402188.0,553.0,245885288.0,13062.0
29,MO,"Bollinger County, MO",29017,Bollinger County,37.318346,-90.024604,No,12282,4,2863,1,4,40401,64050.0,7063.0,5.0,5701,47137.0,36601.0,3.0,4805,4503167.0,367.0,107846840.0,8781.0
29,MO,"Boone County, MO",29019,Boone County,38.989861,-92.310202,No,172773,10,155027,10,4,41010,848232.0,91632.0,5.0,84953,624245.0,1517127.0,9.0,67833,73041818.0,423.0,1827461115.0,10577.0
29,MO,"Buchanan County, MO",29021,Buchanan County,39.660369,-94.808173,No,89415,9,88351,9,5,50909,375127.0,42467.0,4.0,37608,276070.0,1170411.0,13.0,33330,38198503.0,427.0,950179834.0,10627.0
29,MO,"Butler County, MO",29023,Butler County,36.71518,-90.40313,No,42887,7,30944,6,4,40706,265281.0,25946.0,6.0,19220,195230.0,204722.0,5.0,16616,22674452.0,529.0,531881721.0,12402.0
29,MO,"Caldwell County, MO",29025,Caldwell County,39.658998,-93.979179,No,9057,3,2227,1,5,50301,54399.0,5846.0,6.0,4502,40034.0,31471.0,3.0,3738,8879924.0,980.0,216308407.0,23883.0
29,MO,"Callaway County, MO",29027,Callaway County,38.835547,-91.923446,No,44693,7,22162,5,4,40705,227028.0,24397.0,5.0,18221,167078.0,191080.0,4.0,16018,34569186.0,773.0,969171137.0,21685.0
29,MO,"Camden County, MO",29029,Camden County,38.026527,-92.765327,No,44152,7,26447,6,4,40706,234867.0,25176.0,5.0,40371,172847.0,75776.0,2.0,16389,25850259.0,585.0,592900383.0,13429.0
29,MO,"Cape Girardeau County, MO",29031,Cape Girardeau County,37.384141,-89.685658,No,78089,8,77006,8,4,40808,414552.0,44603.0,5.0,32285,305084.0,597889.0,8.0,29831,33885133.0,434.0,833482399.0,10673.0
29,MO,"Carroll County, MO",29033,Carroll County,39.427375,-93.500227,No,9009,3,3240,1,4,40301,46138.0,6003.0,5.0,4507,29763.0,99519.0,11.0,3703,6943809.0,771.0,165672980.0,18390.0
29,MO,"Carter County, MO",29035,Carter County,36.944858,-90.945705,No,6249,2,1993,1,4,40201,37808.0,3744.0,6.0,3153,27824.0,12171.0,2.0,2480,5244051.0,839.0,127141682.0,20346.0
29,MO,"Cass County, MO",29037,Cass County,38.646474,-94.354547,No,101324,9,42388,7,4,40907,485443.0,57564.0,5.0,40115,357255.0,1257004.0,12.0,38045,39980509.0,395.0,1020064298.0,10067.0
29,MO,"Cedar County, MO",29039,Cedar County,37.733655,-93.850014,No,13932,4,4768,1,4,40401,71824.0,9057.0,5.0,7023,52858.0,103340.0,7.0,5886,6438030.0,462.0,150344599.0,10791.0
29,MO,"Chariton County, MO",29041,Chariton County,39.517968,-92.96162,No,7615,3,2685,1,5,50301,37314.0,4874.0,5.0,4050,24071.0,51384.0,7.0,2905,6304186.0,828.0,148821329.0,19543.0
29,MO,"Christian County, MO",29043,Christian County,36.969739,-93.187614,No,82053,8,29819,6,4,40806,366816.0,44220.0,4.0,31915,236627.0,847464.0,10.0,30093,30483044.0,372.0,710657784.0,8661.0
29,MO,"Clark County, MO",29045,Clark County,40.407275,-91.729472,No,6860,2,1858,1,5,50201,40427.0,4344.0,6.0,3387,29752.0,38547.0,6.0,2837,5796464.0,845.0,138264656.0,20155.0
29,MO,"Clay County, MO",29047,Clay County,39.315551,-94.421502,No,233135,11,201164,11,4,41111,1032985.0,125242.0,4.0,92976,666363.0,3262464.0,14.0,88389,108703270.0,466.0,2636728992.0,11310.0
29,MO,"Clinton County, MO",29049,Clinton County,39.608723,-94.395803,No,20494,5,5916,2,5,50502,115560.0,12494.0,6.0,8689,85045.0,167524.0,8.0,8118,12272087.0,599.0,347099812.0,16937.0
29,MO,"Cole County, MO",29051,Cole County,38.503233,-92.280027,No,76603,8,70052,8,4,40808,393875.0,42229.0,5.0,32067,289867.0,487708.0,6.0,29658,34338439.0,448.0,803842548.0,10494.0
29,MO,"Cooper County, MO",29053,Cooper County,38.845386,-92.812323,No,17613,5,7847,3,4,40503,92268.0,10045.0,5.0,7277,67904.0,122536.0,7.0,6550,17077846.0,970.0,514560145.0,29215.0
29,MO,"Crawford County, MO",29055,Crawford County,37.96656,-91.313933,No,24545,5,11342,4,4,40504,129386.0,13485.0,5.0,11664,95220.0,70873.0,3.0,9290,17576512.0,716.0,486442284.0,19818.0
29,MO,"Dade County, MO",29057,Dade County,37.43235,-93.854878,No,7590,3,2466,1,4,40301,39003.0,5025.0,5.0,3836,28703.0,54819.0,7.0,3099,4778755.0,630.0,112661004.0,14843.0
29,MO,"Dallas County, MO",29059,Dallas County,37.683583,-93.033812,No,16508,4,4875,1,4,40401,83858.0,9545.0,5.0,7419,61714.0,32018.0,2.0,6150,8135393.0,493.0,194355458.0,11773.0
29,MO,"Daviess County, MO",29061,Daviess County,39.962839,-93.970053,No,8257,3,1830,1,5,50301,42247.0,4588.0,5.0,4101,31091.0,43521.0,5.0,3040,8510434.0,1031.0,242928810.0,29421.0
29,MO,"DeKalb County, MO",29063,DeKalb County,39.894665,-94.40719,No,12706,4,3837,1,5,50401,52857.0,5729.0,4.0,4218,38899.0,51208.0,4.0,3774,8632833.0,679.0,214595166.0,16889.0
29,MO,"Dent County, MO",29065,Dent County,37.603075,-91.489716,No,15578,4,6714,2,4,40402,84707.0,8905.0,5.0,7080,62339.0,49878.0,3.0,5889,7199704.0,462.0,170818031.0,10965.0
29,MO,"Douglas County, MO",29067,Douglas County,36.946517,-92.515892,No,13467,4,4055,1,4,40401,57704.0,6812.0,4.0,6313,42467.0,58506.0,4.0,5110,6404546.0,476.0,150092731.0,11145.0
29,MO,"Dunklin County, MO",29069,Dunklin County,36.153025,-90.062254,No,31271,6,14273,4,4,40604,184187.0,19525.0,6.0,14028,135550.0,290251.0,9.0,12680,13699393.0,438.0,314461418.0,10056.0
29,MO,"Franklin County, MO",29071,Franklin County,38.408313,-91.07341,No,102063,9,70452,8,4,40908,614825.0,65774.0,6.0,42977,452472.0,506111.0,5.0,40197,52747719.0,517.0,1390451248.0,13623.0
29,MO,"Gasconade County, MO",29073,Gasconade County,38.441183,-91.50578,No,14875,4,8459,3,4,40403,90560.0,9700.0,6.0,7956,66646.0,53431.0,4.0,6168,7539490.0,507.0,177258310.0,11917.0
29,MO,"Gentry County, MO",29075,Gentry County,40.208127,-94.405321,No,6745,2,3345,1,5,50201,35145.0,3928.0,5.0,3123,25865.0,49601.0,7.0,2677,4006012.0,594.0,94255879.0,13974.0
29,MO,"Greene County, MO",29077,Greene County,37.258196,-93.340641,No,285449,11,309220,12,4,41112,1275468.0,131337.0,4.0,126410,938663.0,4465016.0,16.0,119141,129862759.0,455.0,3129107964.0,10962.0
29,MO,"Grundy County, MO",29079,Grundy County,40.112541,-93.565054,No,10231,3,5218,2,5,50302,51259.0,5934.0,5.0,4883,37724.0,89632.0,9.0,4056,5532545.0,541.0,127916144.0,12503.0
29,MO,"Harrison County, MO",29081,Harrison County,40.34562,-93.992582,No,8649,3,3991,1,5,50301,43046.0,5011.0,5.0,4290,31679.0,70304.0,8.0,3586,10031657.0,1160.0,274788247.0,31771.0
29,MO,"Henry County, MO",29083,Henry County,38.386491,-93.792628,No,21930,5,13582,4,4,40504,129946.0,14703.0,6.0,10640,95632.0,198996.0,9.0,9420,14653247.0,668.0,349163059.0,15922.0
29,MO,"Hickory County, MO",29085,Hickory County,37.9367,-93.322834,No,9267,3,1630,1,4,40301,47506.0,5988.0,5.0,6584,34962.0,16458.0,2.0,3962,3997115.0,431.0,93661565.0,10107.0
29,MO,"Holt County, MO",29087,Holt County,40.095724,-95.219072,No,4537,1,1810,1,5,50101,26753.0,3074.0,6.0,2712,19688.0,49931.0,11.0,2109,8359206.0,1842.0,263053472.0,57980.0
29,MO,"Howard County, MO",29089,Howard County,39.143365,-92.695926,No,10148,3,4038,1,4,40301,52169.0,5862.0,5.0,4441,33654.0,75106.0,7.0,3760,4831246.0,476.0,114618522.0,11295.0
29,MO,"Howell County, MO",29091,Howell County,36.774369,-91.887368,No,40265,7,24728,5,4,40705,215142.0,21845.0,5.0,17660,158331.0,223989.0,6.0,16214,20047688.0,498.0,466709846.0,11591.0
29,MO,"Iron County, MO",29093,Iron County,37.625971,-90.699587,No,10220,3,3598,1,4,40301,58068.0,6187.0,6.0,5158,42734.0,41591.0,4.0,4050,5470578.0,535.0,129216056.0,12643.0
29,MO,"Jackson County, MO",29095,Jackson County,39.005441,-94.343326,No,683643,14,675036,14,4,41414,3021070.0,394152.0,4.0,308398,1948847.0,12741497.0,19.0,276857,323907575.0,474.0,7746092196.0,11331.0
29,MO,"Jasper County, MO",29097,Jasper County,37.205197,-94.337259,No,117376,9,95962,9,4,40909,625216.0,81015.0,5.0,50222,403317.0,1070348.0,9.0,45731,50562816.0,431.0,1282733255.0,10928.0
29,MO,"Jefferson County, MO",29099,Jefferson County,38.257599,-90.543542,No,222453,11,82656,8,4,41108,1228751.0,131737.0,6.0,86841,904283.0,1542662.0,7.0,82308,82570882.0,371.0,2141897914.0,9629.0
29,MO,"Johnson County, MO",29101,Johnson County,38.741528,-93.811863,No,54229,7,20974,5,4,40705,241606.0,27231.0,4.0,21314,177807.0,427603.0,8.0,19934,23000890.0,424.0,556861764.0,10269.0
29,MO,"Knox County, MO",29103,Knox County,40.136776,-92.146809,No,3997,1,1130,1,5,50101,23621.0,2540.0,6.0,2221,17384.0,20519.0,5.0,1653,3252879.0,814.0,76994220.0,19263.0
29,MO,"Laclede County, MO",29105,Laclede County,37.659688,-92.59484,No,35505,6,23262,5,4,40605,204174.0,20164.0,6.0,15420,150259.0,111201.0,3.0,13740,22878568.0,644.0,641538047.0,18069.0
29,MO,"Lafayette County, MO",29107,Lafayette County,39.068705,-93.802639,No,32789,6,12683,4,4,40604,171387.0,20028.0,5.0,14367,110559.0,383441.0,12.0,13301,24461534.0,746.0,713490376.0,21760.0
29,MO,"Lawrence County, MO",29109,Lawrence County,37.10659,-93.830551,No,38204,7,14203,4,4,40704,184628.0,23887.0,5.0,16202,135874.0,310481.0,8.0,14574,23586179.0,617.0,667074836.0,17461.0
29,MO,"Lewis County, MO",29111,Lewis County,40.084559,-91.728803,No,10146,3,3526,1,5,50301,52064.0,5594.0,5.0,4393,38316.0,66135.0,7.0,3807,7528465.0,742.0,179176049.0,17660.0
29,MO,"Lincoln County, MO",29113,Lincoln County,39.062255,-90.962916,No,54286,7,17876,5,4,40705,289697.0,30767.0,5.0,20637,213199.0,227166.0,4.0,18415,21639159.0,399.0,520218913.0,9583.0
29,MO,"Linn County, MO",29115,Linn County,39.86444,-93.108019,No,12319,4,6397,2,5,50402,68227.0,7413.0,6.0,6238,50211.0,106139.0,9.0,4936,8261774.0,671.0,197507551.0,16033.0
29,MO,"Livingston County, MO",29117,Livingston County,39.778587,-93.548201,No,15057,4,9844,3,5,50403,75637.0,8871.0,5.0,6588,55664.0,144118.0,10.0,5737,8717904.0,579.0,207980650.0,13813.0
29,MO,"McDonald County, MO",29119,McDonald County,36.630218,-94.343956,No,22720,5,10293,3,4,40503,105027.0,13613.0,5.0,9621,77293.0,108006.0,5.0,8294,12283710.0,541.0,299954936.0,13202.0
29,MO,"Macon County, MO",29121,Macon County,39.829795,-92.56434,No,15399,4,7367,2,5,50402,73560.0,9562.0,5.0,7462,54136.0,80719.0,5.0,6097,11879197.0,771.0,284779877.0,18493.0
29,MO,"Madison County, MO",29123,Madison County,37.473235,-90.345453,No,12403,4,6539,2,4,40402,64447.0,6759.0,5.0,5810,47429.0,66830.0,5.0,4685,6386683.0,515.0,151231576.0,12193.0
29,MO,"Maries County, MO",29125,Maries County,38.162615,-91.923601,No,8987,3,2121,1,4,40301,55461.0,5938.0,6.0,4473,40816.0,21853.0,2.0,3642,5685987.0,633.0,138286249.0,15387.0
29,MO,"Marion County, MO",29127,Marion County,39.807538,-91.635379,No,28858,6,24023,5,5,50605,138818.0,15697.0,5.0,12604,102162.0,338987.0,12.0,11286,17651932.0,612.0,416541836.0,14434.0
29,MO,"Mercer County, MO",29129,Mercer County,40.421413,-93.567631,No,3702,1,765,1,5,50101,17130.0,2011.0,5.0,2067,12607.0,26970.0,7.0,1425,2497472.0,675.0,58789631.0,15881.0
29,MO,"Miller County, MO",29131,Miller County,38.21668,-92.429876,No,25011,5,12584,4,4,40504,131637.0,14103.0,5.0,12479,96876.0,76190.0,3.0,9408,15621222.0,625.0,372504502.0,14894.0
29,MO,"Mississippi County, MO",29133,Mississippi County,36.826264,-89.295929,No,14112,4,4538,1,4,40401,74897.0,8031.0,5.0,5585,55119.0,130918.0,9.0,5125,9002525.0,638.0,242033522.0,17151.0
29,MO,"Moniteau County, MO",29135,Moniteau County,38.633037,-92.583642,No,15840,4,5449,2,4,40402,72690.0,7815.0,5.0,6003,53495.0,102019.0,6.0,5492,6399672.0,404.0,156857431.0,9903.0
29,MO,"Monroe County, MO",29137,Monroe County,39.49827,-92.006458,No,8642,3,3059,1,4,40301,50174.0,5644.0,6.0,4700,36925.0,65435.0,8.0,3524,5752434.0,666.0,135683230.0,15700.0
29,MO,"Montgomery County, MO",29139,Montgomery County,38.935184,-91.465427,No,11820,4,4355,1,4,40401,70909.0,7557.0,6.0,6021,52184.0,66959.0,6.0,4876,15009905.0,1270.0,439003772.0,37141.0
29,MO,"Morgan County, MO",29141,Morgan County,38.420807,-92.874835,No,20182,5,6641,2,4,40502,106950.0,11496.0,5.0,15070,78709.0,57500.0,3.0,7883,10774868.0,534.0,255216614.0,12646.0
29,MO,"New Madrid County, MO",29143,New Madrid County,36.594261,-89.655948,No,18229,5,12385,4,4,40504,107392.0,11509.0,6.0,8358,79034.0,151202.0,8.0,7305,17564757.0,964.0,481519679.0,26415.0
29,MO,"Newton County, MO",29145,Newton County,36.908364,-94.335021,No,58741,8,42056,7,4,40807,312665.0,40534.0,5.0,23813,201696.0,376788.0,6.0,22023,31605695.0,538.0,806130555.0,13723.0
29,MO,"Nodaway County, MO",29147,Nodaway County,40.361136,-94.883146,No,23026,5,12122,4,5,50504,103166.0,11807.0,4.0,9412,75923.0,168389.0,7.0,8465,10808769.0,469.0,256455449.0,11138.0
29,MO,"Oregon County, MO",29149,Oregon County,36.68531,-91.401827,No,10922,3,3436,1,4,40301,56450.0,5739.0,5.0,5313,41544.0,31774.0,3.0,4339,6000587.0,549.0,142147328.0,13015.0
29,MO,"Osage County, MO",29151,Osage County,38.464253,-91.859504,No,13704,4,6594,2,4,40402,69689.0,7469.0,5.0,6401,51287.0,25510.0,2.0,5046,7557397.0,551.0,185375157.0,13527.0
29,MO,"Ozark County, MO",29153,Ozark County,36.64959,-92.458549,No,9450,3,1925,1,4,40301,49675.0,5909.0,5.0,5488,36558.0,24244.0,3.0,4267,5120077.0,542.0,119023904.0,12595.0
29,MO,"Pemiscot County, MO",29155,Pemiscot County,36.209916,-89.785942,No,17599,5,7735,3,4,40503,98444.0,10565.0,6.0,7941,72448.0,184682.0,10.0,6939,15601862.0,887.0,439536811.0,24975.0
29,MO,"Perry County, MO",29157,Perry County,37.71113,-89.802125,No,19152,5,19846,5,4,40505,82252.0,11496.0,4.0,8414,60532.0,139977.0,7.0,7438,11443643.0,598.0,313447311.0,16366.0
29,MO,"Pettis County, MO",29159,Pettis County,38.727367,-93.285207,No,42193,7,34954,6,4,40706,199384.0,22807.0,5.0,17796,146734.0,454547.0,11.0,16004,19375808.0,459.0,456069058.0,10809.0
29,MO,"Phelps County, MO",29161,Phelps County,37.866326,-91.790349,No,44833,7,27734,6,4,40706,242873.0,25369.0,5.0,19344,178739.0,172971.0,4.0,16838,29132742.0,650.0,749951636.0,16728.0
29,MO,"Pike County, MO",29163,Pike County,39.339959,-91.171607,No,18475,5,8891,3,5,50503,93105.0,9923.0,5.0,7652,68519.0,97000.0,5.0,6653,13210699.0,715.0,318743001.0,17253.0
29,MO,"Platte County, MO",29165,Platte County,39.378696,-94.761472,No,94970,9,79342,8,4,40908,436504.0,57294.0,5.0,39327,321240.0,1356820.0,14.0,37699,58332596.0,614.0,1556204989.0,16386.0
29,MO,"Polk County, MO",29167,Polk County,37.616761,-93.400817,No,31113,6,14707,4,4,40604,150975.0,19035.0,5.0,13060,111108.0,52572.0,2.0,11864,15874315.0,510.0,376500062.0,12101.0
29,MO,"Pulaski County, MO",29169,Pulaski County,37.824835,-92.207022,No,53302,7,17068,5,4,40705,214519.0,20727.0,4.0,18145,157872.0,58571.0,1.0,15298,21230617.0,398.0,564310736.0,10587.0
29,MO,"Putnam County, MO",29171,Putnam County,40.478606,-93.014531,No,4877,1,1204,1,5,50101,23927.0,3265.0,5.0,2902,17609.0,33111.0,7.0,2121,3292764.0,675.0,78545387.0,16105.0
29,MO,"Ralls County, MO",29173,Ralls County,39.553455,-91.524787,No,10225,3,4886,1,5,50301,60646.0,6520.0,6.0,5033,44632.0,42110.0,4.0,3967,9150254.0,895.0,221402350.0,21653.0
29,MO,"Randolph County, MO",29175,Randolph County,39.439249,-92.492959,No,25081,5,14930,4,4,40504,121132.0,13283.0,5.0,10426,89145.0,221925.0,9.0,8471,13797199.0,550.0,322486595.0,12858.0
29,MO,"Ray County, MO",29177,Ray County,39.308401,-93.995746,No,22921,5,5879,2,4,40502,113214.0,12492.0,5.0,9744,73033.0,168222.0,7.0,8670,9388657.0,410.0,220856897.0,9636.0
29,MO,"Reynolds County, MO",29179,Reynolds County,37.360857,-90.969516,No,6530,2,2259,1,4,40201,38642.0,4143.0,6.0,3911,28438.0,12932.0,2.0,2652,4781529.0,732.0,111953378.0,17144.0
29,MO,"Ripley County, MO",29181,Ripley County,36.648902,-90.86706,No,13936,4,5070,2,4,40402,83533.0,8176.0,6.0,6391,61475.0,52360.0,4.0,5353,5000754.0,359.0,119610935.0,8583.0
29,MO,"St. Charles County, MO",29183,St. Charles County,38.781102,-90.674915,No,379856,12,268848,11,4,41211,1708181.0,181709.0,4.0,144239,1257113.0,10245084.0,27.0,140664,174603240.0,460.0,4299379572.0,11318.0
29,MO,"St. Clair County, MO",29185,St. Clair County,38.039069,-93.773076,No,9444,3,2683,1,4,40301,50269.0,5904.0,5.0,5460,36995.0,37541.0,4.0,3990,8457808.0,896.0,202505694.0,21443.0
29,MO,"Ste. Genevieve County, MO",29186,Ste. Genevieve County,37.885845,-90.161531,No,17937,5,9875,3,4,40503,94306.0,11910.0,5.0,8446,69403.0,82201.0,5.0,7176,12180708.0,679.0,355666347.0,19829.0
29,MO,"St. Francois County, MO",29187,St. Francois County,37.810707,-90.473868,No,66230,8,37406,6,4,40806,378053.0,40632.0,6.0,28655,278223.0,296170.0,4.0,24759,24067195.0,363.0,564376629.0,8521.0
29,MO,"St. Louis County, MO",29189,St. Louis County,38.640702,-90.445954,No,1000560,15,1177852,15,4,41515,4655578.0,499249.0,5.0,428710,3426211.0,36882495.0,37.0,401716,496539851.0,496.0,12712764102.0,12706.0
29,MO,"Saline County, MO",29195,Saline County,39.13584,-93.204164,No,23214,5,14814,4,4,40504,105715.0,14077.0,5.0,11150,68195.0,280505.0,12.0,8785,19261262.0,830.0,549788965.0,23684.0
29,MO,"Schuyler County, MO",29197,Schuyler County,40.469361,-92.519016,No,4396,1,549,1,5,50101,23540.0,2531.0,5.0,2033,17324.0,25440.0,6.0,1726,3211162.0,730.0,74834888.0,17023.0
29,MO,"Scotland County, MO",29199,Scotland County,40.447686,-92.142824,No,4893,1,1436,1,5,50101,22649.0,2897.0,5.0,2300,16668.0,32158.0,7.0,1786,2914154.0,596.0,68360309.0,13971.0
29,MO,"Scott County, MO",29201,Scott County,37.047793,-89.568098,No,38994,7,27845,6,4,40706,226809.0,24277.0,6.0,16848,166917.0,276051.0,7.0,15267,18936040.0,486.0,490952030.0,12590.0
29,MO,"Shannon County, MO",29203,Shannon County,37.152498,-91.391328,No,8256,3,2326,1,4,40301,41090.0,4180.0,5.0,4035,30239.0,18274.0,2.0,3176,6477042.0,785.0,150772660.0,18262.0
29,MO,"Shelby County, MO",29205,Shelby County,39.797531,-92.088719,No,6148,2,1867,1,5,50201,32946.0,4027.0,5.0,3119,24246.0,33721.0,5.0,2480,6465350.0,1052.0,152770269.0,24849.0
29,MO,"Stoddard County, MO",29207,Stoddard County,36.851557,-89.947481,No,29788,6,17321,5,4,40605,174318.0,18466.0,6.0,13309,128287.0,248781.0,8.0,11855,16877459.0,567.0,398973213.0,13394.0
29,MO,"Stone County, MO",29209,Stone County,36.751004,-93.473701,No,31197,6,8282,3,4,40603,159545.0,19941.0,5.0,20092,90812.0,80489.0,3.0,12667,15879611.0,509.0,367371452.0,11776.0
29,MO,"Sullivan County, MO",29211,Sullivan County,40.209587,-93.109783,No,6416,2,2691,1,5,50201,29126.0,3428.0,5.0,3263,21435.0,34024.0,5.0,2384,4079368.0,636.0,94583937.0,14742.0
29,MO,"Taney County, MO",29213,Taney County,36.649827,-93.042819,No,53853,7,50006,7,4,40707,273213.0,35037.0,5.0,29365,201068.0,123431.0,2.0,21769,25866118.0,480.0,598760001.0,11118.0
29,MO,"Texas County, MO",29215,Texas County,37.314257,-91.964478,No,25690,6,8338,3,4,40603,125543.0,13141.0,5.0,11340,92392.0,85880.0,3.0,9239,16008841.0,623.0,380829499.0,14824.0
29,MO,"Vernon County, MO",29217,Vernon County,37.850196,-94.341597,No,20836,5,11349,4,4,40504,106004.0,12060.0,5.0,9275,78013.0,154219.0,7.0,8204,13490445.0,647.0,349287419.0,16764.0
29,MO,"Warren County, MO",29219,Warren County,38.761902,-91.159306,No,33290,6,12348,4,4,40604,189633.0,20140.0,6.0,14581,139558.0,123817.0,4.0,11823,20837379.0,626.0,533030417.0,16012.0
29,MO,"Washington County, MO",29221,Washington County,37.942611,-90.897018,No,25002,5,6549,2,4,40502,147746.0,15879.0,6.0,10627,108732.0,49556.0,2.0,9045,10516471.0,421.0,248766395.0,9950.0
29,MO,"Wayne County, MO",29223,Wayne County,37.112319,-90.452378,No,13341,4,3352,1,4,40401,81291.0,8234.0,6.0,7812,59825.0,50602.0,4.0,5612,7576554.0,568.0,179888610.0,13484.0
29,MO,"Webster County, MO",29225,Webster County,37.280804,-92.87608,No,37075,6,10620,3,4,40603,194739.0,17293.0,5.0,13999,143315.0,196361.0,5.0,13122,23500495.0,634.0,629764311.0,16986.0
29,MO,"Worth County, MO",29227,Worth County,40.480192,-94.418748,No,2061,1,401,1,5,50101,11637.0,1336.0,6.0,1244,8564.0,15676.0,8.0,917,1634291.0,793.0,37628742.0,18258.0
29,MO,"Wright County, MO",29229,Wright County,37.267636,-92.48001,No,18378,5,6890,2,4,40502,105061.0,9687.0,6.0,7878,77318.0,115865.0,6.0,7395,11615676.0,632.0,276779314.0,15060.0
29,MO,"St. Louis city, MO",29510,St. Louis city,38.635699,-90.244582,No,316030,12,443086,13,4,41213,1616086.0,173360.0,5.0,171604,1189337.0,13264188.0,42.0,140116,121128781.0,383.0,2973784969.0,9410.0
30,MT,"Beaverhead County, MT",30001,Beaverhead County,45.133863,-112.892869,No,9317,3,4982,1,6,60301,34224.0,3980.0,4.0,5219,10174.0,177837.0,19.0,4008,7729251.0,830.0,219398704.0,23548.0
30,MT,"Big Horn County, MT",30003,Big Horn County,45.407869,-107.518163,No,13214,4,4712,1,6,60401,40743.0,4811.0,3.0,4635,12113.0,122696.0,9.0,3602,12190111.0,923.0,337713420.0,25557.0
30,MT,"Blaine County, MT",30005,Blaine County,48.428282,-108.967648,No,6609,2,1779,1,6,60201,21089.0,2583.0,3.0,2796,6269.0,87498.0,13.0,2273,4349140.0,658.0,108430108.0,16406.0
30,MT,"Broadwater County, MT",30007,Broadwater County,46.329849,-111.497873,No,5692,2,1591,1,6,60201,21676.0,2521.0,4.0,2672,6444.0,29916.0,5.0,2417,5772567.0,1014.0,155564962.0,27330.0
30,MT,"Carbon County, MT",30009,Carbon County,45.224475,-109.028551,No,10340,3,4326,1,6,60301,39400.0,4669.0,4.0,6414,11713.0,235364.0,23.0,4385,6244599.0,604.0,160083390.0,15482.0
30,MT,"Carter County, MT",30011,Carter County,45.516825,-104.515324,No,1295,1,209,1,6,60101,5528.0,548.0,4.0,783,3128.0,8809.0,7.0,535,2216191.0,1711.0,56897501.0,43936.0
30,MT,"Cascade County, MT",30013,Cascade County,47.316443,-111.350571,No,82049,8,61650,8,6,60808,253047.0,29864.0,3.0,37449,75228.0,1910532.0,23.0,34138,25054232.0,305.0,616576358.0,7515.0
30,MT,"Chouteau County, MT",30015,Chouteau County,47.886837,-110.436189,No,5837,2,1374,1,6,60201,21010.0,2497.0,4.0,2843,6246.0,69359.0,12.0,2263,5005166.0,857.0,125378326.0,21480.0
30,MT,"Custer County, MT",30017,Custer County,46.261481,-105.550508,No,11980,4,8637,3,6,60403,42108.0,3833.0,4.0,5567,12518.0,279293.0,23.0,4872,6510346.0,543.0,179085152.0,14949.0
30,MT,"Daniels County, MT",30019,Daniels County,48.794429,-105.541739,No,1787,1,1000,1,6,60101,15028.0,1425.0,8.0,939,4468.0,12697.0,7.0,894,1162201.0,650.0,29006320.0,16232.0
30,MT,"Dawson County, MT",30021,Dawson County,47.272425,-104.901027,No,9431,3,5427,2,6,60302,35349.0,3141.0,4.0,4315,20001.0,224424.0,24.0,3997,6363797.0,675.0,173725449.0,18421.0
30,MT,"Deer Lodge County, MT",30023,Deer Lodge County,46.094612,-113.141624,Yes,9176,3,5385,2,6,60302,28235.0,3298.0,3.0,5086,8394.0,257028.0,28.0,3889,7993443.0,871.0,179694786.0,19583.0
30,MT,"Fallon County, MT",30025,Fallon County,46.318184,-104.405718,No,2913,1,2055,1,6,60101,10947.0,957.0,4.0,1473,6194.0,57603.0,20.0,1194,1974944.0,678.0,50518362.0,17342.0
30,MT,"Fergus County, MT",30027,Fergus County,47.223641,-109.223714,No,11429,4,6483,2,6,60402,42741.0,5076.0,4.0,5769,12706.0,229312.0,20.0,4924,5697677.0,499.0,142090828.0,12432.0
30,MT,"Flathead County, MT",30029,Flathead County,48.314575,-114.054533,No,94696,9,76005,8,6,60908,464380.0,43832.0,5.0,50299,138054.0,1366087.0,14.0,37622,37305061.0,394.0,898044917.0,9483.0
30,MT,"Gallatin County, MT",30031,Gallatin County,45.518054,-111.163921,No,97958,9,91423,9,6,60909,339715.0,39901.0,3.0,44616,100993.0,2080051.0,21.0,38781,39940183.0,408.0,1022689811.0,10440.0
30,MT,"Garfield County, MT",30033,Garfield County,47.280033,-106.986706,No,1061,1,216,1,6,60101,4839.0,681.0,5.0,836,1438.0,7271.0,7.0,447,1809978.0,1706.0,47401097.0,44676.0
30,MT,"Glacier County, MT",30035,Glacier County,48.705671,-112.990502,No,13695,4,4289,1,6,60401,43484.0,4722.0,3.0,5272,12927.0,125303.0,9.0,4188,7263633.0,530.0,174664837.0,12754.0
30,MT,"Golden Valley County, MT",30037,Golden Valley County,46.380624,-109.174586,No,730,1,97,1,6,60101,3476.0,412.0,5.0,450,1034.0,,,330,1568641.0,2149.0,42150078.0,57740.0
30,MT,"Granite County, MT",30039,Granite County,46.395955,-113.427356,No,3212,1,1074,1,6,60101,10847.0,1263.0,3.0,2762,3225.0,52883.0,16.0,1300,5531283.0,1722.0,161219457.0,50193.0
30,MT,"Hill County, MT",30041,Hill County,48.631959,-110.106321,No,16529,4,10245,3,6,60403,49049.0,5787.0,3.0,7161,14582.0,306446.0,19.0,6119,6829517.0,413.0,164249815.0,9937.0
30,MT,"Jefferson County, MT",30043,Jefferson County,46.124246,-112.059424,No,11601,4,3852,1,6,60401,40097.0,4663.0,3.0,5007,11920.0,255108.0,22.0,4468,10091283.0,870.0,311958802.0,26891.0
30,MT,"Judith Basin County, MT",30045,Judith Basin County,47.032558,-110.30532,No,1981,1,372,1,6,60101,9560.0,1137.0,5.0,1329,2842.0,14556.0,7.0,915,3201428.0,1616.0,81567227.0,41175.0
30,MT,"Lake County, MT",30047,Lake County,47.642901,-114.083687,No,29311,6,10711,3,6,60603,171338.0,11780.0,6.0,16468,50937.0,185023.0,6.0,11952,12065322.0,412.0,299330980.0,10212.0
30,MT,"Lewis and Clark County, MT",30049,Lewis and Clark County,47.122034,-112.382924,No,65989,8,51070,7,6,60807,220029.0,24996.0,3.0,30430,65412.0,1559201.0,24.0,26765,22198959.0,336.0,546336051.0,8279.0
30,MT,"Liberty County, MT",30051,Liberty County,48.559654,-111.036924,No,2292,1,571,1,6,60101,6727.0,791.0,3.0,1073,2000.0,37707.0,16.0,833,1694035.0,739.0,41724488.0,18204.0
30,MT,"Lincoln County, MT",30053,Lincoln County,48.552385,-115.463185,No,19268,5,7835,3,6,60503,111854.0,11521.0,6.0,12092,33253.0,99551.0,5.0,8539,8403499.0,436.0,201153941.0,10440.0
30,MT,"McCone County, MT",30055,McCone County,47.629628,-105.757222,No,1678,1,505,1,6,60101,8189.0,800.0,5.0,1015,2434.0,16367.0,10.0,727,1985726.0,1183.0,51217792.0,30523.0
30,MT,"Madison County, MT",30057,Madison County,45.325278,-111.913781,No,7810,3,2859,1,6,60301,29102.0,3401.0,4.0,6857,8652.0,78439.0,10.0,3365,6311957.0,808.0,162662465.0,20827.0
30,MT,"Meagher County, MT",30059,Meagher County,46.5857,-110.92174,No,1960,1,470,1,6,60101,7436.0,868.0,4.0,1368,2211.0,12985.0,7.0,786,1674244.0,854.0,40170425.0,20495.0
30,MT,"Mineral County, MT",30061,Mineral County,47.154909,-115.064849,No,4223,1,1407,1,6,60101,14171.0,1658.0,3.0,2431,4213.0,20971.0,5.0,1618,8699083.0,2060.0,269162409.0,63737.0
30,MT,"Missoula County, MT",30063,Missoula County,47.027263,-113.892681,No,113101,9,99170,9,6,60909,384103.0,43547.0,3.0,51101,114189.0,2096616.0,19.0,47116,39742882.0,351.0,1012635177.0,8953.0
30,MT,"Musselshell County, MT",30065,Musselshell County,46.505281,-108.439763,No,4778,1,1567,1,6,60101,21184.0,2513.0,4.0,2676,6298.0,19528.0,4.0,2001,2565906.0,537.0,65121373.0,13629.0
30,MT,"Park County, MT",30067,Park County,45.421905,-110.532798,No,15843,4,10160,3,6,60403,64639.0,7569.0,4.0,9303,19216.0,301029.0,19.0,7131,10970437.0,692.0,302417593.0,19088.0
30,MT,"Petroleum County, MT",30069,Petroleum County,47.141917,-108.226575,No,445,1,34,1,6,60101,1897.0,285.0,4.0,316,564.0,,,212,780668.0,1754.0,19610680.0,44069.0
30,MT,"Phillips County, MT",30071,Phillips County,48.250143,-107.928897,No,4150,1,1554,1,6,60101,16686.0,1963.0,4.0,2294,4961.0,88111.0,21.0,1801,3878661.0,935.0,93407030.0,22508.0
30,MT,"Pondera County, MT",30073,Pondera County,48.230312,-112.219928,No,6166,2,2615,1,6,60201,18830.0,2219.0,3.0,2620,5598.0,96857.0,16.0,2242,3330095.0,540.0,89891895.0,14579.0
30,MT,"Powder River County, MT",30075,Powder River County,45.408926,-105.555344,No,1648,1,544,1,6,60101,8344.0,1169.0,5.0,1028,2481.0,8590.0,5.0,748,3324631.0,2017.0,87214466.0,52921.0
30,MT,"Powell County, MT",30077,Powell County,46.844225,-112.9311,No,6928,2,1880,1,6,60201,18096.0,2123.0,3.0,3068,5380.0,136789.0,20.0,2357,7007744.0,1012.0,205337387.0,29639.0
30,MT,"Prairie County, MT",30079,Prairie County,46.812384,-105.503994,No,1414,1,239,1,6,60101,5780.0,611.0,4.0,659,1718.0,25835.0,18.0,552,2303718.0,1629.0,69123273.0,48885.0
30,MT,"Ravalli County, MT",30081,Ravalli County,46.079298,-114.119065,No,41130,7,18320,5,6,60705,148768.0,17284.0,4.0,19405,44227.0,599023.0,15.0,16752,10257670.0,249.0,250688808.0,6095.0
30,MT,"Richland County, MT",30083,Richland County,47.785513,-104.563387,No,11392,4,11666,4,6,60404,45280.0,3884.0,4.0,4997,25620.0,242494.0,21.0,4546,5519618.0,485.0,134576552.0,11813.0
30,MT,"Roosevelt County, MT",30085,Roosevelt County,48.282747,-104.99517,No,11230,3,3426,1,6,60301,32608.0,2854.0,3.0,4053,18450.0,149908.0,13.0,3172,5355183.0,477.0,131194130.0,11682.0
30,MT,"Rosebud County, MT",30087,Rosebud County,46.17336,-106.66641,No,9348,3,3586,1,6,60301,38287.0,4736.0,4.0,4075,11382.0,83151.0,9.0,3239,6939184.0,742.0,197265371.0,21102.0
30,MT,"Sanders County, MT",30089,Sanders County,47.7565,-115.180295,No,11375,4,4181,1,6,60401,49494.0,5679.0,4.0,6788,14714.0,45677.0,4.0,5035,6313971.0,555.0,158645432.0,13947.0
30,MT,"Sheridan County, MT",30091,Sheridan County,48.705523,-104.533913,No,3645,1,1848,1,6,60101,25658.0,2394.0,7.0,1840,14518.0,24604.0,7.0,1624,2479700.0,680.0,60499143.0,16598.0
30,MT,"Silver Bow County, MT",30093,Silver Bow County,45.895959,-112.660222,Yes,34560,6,24868,5,6,60605,106395.0,12472.0,3.0,16694,31630.0,1062716.0,31.0,14881,18688242.0,541.0,443894938.0,12844.0
30,MT,"Stillwater County, MT",30095,Stillwater County,45.658903,-109.382098,No,9342,3,4170,1,6,60301,36392.0,4321.0,4.0,4777,10819.0,184186.0,20.0,3784,8350329.0,894.0,254879793.0,27283.0
30,MT,"Sweet Grass County, MT",30097,Sweet Grass County,45.811292,-109.944796,No,3634,1,1821,1,6,60101,14037.0,1665.0,4.0,2002,4173.0,69150.0,19.0,1447,6317674.0,1738.0,198221771.0,54546.0
30,MT,"Teton County, MT",30099,Teton County,47.819035,-112.281725,No,6067,2,2012,1,6,60201,21480.0,2534.0,4.0,2862,6386.0,91307.0,15.0,2391,3743049.0,617.0,96970755.0,15983.0
30,MT,"Toole County, MT",30101,Toole County,48.645052,-111.733493,No,5114,2,2886,1,6,60201,21511.0,2244.0,4.0,2330,6395.0,79807.0,16.0,1930,3936166.0,770.0,100958275.0,19742.0
30,MT,"Treasure County, MT",30103,Treasure County,46.209558,-107.280369,No,846,1,62,1,6,60101,5202.0,704.0,6.0,449,1546.0,6024.0,7.0,372,1846406.0,2183.0,62857767.0,74300.0
30,MT,"Valley County, MT",30105,Valley County,48.34985,-106.670424,No,7576,3,4626,1,6,60301,31550.0,3684.0,4.0,4799,17852.0,185103.0,24.0,3350,4990735.0,659.0,121118670.0,15987.0
30,MT,"Wheatland County, MT",30107,Wheatland County,46.497047,-109.857147,No,2109,1,583,1,6,60101,7248.0,860.0,3.0,1288,2155.0,33696.0,16.0,869,2087372.0,990.0,52171744.0,24738.0
30,MT,"Wibaux County, MT",30109,Wibaux County,46.962966,-104.274518,No,1143,1,211,1,6,60101,5444.0,467.0,5.0,553,3080.0,20425.0,18.0,496,1490035.0,1304.0,42932532.0,37561.0
30,MT,"Yellowstone County, MT",30111,Yellowstone County,45.936987,-108.276656,No,155344,10,140744,10,6,61010,518070.0,61956.0,3.0,66239,154016.0,3243866.0,21.0,62459,53234427.0,343.0,1343187185.0,8647.0
31,NE,"Adams County, NE",31001,Adams County,40.520632,-98.500044,No,31536,6,27194,6,5,50606,161790.0,16318.0,5.0,11758,91544.0,933992.0,30.0,12719,10700573.0,339.0,244163533.0,7742.0
31,NE,"Antelope County, NE",31003,Antelope County,42.183225,-98.058037,No,6421,2,2972,1,5,50201,44614.0,4509.0,7.0,2210,25244.0,120642.0,19.0,2747,4570512.0,712.0,110524699.0,17213.0
31,NE,"Arthur County, NE",31005,Arthur County,41.571944,-101.695898,No,437,1,68,1,5,50101,2262.0,299.0,5.0,170,1413.0,3940.0,9.0,183,345434.0,790.0,8850714.0,20253.0
31,NE,"Banner County, NE",31007,Banner County,41.53975,-103.726263,No,793,1,33,1,5,50101,3700.0,503.0,5.0,251,2311.0,7026.0,9.0,314,1295728.0,1634.0,33283661.0,41972.0
31,NE,"Blaine County, NE",31009,Blaine County,41.92523,-99.990771,No,580,1,13,1,5,50101,3874.0,458.0,7.0,248,2192.0,11202.0,19.0,251,733949.0,1265.0,19044190.0,32835.0
31,NE,"Boone County, NE",31011,Boone County,41.703934,-98.070476,No,5353,2,2810,1,5,50201,34457.0,3579.0,6.0,3898,19496.0,26198.0,5.0,2236,3125198.0,584.0,74673909.0,13950.0
31,NE,"Box Butte County, NE",31013,Box Butte County,42.21038,-103.081779,No,11279,4,5563,2,5,50402,44604.0,5752.0,4.0,4239,27855.0,615849.0,55.0,4722,4111884.0,365.0,98488046.0,8732.0
31,NE,"Boyd County, NE",31015,Boyd County,42.894448,-98.773022,No,2006,1,750,1,5,50101,10886.0,1260.0,5.0,1027,6160.0,33825.0,17.0,909,1276840.0,637.0,30235817.0,15073.0
31,NE,"Brown County, NE",31017,Brown County,42.359562,-99.92392,No,3022,1,1632,1,5,50101,18421.0,2271.0,6.0,1551,10423.0,168276.0,56.0,1498,1760613.0,583.0,43260208.0,14315.0
31,NE,"Buffalo County, NE",31019,Buffalo County,40.855226,-99.074983,No,48402,7,46035,7,5,50707,273155.0,28671.0,6.0,13886,154557.0,2362998.0,49.0,18512,25181666.0,520.0,672674593.0,13898.0
31,NE,"Burt County, NE",31021,Burt County,41.854179,-96.337746,No,6594,2,2290,1,5,50201,43500.0,5022.0,7.0,1970,24613.0,38023.0,6.0,2823,3495839.0,530.0,85833826.0,13017.0
31,NE,"Butler County, NE",31023,Butler County,41.226072,-97.132039,No,8205,3,4096,1,5,50301,47042.0,5237.0,6.0,2613,26617.0,34388.0,4.0,3479,5505988.0,671.0,134125783.0,16347.0
31,NE,"Cass County, NE",31025,Cass County,40.909878,-96.140609,No,25463,6,7689,3,5,50603,125586.0,13548.0,5.0,6225,71059.0,126292.0,5.0,9706,16106809.0,633.0,458128875.0,17992.0
31,NE,"Cedar County, NE",31027,Cedar County,42.604511,-97.256824,No,8657,3,3738,1,5,50301,62879.0,5451.0,7.0,3064,35578.0,43963.0,5.0,3571,5452494.0,630.0,132988739.0,15362.0
31,NE,"Chase County, NE",31029,Chase County,40.53039,-101.694192,No,4061,1,2153,1,5,50101,20773.0,2328.0,5.0,1364,12973.0,186582.0,46.0,1693,2314167.0,570.0,56438484.0,13898.0
31,NE,"Cherry County, NE",31031,Cherry County,42.571323,-101.047653,No,5781,2,3133,1,5,50201,36235.0,4528.0,6.0,2551,22629.0,111524.0,19.0,2691,4592315.0,794.0,116737871.0,20193.0
31,NE,"Cheyenne County, NE",31033,Cheyenne County,41.214236,-103.011929,No,10090,3,8512,3,5,50303,33173.0,4248.0,3.0,5058,20716.0,663041.0,66.0,4462,8298257.0,822.0,235434041.0,23333.0
31,NE,"Clay County, NE",31035,Clay County,40.523669,-98.05105,No,6313,2,2189,1,5,50201,41557.0,4129.0,7.0,2103,23514.0,338461.0,54.0,2600,3735832.0,592.0,89564143.0,14187.0
31,NE,"Colfax County, NE",31037,Colfax County,41.57496,-97.088945,No,10499,3,5245,2,5,50302,54940.0,5940.0,5.0,3208,31086.0,34947.0,3.0,3659,5542534.0,528.0,136175296.0,12970.0
31,NE,"Cuming County, NE",31039,Cuming County,41.915865,-96.788517,No,9055,3,5094,2,5,50302,59794.0,6530.0,7.0,2794,33833.0,49940.0,6.0,3783,5619616.0,621.0,135120385.0,14922.0
31,NE,"Custer County, NE",31041,Custer County,41.393893,-99.726866,No,10784,3,5356,2,5,50302,65856.0,7275.0,6.0,4790,37263.0,467593.0,43.0,4781,7124924.0,661.0,173452928.0,16084.0
31,NE,"Dakota County, NE",31043,Dakota County,42.391645,-96.561356,No,20697,5,22761,5,5,50505,108079.0,11322.0,5.0,5825,61153.0,104152.0,5.0,7314,8353635.0,404.0,200895780.0,9707.0
31,NE,"Dawes County, NE",31045,Dawes County,42.711214,-103.134872,No,9082,3,4253,1,5,50301,43158.0,6045.0,5.0,1748,26952.0,481302.0,53.0,3676,4022594.0,443.0,97860570.0,10775.0
31,NE,"Dawson County, NE",31047,Dawson County,40.867378,-99.815154,No,23924,5,19564,5,5,50505,139220.0,14598.0,6.0,8665,78774.0,952490.0,40.0,8791,18335807.0,766.0,531753465.0,22227.0
31,NE,"Deuel County, NE",31049,Deuel County,41.111903,-102.332609,No,1932,1,558,1,5,50101,8097.0,1041.0,4.0,651,5057.0,133907.0,69.0,850,4706799.0,2436.0,148122556.0,76668.0
31,NE,"Dixon County, NE",31051,Dixon County,42.48528,-96.855862,No,5809,2,1593,1,5,50201,38720.0,3717.0,7.0,1987,21909.0,26242.0,5.0,2290,2891786.0,498.0,70073908.0,12063.0
31,NE,"Dodge County, NE",31053,Dodge County,41.577008,-96.645853,No,36679,6,31006,6,5,50606,174625.0,18337.0,5.0,14538,98807.0,239327.0,7.0,15063,14445305.0,394.0,344743258.0,9399.0
31,NE,"Douglas County, NE",31055,Douglas County,41.297091,-96.154066,No,543253,13,622032,13,5,51313,2346765.0,265231.0,4.0,314562,1327852.0,5712623.0,11.0,210931,202039929.0,372.0,4596616962.0,8461.0
31,NE,"Dundy County, NE",31057,Dundy County,40.180165,-101.681133,No,1823,1,543,1,5,50101,12015.0,1211.0,7.0,775,6799.0,84963.0,47.0,815,1541230.0,845.0,38206071.0,20958.0
31,NE,"Fillmore County, NE",31059,Fillmore County,40.52504,-97.596705,No,5676,2,3413,1,5,50201,47892.0,4584.0,8.0,1873,27098.0,35858.0,6.0,2460,4311926.0,760.0,103351480.0,18209.0
31,NE,"Franklin County, NE",31061,Franklin County,40.183203,-98.96208,No,3076,1,812,1,5,50101,21267.0,2141.0,7.0,1210,12033.0,195076.0,63.0,1389,1861562.0,605.0,44804095.0,14566.0
31,NE,"Frontier County, NE",31063,Frontier County,40.530947,-100.406683,No,2599,1,838,1,5,50101,15511.0,1693.0,6.0,1084,8776.0,96632.0,37.0,1097,1964451.0,756.0,49164579.0,18917.0
31,NE,"Furnas County, NE",31065,Furnas County,40.191865,-99.909663,No,4850,1,2681,1,5,50101,19801.0,2329.0,4.0,1906,11204.0,296609.0,61.0,2227,3133831.0,646.0,75711801.0,15611.0
31,NE,"Gage County, NE",31067,Gage County,40.255234,-96.683453,No,21778,5,14974,4,5,50504,161808.0,15675.0,7.0,6787,91555.0,129925.0,6.0,9251,9545969.0,438.0,226109356.0,10382.0
31,NE,"Garden County, NE",31069,Garden County,41.633364,-102.302985,No,1930,1,405,1,5,50101,10919.0,1442.0,6.0,881,6819.0,102314.0,53.0,867,1774766.0,920.0,44094696.0,22847.0
31,NE,"Garfield County, NE",31071,Garfield County,41.906868,-98.951231,No,1968,1,1179,1,5,50101,11698.0,1374.0,6.0,904,6619.0,82692.0,42.0,920,1022830.0,520.0,25425893.0,12920.0
31,NE,"Gosper County, NE",31073,Gosper County,40.509095,-99.823206,No,1977,1,358,1,5,50101,11621.0,1279.0,6.0,880,6575.0,80817.0,41.0,811,1468925.0,743.0,35508671.0,17961.0
31,NE,"Grant County, NE",31075,Grant County,41.913957,-101.755965,No,647,1,178,1,5,50101,4215.0,520.0,7.0,271,2632.0,8109.0,13.0,272,577668.0,893.0,15647518.0,24185.0
31,NE,"Greeley County, NE",31077,Greeley County,41.567571,-98.530565,No,2447,1,593,1,5,50101,15337.0,1557.0,6.0,2606,8678.0,108300.0,44.0,1025,1660306.0,679.0,39935495.0,16320.0
31,NE,"Hall County, NE",31079,Hall County,40.866027,-98.502664,No,61105,8,60751,8,5,50808,267386.0,26704.0,4.0,25200,151293.0,3282181.0,54.0,22572,28400443.0,465.0,714199107.0,11688.0
31,NE,"Hamilton County, NE",31081,Hamilton County,40.872817,-98.022329,No,9118,3,5453,2,5,50302,58588.0,5897.0,6.0,2840,33150.0,382368.0,42.0,3705,12186359.0,1337.0,360094852.0,39493.0
31,NE,"Harlan County, NE",31083,Harlan County,40.178766,-99.403418,No,3465,1,1138,1,5,50101,21784.0,2247.0,6.0,1683,12326.0,24527.0,7.0,1590,2702925.0,780.0,66708163.0,19252.0
31,NE,"Hayes County, NE",31085,Hayes County,40.537234,-101.047963,No,1013,1,68,1,5,50101,5795.0,670.0,6.0,371,3279.0,11395.0,11.0,441,921903.0,910.0,23327088.0,23028.0
31,NE,"Hitchcock County, NE",31087,Hitchcock County,40.176896,-101.044217,No,2866,1,858,1,5,50101,16775.0,1939.0,6.0,1215,9491.0,36549.0,13.0,1288,2143783.0,748.0,52631483.0,18364.0
31,NE,"Holt County, NE",31089,Holt County,42.459287,-98.784766,No,10360,3,6809,2,5,50302,52217.0,5901.0,5.0,3869,29545.0,433816.0,42.0,4569,6586656.0,636.0,156906956.0,15145.0
31,NE,"Hooker County, NE",31091,Hooker County,41.9187,-101.11681,No,669,1,154,1,5,50101,4435.0,524.0,7.0,300,2510.0,5790.0,9.0,301,559939.0,837.0,14100310.0,21077.0
31,NE,"Howard County, NE",31093,Howard County,41.216851,-98.513342,No,6365,2,2109,1,5,50201,42168.0,4424.0,7.0,2245,23860.0,236858.0,37.0,2601,3455226.0,543.0,83425726.0,13107.0
31,NE,"Jefferson County, NE",31095,Jefferson County,40.175736,-97.143103,No,7354,2,5205,2,5,50202,64973.0,6431.0,9.0,2727,36763.0,43401.0,6.0,3303,3485552.0,474.0,83296949.0,11327.0
31,NE,"Johnson County, NE",31097,Johnson County,40.39501,-96.265367,No,5167,2,1593,1,5,50201,23732.0,2561.0,5.0,1341,13428.0,23395.0,5.0,1880,2277716.0,441.0,55813333.0,10802.0
31,NE,"Kearney County, NE",31099,Kearney County,40.50912,-98.947602,No,6548,2,3314,1,5,50201,41793.0,4239.0,6.0,2453,23647.0,377300.0,58.0,2752,4084391.0,624.0,98963120.0,15113.0
31,NE,"Keith County, NE",31101,Keith County,41.194245,-101.644449,No,8103,3,5222,2,5,50302,40892.0,5041.0,5.0,3511,25537.0,392724.0,48.0,3926,13560375.0,1674.0,405999367.0,50105.0
31,NE,"Keya Paha County, NE",31103,Keya Paha County,42.87548,-99.718351,No,736,1,94,1,5,50101,3714.0,496.0,5.0,419,2101.0,10068.0,14.0,338,816660.0,1110.0,20054864.0,27248.0
31,NE,"Kimball County, NE",31105,Kimball County,41.199274,-103.703153,No,3713,1,1620,1,5,50101,12124.0,1517.0,3.0,1464,7571.0,245479.0,66.0,1591,5488474.0,1478.0,167072972.0,44997.0
31,NE,"Knox County, NE",31107,Knox County,42.634404,-97.891349,No,8551,3,3180,1,5,50301,53136.0,5202.0,6.0,3589,30066.0,35614.0,4.0,3648,3933845.0,460.0,92388093.0,10804.0
31,NE,"Lancaster County, NE",31109,Lancaster County,40.783547,-96.688658,No,301707,12,272563,11,5,51211,1535204.0,146398.0,5.0,133542,868653.0,1895485.0,6.0,119254,102833066.0,341.0,2471499951.0,8192.0
31,NE,"Lincoln County, NE",31111,Lincoln County,41.050322,-100.744481,No,35777,6,23893,5,5,50605,178806.0,18709.0,5.0,13586,101172.0,1928648.0,54.0,14965,25089471.0,701.0,707621292.0,19779.0
31,NE,"Logan County, NE",31113,Logan County,41.542155,-100.443665,No,830,1,103,1,5,50101,5394.0,638.0,6.0,296,3052.0,9455.0,11.0,352,933458.0,1125.0,25474630.0,30692.0
31,NE,"Loup County, NE",31115,Loup County,41.897665,-99.509776,No,542,1,29,1,5,50101,3759.0,463.0,7.0,345,2127.0,4594.0,8.0,248,675973.0,1247.0,16821423.0,31036.0
31,NE,"McPherson County, NE",31117,McPherson County,41.648414,-101.120851,No,425,1,22,1,5,50101,2871.0,339.0,7.0,169,1624.0,5854.0,14.0,195,423154.0,996.0,10682484.0,25135.0
31,NE,"Madison County, NE",31119,Madison County,41.909929,-97.606856,No,35125,6,36052,6,5,50606,250378.0,24655.0,7.0,6610,141669.0,219709.0,6.0,14056,12718047.0,362.0,292972793.0,8341.0
31,NE,"Merrick County, NE",31121,Merrick County,41.169801,-98.031051,No,7793,3,3198,1,5,50301,51397.0,5230.0,7.0,5490,29081.0,47195.0,6.0,3311,5889555.0,756.0,142421545.0,18276.0
31,NE,"Morrill County, NE",31123,Morrill County,41.732204,-102.990594,No,4843,1,1205,1,5,50101,23264.0,3146.0,5.0,1585,14528.0,267880.0,55.0,2008,4731922.0,977.0,120397717.0,24860.0
31,NE,"Nance County, NE",31125,Nance County,41.402385,-97.991408,No,3607,1,970,1,5,50101,22609.0,2260.0,6.0,3684,12792.0,24772.0,7.0,1568,1784353.0,495.0,42894358.0,11892.0
31,NE,"Nemaha County, NE",31127,Nemaha County,40.385236,-95.853056,No,7101,2,2752,1,5,50201,37530.0,4042.0,5.0,2846,21236.0,36553.0,5.0,2873,3399215.0,479.0,82941454.0,11680.0
31,NE,"Nuckolls County, NE",31129,Nuckolls County,40.176492,-98.046842,No,4352,1,2208,1,5,50101,26750.0,2743.0,6.0,1943,15136.0,148902.0,34.0,2042,2030726.0,467.0,48486606.0,11141.0
31,NE,"Otoe County, NE",31131,Otoe County,40.637992,-96.131027,No,15890,4,9982,3,5,50403,79876.0,8682.0,5.0,7029,45196.0,101453.0,6.0,6463,10930307.0,688.0,270592758.0,17029.0
31,NE,"Pawnee County, NE",31133,Pawnee County,40.13785,-96.245225,No,2695,1,828,1,5,50101,15734.0,1697.0,6.0,884,8903.0,13796.0,5.0,1249,1608318.0,597.0,38992927.0,14469.0
31,NE,"Perkins County, NE",31135,Perkins County,40.857646,-101.627468,No,2911,1,1727,1,5,50101,13180.0,1626.0,5.0,945,8231.0,119215.0,41.0,1241,2024116.0,695.0,51386852.0,17653.0
31,NE,"Phelps County, NE",31137,Phelps County,40.516365,-99.406557,No,9236,3,6948,2,5,50302,55242.0,5607.0,6.0,3545,31257.0,520733.0,56.0,3773,4904387.0,531.0,116272556.0,12589.0
31,NE,"Pierce County, NE",31139,Pierce County,42.271413,-97.610992,No,7179,2,3022,1,5,50201,49865.0,4869.0,7.0,2391,28215.0,36464.0,5.0,2949,4610276.0,642.0,112967616.0,15736.0
31,NE,"Platte County, NE",31141,Platte County,41.576866,-97.513467,No,32703,6,31681,6,5,50606,217932.0,24011.0,7.0,6652,123311.0,126371.0,4.0,12737,13929006.0,426.0,329178199.0,10066.0
31,NE,"Polk County, NE",31143,Polk County,41.187925,-97.570663,No,5242,2,2028,1,5,50201,30662.0,3389.0,6.0,1929,17349.0,30410.0,6.0,2112,2986675.0,570.0,71982823.0,13732.0
31,NE,"Red Willow County, NE",31145,Red Willow County,40.16942,-100.468576,No,10884,3,7524,3,5,50303,49617.0,5933.0,5.0,3710,28075.0,615343.0,57.0,4572,4690018.0,431.0,111436051.0,10239.0
31,NE,"Richardson County, NE",31147,Richardson County,40.123743,-95.718603,No,8149,3,3713,1,5,50301,45540.0,4897.0,6.0,3311,25767.0,57516.0,7.0,3768,3347801.0,411.0,80880828.0,9925.0
31,NE,"Rock County, NE",31149,Rock County,42.394749,-99.420851,No,1407,1,497,1,5,50101,7508.0,1003.0,5.0,727,4248.0,69353.0,49.0,695,1526519.0,1085.0,38041153.0,27037.0
31,NE,"Saline County, NE",31151,Saline County,40.516802,-97.131755,No,14356,4,11621,4,5,50404,119037.0,11380.0,8.0,3566,67354.0,78286.0,5.0,5119,4942710.0,344.0,117526114.0,8187.0
31,NE,"Sarpy County, NE",31153,Sarpy County,41.115064,-96.109125,No,172460,10,105251,9,5,51009,675097.0,74587.0,4.0,61798,381985.0,1328562.0,8.0,62907,48310886.0,280.0,1260193546.0,7307.0
31,NE,"Saunders County, NE",31155,Saunders County,41.223152,-96.640923,No,20946,5,7885,3,5,50503,103543.0,11183.0,5.0,5951,58587.0,78222.0,4.0,7991,9007506.0,430.0,221994051.0,10598.0
31,NE,"Scotts Bluff County, NE",31157,Scotts Bluff County,41.850331,-103.701549,No,36599,6,26183,6,5,50606,174371.0,23863.0,5.0,7765,98663.0,2168024.0,59.0,14544,13107055.0,358.0,304013991.0,8307.0
31,NE,"Seward County, NE",31159,Seward County,40.871944,-97.140383,No,17113,5,11321,4,5,50504,89317.0,9880.0,5.0,5373,50538.0,89128.0,5.0,6348,15558026.0,909.0,462721254.0,27039.0
31,NE,"Sheridan County, NE",31161,Sheridan County,42.512289,-102.36828,No,5259,2,1889,1,5,50201,30314.0,4220.0,6.0,1625,18931.0,254900.0,48.0,2227,3820450.0,726.0,96826998.0,18412.0
31,NE,"Sherman County, NE",31163,Sherman County,41.218743,-98.972849,No,3090,1,1097,1,5,50101,21242.0,2325.0,7.0,1448,12019.0,147945.0,48.0,1367,2189083.0,708.0,53994136.0,17474.0
31,NE,"Sioux County, NE",31165,Sioux County,42.470612,-103.732111,No,1274,1,35,1,5,50101,7878.0,1065.0,6.0,510,4920.0,17667.0,14.0,544,1523041.0,1195.0,38046903.0,29864.0
31,NE,"Stanton County, NE",31167,Stanton County,41.905045,-97.177109,No,6022,2,2400,1,5,50201,41978.0,4341.0,7.0,1828,23752.0,30226.0,5.0,2342,3676303.0,610.0,89917981.0,14932.0
31,NE,"Thayer County, NE",31169,Thayer County,40.173845,-97.596263,No,5163,2,3344,1,5,50201,54288.0,5154.0,11.0,1724,30717.0,31861.0,6.0,2375,3491324.0,676.0,85867543.0,16631.0
31,NE,"Thomas County, NE",31171,Thomas County,41.84862,-100.506911,No,675,1,238,1,5,50101,4537.0,536.0,7.0,275,2567.0,11366.0,17.0,298,898935.0,1332.0,24392413.0,36137.0
31,NE,"Thurston County, NE",31173,Thurston County,42.154061,-96.533943,No,6989,2,2359,1,5,50201,35745.0,3998.0,5.0,1786,20225.0,25389.0,4.0,2096,3041887.0,435.0,72265273.0,10340.0
31,NE,"Valley County, NE",31175,Valley County,41.564094,-98.983484,No,4240,1,2568,1,5,50101,28016.0,3060.0,7.0,1716,15852.0,190673.0,45.0,1916,2388711.0,563.0,57404790.0,13539.0
31,NE,"Washington County, NE",31177,Washington County,41.533973,-96.224577,No,20338,5,13536,4,5,50504,105767.0,11452.0,5.0,4682,59845.0,86786.0,4.0,8022,7356609.0,362.0,180870851.0,8893.0
31,NE,"Wayne County, NE",31179,Wayne County,42.210746,-97.126243,No,9414,3,6358,2,5,50302,45313.0,4834.0,5.0,3163,25639.0,44345.0,5.0,3567,3635553.0,386.0,87417880.0,9286.0
31,NE,"Webster County, NE",31181,Webster County,40.180646,-98.49859,No,3665,1,1186,1,5,50101,22854.0,2271.0,6.0,1339,12931.0,201481.0,55.0,1551,1902699.0,519.0,45238240.0,12343.0
31,NE,"Wheeler County, NE",31183,Wheeler County,41.922578,-98.520851,No,805,1,224,1,5,50101,5991.0,599.0,7.0,1094,3390.0,8892.0,11.0,373,844082.0,1049.0,21898665.0,27203.0
31,NE,"York County, NE",31185,York County,40.873056,-97.596742,No,13842,4,12753,4,5,50404,104439.0,10269.0,8.0,3698,59094.0,79246.0,6.0,5670,14706327.0,1062.0,425265076.0,30723.0
32,NV,"Churchill County, NV",32001,Churchill County,39.53771,-118.264165,No,24148,5,10920,3,5,50503,81783.0,8406.0,3.0,10241,24313.0,415547.0,17.0,9491,12257600.0,508.0,327908382.0,13579.0
32,NV,"Clark County, NV",32003,Clark County,36.214257,-115.013812,No,2070153,16,1694406,16,3,31616,8912927.0,1044635.0,4.0,818713,4241125.0,24774814.0,12.0,735475,756394557.0,365.0,18442277582.0,8909.0
32,NV,"Douglas County, NV",32005,Douglas County,38.905129,-119.609019,No,47426,7,33671,6,5,50706,148973.0,15312.0,3.0,22825,70887.0,1148949.0,24.0,19928,17231232.0,363.0,427480942.0,9014.0
32,NV,"Elko County, NV",32007,Elko County,41.141133,-115.351424,No,52029,7,40615,7,5,50707,176153.0,17490.0,3.0,19580,52368.0,582408.0,11.0,17618,29685871.0,571.0,841769164.0,16179.0
32,NV,"Esmeralda County, NV",32009,Esmeralda County,37.778966,-117.632382,No,1069,1,201,1,5,50101,3916.0,413.0,4.0,929,1164.0,1754.0,2.0,454,3317352.0,3103.0,88003690.0,82323.0
32,NV,"Eureka County, NV",32011,Eureka County,39.977788,-116.272208,No,1730,1,51,1,5,50101,7311.0,743.0,4.0,1099,2173.0,,,766,3840999.0,2220.0,121594442.0,70286.0
32,NV,"Humboldt County, NV",32013,Humboldt County,41.407914,-118.127591,No,17091,5,11035,3,5,50503,55824.0,5736.0,3.0,6924,16596.0,271371.0,16.0,6174,14022379.0,820.0,396310391.0,23188.0
32,NV,"Lander County, NV",32015,Lander County,39.90021,-117.04724,No,5907,2,2058,1,5,50201,18403.0,1892.0,3.0,2401,5471.0,84578.0,14.0,2102,4169556.0,706.0,129486285.0,21921.0
32,NV,"Lincoln County, NV",32017,Lincoln County,37.634605,-114.863037,No,5155,2,1152,1,5,50201,26730.0,2265.0,5.0,2315,12719.0,3605.0,1.0,1835,5476486.0,1062.0,145258966.0,28178.0
32,NV,"Lyon County, NV",32019,Lyon County,39.022213,-119.197425,No,51897,7,20421,5,5,50705,148871.0,15302.0,3.0,21500,44258.0,1079585.0,21.0,19586,27118340.0,523.0,629948782.0,12138.0
32,NV,"Mineral County, NV",32021,Mineral County,38.516647,-118.416279,No,4519,1,1412,1,5,50101,17208.0,1785.0,4.0,2660,5116.0,16138.0,4.0,2065,4771848.0,1056.0,122621085.0,27135.0
32,NV,"Nye County, NV",32023,Nye County,37.965864,-116.459011,No,43198,7,16014,4,5,50704,232461.0,28881.0,5.0,20686,69108.0,64914.0,2.0,17464,14917452.0,345.0,383725465.0,8883.0
32,NV,"Pershing County, NV",32027,Pershing County,40.439639,-118.409477,No,6690,2,1750,1,5,50201,17849.0,1838.0,3.0,2304,5306.0,75543.0,11.0,2016,8004677.0,1197.0,257645623.0,38512.0
32,NV,"Storey County, NV",32029,Storey County,39.438385,-119.524646,No,3941,1,1213,1,5,50101,14129.0,1452.0,4.0,1918,4200.0,53008.0,13.0,1752,1877324.0,476.0,47535082.0,12062.0
32,NV,"Washoe County, NV",32031,Washoe County,40.734015,-119.662272,No,439914,13,373256,12,5,51312,1444585.0,148483.0,3.0,179953,429457.0,9316183.0,21.0,169015,191301936.0,435.0,4421373341.0,10051.0
32,NV,"White Pine County, NV",32033,White Pine County,39.418234,-114.900605,No,9893,3,5399,2,5,50302,55465.0,3822.0,6.0,3777,16489.0,9636.0,1.0,3158,7704893.0,779.0,189925667.0,19198.0
32,NV,"Carson City, NV",32510,Carson City,39.15306,-119.747379,No,54412,7,43718,7,5,50707,148266.0,15239.0,3.0,22489,44078.0,1249570.0,23.0,21802,29326687.0,539.0,614155108.0,11287.0
33,NH,"Belknap County, NH",33001,Belknap County,43.519109,-71.425366,No,60392,8,42620,7,6,60807,179580.0,33986.0,3.0,37749,45918.0,258697.0,4.0,24464,32234417.0,534.0,655459624.0,10853.0
33,NH,"Carroll County, NH",33003,Carroll County,43.867774,-71.20156,No,47416,7,32961,6,6,60706,150005.0,28381.0,3.0,40323,38356.0,66280.0,1.0,20783,25758844.0,543.0,510579074.0,10768.0
33,NH,"Cheshire County, NH",33005,Cheshire County,42.925455,-72.248217,No,76320,8,54468,7,5,50807,216373.0,40783.0,3.0,34995,55326.0,50773.0,1.0,30473,32919632.0,431.0,672490468.0,8811.0
33,NH,"Coos County, NH",33007,Coos County,44.652548,-71.289431,No,32219,6,18100,5,6,60605,88961.0,16797.0,3.0,21296,22747.0,94852.0,3.0,13917,30141637.0,936.0,623850585.0,19363.0
33,NH,"Grafton County, NH",33009,Grafton County,43.926439,-71.842422,No,89164,9,98160,9,6,60909,220759.0,40345.0,2.0,51819,56448.0,61563.0,1.0,34903,49616492.0,556.0,1032001057.0,11574.0
33,NH,"Hillsborough County, NH",33011,Hillsborough County,42.911532,-71.723055,No,404948,12,369354,12,5,51212,1169500.0,220061.0,3.0,167756,299038.0,3603787.0,9.0,156114,158065678.0,390.0,3256567398.0,8042.0
33,NH,"Merrimack County, NH",33013,Merrimack County,43.299579,-71.680041,No,147715,10,129152,10,6,61010,400869.0,73097.0,3.0,63768,102501.0,1082979.0,7.0,56790,96098252.0,651.0,1997950675.0,13526.0
33,NH,"Rockingham County, NH",33015,Rockingham County,42.988599,-71.099072,No,300365,12,278898,11,5,51211,941502.0,170570.0,3.0,128752,240740.0,1320338.0,4.0,118672,171497279.0,571.0,3515119833.0,11703.0
33,NH,"Strafford County, NH",33017,Strafford County,43.293272,-71.035589,No,125913,9,77383,8,5,50908,329720.0,62253.0,3.0,52443,84309.0,534943.0,4.0,47779,52062646.0,413.0,1068412367.0,8485.0
33,NH,"Sullivan County, NH",33019,Sullivan County,43.361188,-72.222084,No,43051,7,23607,5,6,60705,121454.0,22930.0,3.0,22383,31056.0,32349.0,1.0,17478,16986123.0,395.0,348968919.0,8106.0
34,NJ,"Atlantic County, NJ",34001,Atlantic County,39.469354,-74.633758,No,274026,11,211844,11,4,41111,835392.0,147653.0,3.0,124672,288785.0,6369712.0,23.0,101083,151432283.0,553.0,2975582995.0,10859.0
34,NJ,"Bergen County, NJ",34003,Bergen County,40.959698,-74.074727,No,930310,14,875196,14,5,51414,2790598.0,458092.0,3.0,346585,374601.0,26944507.0,29.0,337069,365353514.0,393.0,7376443873.0,7929.0
34,NJ,"Burlington County, NJ",34005,Burlington County,39.875786,-74.663006,No,450236,13,364438,12,4,41312,1513441.0,243556.0,3.0,173524,523179.0,10681517.0,24.0,164623,247695617.0,550.0,4963664617.0,11025.0
34,NJ,"Camden County, NJ",34007,Camden County,39.802352,-74.961251,No,511145,13,357464,12,4,41312,1551379.0,259652.0,3.0,201051,536294.0,12507044.0,24.0,185722,213487466.0,418.0,4241697680.0,8298.0
34,NJ,"Cape May County, NJ",34009,Cape May County,39.086142,-74.847716,No,95404,9,54982,7,4,40907,339205.0,59960.0,4.0,96618,117259.0,1945888.0,20.0,40073,63157465.0,662.0,1239437822.0,12991.0
34,NJ,"Cumberland County, NJ",34011,Cumberland County,39.328434,-75.121628,No,155744,10,92194,9,4,41009,484122.0,81620.0,3.0,55000,167355.0,2585606.0,17.0,50718,63633168.0,409.0,1239374588.0,7958.0
34,NJ,"Essex County, NJ",34013,Essex County,40.7874,-74.246292,No,792586,14,575461,13,4,41413,1984821.0,321605.0,3.0,307129,686130.0,20482443.0,26.0,279480,249725514.0,315.0,5069136476.0,6396.0
34,NJ,"Gloucester County, NJ",34015,Gloucester County,39.722875,-75.145679,No,291286,12,186680,10,4,41210,972716.0,168122.0,3.0,109519,336257.0,6611926.0,23.0,104762,150935177.0,518.0,3016822568.0,10357.0
34,NJ,"Hudson County, NJ",34017,Hudson County,40.731375,-74.078601,No,668526,14,438655,13,4,41413,1454406.0,237912.0,2.0,269716,502771.0,12334441.0,18.0,251693,112695055.0,169.0,2287958156.0,3422.0
34,NJ,"Hunterdon County, NJ",34019,Hunterdon County,40.565283,-74.911969,No,125708,9,87484,9,5,50909,481485.0,67145.0,4.0,48724,166444.0,2038549.0,16.0,46935,102310048.0,814.0,2051301466.0,16318.0
34,NJ,"Mercer County, NJ",34021,Mercer County,40.282503,-74.703724,No,371101,12,381387,12,5,51212,1039322.0,166479.0,3.0,140844,359282.0,8957078.0,24.0,130129,193349677.0,521.0,3906413876.0,10527.0
34,NJ,"Middlesex County, NJ",34023,Middlesex County,40.439613,-74.407579,No,831852,14,775214,14,4,41414,2150451.0,336323.0,3.0,291936,743386.0,19344591.0,23.0,283279,417762374.0,502.0,8533232471.0,10258.0
34,NJ,"Monmouth County, NJ",34025,Monmouth County,40.287048,-74.152446,No,627532,13,482734,13,4,41313,2313459.0,322094.0,4.0,254217,799736.0,19122676.0,30.0,232868,317551790.0,506.0,6338555283.0,10101.0
34,NJ,"Morris County, NJ",34027,Morris County,40.858581,-74.547427,No,498215,13,593160,13,5,51313,1679829.0,234550.0,3.0,186825,580697.0,12469343.0,25.0,179734,263959415.0,530.0,5360712497.0,10760.0
34,NJ,"Ocean County, NJ",34029,Ocean County,39.865669,-74.258864,No,586166,13,285460,11,4,41311,2173320.0,310908.0,4.0,274035,751291.0,15493404.0,26.0,222609,223456576.0,381.0,4496149747.0,7670.0
34,NJ,"Passaic County, NJ",34031,Passaic County,41.03789,-74.29828,No,507204,13,292198,12,5,51312,1226818.0,194733.0,2.0,172563,424097.0,11533241.0,23.0,161534,146481623.0,289.0,2944756865.0,5806.0
34,NJ,"Salem County, NJ",34033,Salem County,39.573828,-75.357356,No,64504,8,33154,6,4,40806,230822.0,40801.0,4.0,26992,79793.0,835623.0,13.0,24255,41140442.0,638.0,803667959.0,12459.0
34,NJ,"Somerset County, NJ",34035,Somerset County,40.565527,-74.619938,No,331686,12,381600,12,5,51212,1011304.0,158203.0,3.0,122342,349596.0,9079666.0,27.0,116456,177241799.0,534.0,3571425035.0,10767.0
34,NJ,"Sussex County, NJ",34037,Sussex County,41.137461,-74.691914,No,144694,10,64435,8,5,51008,564477.0,78472.0,4.0,60800,195133.0,1204672.0,8.0,53648,63726207.0,440.0,1273117944.0,8799.0
34,NJ,"Union County, NJ",34039,Union County,40.659871,-74.308696,No,550436,13,402593,12,4,41312,1299218.0,207549.0,2.0,196466,449124.0,14360966.0,26.0,186890,214491466.0,390.0,4300371029.0,7813.0
34,NJ,"Warren County, NJ",34041,Warren County,40.853491,-75.009498,No,107095,9,56076,7,5,50907,392210.0,54527.0,4.0,44275,135582.0,1756601.0,16.0,41454,74730322.0,698.0,1518777055.0,14182.0
35,NM,"Bernalillo County, NM",35001,Bernalillo County,35.054002,-106.669064,No,674777,14,536319,13,4,41413,1761276.0,218156.0,3.0,276454,838085.0,12273246.0,18.0,262520,227184147.0,337.0,6779248542.0,10047.0
35,NM,"Catron County, NM",35003,Catron County,33.901858,-108.392088,No,3547,1,568,1,5,50101,10898.0,1354.0,3.0,3788,5186.0,20910.0,6.0,1425,5203413.0,1467.0,150484666.0,42426.0
35,NM,"Chaves County, NM",35005,Chaves County,33.361604,-104.469837,No,65610,8,33241,6,3,30806,253886.0,24102.0,4.0,28016,144510.0,778208.0,12.0,23153,29668491.0,452.0,842743677.0,12845.0
35,NM,"Cibola County, NM",35006,Cibola County,34.93205,-108.000374,No,27373,6,8939,3,4,40603,60629.0,7988.0,2.0,9371,28850.0,372367.0,14.0,8787,26087547.0,953.0,945086570.0,34526.0
35,NM,"Colfax County, NM",35007,Colfax County,36.612962,-104.640126,No,12716,4,6966,2,5,50402,35394.0,5196.0,3.0,8494,16842.0,264184.0,21.0,5383,15865280.0,1248.0,480405858.0,37780.0
35,NM,"Curry County, NM",35009,Curry County,34.572984,-103.346055,No,50544,7,25880,6,4,40706,201552.0,19392.0,4.0,21696,114722.0,604886.0,12.0,18297,15337097.0,303.0,430629302.0,8520.0
35,NM,"De Baca County, NM",35011,De Baca County,34.359273,-104.368696,No,1977,1,414,1,4,40101,4376.0,619.0,2.0,1074,2082.0,37991.0,19.0,563,4266472.0,2158.0,124229812.0,62838.0
35,NM,"Dona Ana County, NM",35013,Dona Ana County,32.350912,-106.832182,No,213825,11,102450,9,3,31109,604489.0,71940.0,3.0,81079,287640.0,2036509.0,10.0,74989,81833820.0,383.0,2562193863.0,11983.0
35,NM,"Eddy County, NM",35015,Eddy County,32.457835,-104.306434,No,56369,7,45434,7,3,30707,255802.0,24443.0,5.0,24573,145601.0,629174.0,11.0,20941,30220370.0,536.0,873565660.0,15497.0
35,NM,"Grant County, NM",35017,Grant County,32.732087,-108.381504,No,28879,6,12388,4,4,40604,91833.0,11351.0,3.0,14147,43698.0,464637.0,16.0,11941,12669359.0,439.0,401129760.0,13890.0
35,NM,"Guadalupe County, NM",35019,Guadalupe County,34.869782,-104.784968,No,4469,1,1823,1,4,40101,8473.0,1265.0,2.0,2459,4032.0,7175.0,2.0,1168,13872517.0,3104.0,584812043.0,130860.0
35,NM,"Harding County, NM",35021,Harding County,35.85958,-103.851495,No,565,1,47,1,5,50101,1547.0,201.0,3.0,539,736.0,2095.0,4.0,193,2150720.0,3807.0,59030943.0,104480.0
35,NM,"Hidalgo County, NM",35023,Hidalgo County,31.898052,-108.751929,No,4531,1,1719,1,3,30101,14196.0,1756.0,3.0,2312,6755.0,45100.0,10.0,1763,7313572.0,1614.0,274656237.0,60617.0
35,NM,"Lea County, NM",35025,Lea County,32.795687,-103.413271,No,68930,8,46186,7,3,30807,271219.0,25306.0,4.0,26579,154376.0,621559.0,9.0,21542,33963389.0,493.0,979248866.0,14206.0
35,NM,"Lincoln County, NM",35027,Lincoln County,33.740941,-105.449083,No,19726,5,10135,3,4,40503,60583.0,7781.0,3.0,17032,28828.0,165457.0,8.0,8016,14596542.0,740.0,411260874.0,20849.0
35,NM,"Los Alamos County, NM",35028,Los Alamos County,35.870047,-106.307968,No,17895,5,26153,6,5,50506,50455.0,6698.0,3.0,8032,24009.0,544170.0,30.0,7586,4493252.0,251.0,136679560.0,7638.0
35,NM,"Luna County, NM",35029,Luna County,32.184523,-107.747191,No,24627,5,8858,3,3,30503,65493.0,8110.0,3.0,10562,31164.0,312992.0,13.0,8728,18449492.0,749.0,648009158.0,26313.0
35,NM,"McKinley County, NM",35031,McKinley County,35.583878,-108.253266,No,74346,8,32570,6,5,50806,116607.0,13764.0,2.0,18889,34666.0,822065.0,11.0,18968,44440652.0,598.0,1492744470.0,20078.0
35,NM,"Mora County, NM",35033,Mora County,35.982841,-104.921898,No,4598,1,574,1,5,50101,7339.0,1291.0,2.0,2840,3492.0,3663.0,1.0,1540,5202614.0,1131.0,179817658.0,39108.0
35,NM,"Otero County, NM",35035,Otero County,32.588776,-105.781079,No,65333,8,24434,5,3,30805,183595.0,23357.0,3.0,29856,87362.0,824422.0,13.0,23043,25535258.0,391.0,742660279.0,11367.0
35,NM,"Quay County, NM",35037,Quay County,35.107018,-103.548071,No,8555,3,3800,1,4,40301,33110.0,3207.0,4.0,5820,18846.0,95742.0,11.0,3174,14419338.0,1685.0,554737117.0,64844.0
35,NM,"Rio Arriba County, NM",35039,Rio Arriba County,36.509669,-106.693983,No,39924,7,11796,4,5,50704,79647.0,11159.0,2.0,16709,37899.0,744316.0,19.0,13343,23016737.0,577.0,672903020.0,16855.0
35,NM,"Roosevelt County, NM",35041,Roosevelt County,34.021457,-103.482725,No,19618,5,6964,2,4,40502,90323.0,8816.0,5.0,6952,51411.0,196210.0,10.0,7110,8929082.0,455.0,260025498.0,13254.0
35,NM,"Sandoval County, NM",35043,Sandoval County,35.685091,-106.883119,No,138117,10,51637,7,5,51007,380989.0,47702.0,3.0,51450,181290.0,2337535.0,17.0,48534,66478346.0,481.0,1984018542.0,14365.0
35,NM,"San Juan County, NM",35045,San Juan County,36.511624,-108.324578,No,122537,9,73990,8,5,50908,304778.0,32269.0,2.0,47122,145026.0,1939271.0,16.0,41036,58215508.0,475.0,1722151214.0,14054.0
35,NM,"San Miguel County, NM",35047,San Miguel County,35.476859,-104.803519,No,28350,6,12363,4,5,50604,70263.0,8853.0,2.0,15255,33434.0,309399.0,11.0,10630,14831421.0,523.0,484961921.0,17106.0
35,NM,"Santa Fe County, NM",35049,Santa Fe County,35.514324,-105.965771,No,147320,10,93256,9,5,51009,388472.0,48649.0,3.0,68426,184850.0,3113513.0,21.0,61286,76097345.0,517.0,2256563834.0,15317.0
35,NM,"Sierra County, NM",35051,Sierra County,33.119461,-107.188153,No,11442,4,4752,1,4,40401,35754.0,5179.0,3.0,7040,17013.0,214608.0,19.0,5341,8750734.0,765.0,284499980.0,24865.0
35,NM,"Socorro County, NM",35053,Socorro County,33.991658,-106.939136,No,17324,5,5740,2,4,40502,30431.0,4725.0,2.0,7699,14481.0,159465.0,9.0,4786,14244619.0,822.0,500178402.0,28872.0
35,NM,"Taos County, NM",35055,Taos County,36.576529,-105.637986,No,32961,6,17056,5,5,50605,69533.0,11101.0,2.0,17192,33087.0,646236.0,20.0,13006,14559910.0,442.0,400559345.0,12153.0
35,NM,"Torrance County, NM",35057,Torrance County,34.554979,-105.890558,No,15599,4,3111,1,5,50401,38263.0,5866.0,2.0,7473,18207.0,156444.0,10.0,5373,19424227.0,1245.0,694016578.0,44491.0
35,NM,"Union County, NM",35059,Union County,36.488085,-103.475723,No,4292,1,1656,1,4,40101,12313.0,1525.0,3.0,2223,5859.0,60451.0,14.0,1545,6996565.0,1630.0,207167169.0,48268.0
35,NM,"Valencia County, NM",35061,Valencia County,34.71684,-106.806582,No,75993,8,21401,5,4,40805,204465.0,25367.0,3.0,29162,97293.0,1171685.0,15.0,26841,18437163.0,243.0,559749585.0,7366.0
36,NY,"Albany County, NY",36001,Albany County,42.58824,-73.97401,No,307891,12,361467,12,5,51212,1049936.0,137478.0,3.0,130101,140940.0,7358684.0,24.0,124108,164581514.0,535.0,3921749703.0,12737.0
36,NY,"Allegany County, NY",36003,Allegany County,42.247853,-78.026153,No,47700,7,23547,5,6,60705,137188.0,17889.0,3.0,24424,18416.0,1122409.0,24.0,18032,19723366.0,413.0,438812202.0,9199.0
36,NY,"Bronx County, NY",36005,Bronx County,40.848711,-73.852939,Yes,1436785,15,519275,13,4,41513,2253423.0,562248.0,2.0,403960,651179.0,21315625.0,15.0,490740,183201599.0,128.0,4226696196.0,2942.0
36,NY,"Broome County, NY",36007,Broome County,42.161977,-75.830283,No,197381,11,141436,10,6,61110,312868.0,38878.0,2.0,42249,41998.0,1979451.0,10.0,39369,94081906.0,477.0,2172747402.0,11008.0
36,NY,"Cattaraugus County, NY",36009,Cattaraugus County,42.239099,-78.662332,No,78506,8,44755,7,6,60807,116266.0,15084.0,1.0,19249,15607.0,903467.0,12.0,15751,36134914.0,460.0,812486742.0,10349.0
36,NY,"Cayuga County, NY",36011,Cayuga County,43.008546,-76.574587,No,78783,8,39909,7,5,50807,132307.0,16765.0,2.0,17111,17760.0,709578.0,9.0,15520,31041009.0,394.0,715689892.0,9084.0
36,NY,"Chautauqua County, NY",36013,Chautauqua County,42.304216,-79.407595,No,131748,10,81922,8,5,51008,178979.0,23243.0,1.0,31350,24026.0,1814219.0,14.0,26359,66706743.0,506.0,1523356928.0,11563.0
36,NY,"Chemung County, NY",36015,Chemung County,42.15528,-76.747179,No,87742,9,61828,8,5,50908,137055.0,17063.0,2.0,18024,18398.0,1066280.0,12.0,17443,38324055.0,437.0,886316735.0,10101.0
36,NY,"Chenango County, NY",36017,Chenango County,42.478024,-75.602241,No,49286,7,27729,6,6,60706,84567.0,10536.0,2.0,11660,11352.0,232275.0,5.0,9919,18391757.0,373.0,413755188.0,8395.0
36,NY,"Clinton County, NY",36019,Clinton County,44.752712,-73.705643,No,81505,8,49344,7,6,60807,139422.0,16599.0,2.0,16890,18716.0,246188.0,3.0,15824,30382886.0,373.0,707879067.0,8685.0
36,NY,"Columbia County, NY",36021,Columbia County,42.247729,-73.626806,No,61860,8,32242,6,5,50806,122272.0,16067.0,2.0,15441,16413.0,247087.0,4.0,12648,29663168.0,480.0,680894809.0,11007.0
36,NY,"Cortland County, NY",36023,Cortland County,42.594039,-76.07624,No,48713,7,30845,6,5,50706,71414.0,9271.0,1.0,9628,9586.0,409584.0,8.0,8842,25935007.0,532.0,609283636.0,12508.0
36,NY,"Delaware County, NY",36025,Delaware County,42.193986,-74.966728,No,46480,7,21118,5,6,60705,78245.0,9810.0,2.0,14640,10503.0,173726.0,4.0,9408,24011302.0,517.0,540937126.0,11638.0
36,NY,"Dutchess County, NY",36027,Dutchess County,41.75477,-73.740041,No,295905,12,191527,10,5,51210,471598.0,76418.0,2.0,55923,63306.0,1369537.0,5.0,53475,103894529.0,351.0,2403172488.0,8121.0
36,NY,"Erie County, NY",36029,Erie County,42.752759,-78.778192,No,922129,14,835402,14,5,51414,1244023.0,160324.0,1.0,197978,166994.0,16574189.0,18.0,191411,331496417.0,359.0,7740325774.0,8394.0
36,NY,"Essex County, NY",36031,Essex County,44.109601,-73.778431,No,38598,7,19658,5,6,60705,60350.0,7768.0,2.0,12102,8101.0,75638.0,2.0,7649,27337465.0,708.0,635840678.0,16473.0
36,NY,"Franklin County, NY",36033,Franklin County,44.594376,-74.31067,No,51007,7,21431,5,6,60705,76071.0,9911.0,1.0,11899,10211.0,107734.0,2.0,9649,19067273.0,374.0,420660248.0,8247.0
36,NY,"Fulton County, NY",36035,Fulton County,43.115609,-74.423678,No,54297,7,28102,6,6,60706,106427.0,13860.0,2.0,13453,14286.0,525522.0,10.0,11225,13427316.0,247.0,298110537.0,5490.0
36,NY,"Genesee County, NY",36037,Genesee County,43.00091,-78.192778,No,59053,8,33053,6,5,50806,93602.0,12190.0,2.0,12055,12565.0,727152.0,12.0,11913,51437036.0,871.0,1210303037.0,20495.0
36,NY,"Greene County, NY",36039,Greene County,42.28697,-74.149542,No,48069,7,20847,5,5,50705,74112.0,10728.0,2.0,13758,9949.0,138952.0,3.0,8563,34336622.0,714.0,802459074.0,16694.0
36,NY,"Hamilton County, NY",36041,Hamilton County,43.657879,-74.502456,No,4697,1,1693,1,6,60101,4565.0,590.0,1.0,4123,613.0,6418.0,1.0,619,5265923.0,1121.0,116334813.0,24768.0
36,NY,"Herkimer County, NY",36043,Herkimer County,43.571009,-74.841097,No,63558,8,24877,5,6,60805,99171.0,12886.0,2.0,15678,13312.0,547883.0,9.0,12835,34329361.0,540.0,807960766.0,12712.0
36,NY,"Jefferson County, NY",36045,Jefferson County,43.996389,-76.052968,No,117966,9,60366,8,6,60908,170742.0,22237.0,1.0,27594,22920.0,786730.0,7.0,21714,48253236.0,409.0,1116802077.0,9467.0
36,NY,"Kings County, NY",36047,Kings County,40.635045,-73.95064,Yes,2606852,17,1213470,15,4,41715,4353245.0,1086197.0,2.0,790075,1257972.0,62234174.0,24.0,938803,191887108.0,74.0,4302821208.0,1651.0
36,NY,"Lewis County, NY",36049,Lewis County,43.782681,-75.44414,No,27107,6,9585,3,6,60603,43332.0,5643.0,2.0,7183,5817.0,120873.0,4.0,5153,10193450.0,376.0,225642282.0,8324.0
36,NY,"Livingston County, NY",36051,Livingston County,42.727485,-77.769779,No,64622,8,27779,6,5,50806,88897.0,11458.0,1.0,12833,11933.0,561003.0,9.0,12108,27798977.0,430.0,641853297.0,9932.0
36,NY,"Madison County, NY",36053,Madison County,42.910026,-75.663575,No,72089,8,31972,6,6,60806,110938.0,14316.0,2.0,14929,14892.0,577772.0,8.0,13061,35979428.0,499.0,836115290.0,11598.0
36,NY,"Monroe County, NY",36055,Monroe County,43.464475,-77.664656,No,749236,14,716209,14,5,51414,1214775.0,164238.0,2.0,153733,163068.0,10688806.0,14.0,150145,274042200.0,366.0,6429950869.0,8582.0
36,NY,"Montgomery County, NY",36057,Montgomery County,42.900891,-74.435357,No,49667,7,30395,6,6,60706,92559.0,12054.0,2.0,10904,12425.0,510071.0,10.0,9770,38067655.0,766.0,903459393.0,18190.0
36,NY,"Nassau County, NY",36059,Nassau County,40.729612,-73.589414,No,1356801,15,1114318,15,4,41515,1996571.0,380619.0,1.0,226112,1074068.0,14285058.0,11.0,220115,404543506.0,298.0,9090207693.0,6700.0
36,NY,"New York County, NY",36061,New York County,40.776642,-73.970187,Yes,1634989,16,4491806,18,4,41618,3031650.0,756442.0,2.0,670140,406959.0,16068495.0,10.0,753385,118299151.0,72.0,2560331461.0,1566.0
36,NY,"Niagara County, NY",36063,Niagara County,43.456731,-78.792142,No,213374,11,121806,9,5,51109,326003.0,42098.0,2.0,46592,43762.0,3276696.0,15.0,43819,49958516.0,234.0,1123346614.0,5265.0
36,NY,"Oneida County, NY",36065,Oneida County,43.242727,-75.434282,No,232858,11,175750,10,6,61110,377867.0,49165.0,2.0,48845,50724.0,2577795.0,11.0,45130,81346350.0,349.0,1879065658.0,8070.0
36,NY,"Onondaga County, NY",36067,Onondaga County,43.006516,-76.196134,No,468050,13,435481,13,5,51313,727634.0,94602.0,2.0,96087,97675.0,5944829.0,13.0,92462,209634581.0,448.0,4943888301.0,10563.0
36,NY,"Ontario County, NY",36069,Ontario County,42.856357,-77.303497,No,109450,9,92628,9,5,50909,180897.0,23756.0,2.0,23348,24283.0,1173062.0,11.0,22090,62077808.0,567.0,1457437727.0,13316.0
36,NY,"Orange County, NY",36071,Orange County,41.40241,-74.306252,No,376242,12,235140,11,5,51211,532269.0,97758.0,1.0,65665,71450.0,2904403.0,8.0,62572,193437299.0,514.0,4534634852.0,12052.0
36,NY,"Orleans County, NY",36073,Orleans County,43.502287,-78.229726,No,41938,7,16176,4,5,50704,65808.0,8570.0,2.0,8697,8834.0,353250.0,8.0,8066,8502825.0,203.0,187266057.0,4465.0
36,NY,"Oswego County, NY",36075,Oswego County,43.461443,-76.209262,No,120513,9,48873,7,5,50907,207201.0,27005.0,2.0,25225,27814.0,1047824.0,9.0,22687,38563475.0,320.0,879154637.0,7295.0
36,NY,"Otsego County, NY",36077,Otsego County,42.629776,-75.028841,No,60979,8,38838,7,6,60807,102903.0,12878.0,2.0,14417,13813.0,286681.0,5.0,11770,28886397.0,474.0,670139251.0,10990.0
36,NY,"Putnam County, NY",36079,Putnam County,41.427904,-73.743882,No,99408,9,41809,7,5,50907,179807.0,25065.0,2.0,18005,24137.0,319225.0,3.0,17051,54529832.0,549.0,1279711662.0,12873.0
36,NY,"Queens County, NY",36081,Queens County,40.658566,-73.838017,Yes,2310011,17,1126678,15,4,41715,4051410.0,1007271.0,2.0,659679,1170750.0,61544912.0,27.0,779304,382957845.0,166.0,8721257224.0,3775.0
36,NY,"Rensselaer County, NY",36083,Rensselaer County,42.710421,-73.513845,No,159959,10,86610,9,5,51009,276015.0,35862.0,2.0,33717,37051.0,1375368.0,9.0,31776,51619168.0,323.0,1199662028.0,7500.0
36,NY,"Richmond County, NY",36085,Richmond County,40.561263,-74.1399,Yes,473324,13,202109,11,4,41311,1183232.0,295234.0,2.0,138106,158833.0,18261862.0,39.0,166014,103291297.0,218.0,2396806796.0,5064.0
36,NY,"Rockland County, NY",36087,Rockland County,41.154639,-74.024645,No,322642,12,221856,11,5,51211,920528.0,184152.0,3.0,98341,123569.0,7507756.0,23.0,99038,127435273.0,395.0,2986319317.0,9256.0
36,NY,"St. Lawrence County, NY",36089,St. Lawrence County,44.488112,-75.074311,No,111529,9,49680,7,6,60907,314473.0,40944.0,3.0,51748,42214.0,1274730.0,11.0,41466,34386314.0,308.0,756684911.0,6785.0
36,NY,"Saratoga County, NY",36091,Saratoga County,43.106135,-73.855387,No,224929,11,139330,10,5,51110,827998.0,107125.0,4.0,95836,111148.0,4777464.0,21.0,90896,103771006.0,461.0,2465301290.0,10960.0
36,NY,"Schenectady County, NY",36093,Schenectady County,42.817539,-74.043548,No,154845,10,104713,9,5,51009,494499.0,64399.0,3.0,64122,66380.0,4041202.0,26.0,55027,50804827.0,328.0,1197976327.0,7737.0
36,NY,"Schoharie County, NY",36095,Schoharie County,42.591294,-74.438172,No,31667,6,10641,3,6,60603,101493.0,13236.0,3.0,16190,13624.0,198653.0,6.0,12373,16755925.0,529.0,387091045.0,12224.0
36,NY,"Schuyler County, NY",36097,Schuyler County,42.419776,-76.938603,No,18336,5,7203,2,6,60502,61239.0,7610.0,3.0,8969,8221.0,204293.0,11.0,7376,6268014.0,342.0,136831292.0,7462.0
36,NY,"Seneca County, NY",36099,Seneca County,42.782294,-76.827088,No,35036,6,16761,4,5,50604,119748.0,14909.0,3.0,15251,16075.0,549514.0,16.0,13672,24337256.0,695.0,564120005.0,16101.0
36,NY,"Steuben County, NY",36101,Steuben County,42.266725,-77.385525,No,98151,9,50631,7,6,60907,316079.0,39315.0,3.0,45870,42429.0,2270249.0,23.0,40438,64015203.0,652.0,1474040966.0,15018.0
36,NY,"Suffolk County, NY",36103,Suffolk County,40.943554,-72.692218,No,1498130,16,1156836,15,4,41615,4778430.0,904173.0,3.0,552265,2570587.0,20655961.0,14.0,489758,556753725.0,372.0,12451743732.0,8312.0
36,NY,"Sullivan County, NY",36105,Sullivan County,41.719993,-74.771577,No,75818,8,40362,7,6,60807,250804.0,33793.0,3.0,46652,33667.0,339710.0,4.0,28007,33209194.0,438.0,732618932.0,9663.0
36,NY,"Tioga County, NY",36107,Tioga County,42.178057,-76.297456,No,49649,7,15363,4,5,50704,166880.0,20812.0,3.0,20833,22401.0,622714.0,13.0,19705,19467360.0,392.0,429621983.0,8653.0
36,NY,"Tompkins County, NY",36109,Tompkins County,42.453006,-76.473483,No,104268,9,78531,8,6,60908,281356.0,35178.0,3.0,39579,37768.0,1455127.0,14.0,38269,25452956.0,244.0,570698964.0,5473.0
36,NY,"Ulster County, NY",36111,Ulster County,41.947212,-74.265458,No,180505,10,92934,9,6,61009,544274.0,89833.0,3.0,78712,73062.0,1554352.0,9.0,69335,86593271.0,480.0,2006261801.0,11115.0
36,NY,"Warren County, NY",36113,Warren County,43.555105,-73.838139,No,64911,8,63158,8,6,60808,242206.0,31543.0,4.0,36691,32513.0,1080783.0,17.0,26944,38600882.0,595.0,902619686.0,13905.0
36,NY,"Washington County, NY",36115,Washington County,43.312377,-73.439428,No,62465,8,20522,5,5,50805,227070.0,29385.0,4.0,27248,30481.0,634874.0,10.0,24027,17315685.0,277.0,385641713.0,6174.0
36,NY,"Wayne County, NY",36117,Wayne County,43.458758,-77.063164,No,91874,9,39429,7,5,50907,322696.0,42342.0,4.0,38924,43318.0,1871075.0,20.0,36576,20551585.0,224.0,455025878.0,4953.0
36,NY,"Westchester County, NY",36119,Westchester County,41.15277,-73.745912,No,969229,14,779264,14,4,41414,2542681.0,603255.0,3.0,291905,734767.0,26955849.0,28.0,341762,350725698.0,362.0,8033497122.0,8289.0
36,NY,"Wyoming County, NY",36121,Wyoming County,42.701363,-78.228567,No,41239,7,17461,5,6,60705,119113.0,15263.0,3.0,18697,15989.0,818971.0,20.0,15780,8800342.0,213.0,194680195.0,4721.0
36,NY,"Yates County, NY",36123,Yates County,42.638237,-77.104324,No,25106,5,9174,3,5,50503,83885.0,10486.0,3.0,12901,11260.0,314927.0,13.0,9532,6225212.0,248.0,135737425.0,5407.0
37,NC,"Alamance County, NC",37001,Alamance County,36.043954,-79.400573,No,156372,10,118199,9,4,41009,796364.0,83092.0,5.0,65817,292639.0,1611050.0,10.0,62053,84702985.0,542.0,2281682225.0,14591.0
37,NC,"Alexander County, NC",37003,Alexander County,35.920951,-81.177467,No,37211,6,15145,4,4,40604,200566.0,20992.0,5.0,15611,73702.0,75101.0,2.0,13796,9673387.0,260.0,255648902.0,6870.0
37,NC,"Alleghany County, NC",37005,Alleghany County,36.489356,-81.132299,No,10868,3,4232,1,5,50301,61100.0,6511.0,6.0,7823,22452.0,5521.0,1.0,4798,6322516.0,582.0,164794852.0,15163.0
37,NC,"Anson County, NC",37007,Anson County,34.974996,-80.109959,No,25883,6,10493,3,3,30603,142973.0,15272.0,6.0,11108,52538.0,92829.0,4.0,9511,11069837.0,428.0,283770487.0,10964.0
37,NC,"Ashe County, NC",37009,Ashe County,36.443469,-81.499334,No,26992,6,11280,4,5,50604,134918.0,14574.0,5.0,16809,49578.0,14007.0,1.0,11905,11257321.0,417.0,289558132.0,10728.0
37,NC,"Avery County, NC",37011,Avery County,36.07209,-81.920285,No,17633,5,8792,3,5,50503,76925.0,8199.0,4.0,13516,28268.0,44108.0,3.0,6756,7614802.0,432.0,191545144.0,10863.0
37,NC,"Beaufort County, NC",37013,Beaufort County,35.482313,-76.842014,No,47513,7,26935,6,3,30706,276667.0,29862.0,6.0,27305,101667.0,188696.0,4.0,19021,18671020.0,393.0,480474328.0,10112.0
37,NC,"Bertie County, NC",37015,Bertie County,36.059043,-76.962364,No,20324,5,8824,3,4,40503,112217.0,12150.0,6.0,9416,41236.0,59630.0,3.0,7673,10552922.0,519.0,270158320.0,13293.0
37,NC,"Bladen County, NC",37017,Bladen County,34.591938,-78.539489,No,34454,6,20575,5,3,30605,221250.0,24107.0,6.0,17020,81302.0,139151.0,4.0,14110,18951104.0,550.0,488534922.0,14179.0
37,NC,"Brunswick County, NC",37019,Brunswick County,34.038754,-78.227765,No,119167,9,49390,7,3,30907,748319.0,81385.0,6.0,78858,274984.0,278213.0,2.0,50562,59105476.0,496.0,1502640701.0,12610.0
37,NC,"Buncombe County, NC",37021,Buncombe County,35.609371,-82.530426,No,250112,11,233320,11,4,41111,1137654.0,122306.0,5.0,111913,418053.0,1478809.0,6.0,102118,131315395.0,525.0,3518151059.0,14066.0
37,NC,"Burke County, NC",37023,Burke County,35.746182,-81.70618,No,89082,9,45174,7,4,40907,477950.0,49923.0,5.0,39192,175632.0,311189.0,3.0,34199,45767994.0,514.0,1254133056.0,14078.0
37,NC,"Cabarrus County, NC",37025,Cabarrus County,35.388369,-80.552694,No,192296,11,123581,9,3,31109,974414.0,101697.0,5.0,79195,358067.0,1902602.0,10.0,68289,80204441.0,417.0,2097943481.0,10910.0
37,NC,"Caldwell County, NC",37027,Caldwell County,35.957915,-81.530002,No,81623,8,38056,7,4,40807,443468.0,46356.0,5.0,36336,162961.0,245764.0,3.0,31912,21081367.0,258.0,534277110.0,6546.0
37,NC,"Camden County, NC",37029,Camden County,36.342344,-76.162488,No,10228,3,1201,1,3,30301,64270.0,6891.0,6.0,3997,23617.0,40869.0,4.0,3804,4273696.0,418.0,113797579.0,11126.0
37,NC,"Carteret County, NC",37031,Carteret County,34.858343,-76.53586,No,68537,8,37236,6,3,30806,436686.0,47113.0,6.0,47214,160468.0,213667.0,3.0,29563,18994103.0,277.0,478798298.0,6986.0
37,NC,"Caswell County, NC",37033,Caswell County,36.394298,-79.339609,No,23094,5,3080,1,4,40501,135311.0,14265.0,6.0,10253,49722.0,98777.0,4.0,8874,9571973.0,414.0,250700803.0,10856.0
37,NC,"Catawba County, NC",37035,Catawba County,35.661883,-81.214906,No,155461,10,164945,10,4,41010,840124.0,87789.0,5.0,65686,308719.0,718319.0,5.0,59710,66859915.0,430.0,1761350384.0,11330.0
37,NC,"Chatham County, NC",37037,Chatham County,35.704994,-79.251454,No,68778,8,27843,6,4,40806,366434.0,39276.0,5.0,29001,134653.0,505577.0,7.0,27397,27029230.0,393.0,714853257.0,10394.0
37,NC,"Cherokee County, NC",37039,Cherokee County,35.136232,-84.061309,No,27226,6,12880,4,4,40604,135584.0,14795.0,5.0,14734,73347.0,84000.0,3.0,10857,10650383.0,391.0,272466640.0,10008.0
37,NC,"Chowan County, NC",37041,Chowan County,36.128979,-76.602752,No,14556,4,7476,2,3,30402,86502.0,10336.0,6.0,7001,31787.0,56465.0,4.0,5931,5605626.0,385.0,144196572.0,9906.0
37,NC,"Clay County, NC",37043,Clay County,35.052997,-83.752264,No,10730,3,3224,1,4,40301,63114.0,6581.0,6.0,8582,34143.0,37880.0,4.0,4666,5554734.0,518.0,143332255.0,13358.0
37,NC,"Cleveland County, NC",37045,Cleveland County,35.33463,-81.557114,No,97113,9,57185,8,4,40908,563772.0,58864.0,6.0,41766,207169.0,569439.0,6.0,37178,41562713.0,428.0,1087445805.0,11198.0
37,NC,"Columbus County, NC",37047,Columbus County,34.261602,-78.639308,No,57015,8,22884,5,3,30805,340896.0,37093.0,6.0,25025,125269.0,139330.0,2.0,22108,34733356.0,609.0,890614019.0,15621.0
37,NC,"Craven County, NC",37049,Craven County,35.116829,-77.08132,No,104190,9,56011,7,3,30907,628754.0,67821.0,6.0,50197,231048.0,345133.0,3.0,40609,34070912.0,327.0,876672435.0,8414.0
37,NC,"Cumberland County, NC",37051,Cumberland County,35.050192,-78.828719,No,325841,12,187795,10,3,31210,1829300.0,197599.0,6.0,138378,672211.0,1399004.0,4.0,123178,114523978.0,351.0,3049842461.0,9360.0
37,NC,"Currituck County, NC",37053,Currituck County,36.372174,-75.941224,No,24864,5,8412,3,3,30503,158351.0,16938.0,6.0,14490,58189.0,98250.0,4.0,9582,10524143.0,423.0,278605637.0,11205.0
37,NC,"Dare County, NC",37055,Dare County,35.606269,-75.767536,No,35187,6,28384,6,3,30606,208853.0,22480.0,6.0,33667,76747.0,176686.0,5.0,14706,15377208.0,437.0,381641516.0,10846.0
37,NC,"Davidson County, NC",37057,Davidson County,35.795131,-80.207107,No,164058,10,100022,9,3,31009,985017.0,103040.0,6.0,78230,361963.0,665123.0,4.0,64064,84857775.0,517.0,2262937614.0,13794.0
37,NC,"Davie County, NC",37059,Davie County,35.929355,-80.542552,No,41568,7,18462,5,4,40705,237446.0,24858.0,6.0,17601,87254.0,179966.0,4.0,15646,23501727.0,565.0,659690799.0,15870.0
37,NC,"Duplin County, NC",37061,Duplin County,34.934403,-77.933543,No,59121,8,26730,6,3,30806,353816.0,38315.0,6.0,24622,130016.0,167575.0,3.0,21770,32757638.0,554.0,872645645.0,14760.0
37,NC,"Durham County, NC",37063,Durham County,36.033822,-78.87812,No,294618,12,370336,12,4,41212,1341805.0,140182.0,5.0,123661,493072.0,3005120.0,10.0,118681,151587083.0,515.0,4031326333.0,13683.0
37,NC,"Edgecombe County, NC",37065,Edgecombe County,35.917051,-77.602662,No,54669,7,24036,5,3,30705,359043.0,38763.0,7.0,24484,131937.0,420345.0,8.0,21103,31337310.0,573.0,803949045.0,14706.0
37,NC,"Forsyth County, NC",37067,Forsyth County,36.132466,-80.256961,No,364691,12,323886,12,4,41212,1850596.0,193093.0,5.0,155176,680037.0,2461616.0,7.0,144898,221324018.0,607.0,5661383383.0,15524.0
37,NC,"Franklin County, NC",37069,Franklin County,36.088241,-78.28309,No,62989,8,19103,5,4,40805,353264.0,38256.0,6.0,25989,129813.0,273876.0,4.0,23719,13904559.0,221.0,362583423.0,5756.0
37,NC,"Gaston County, NC",37071,Gaston County,35.293344,-81.177256,No,211753,11,133190,10,3,31110,1170716.0,122330.0,6.0,87045,430202.0,2070252.0,10.0,79904,92766919.0,438.0,2456067349.0,11599.0
37,NC,"Gates County, NC",37073,Gates County,36.442135,-76.702355,No,11615,4,1559,1,4,40401,73075.0,7962.0,6.0,5044,26853.0,38864.0,3.0,4524,3217497.0,277.0,84264626.0,7255.0
37,NC,"Graham County, NC",37075,Graham County,35.348364,-83.830915,No,8651,3,2904,1,4,40301,42714.0,4450.0,5.0,5731,23107.0,26694.0,3.0,3252,3907749.0,452.0,102022481.0,11793.0
37,NC,"Granville County, NC",37077,Granville County,36.299884,-78.657634,No,58341,8,25297,5,4,40805,309320.0,33061.0,5.0,22470,113665.0,325662.0,6.0,20527,33663444.0,577.0,925845320.0,15870.0
37,NC,"Greene County, NC",37079,Greene County,35.481959,-77.681688,No,21241,5,4098,1,3,30501,128761.0,13892.0,6.0,7865,47316.0,63601.0,3.0,7215,11387590.0,536.0,296150385.0,13942.0
37,NC,"Guilford County, NC",37081,Guilford County,36.079065,-79.788665,No,511815,13,509599,13,4,41313,2521859.0,263048.0,5.0,217286,926705.0,4840203.0,9.0,200298,279705359.0,546.0,7405311523.0,14469.0
37,NC,"Halifax County, NC",37083,Halifax County,36.251438,-77.644842,No,52849,7,25260,5,4,40705,340288.0,36464.0,6.0,24794,125045.0,413414.0,8.0,21354,33352860.0,631.0,914992312.0,17313.0
37,NC,"Harnett County, NC",37085,Harnett County,35.368635,-78.87161,No,126620,9,41014,7,4,40907,654856.0,70939.0,5.0,47553,240639.0,356383.0,3.0,43036,35460595.0,280.0,949439906.0,7498.0
37,NC,"Haywood County, NC",37087,Haywood County,35.557099,-82.972823,No,59577,8,29840,6,4,40806,325762.0,35008.0,5.0,33866,176228.0,161930.0,3.0,26296,42543882.0,714.0,1177384674.0,19762.0
37,NC,"Henderson County, NC",37089,Henderson County,35.336415,-82.479741,No,110905,9,66674,8,4,40908,555373.0,58008.0,5.0,53597,204082.0,894964.0,8.0,46985,45403067.0,409.0,1226041987.0,11055.0
37,NC,"Hertford County, NC",37091,Hertford County,36.363517,-76.981616,No,24285,5,14544,4,4,40504,133767.0,14402.0,6.0,10177,49155.0,121218.0,5.0,8706,10985938.0,452.0,278772083.0,11479.0
37,NC,"Hoke County, NC",37093,Hoke County,35.017233,-79.241964,No,51853,7,10776,3,3,30703,282920.0,30483.0,5.0,19121,103964.0,117020.0,2.0,17343,11338541.0,219.0,299133167.0,5769.0
37,NC,"Hyde County, NC",37095,Hyde County,35.408157,-76.153687,No,5629,2,1605,1,3,30201,24744.0,3189.0,4.0,3244,9093.0,12777.0,2.0,1936,4049820.0,719.0,105056358.0,18663.0
37,NC,"Iredell County, NC",37097,Iredell County,35.806355,-80.874539,No,167493,10,134442,10,4,41010,920603.0,96320.0,5.0,67975,338293.0,1248458.0,7.0,61716,96710775.0,577.0,2671306067.0,15949.0
37,NC,"Jackson County, NC",37099,Jackson County,35.279929,-83.122478,No,41227,7,26252,6,4,40706,213227.0,22329.0,5.0,25578,115350.0,141610.0,3.0,16048,14922322.0,362.0,388302523.0,9419.0
37,NC,"Johnston County, NC",37101,Johnston County,35.5134,-78.367311,No,182155,10,82920,8,3,31008,970778.0,104717.0,5.0,67805,356731.0,577576.0,3.0,63219,91001724.0,500.0,2501516312.0,13733.0
37,NC,"Jones County, NC",37103,Jones County,35.032268,-77.356195,No,10074,3,1664,1,3,30301,66996.0,7233.0,7.0,4692,24619.0,30257.0,3.0,4141,8210815.0,815.0,213515009.0,21195.0
37,NC,"Lee County, NC",37105,Lee County,35.476336,-79.172117,No,59540,8,46736,7,4,40807,291075.0,31443.0,5.0,23383,106961.0,263689.0,4.0,21349,26600211.0,447.0,688706582.0,11567.0
37,NC,"Lenoir County, NC",37107,Lenoir County,35.240068,-77.63551,No,58343,8,47415,7,3,30807,386996.0,41767.0,7.0,26360,142209.0,321353.0,6.0,23015,19415520.0,333.0,494810987.0,8481.0
37,NC,"Lincoln County, NC",37109,Lincoln County,35.488491,-81.226892,No,79783,8,35972,6,4,40806,480621.0,50280.0,6.0,32755,176613.0,355764.0,4.0,30612,20385944.0,256.0,534823924.0,6703.0
37,NC,"McDowell County, NC",37111,McDowell County,35.682232,-82.048029,No,45013,7,27078,6,4,40706,244600.0,25671.0,5.0,20188,89883.0,92108.0,2.0,17581,29232066.0,649.0,817504025.0,18162.0
37,NC,"Macon County, NC",37113,Macon County,35.152959,-83.421901,No,33991,6,18409,5,4,40605,207332.0,21630.0,6.0,25830,112160.0,133421.0,4.0,15215,15214010.0,448.0,385290095.0,11335.0
37,NC,"Madison County, NC",37115,Madison County,35.864078,-82.712731,No,21130,5,5000,2,4,40502,98053.0,10634.0,5.0,10322,53044.0,59689.0,3.0,8400,12540152.0,593.0,337809133.0,15987.0
37,NC,"Martin County, NC",37117,Martin County,35.847301,-77.119602,No,23510,5,10447,3,3,30503,136560.0,14748.0,6.0,11155,50182.0,84540.0,4.0,9416,8884679.0,378.0,225897988.0,9609.0
37,NC,"Mecklenburg County, NC",37119,Mecklenburg County,35.246862,-80.833832,No,1011774,15,1215110,15,3,31515,4556785.0,475237.0,5.0,404606,1674477.0,11025128.0,11.0,386804,489353344.0,484.0,13148391213.0,12995.0
37,NC,"Mitchell County, NC",37121,Mitchell County,36.013102,-82.163554,No,15263,4,7549,3,5,50403,75208.0,8042.0,5.0,8444,27637.0,50370.0,3.0,6422,6179302.0,405.0,157412870.0,10313.0
37,NC,"Montgomery County, NC",37123,Montgomery County,35.334415,-79.906602,No,27475,6,14031,4,3,30604,157970.0,16960.0,6.0,15450,58049.0,72032.0,3.0,10781,16775535.0,611.0,453537168.0,16507.0
37,NC,"Moore County, NC",37125,Moore County,35.308272,-79.492725,No,93070,9,61126,8,3,30908,554908.0,59912.0,6.0,43732,203911.0,311819.0,3.0,37766,36480856.0,392.0,936541585.0,10063.0
37,NC,"Nash County, NC",37127,Nash County,35.965945,-77.987555,No,94385,9,73042,8,4,40908,628740.0,67858.0,7.0,42156,231042.0,653000.0,7.0,36678,69949009.0,741.0,1869647384.0,19809.0
37,NC,"New Hanover County, NC",37129,New Hanover County,34.177875,-77.869674,No,216430,11,191391,10,3,31110,1166039.0,125782.0,5.0,101873,428483.0,600602.0,3.0,89599,40971038.0,189.0,1059585530.0,4896.0
37,NC,"Northampton County, NC",37131,Northampton County,36.421774,-77.398352,No,20628,5,8148,3,4,40503,139966.0,15126.0,7.0,11137,51433.0,88587.0,4.0,8670,13440771.0,652.0,365360383.0,17712.0
37,NC,"Onslow County, NC",37133,Onslow County,34.763109,-77.499469,No,185755,10,71414,8,3,31008,849062.0,91636.0,5.0,72935,312004.0,245206.0,1.0,62633,40930082.0,220.0,1059845255.0,5706.0
37,NC,"Orange County, NC",37135,Orange County,36.062526,-79.120034,No,139807,10,87767,9,4,41009,643568.0,67341.0,5.0,54492,236491.0,1142295.0,8.0,51728,83556568.0,598.0,2323715079.0,16621.0
37,NC,"Pamlico County, NC",37137,Pamlico County,35.147575,-76.665268,No,12892,4,5226,2,3,30402,78469.0,8480.0,6.0,7315,28835.0,31627.0,2.0,5308,6288498.0,488.0,159421804.0,12366.0
37,NC,"Pasquotank County, NC",37139,Pasquotank County,36.265184,-76.260696,No,39909,7,22457,5,3,30705,224444.0,25189.0,6.0,18372,82476.0,146149.0,4.0,14590,9824701.0,246.0,253074411.0,6341.0
37,NC,"Pender County, NC",37141,Pender County,34.512556,-77.888106,No,56358,7,16681,4,3,30704,307330.0,33238.0,5.0,26402,112934.0,87253.0,2.0,20534,25892953.0,459.0,701207200.0,12442.0
37,NC,"Perquimans County, NC",37143,Perquimans County,36.180897,-76.403244,No,13470,4,2574,1,3,30401,90984.0,10366.0,7.0,6778,33434.0,51073.0,4.0,5710,3011635.0,224.0,77238436.0,5734.0
37,NC,"Person County, NC",37145,Person County,36.386336,-78.965644,No,39196,7,16405,4,4,40704,226454.0,24519.0,6.0,17566,83215.0,253184.0,6.0,15474,9754103.0,249.0,250266896.0,6385.0
37,NC,"Pitt County, NC",37147,Pitt County,35.592965,-77.373138,No,175150,10,122454,9,3,31009,1124018.0,121922.0,6.0,97797,413042.0,734626.0,4.0,68804,54230986.0,310.0,1393204810.0,7954.0
37,NC,"Polk County, NC",37149,Polk County,35.277901,-82.167621,No,20324,5,7789,3,4,40503,124109.0,12968.0,6.0,11093,45606.0,74402.0,4.0,8662,19279905.0,949.0,531840450.0,26168.0
37,NC,"Randolph County, NC",37151,Randolph County,35.709915,-79.806215,No,142588,10,78144,8,3,31008,743905.0,78917.0,5.0,59244,273362.0,586842.0,4.0,54884,62731669.0,440.0,1683842539.0,11809.0
37,NC,"Richmond County, NC",37153,Richmond County,35.004636,-79.755695,No,45710,7,23984,5,3,30705,278357.0,30044.0,6.0,20262,102288.0,245530.0,5.0,18458,18809349.0,411.0,491463413.0,10752.0
37,NC,"Robeson County, NC",37155,Robeson County,34.63921,-79.100881,No,134576,10,63312,8,3,31008,739558.0,79832.0,5.0,51415,271765.0,461557.0,3.0,45914,84038586.0,624.0,2300113785.0,17092.0
37,NC,"Rockingham County, NC",37157,Rockingham County,36.381806,-79.782754,No,91898,9,44322,7,4,40907,514462.0,53711.0,6.0,42061,189049.0,573070.0,6.0,37503,31024683.0,338.0,796077485.0,8663.0
37,NC,"Rowan County, NC",37159,Rowan County,35.641329,-80.521722,No,138694,10,86430,9,3,31009,745018.0,77770.0,5.0,58349,273771.0,890285.0,6.0,51454,60795385.0,438.0,1664185200.0,11999.0
37,NC,"Rutherford County, NC",37161,Rutherford County,35.402747,-81.919582,No,66701,8,31454,6,4,40806,392938.0,41033.0,6.0,32718,144393.0,259569.0,4.0,26490,28150374.0,422.0,727264041.0,10903.0
37,NC,"Sampson County, NC",37163,Sampson County,34.989298,-78.371174,No,63713,8,27793,6,3,30806,378681.0,41130.0,6.0,26201,139153.0,230511.0,4.0,23451,28962582.0,455.0,768671988.0,12065.0
37,NC,"Scotland County, NC",37165,Scotland County,34.840023,-79.477337,No,35711,6,19278,5,3,30605,199795.0,21547.0,6.0,14640,73418.0,151817.0,4.0,13120,18600470.0,521.0,483743009.0,13546.0
37,NC,"Stanly County, NC",37167,Stanly County,35.310449,-80.254374,No,60610,8,32055,6,3,30806,376198.0,39465.0,6.0,28540,138241.0,177915.0,3.0,23588,20394760.0,336.0,524014250.0,8646.0
37,NC,"Stokes County, NC",37169,Stokes County,36.393506,-80.266199,No,46453,7,11052,3,4,40703,277216.0,29078.0,6.0,21100,101868.0,137723.0,3.0,19190,16547881.0,356.0,433288525.0,9327.0
37,NC,"Surry County, NC",37171,Surry County,36.415416,-80.686463,No,72767,8,54998,7,4,40807,422679.0,44253.0,6.0,32445,155322.0,60813.0,1.0,28837,42756962.0,588.0,1169734945.0,16075.0
37,NC,"Swain County, NC",37173,Swain County,35.568849,-83.465614,No,14234,4,6890,2,4,40402,70034.0,7296.0,5.0,8488,37886.0,34227.0,2.0,5425,9685199.0,680.0,252698062.0,17753.0
37,NC,"Transylvania County, NC",37175,Transylvania County,35.210079,-82.816653,No,33062,6,15099,4,4,40604,170251.0,17818.0,5.0,18686,62562.0,196320.0,6.0,13841,10777003.0,326.0,276335988.0,8358.0
37,NC,"Tyrrell County, NC",37177,Tyrrell County,35.87042,-76.165345,No,4128,1,897,1,3,30101,21048.0,2270.0,5.0,1976,7735.0,12777.0,3.0,1457,2786967.0,675.0,72299713.0,17514.0
37,NC,"Union County, NC",37179,Union County,34.991817,-80.530435,No,217614,11,107575,9,3,31109,1136707.0,119023.0,5.0,73862,417704.0,2052012.0,9.0,72304,67903948.0,312.0,1729522003.0,7948.0
37,NC,"Vance County, NC",37181,Vance County,36.365481,-78.405434,No,44508,7,25971,6,4,40706,230277.0,24865.0,5.0,19263,84620.0,269395.0,6.0,16653,21378352.0,480.0,572777800.0,12869.0
37,NC,"Wake County, NC",37183,Wake County,35.789846,-78.650624,No,998576,15,906666,14,4,41514,4342904.0,465511.0,4.0,394232,1595882.0,9945212.0,10.0,373245,435143039.0,436.0,11576502704.0,11593.0
37,NC,"Warren County, NC",37185,Warren County,36.398105,-78.099899,No,20324,5,4413,1,4,40501,116801.0,12614.0,6.0,11358,42921.0,75982.0,4.0,7753,11724731.0,577.0,319295463.0,15710.0
37,NC,"Washington County, NC",37187,Washington County,35.844713,-76.572291,No,12503,4,5833,2,3,30402,74626.0,8235.0,6.0,6195,27423.0,38397.0,3.0,5203,9345882.0,747.0,239559443.0,19160.0
37,NC,"Watauga County, NC",37189,Watauga County,36.235372,-81.709923,No,52745,7,35348,6,5,50706,202594.0,22003.0,4.0,31825,74447.0,58177.0,1.0,20320,13504202.0,256.0,340500696.0,6456.0
37,NC,"Wayne County, NC",37191,Wayne County,35.35419,-78.00867,No,124447,9,68377,8,3,30908,695696.0,75001.0,6.0,51334,255647.0,375459.0,3.0,47013,41850436.0,336.0,1096511235.0,8811.0
37,NC,"Wilkes County, NC",37193,Wilkes County,36.208883,-81.166095,No,68888,8,35141,6,4,40806,399301.0,41866.0,6.0,31886,146731.0,97098.0,1.0,27583,27578975.0,400.0,721192247.0,10469.0
37,NC,"Wilson County, NC",37195,Wilson County,35.700357,-77.921598,No,81617,8,63702,8,3,30808,550891.0,59481.0,7.0,45797,202435.0,671200.0,8.0,31942,44691844.0,548.0,1204312481.0,14756.0
37,NC,"Yadkin County, NC",37197,Yadkin County,36.158765,-80.665164,No,37819,6,17209,5,4,40605,231125.0,24240.0,6.0,16637,84931.0,47933.0,1.0,15287,24498229.0,648.0,675258049.0,17855.0
37,NC,"Yancey County, NC",37199,Yancey County,35.889455,-82.304119,No,17599,5,6777,2,5,50502,86330.0,9299.0,5.0,10683,31724.0,48516.0,3.0,7479,4811084.0,273.0,124803022.0,7091.0
38,ND,"Adams County, ND",38001,Adams County,46.096815,-102.533198,No,2348,1,1593,1,6,60101,12403.0,1317.0,5.0,1576,7018.0,15513.0,7.0,1030,1906470.0,812.0,44709061.0,19041.0
38,ND,"Barnes County, ND",38003,Barnes County,46.94255,-98.070195,No,11033,3,7902,3,7,70303,63180.0,6831.0,6.0,8220,35749.0,168717.0,15.0,5070,10033182.0,909.0,274882566.0,24915.0
38,ND,"Benson County, ND",38005,Benson County,48.071743,-99.351152,No,6802,2,1360,1,7,70201,38801.0,3724.0,6.0,3441,21955.0,23040.0,3.0,2257,4717334.0,694.0,109802447.0,16143.0
38,ND,"Billings County, ND",38007,Billings County,47.007044,-103.364016,No,936,1,564,1,6,60101,5498.0,570.0,6.0,603,3111.0,7320.0,8.0,405,2978600.0,3182.0,85277680.0,91109.0
38,ND,"Bottineau County, ND",38009,Bottineau County,48.794412,-100.831257,No,6650,2,3431,1,7,70201,48938.0,4516.0,7.0,5051,27690.0,41462.0,6.0,3047,4885213.0,735.0,114949315.0,17286.0
38,ND,"Bowman County, ND",38011,Bowman County,46.110144,-103.505943,No,3238,1,2345,1,6,60101,14802.0,1572.0,5.0,1992,8375.0,54401.0,17.0,1404,2524488.0,780.0,59354382.0,18331.0
38,ND,"Burke County, ND",38013,Burke County,48.786453,-102.520087,No,2239,1,782,1,7,70101,12844.0,1357.0,6.0,1616,7268.0,13598.0,6.0,1001,2434201.0,1087.0,57311391.0,25597.0
38,ND,"Burleigh County, ND",38015,Burleigh County,46.971843,-100.462001,No,90560,9,94182,9,6,60909,343138.0,36248.0,4.0,45793,194155.0,1961880.0,22.0,38005,30391648.0,336.0,706261723.0,7799.0
38,ND,"Cass County, ND",38017,Cass County,46.927003,-97.252375,No,166852,10,206782,11,7,71011,707263.0,74981.0,4.0,107720,400185.0,2887031.0,17.0,70841,62798129.0,376.0,1483843178.0,8893.0
38,ND,"Cavalier County, ND",38019,Cavalier County,48.768439,-98.46379,No,3867,1,2372,1,7,70101,25531.0,2282.0,7.0,2667,14446.0,58880.0,15.0,1788,3109197.0,804.0,70551202.0,18244.0
38,ND,"Dickey County, ND",38021,Dickey County,46.107756,-98.496518,No,5160,2,3232,1,6,60201,31218.0,3054.0,6.0,3057,17664.0,24021.0,5.0,2192,2583744.0,501.0,59165719.0,11466.0
38,ND,"Divide County, ND",38023,Divide County,48.814754,-103.509326,No,2369,1,837,1,7,70101,13632.0,1439.0,6.0,1689,7713.0,13666.0,6.0,1059,2350419.0,992.0,56547806.0,23870.0
38,ND,"Dunn County, ND",38025,Dunn County,47.354548,-102.612366,No,4284,1,5038,2,6,60102,21868.0,2207.0,5.0,2821,12374.0,24239.0,6.0,1548,6112347.0,1427.0,150776363.0,35195.0
38,ND,"Eddy County, ND",38027,Eddy County,47.723436,-98.900474,No,2370,1,956,1,7,70101,12664.0,1168.0,5.0,1520,7166.0,48251.0,20.0,1043,1295664.0,547.0,30339882.0,12802.0
38,ND,"Emmons County, ND",38029,Emmons County,46.284255,-100.237842,No,3426,1,1346,1,6,60101,17819.0,1915.0,5.0,2398,10082.0,41055.0,12.0,1520,3074083.0,897.0,71704348.0,20929.0
38,ND,"Foster County, ND",38031,Foster County,47.471431,-98.872876,No,3345,1,2426,1,7,70101,19634.0,1811.0,6.0,2083,11110.0,56432.0,17.0,1500,2194124.0,656.0,51435192.0,15377.0
38,ND,"Golden Valley County, ND",38033,Golden Valley County,46.938924,-103.844612,No,1895,1,851,1,6,60101,7531.0,803.0,4.0,1158,4261.0,37851.0,20.0,836,2097709.0,1107.0,59794605.0,31554.0
38,ND,"Grand Forks County, ND",38035,Grand Forks County,47.926003,-97.450851,No,69793,8,68042,8,7,70808,411116.0,42532.0,6.0,29558,232619.0,833414.0,12.0,28991,25201160.0,361.0,589596963.0,8448.0
38,ND,"Grant County, ND",38037,Grant County,46.357827,-101.639049,No,2369,1,804,1,6,60101,13524.0,1490.0,6.0,1964,7652.0,12015.0,5.0,1108,1878474.0,793.0,44302197.0,18701.0
38,ND,"Griggs County, ND",38039,Griggs County,47.456334,-98.232286,No,2311,1,1086,1,7,70101,18469.0,1704.0,8.0,1623,10450.0,12039.0,5.0,1045,1440528.0,623.0,33685135.0,14576.0
38,ND,"Hettinger County, ND",38041,Hettinger County,46.435704,-102.454238,No,2639,1,847,1,6,60101,12109.0,1286.0,5.0,1684,6851.0,46241.0,18.0,1109,2093429.0,793.0,49645121.0,18812.0
38,ND,"Kidder County, ND",38043,Kidder County,46.938273,-99.731198,No,2419,1,861,1,7,70101,12976.0,1292.0,5.0,1964,7342.0,41526.0,17.0,1083,4677509.0,1934.0,135885778.0,56174.0
38,ND,"LaMoure County, ND",38045,LaMoure County,46.464195,-98.526057,No,4111,1,2003,1,6,60101,28079.0,2922.0,7.0,2782,15888.0,23249.0,6.0,1810,2826479.0,688.0,65966171.0,16046.0
38,ND,"Logan County, ND",38047,Logan County,46.469278,-99.504585,No,1939,1,895,1,6,60101,11985.0,1200.0,6.0,1360,6781.0,17012.0,9.0,878,1199188.0,618.0,27673654.0,14272.0
38,ND,"McHenry County, ND",38049,McHenry County,48.233842,-100.633267,No,5912,2,1418,1,7,70201,36773.0,3418.0,6.0,3525,20807.0,32874.0,6.0,2614,6369006.0,1077.0,149319180.0,25257.0
38,ND,"McIntosh County, ND",38051,McIntosh County,46.117034,-99.443041,No,2737,1,1596,1,6,60101,17037.0,1824.0,6.0,2139,9640.0,22551.0,8.0,1303,1502771.0,549.0,34299438.0,12532.0
38,ND,"McKenzie County, ND",38053,McKenzie County,47.742475,-103.403215,No,10718,3,10773,3,6,60303,44334.0,4323.0,4.0,5321,25085.0,112139.0,10.0,3617,18168047.0,1695.0,441419311.0,41185.0
38,ND,"McLean County, ND",38055,McLean County,47.653055,-101.421794,No,9576,3,4275,1,7,70301,50392.0,4665.0,5.0,6802,28513.0,155771.0,16.0,4292,9271237.0,968.0,216132800.0,22570.0
38,ND,"Mercer County, ND",38057,Mercer County,47.307147,-101.833328,No,8671,3,8609,3,6,60303,48366.0,5011.0,6.0,5373,27367.0,35260.0,4.0,3675,4994259.0,576.0,116446114.0,13429.0
38,ND,"Morton County, ND",38059,Morton County,46.710819,-101.298265,No,29633,6,20221,5,6,60605,120886.0,13116.0,4.0,15811,68400.0,612480.0,21.0,12673,19913446.0,672.0,528005858.0,17818.0
38,ND,"Mountrail County, ND",38061,Mountrail County,48.210291,-102.364756,No,9675,3,8030,3,7,70303,43699.0,3780.0,5.0,5437,24726.0,81188.0,8.0,3161,11954980.0,1236.0,287271180.0,29692.0
38,ND,"Nelson County, ND",38063,Nelson County,47.918667,-98.204428,No,3032,1,1494,1,7,70101,27365.0,2696.0,9.0,2200,15483.0,24938.0,8.0,1517,3513793.0,1159.0,82007167.0,27047.0
38,ND,"Oliver County, ND",38065,Oliver County,47.118079,-101.33142,No,1768,1,637,1,6,60101,9803.0,961.0,6.0,1098,5547.0,5482.0,3.0,760,1945105.0,1100.0,46002400.0,26019.0
38,ND,"Pembina County, ND",38067,Pembina County,48.766896,-97.545405,No,7136,2,4778,1,7,70201,53947.0,5447.0,8.0,4452,30525.0,97499.0,14.0,3273,4805040.0,673.0,116711472.0,16355.0
38,ND,"Pierce County, ND",38069,Pierce County,48.238883,-99.966497,No,4373,1,2427,1,7,70101,32527.0,3044.0,7.0,2691,18404.0,22259.0,5.0,2032,2932536.0,671.0,67581085.0,15454.0
38,ND,"Ramsey County, ND",38071,Ramsey County,48.266163,-98.739031,No,11578,4,8998,3,7,70403,58500.0,5760.0,5.0,6646,33101.0,179599.0,16.0,5004,7161088.0,619.0,161393124.0,13940.0
38,ND,"Ransom County, ND",38073,Ransom County,46.449276,-97.647554,No,5457,2,2882,1,6,60201,33409.0,3634.0,6.0,3812,18904.0,32688.0,6.0,2350,2207689.0,405.0,50620452.0,9276.0
38,ND,"Renville County, ND",38075,Renville County,48.712781,-101.658152,No,2573,1,1081,1,7,70101,14017.0,1384.0,5.0,1473,7931.0,8099.0,3.0,1011,2123441.0,825.0,50319432.0,19557.0
38,ND,"Richland County, ND",38077,Richland County,46.265219,-96.93796,No,16329,4,11852,4,6,60404,86577.0,8488.0,5.0,9282,48987.0,161304.0,10.0,6677,10152052.0,622.0,252523588.0,15465.0
38,ND,"Rolette County, ND",38079,Rolette County,48.768271,-99.840463,No,14607,4,4638,1,7,70401,88831.0,8187.0,6.0,6323,50262.0,28234.0,2.0,4786,4185434.0,287.0,97588393.0,6681.0
38,ND,"Sargent County, ND",38081,Sargent County,46.108206,-97.63003,No,3889,1,2907,1,6,60101,26392.0,2632.0,7.0,2578,14933.0,20324.0,5.0,1775,2998004.0,771.0,68824488.0,17697.0
38,ND,"Sheridan County, ND",38083,Sheridan County,47.581359,-100.330986,No,1395,1,267,1,7,70101,10033.0,944.0,7.0,1001,5677.0,7713.0,6.0,686,1191998.0,854.0,27649317.0,19820.0
38,ND,"Sioux County, ND",38085,Sioux County,46.110618,-101.061284,No,4431,1,760,1,6,60101,13706.0,1510.0,3.0,1535,7755.0,6716.0,2.0,1101,2094025.0,473.0,48842713.0,11023.0
38,ND,"Slope County, ND",38087,Slope County,46.445834,-103.462462,No,665,1,90,1,6,60101,3776.0,401.0,6.0,507,2137.0,6800.0,10.0,306,1528925.0,2299.0,37982512.0,57117.0
38,ND,"Stark County, ND",38089,Stark County,46.817031,-102.662026,No,29837,6,29513,6,6,60606,120512.0,12485.0,4.0,15442,68188.0,456623.0,15.0,11570,15802808.0,530.0,420821032.0,14104.0
38,ND,"Steele County, ND",38091,Steele County,47.451062,-97.71892,No,1969,1,901,1,7,70101,17368.0,1713.0,9.0,1432,9827.0,10959.0,6.0,943,1435176.0,729.0,33322984.0,16924.0
38,ND,"Stutsman County, ND",38093,Stutsman County,46.972223,-98.956123,No,21108,5,18813,5,7,70505,94969.0,8661.0,4.0,11588,53736.0,384004.0,18.0,9146,14784829.0,700.0,383804497.0,18183.0
38,ND,"Towner County, ND",38095,Towner County,48.682183,-99.248158,No,2292,1,826,1,7,70101,17548.0,1619.0,8.0,1532,9929.0,11021.0,5.0,982,1780916.0,777.0,41565949.0,18135.0
38,ND,"Traill County, ND",38097,Traill County,47.446215,-97.164754,No,8075,3,5502,2,7,70302,67714.0,7449.0,8.0,4274,38314.0,32149.0,4.0,3310,7204529.0,892.0,192390980.0,23826.0
38,ND,"Walsh County, ND",38099,Walsh County,48.376979,-97.72223,No,10995,3,6615,2,7,70302,85447.0,9016.0,8.0,6412,48348.0,151302.0,14.0,4841,6630506.0,603.0,158735738.0,14437.0
38,ND,"Ward County, ND",38101,Ward County,48.216686,-101.540537,No,68954,8,54217,7,7,70807,316658.0,31993.0,5.0,29841,179172.0,1017418.0,15.0,26772,27822663.0,403.0,632527478.0,9173.0
38,ND,"Wells County, ND",38103,Wells County,47.580881,-99.682254,No,4179,1,2544,1,7,70101,30089.0,2783.0,7.0,2897,17025.0,18849.0,5.0,2026,3471675.0,831.0,81850636.0,19586.0
38,ND,"Williams County, ND",38105,Williams County,48.355765,-103.501333,No,31643,6,40932,7,7,70607,127048.0,13056.0,4.0,18809,71886.0,532740.0,17.0,12390,19922704.0,630.0,457408802.0,14455.0
39,OH,"Adams County, OH",39001,Adams County,38.834468,-83.478082,No,28111,6,8520,3,4,40603,156824.0,21154.0,6.0,12254,89023.0,211987.0,8.0,10885,11549895.0,411.0,272587982.0,9697.0
39,OH,"Allen County, OH",39003,Allen County,40.771627,-84.106103,No,104664,9,93949,9,5,50909,459636.0,62172.0,4.0,42998,260916.0,2261216.0,22.0,40039,44320503.0,423.0,1093574274.0,10448.0
39,OH,"Ashland County, OH",39005,Ashland County,40.843273,-82.270127,No,53343,7,32255,6,5,50706,232247.0,28575.0,4.0,21191,131837.0,874616.0,16.0,20391,29016662.0,544.0,768340852.0,14404.0
39,OH,"Ashtabula County, OH",39007,Ashtabula County,41.906637,-80.745592,No,99175,9,49682,7,5,50907,372486.0,44961.0,4.0,44869,211445.0,2098551.0,21.0,38800,40931160.0,413.0,1024060571.0,10326.0
39,OH,"Athens County, OH",39009,Athens County,39.332604,-82.045844,No,65103,8,25703,6,5,50806,277919.0,37656.0,4.0,25281,157763.0,626291.0,10.0,22328,22466731.0,345.0,542740213.0,8337.0
39,OH,"Auglaize County, OH",39011,Auglaize County,40.561309,-84.224018,No,45871,7,40854,7,5,50707,226468.0,28715.0,5.0,19362,128556.0,772683.0,17.0,18231,23637179.0,515.0,584037833.0,12732.0
39,OH,"Belmont County, OH",39013,Belmont County,40.017682,-80.967727,No,69228,8,39860,7,5,50807,354210.0,47531.0,5.0,30793,201070.0,1105306.0,16.0,27732,41075400.0,593.0,1086831821.0,15699.0
39,OH,"Brown County, OH",39015,Brown County,38.931377,-83.866772,No,44059,7,11678,4,4,40704,260966.0,31639.0,6.0,18790,148139.0,169098.0,4.0,17047,17137745.0,389.0,410301839.0,9313.0
39,OH,"Butler County, OH",39017,Butler County,39.439747,-84.565734,No,373638,12,269986,11,5,51211,1728972.0,203771.0,5.0,143247,981464.0,5448597.0,15.0,135100,124180822.0,332.0,3034047539.0,8120.0
39,OH,"Carroll County, OH",39019,Carroll County,40.579884,-81.090787,No,28108,6,10902,3,5,50603,138400.0,18491.0,5.0,12984,78564.0,370786.0,13.0,10871,9063596.0,322.0,214153765.0,7619.0
39,OH,"Champaign County, OH",39021,Champaign County,40.132759,-83.767542,No,39175,7,18959,5,5,50705,198421.0,23698.0,5.0,15995,112635.0,528980.0,14.0,15162,13982138.0,357.0,331160382.0,8453.0
39,OH,"Clark County, OH",39023,Clark County,39.917032,-83.783676,No,136175,10,83721,8,5,51008,579246.0,69035.0,4.0,58618,328814.0,3087192.0,23.0,54681,61522249.0,452.0,1603189980.0,11773.0
39,OH,"Clermont County, OH",39025,Clermont County,39.052084,-84.149614,No,201092,11,102790,9,4,41109,1023186.0,120194.0,5.0,78337,580820.0,1822973.0,9.0,75236,64246580.0,319.0,1651543115.0,8213.0
39,OH,"Clinton County, OH",39027,Clinton County,39.429004,-83.795048,No,41854,7,28861,6,5,50706,212761.0,25184.0,5.0,17314,120775.0,422191.0,10.0,16077,23781848.0,568.0,652644889.0,15593.0
39,OH,"Columbiana County, OH",39029,Columbiana County,40.770073,-80.778455,No,105230,9,53329,7,5,50907,507581.0,63648.0,5.0,44667,288132.0,1802007.0,17.0,41782,32675476.0,311.0,762648693.0,7247.0
39,OH,"Coshocton County, OH",39031,Coshocton County,40.29671,-81.930109,No,36665,6,17420,5,5,50605,162376.0,21973.0,4.0,15682,92174.0,537031.0,15.0,14397,11934188.0,325.0,278813655.0,7604.0
39,OH,"Crawford County, OH",39033,Crawford County,40.848524,-82.924783,No,42485,7,24751,5,5,50705,195954.0,25484.0,5.0,19187,111235.0,820272.0,19.0,17657,17531660.0,413.0,411293111.0,9681.0
39,OH,"Cuyahoga County, OH",39035,Cuyahoga County,41.760392,-81.724217,No,1258710,15,1332892,15,5,51515,4048408.0,500071.0,3.0,500656,2298110.0,43793185.0,35.0,534559,498897344.0,396.0,11934174581.0,9481.0
39,OH,"Darke County, OH",39037,Darke County,40.131542,-84.621248,No,52185,7,32521,6,5,50706,272758.0,32884.0,5.0,21778,154833.0,600157.0,12.0,20831,19557886.0,375.0,452286391.0,8667.0
39,OH,"Defiance County, OH",39039,Defiance County,41.321679,-84.486433,No,38488,7,27530,6,5,50706,190224.0,24553.0,5.0,16022,107982.0,493535.0,13.0,15378,18709939.0,486.0,427125076.0,11098.0
39,OH,"Delaware County, OH",39041,Delaware County,40.278941,-83.007462,No,188996,10,158096,10,5,51010,841656.0,112309.0,4.0,66685,477772.0,3881718.0,21.0,66544,79946210.0,423.0,2032618876.0,10755.0
39,OH,"Erie County, OH",39043,Erie County,41.554006,-82.525897,No,75808,8,63042,8,5,50808,333691.0,39794.0,4.0,36157,189422.0,1726769.0,23.0,31731,49133382.0,648.0,1287613257.0,16985.0
39,OH,"Fairfield County, OH",39045,Fairfield County,39.75262,-82.627329,No,150163,10,70596,8,5,51008,674770.0,87843.0,4.0,57147,383038.0,2326049.0,15.0,55138,46947714.0,313.0,1140000562.0,7592.0
39,OH,"Fayette County, OH",39047,Fayette County,39.555274,-83.461953,No,28719,6,19482,5,5,50605,152159.0,18494.0,5.0,12148,86374.0,373594.0,13.0,11666,21504171.0,749.0,567959606.0,19776.0
39,OH,"Franklin County, OH",39049,Franklin County,39.969575,-83.006865,No,1232118,15,1265502,15,5,51515,4960765.0,668460.0,4.0,518446,2816016.0,26103187.0,21.0,489010,535084572.0,434.0,13065771552.0,10604.0
39,OH,"Fulton County, OH",39051,Fulton County,41.597264,-84.124267,No,42466,7,31070,6,5,50706,178023.0,22240.0,4.0,16650,101056.0,1493711.0,35.0,16240,24752225.0,583.0,634511923.0,14942.0
39,OH,"Gallia County, OH",39053,Gallia County,38.817046,-82.301746,No,30376,6,18412,5,4,40605,171547.0,23273.0,6.0,13160,97380.0,207545.0,7.0,11495,13508495.0,445.0,323282552.0,10643.0
39,OH,"Geauga County, OH",39055,Geauga County,41.499322,-81.173505,No,94020,9,59709,8,5,50908,402606.0,48592.0,4.0,35947,228542.0,2224949.0,24.0,34890,31645640.0,337.0,777665863.0,8271.0
39,OH,"Greene County, OH",39057,Greene County,39.687479,-83.894894,No,164325,10,105592,9,5,51009,756073.0,89718.0,5.0,66284,429191.0,2684783.0,16.0,64279,72627955.0,442.0,1756785771.0,10691.0
39,OH,"Guernsey County, OH",39059,Guernsey County,40.056665,-81.497875,No,39478,7,27490,6,5,50706,181990.0,24644.0,5.0,18321,103308.0,545459.0,14.0,15863,31096005.0,788.0,856954729.0,21707.0
39,OH,"Hamilton County, OH",39061,Hamilton County,39.196927,-84.544187,No,805965,14,944820,14,4,41414,3576862.0,420207.0,4.0,361688,2030433.0,16862532.0,21.0,335334,382505298.0,475.0,9379686057.0,11638.0
39,OH,"Hancock County, OH",39063,Hancock County,41.000471,-83.666034,No,75672,8,86286,9,5,50809,364843.0,49372.0,5.0,32183,207106.0,1465381.0,19.0,31549,42346262.0,560.0,1067414866.0,14106.0
39,OH,"Hardin County, OH",39065,Hardin County,40.660415,-83.664077,No,31652,6,13210,4,5,50604,140597.0,18832.0,4.0,12563,79811.0,464738.0,15.0,11588,10196912.0,322.0,237945108.0,7518.0
39,OH,"Harrison County, OH",39067,Harrison County,40.292318,-81.091565,No,15521,4,6311,2,5,50402,78099.0,10456.0,5.0,7732,44333.0,181706.0,12.0,6242,9319649.0,600.0,220372329.0,14198.0
39,OH,"Henry County, OH",39069,Henry County,41.331584,-84.0689,No,27890,6,16708,4,5,50604,133729.0,16862.0,5.0,11492,75912.0,885613.0,32.0,11035,16339274.0,586.0,385058864.0,13806.0
39,OH,"Highland County, OH",39071,Highland County,39.184422,-83.601359,No,43109,7,17059,5,5,50705,230809.0,30242.0,5.0,18375,131021.0,410728.0,10.0,16635,13304997.0,309.0,311288184.0,7221.0
39,OH,"Hocking County, OH",39073,Hocking County,39.490342,-82.483447,No,28690,6,10589,3,5,50603,156281.0,20982.0,5.0,12731,88714.0,316907.0,11.0,11326,12899654.0,450.0,308252688.0,10744.0
39,OH,"Holmes County, OH",39075,Holmes County,40.565561,-81.929988,No,43702,7,37299,6,5,50706,127756.0,17122.0,3.0,12990,72522.0,515755.0,12.0,12500,11177649.0,256.0,265679242.0,6079.0
39,OH,"Huron County, OH",39077,Huron County,41.14508,-82.594641,No,58704,8,34503,6,5,50806,259211.0,31975.0,4.0,24062,147143.0,909932.0,16.0,22521,19558573.0,333.0,458605729.0,7812.0
39,OH,"Jackson County, OH",39079,Jackson County,39.013477,-82.614142,No,32717,6,16830,4,5,50604,176152.0,23898.0,5.0,13964,99994.0,360051.0,11.0,12814,16355419.0,500.0,394745889.0,12065.0
39,OH,"Jefferson County, OH",39081,Jefferson County,40.399384,-80.763527,No,67607,8,37706,6,5,50806,348019.0,47063.0,5.0,31118,197556.0,1134747.0,17.0,27776,23456110.0,347.0,551282646.0,8154.0
39,OH,"Knox County, OH",39083,Knox County,40.40362,-82.422393,No,60878,8,38393,7,5,50807,265273.0,35590.0,4.0,24410,150584.0,948540.0,16.0,23029,18470494.0,303.0,429157235.0,7049.0
39,OH,"Lake County, OH",39085,Lake County,41.924116,-81.392643,No,229266,11,173392,10,5,51110,822954.0,99602.0,4.0,99706,467156.0,7293123.0,32.0,95249,97594707.0,426.0,2395857762.0,10450.0
39,OH,"Lawrence County, OH",39087,Lawrence County,38.603866,-82.517186,No,61503,8,21064,5,4,40805,340249.0,46124.0,6.0,26185,193145.0,682223.0,11.0,23243,19891843.0,323.0,471869336.0,7672.0
39,OH,"Licking County, OH",39089,Licking County,40.093609,-82.481251,No,169762,10,98726,9,5,51009,773182.0,104413.0,5.0,67039,438903.0,3247691.0,19.0,64034,84605704.0,498.0,2108940415.0,12423.0
39,OH,"Logan County, OH",39091,Logan County,40.387553,-83.766343,No,45388,7,32189,6,5,50706,229583.0,27644.0,5.0,22217,130324.0,721952.0,16.0,18720,19720141.0,434.0,472627208.0,10413.0
39,OH,"Lorain County, OH",39093,Lorain County,41.438805,-82.179722,No,304091,12,173026,10,5,51210,1181908.0,141469.0,4.0,124170,670919.0,6392694.0,21.0,117609,120585846.0,397.0,2942040151.0,9675.0
39,OH,"Lucas County, OH",39095,Lucas County,41.682321,-83.468903,No,434800,13,414820,12,5,51312,1586175.0,198126.0,4.0,193952,900404.0,11439734.0,26.0,178477,162387231.0,373.0,3814459913.0,8773.0
39,OH,"Madison County, OH",39097,Madison County,39.896607,-83.400885,No,43537,7,28402,6,5,50706,191326.0,23606.0,4.0,15305,108608.0,585088.0,13.0,14809,30427110.0,699.0,860928387.0,19775.0
39,OH,"Mahoning County, OH",39099,Mahoning County,41.01088,-80.770396,No,233015,11,174042,10,5,51110,918864.0,109563.0,4.0,106680,521600.0,7658846.0,33.0,97484,87789700.0,377.0,2219752570.0,9526.0
39,OH,"Marion County, OH",39101,Marion County,40.588034,-83.168803,No,65620,8,42167,7,5,50807,280778.0,35019.0,4.0,26636,159386.0,1175594.0,18.0,24418,23127372.0,352.0,553310918.0,8432.0
39,OH,"Medina County, OH",39103,Medina County,41.116174,-81.899764,No,175543,10,105243,9,5,51009,739714.0,88384.0,4.0,69062,419904.0,3823353.0,22.0,66465,66654737.0,380.0,1772781099.0,10099.0
39,OH,"Meigs County, OH",39105,Meigs County,39.089807,-82.028397,No,23345,5,5137,2,5,50502,131284.0,17795.0,6.0,10550,74524.0,209600.0,9.0,9204,9272666.0,397.0,222238376.0,9520.0
39,OH,"Mercer County, OH",39107,Mercer County,40.535333,-84.632059,No,40886,7,32845,6,5,50706,205424.0,24404.0,5.0,16981,116611.0,672211.0,16.0,16109,15168932.0,371.0,349139687.0,8539.0
39,OH,"Miami County, OH",39109,Miami County,40.053326,-84.228413,No,103864,9,71143,8,5,50908,492920.0,58778.0,5.0,43498,279810.0,1636743.0,16.0,41106,44009499.0,424.0,1078190541.0,10381.0
39,OH,"Monroe County, OH",39111,Monroe County,39.726253,-81.090987,No,14442,4,4041,1,5,50401,68876.0,8942.0,5.0,7149,39098.0,257992.0,18.0,5986,6792148.0,470.0,163387825.0,11313.0
39,OH,"Montgomery County, OH",39113,Montgomery County,39.753736,-84.290591,No,532761,13,468125,13,5,51313,2399644.0,284542.0,5.0,243878,1362176.0,11360772.0,21.0,222677,218401263.0,410.0,5189350011.0,9740.0
39,OH,"Morgan County, OH",39115,Morgan County,39.624946,-81.861697,No,14857,4,4247,1,5,50401,72806.0,9859.0,5.0,7510,41329.0,180140.0,12.0,5932,5524488.0,372.0,129731468.0,8732.0
39,OH,"Morrow County, OH",39117,Morrow County,40.525266,-82.797729,No,35032,6,7846,3,5,50603,174689.0,22186.0,5.0,13506,99163.0,273940.0,8.0,12606,23491214.0,671.0,646021101.0,18441.0
39,OH,"Muskingum County, OH",39119,Muskingum County,39.966046,-81.943506,No,85991,9,57151,8,5,50908,401964.0,54342.0,5.0,36214,228178.0,1435643.0,17.0,34178,37849840.0,440.0,977594139.0,11369.0
39,OH,"Noble County, OH",39121,Noble County,39.767232,-81.452512,No,14429,4,3851,1,5,50401,55454.0,7482.0,4.0,5785,31479.0,165645.0,11.0,4863,9383392.0,650.0,247421705.0,17148.0
39,OH,"Ottawa County, OH",39123,Ottawa County,41.545495,-83.012613,No,40981,7,19801,5,5,50705,184510.0,22555.0,5.0,26855,104739.0,879897.0,21.0,17384,20520470.0,501.0,501054249.0,12227.0
39,OH,"Paulding County, OH",39125,Paulding County,41.118948,-84.582125,No,19057,5,6911,2,5,50502,101854.0,13768.0,5.0,8326,57818.0,464307.0,24.0,7659,12138625.0,637.0,283586933.0,14881.0
39,OH,"Perry County, OH",39127,Perry County,39.743187,-82.237952,No,35947,6,8326,3,5,50603,170770.0,22926.0,5.0,14481,96939.0,493383.0,14.0,13535,9653093.0,269.0,225338757.0,6269.0
39,OH,"Pickaway County, OH",39129,Pickaway County,39.648947,-83.052827,No,56804,7,21428,5,5,50705,243149.0,32231.0,4.0,20277,138025.0,750404.0,13.0,19173,22256958.0,392.0,549990671.0,9682.0
39,OH,"Pike County, OH",39131,Pike County,39.07136,-83.052909,No,28298,6,15307,4,4,40604,159395.0,21461.0,6.0,12015,90482.0,223968.0,8.0,10908,12600926.0,445.0,301764199.0,10664.0
39,OH,"Portage County, OH",39133,Portage County,41.168837,-81.197042,No,161796,10,93605,9,5,51009,634221.0,75668.0,4.0,65439,360020.0,3669180.0,23.0,61585,68699573.0,425.0,1793803064.0,11087.0
39,OH,"Preble County, OH",39135,Preble County,39.73881,-84.644758,No,41561,7,17888,5,5,50705,226700.0,26958.0,5.0,17121,128688.0,406447.0,10.0,16048,20905052.0,503.0,547885736.0,13183.0
39,OH,"Putnam County, OH",39137,Putnam County,41.024533,-84.129879,No,34116,6,20146,5,5,50605,184666.0,24870.0,5.0,13205,104827.0,458201.0,13.0,13092,13350663.0,391.0,303149777.0,8886.0
39,OH,"Richland County, OH",39139,Richland County,40.774159,-82.542781,No,121888,9,80989,8,5,50908,511856.0,63986.0,4.0,51971,290559.0,2477961.0,20.0,47935,56459810.0,463.0,1404592358.0,11524.0
39,OH,"Ross County, OH",39141,Ross County,39.323818,-83.059581,No,77193,8,45970,7,5,50807,391928.0,52145.0,5.0,30493,222481.0,737998.0,10.0,28308,33461224.0,433.0,814234694.0,10548.0
39,OH,"Sandusky County, OH",39143,Sandusky County,41.355291,-83.142735,No,59870,8,46732,7,5,50807,244306.0,31693.0,4.0,25146,138682.0,1249777.0,21.0,23666,40206993.0,672.0,1061025402.0,17722.0
39,OH,"Scioto County, OH",39145,Scioto County,38.814889,-82.998675,No,77366,8,38230,7,4,40807,413407.0,55933.0,5.0,32640,234673.0,975952.0,13.0,29778,23873394.0,309.0,561139017.0,7253.0
39,OH,"Seneca County, OH",39147,Seneca County,41.119992,-83.127547,No,55711,7,34089,6,5,50706,252145.0,33812.0,5.0,22981,143132.0,864668.0,16.0,21349,18771186.0,337.0,437454857.0,7852.0
39,OH,"Shelby County, OH",39149,Shelby County,40.33668,-84.204142,No,48949,7,49315,7,5,50707,241383.0,28820.0,5.0,19488,137023.0,581335.0,12.0,18428,25615015.0,523.0,643231598.0,13141.0
39,OH,"Stark County, OH",39151,Stark County,40.814131,-81.365667,No,374762,12,285950,11,5,51211,1541748.0,197942.0,4.0,158688,875185.0,9606871.0,26.0,151101,117892476.0,315.0,2847172254.0,7597.0
39,OH,"Summit County, OH",39153,Summit County,41.121851,-81.534936,No,541372,13,499679,13,5,51313,1950359.0,233029.0,4.0,235197,1107136.0,17644544.0,33.0,221887,235618795.0,435.0,5720718352.0,10567.0
39,OH,"Trumbull County, OH",39155,Trumbull County,41.305911,-80.768701,No,204908,11,134106,10,5,51110,865156.0,102768.0,4.0,91586,491112.0,5485507.0,27.0,86508,75811531.0,370.0,1891839321.0,9233.0
39,OH,"Tuscarawas County, OH",39157,Tuscarawas County,40.447448,-81.471157,No,92579,9,62253,8,5,50908,418578.0,56364.0,5.0,38297,237609.0,1258834.0,14.0,36325,39593363.0,428.0,989843056.0,10692.0
39,OH,"Union County, OH",39159,Union County,40.295901,-83.367042,No,53955,7,46795,7,5,50707,243006.0,29335.0,5.0,19203,137944.0,740905.0,14.0,18798,32922814.0,610.0,815095036.0,15107.0
39,OH,"Van Wert County, OH",39161,Van Wert County,40.85552,-84.585775,No,28501,6,19702,5,5,50605,145644.0,19621.0,5.0,12139,82676.0,524135.0,18.0,11427,17276524.0,606.0,403656632.0,14163.0
39,OH,"Vinton County, OH",39163,Vinton County,39.252014,-82.485961,No,13128,4,3305,1,5,50401,73981.0,9993.0,6.0,5919,41996.0,92385.0,7.0,4942,5315648.0,405.0,128251472.0,9769.0
39,OH,"Warren County, OH",39165,Warren County,39.425652,-84.169906,No,222184,11,157664,10,5,51110,1072513.0,126045.0,5.0,80289,608820.0,3363094.0,15.0,79466,85138500.0,383.0,2149719026.0,9675.0
39,OH,"Washington County, OH",39167,Washington County,39.450684,-81.490653,No,61154,8,45505,7,4,40807,285870.0,38708.0,5.0,26923,162276.0,1176127.0,19.0,25306,25099616.0,410.0,620008378.0,10138.0
39,OH,"Wayne County, OH",39169,Wayne County,40.829661,-81.887194,No,115747,9,80355,8,5,50908,450703.0,57813.0,4.0,46413,255845.0,1299826.0,11.0,43037,42640742.0,368.0,1052937056.0,9097.0
39,OH,"Williams County, OH",39171,Williams County,41.564958,-84.584323,No,37270,6,31977,6,5,50606,177840.0,22211.0,5.0,16716,100953.0,1902459.0,51.0,15077,20458499.0,549.0,516217061.0,13851.0
39,OH,"Wood County, OH",39173,Wood County,41.360183,-83.622682,No,129418,10,108446,9,5,51009,487051.0,61968.0,4.0,51200,276478.0,2576148.0,20.0,50025,79978002.0,618.0,2040802447.0,15769.0
39,OH,"Wyandot County, OH",39175,Wyandot County,40.839782,-83.313681,No,22359,5,16508,4,5,50504,109545.0,14717.0,5.0,9473,62184.0,333680.0,15.0,9144,16031014.0,717.0,389595893.0,17425.0
40,OK,"Adair County, OK",40001,Adair County,35.898043,-94.651026,No,22161,5,5989,2,3,30502,91025.0,9927.0,4.0,10480,51811.0,130216.0,6.0,7876,5864030.0,265.0,169373693.0,7643.0
40,OK,"Alfalfa County, OK",40003,Alfalfa County,36.729703,-98.323445,No,5784,2,2363,1,3,30201,31200.0,3251.0,5.0,2705,17759.0,78802.0,14.0,2028,5651229.0,977.0,166750830.0,28830.0
40,OK,"Atoka County, OK",40005,Atoka County,34.392469,-96.036558,No,13847,4,4283,1,3,30401,80505.0,7317.0,6.0,6254,45823.0,62084.0,4.0,5198,13736352.0,992.0,409053814.0,29541.0
40,OK,"Beaver County, OK",40007,Beaver County,36.748334,-100.483056,No,5479,2,2460,1,4,40201,22953.0,2982.0,4.0,3096,13065.0,85405.0,16.0,2087,7314378.0,1335.0,229680854.0,41920.0
40,OK,"Beckham County, OK",40009,Beckham County,35.270601,-99.690057,No,23290,5,16902,5,3,30505,115376.0,10004.0,5.0,9773,65671.0,292247.0,13.0,7508,14556007.0,625.0,467066289.0,20054.0
40,OK,"Blaine County, OK",40011,Blaine County,35.877782,-98.428934,No,9777,3,4140,1,3,30301,56644.0,5835.0,6.0,4769,32241.0,134794.0,14.0,3709,7464792.0,764.0,220619097.0,22565.0
40,OK,"Bryan County, OK",40013,Bryan County,33.964004,-96.264137,No,44529,7,21033,5,3,30705,240758.0,25139.0,5.0,19645,137038.0,291605.0,7.0,16633,22899796.0,514.0,646827963.0,14526.0
40,OK,"Caddo County, OK",40015,Caddo County,35.16792,-98.381045,No,29510,6,8790,3,3,30603,170521.0,15268.0,6.0,13031,97059.0,263730.0,9.0,10368,15932111.0,540.0,504445855.0,17094.0
40,OK,"Canadian County, OK",40017,Canadian County,35.54341,-97.979844,No,129571,10,52111,7,3,31007,590565.0,61345.0,5.0,46496,336145.0,1802554.0,14.0,43247,56421606.0,435.0,1508048675.0,11639.0
40,OK,"Carter County, OK",40019,Carter County,34.251848,-97.287927,No,48530,7,41961,7,3,30707,265908.0,27750.0,5.0,21210,151353.0,492998.0,10.0,18071,26388136.0,544.0,735943967.0,15165.0
40,OK,"Cherokee County, OK",40021,Cherokee County,35.904367,-94.996796,No,48267,7,18590,5,3,30705,211903.0,21268.0,4.0,23801,120614.0,625923.0,13.0,16386,13272842.0,275.0,373155512.0,7731.0
40,OK,"Choctaw County, OK",40023,Choctaw County,34.027645,-95.554208,No,15051,4,6130,2,3,30402,90881.0,7986.0,6.0,7416,51729.0,97301.0,6.0,5927,8070790.0,536.0,238283400.0,15832.0
40,OK,"Cimarron County, OK",40025,Cimarron County,36.74839,-102.517698,No,2269,1,600,1,4,40101,9002.0,1245.0,4.0,1952,5124.0,43966.0,19.0,971,4068267.0,1793.0,125800473.0,55443.0
40,OK,"Cleveland County, OK",40027,Cleveland County,35.206376,-97.323088,No,271818,11,138524,10,3,31110,1321042.0,137976.0,5.0,108860,751927.0,3548641.0,13.0,101112,83877587.0,309.0,2116748506.0,7787.0
40,OK,"Coal County, OK",40029,Coal County,34.582861,-96.288039,No,5755,2,1585,1,3,30201,33626.0,3032.0,6.0,2764,19140.0,53165.0,9.0,2252,3023911.0,525.0,93563411.0,16258.0
40,OK,"Comanche County, OK",40031,Comanche County,34.662628,-98.476597,No,124583,9,65555,8,3,30908,578427.0,50353.0,5.0,50921,329237.0,1117872.0,9.0,42929,40158981.0,322.0,1097033875.0,8806.0
40,OK,"Cotton County, OK",40033,Cotton County,34.290676,-98.373438,No,6062,2,2272,1,3,30201,40644.0,3551.0,7.0,2966,23134.0,62049.0,10.0,2368,4552760.0,751.0,148891165.0,24561.0
40,OK,"Craig County, OK",40035,Craig County,36.76389,-95.201553,No,14683,4,8000,3,3,30403,76488.0,7054.0,5.0,6640,43537.0,137926.0,9.0,5380,11401384.0,777.0,366374970.0,24952.0
40,OK,"Creek County, OK",40037,Creek County,35.907732,-96.379793,No,70931,8,32760,6,3,30806,359892.0,36879.0,5.0,29661,204848.0,903999.0,13.0,26264,36233720.0,511.0,1106999821.0,15607.0
40,OK,"Custer County, OK",40039,Custer County,35.645601,-98.997386,No,29248,6,19612,5,3,30605,162218.0,14216.0,6.0,12276,92333.0,387429.0,13.0,10457,16992247.0,581.0,541730474.0,18522.0
40,OK,"Delaware County, OK",40041,Delaware County,36.393375,-94.808217,No,41433,7,15090,4,3,30704,252716.0,22304.0,6.0,24570,143844.0,297926.0,7.0,16502,15616050.0,377.0,442370847.0,10677.0
40,OK,"Dewey County, OK",40043,Dewey County,35.97796,-99.014385,No,4862,1,1950,1,3,30101,27744.0,2850.0,6.0,2409,15792.0,53397.0,11.0,1811,5102997.0,1050.0,160060370.0,32921.0
40,OK,"Ellis County, OK",40045,Ellis County,36.224258,-99.750139,No,4123,1,1661,1,3,30101,24440.0,2556.0,6.0,2243,13911.0,58425.0,14.0,1626,4448032.0,1079.0,134257853.0,32563.0
40,OK,"Garfield County, OK",40047,Garfield County,36.378273,-97.787729,No,62481,8,42507,7,3,30807,332149.0,34650.0,5.0,26490,189057.0,1080657.0,17.0,23981,23090682.0,370.0,610799034.0,9776.0
40,OK,"Garvin County, OK",40049,Garvin County,34.70935,-97.312723,No,27570,6,15755,4,3,30604,156252.0,16335.0,6.0,12661,88937.0,253567.0,9.0,10447,20821420.0,755.0,660123981.0,23944.0
40,OK,"Grady County, OK",40051,Grady County,35.021058,-97.88689,No,53955,7,22169,5,3,30705,319703.0,29265.0,6.0,22181,181973.0,518178.0,10.0,19554,26990122.0,500.0,788988978.0,14623.0
40,OK,"Grant County, OK",40053,Grant County,36.788254,-97.788151,No,4497,1,1826,1,3,30101,28738.0,2998.0,6.0,2435,16357.0,72317.0,16.0,1967,5218312.0,1160.0,155321264.0,34539.0
40,OK,"Greer County, OK",40055,Greer County,34.933853,-99.552968,No,6081,2,1250,1,3,30201,26960.0,2751.0,4.0,2694,15345.0,91387.0,15.0,2107,2759493.0,454.0,82745272.0,13607.0
40,OK,"Harmon County, OK",40057,Harmon County,34.745971,-99.844194,No,2813,1,774,1,3,30101,18100.0,1561.0,6.0,1517,10303.0,51547.0,18.0,1170,1492009.0,530.0,42922878.0,15259.0
40,OK,"Harper County, OK",40059,Harper County,36.80035,-99.662805,No,3785,1,982,1,3,30101,13659.0,1827.0,4.0,1863,7774.0,56705.0,15.0,1361,3631355.0,959.0,113600853.0,30013.0
40,OK,"Haskell County, OK",40061,Haskell County,35.232294,-95.109578,No,12835,4,4750,1,3,30401,69131.0,6703.0,5.0,5959,39349.0,101013.0,8.0,4785,4809011.0,375.0,142614573.0,11111.0
40,OK,"Hughes County, OK",40063,Hughes County,35.052934,-96.251183,No,13727,4,4211,1,3,30401,62330.0,6224.0,5.0,6155,35478.0,108714.0,8.0,4224,5407599.0,394.0,155874805.0,11355.0
40,OK,"Jackson County, OK",40065,Jackson County,34.593949,-99.41221,No,25864,6,12744,4,3,30604,142632.0,14055.0,6.0,11973,81185.0,354531.0,14.0,10151,10197308.0,394.0,285292614.0,11030.0
40,OK,"Jefferson County, OK",40067,Jefferson County,34.105082,-97.83889,No,6280,2,1315,1,3,30201,38293.0,3546.0,6.0,3355,21796.0,72341.0,12.0,2424,3352514.0,534.0,96914527.0,15432.0
40,OK,"Johnston County, OK",40069,Johnston County,34.313455,-96.654254,No,11027,3,4057,1,3,30301,61742.0,6326.0,6.0,5069,35143.0,65088.0,6.0,4157,4957066.0,450.0,140597066.0,12750.0
40,OK,"Kay County, OK",40071,Kay County,36.814885,-97.143862,No,45398,7,29779,6,3,30706,248778.0,25800.0,5.0,21328,141603.0,865554.0,19.0,18132,20644084.0,455.0,614140954.0,13528.0
40,OK,"Kingfisher County, OK",40073,Kingfisher County,35.949431,-97.934568,No,15392,4,10058,3,3,30403,90402.0,9447.0,6.0,6385,51456.0,209371.0,14.0,5645,9424340.0,612.0,277655989.0,18039.0
40,OK,"Kiowa County, OK",40075,Kiowa County,34.921489,-98.981617,No,9239,3,2815,1,3,30301,60219.0,5255.0,7.0,5104,34276.0,140542.0,15.0,3956,5388120.0,583.0,161239860.0,17452.0
40,OK,"Latimer County, OK",40077,Latimer County,34.875137,-95.272262,No,10643,3,2962,1,3,30301,59364.0,5277.0,6.0,4910,33789.0,78481.0,7.0,4041,4173571.0,392.0,124802398.0,11726.0
40,OK,"Le Flore County, OK",40079,Le Flore County,34.897356,-94.695074,No,49885,7,16425,4,3,30704,257291.0,26455.0,5.0,21429,146448.0,739435.0,15.0,18313,22415544.0,449.0,611630457.0,12261.0
40,OK,"Lincoln County, OK",40081,Lincoln County,35.703117,-96.881392,No,34640,6,10088,3,3,30603,187292.0,19517.0,5.0,15057,106606.0,285555.0,8.0,13047,21470674.0,620.0,670226956.0,19348.0
40,OK,"Logan County, OK",40083,Logan County,35.914151,-97.450764,No,45171,7,12615,4,3,30704,224950.0,23432.0,5.0,17030,128040.0,439456.0,10.0,15273,18560608.0,411.0,551350729.0,12206.0
40,OK,"Love County, OK",40085,Love County,33.957775,-97.245124,No,9768,3,7308,2,3,30302,49345.0,5147.0,5.0,4473,28087.0,53086.0,5.0,3113,11187772.0,1145.0,381219103.0,39027.0
40,OK,"McClain County, OK",40087,McClain County,35.016436,-97.449803,No,37222,6,15205,4,3,30604,214905.0,21772.0,6.0,14563,122322.0,380606.0,10.0,13532,30588817.0,822.0,836947341.0,22485.0
40,OK,"McCurtain County, OK",40089,McCurtain County,34.117073,-94.766086,No,33071,6,17875,5,3,30605,194652.0,17875.0,6.0,15352,110795.0,200834.0,6.0,12973,15612889.0,472.0,448925172.0,13575.0
40,OK,"McIntosh County, OK",40091,McIntosh County,35.369108,-95.671787,No,20161,5,6192,2,3,30502,114296.0,11868.0,6.0,13247,65056.0,170783.0,8.0,8302,16094119.0,798.0,512026453.0,25397.0
40,OK,"Major County, OK",40093,Major County,36.313119,-98.542015,No,7721,3,3700,1,3,30301,46101.0,4818.0,6.0,3599,26240.0,96048.0,12.0,2975,7261930.0,941.0,218786278.0,28337.0
40,OK,"Marshall County, OK",40095,Marshall County,34.027007,-96.770533,No,16079,4,7568,3,3,30403,90953.0,9490.0,6.0,9904,51770.0,126879.0,8.0,5969,6192442.0,385.0,171830807.0,10687.0
40,OK,"Mayes County, OK",40097,Mayes County,36.303804,-95.235638,No,40923,7,20231,5,3,30705,239635.0,21197.0,6.0,19004,136399.0,340432.0,8.0,15735,23280370.0,569.0,697895061.0,17054.0
40,OK,"Murray County, OK",40099,Murray County,34.485766,-97.071557,No,13792,4,6663,2,3,30402,80193.0,8377.0,6.0,6695,45645.0,126222.0,9.0,5387,8823278.0,640.0,281372796.0,20401.0
40,OK,"Muskogee County, OK",40101,Muskogee County,35.617551,-95.383911,No,69939,8,46461,7,3,30807,351053.0,36776.0,5.0,30489,199817.0,853407.0,12.0,26168,33490855.0,479.0,939776457.0,13437.0
40,OK,"Noble County, OK",40103,Noble County,36.384901,-97.236335,No,11470,4,5655,2,3,30402,70301.0,7322.0,6.0,5234,40015.0,151808.0,13.0,4699,13992287.0,1220.0,463319987.0,40394.0
40,OK,"Nowata County, OK",40105,Nowata County,36.789615,-95.613312,No,10510,3,2619,1,3,30301,61933.0,5687.0,6.0,4752,35252.0,125293.0,12.0,4087,4621891.0,440.0,140647692.0,13382.0
40,OK,"Okfuskee County, OK",40107,Okfuskee County,35.466804,-96.327762,No,12212,4,5008,2,3,30402,58194.0,5550.0,5.0,5226,33124.0,105517.0,9.0,3959,7925981.0,649.0,258102581.0,21135.0
40,OK,"Oklahoma County, OK",40109,Oklahoma County,35.554611,-97.409401,No,764698,14,749284,14,3,31414,3745599.0,391871.0,5.0,348727,2131967.0,13001400.0,17.0,294672,335225045.0,438.0,8453978049.0,11055.0
40,OK,"Okmulgee County, OK",40111,Okmulgee County,35.646879,-95.96458,No,39322,7,13352,4,3,30704,206975.0,19353.0,5.0,17573,117808.0,509518.0,13.0,14835,18498785.0,470.0,533691928.0,13572.0
40,OK,"Osage County, OK",40113,Osage County,36.624299,-96.408112,No,47923,7,10789,3,3,30703,262839.0,23232.0,5.0,21151,149606.0,549331.0,11.0,18218,16505525.0,344.0,472953341.0,9869.0
40,OK,"Ottawa County, OK",40115,Ottawa County,36.835764,-94.802681,No,32022,6,18942,5,3,30605,150726.0,15574.0,5.0,13883,85792.0,385571.0,12.0,11982,19087750.0,596.0,602094830.0,18803.0
40,OK,"Pawnee County, OK",40117,Pawnee County,36.313704,-96.696669,No,16444,4,4568,1,3,30401,88896.0,8895.0,5.0,7635,50599.0,170630.0,10.0,6238,9583228.0,583.0,293908210.0,17873.0
40,OK,"Payne County, OK",40119,Payne County,36.079225,-96.975255,No,79953,8,45782,7,3,30807,405515.0,42171.0,5.0,38285,230816.0,943115.0,12.0,30164,28891388.0,361.0,842707951.0,10540.0
40,OK,"Pittsburg County, OK",40121,Pittsburg County,34.92554,-95.74813,No,44643,7,21579,5,3,30705,258267.0,23181.0,6.0,22594,147004.0,415481.0,9.0,17903,26203206.0,587.0,765760995.0,17153.0
40,OK,"Pontotoc County, OK",40123,Pontotoc County,34.721445,-96.69197,No,38213,7,24980,5,3,30705,205488.0,21236.0,5.0,16499,116962.0,365800.0,10.0,14625,15633020.0,409.0,447801087.0,11719.0
40,OK,"Pottawatomie County, OK",40125,Pottawatomie County,35.211393,-96.957007,No,71551,8,36076,6,3,30806,361473.0,37731.0,5.0,29237,205748.0,808671.0,11.0,25938,34309707.0,480.0,947986492.0,13249.0
40,OK,"Pushmataha County, OK",40127,Pushmataha County,34.377899,-95.408082,No,11149,3,4336,1,3,30301,70023.0,6143.0,6.0,6032,39856.0,60303.0,5.0,4655,6064390.0,544.0,184296301.0,16530.0
40,OK,"Roger Mills County, OK",40129,Roger Mills County,35.708554,-99.741572,No,3732,1,741,1,3,30101,20796.0,2019.0,6.0,1877,11837.0,30009.0,8.0,1324,4201543.0,1126.0,131617428.0,35267.0
40,OK,"Rogers County, OK",40131,Rogers County,36.377794,-95.601383,No,89970,9,54008,7,3,30907,505476.0,49403.0,6.0,37143,287713.0,1344710.0,15.0,33570,37596169.0,418.0,1117613357.0,12422.0
40,OK,"Seminole County, OK",40133,Seminole County,35.158366,-96.602857,No,25403,6,10287,3,3,30603,132141.0,13695.0,5.0,11504,75214.0,257227.0,10.0,9162,13810700.0,544.0,421150493.0,16579.0
40,OK,"Sequoyah County, OK",40135,Sequoyah County,35.502435,-94.750757,No,41344,7,14602,4,3,30704,220592.0,23116.0,5.0,18913,125560.0,232662.0,6.0,15467,21159685.0,512.0,638681810.0,15448.0
40,OK,"Stephens County, OK",40137,Stephens County,34.481361,-97.855607,No,44631,7,23807,5,3,30705,271009.0,27839.0,6.0,20419,154256.0,525241.0,12.0,17527,18540759.0,415.0,485300126.0,10874.0
40,OK,"Texas County, OK",40139,Texas County,36.746317,-101.483855,No,21499,5,13388,4,4,40504,73164.0,9604.0,3.0,9661,41644.0,324621.0,15.0,7038,13186650.0,613.0,381620602.0,17751.0
40,OK,"Tillman County, OK",40141,Tillman County,34.371085,-98.931701,No,7611,3,1858,1,3,30301,46894.0,4355.0,6.0,3988,26692.0,111739.0,15.0,3159,3598680.0,473.0,103235775.0,13564.0
40,OK,"Tulsa County, OK",40143,Tulsa County,36.120318,-95.941813,No,629823,13,670164,14,3,31314,3003996.0,264438.0,5.0,273471,1709852.0,11447358.0,18.0,248811,269480539.0,428.0,6824304298.0,10835.0
40,OK,"Wagoner County, OK",40145,Wagoner County,35.963479,-95.5141,No,76190,8,17076,5,3,30805,386944.0,35320.0,5.0,30445,220246.0,1126466.0,15.0,27871,34145660.0,448.0,949056679.0,12456.0
40,OK,"Washington County, OK",40147,Washington County,36.70438,-95.906155,No,51892,7,36568,6,3,30706,275829.0,24012.0,5.0,23311,157000.0,807318.0,16.0,20810,16425362.0,317.0,440427454.0,8487.0
40,OK,"Washita County, OK",40149,Washita County,35.289497,-98.991436,No,11626,4,2720,1,3,30401,71933.0,6258.0,6.0,5385,40944.0,166941.0,14.0,4539,8436103.0,726.0,271956816.0,23392.0
40,OK,"Woods County, OK",40151,Woods County,36.726984,-98.863649,No,9125,3,5784,2,3,30302,47490.0,4949.0,5.0,4393,27031.0,151427.0,17.0,3347,4587371.0,503.0,137117474.0,15027.0
40,OK,"Woodward County, OK",40153,Woodward County,36.425619,-99.273661,No,21111,5,14432,4,3,30504,112867.0,11806.0,5.0,8813,64243.0,285550.0,14.0,7301,10644263.0,504.0,314213872.0,14884.0
41,OR,"Baker County, OR",41001,Baker County,44.703427,-117.691933,No,16030,4,8198,3,5,50403,75662.0,7497.0,5.0,9693,22493.0,181535.0,11.0,7011,13565593.0,846.0,376966013.0,23516.0
41,OR,"Benton County, OR",41003,Benton County,44.493882,-123.424664,No,87455,9,54065,7,4,40907,322726.0,35583.0,4.0,40907,95942.0,833628.0,10.0,34193,22699712.0,260.0,517450332.0,5917.0
41,OR,"Clackamas County, OR",41005,Clackamas County,45.160493,-122.195127,No,394967,12,285485,11,4,41211,1690163.0,192615.0,4.0,150457,502464.0,4996015.0,13.0,151150,133523074.0,338.0,3220890414.0,8155.0
41,OR,"Clatsop County, OR",41007,Clatsop County,46.024509,-123.705014,No,37660,6,29543,6,4,40606,135912.0,15023.0,4.0,24003,40405.0,379649.0,10.0,15876,20818258.0,553.0,473673584.0,12578.0
41,OR,"Columbia County, OR",41009,Columbia County,45.941932,-123.081079,No,49645,7,16468,4,4,40704,194355.0,19981.0,4.0,21989,57779.0,404412.0,8.0,18941,16452321.0,331.0,384032187.0,7736.0
41,OR,"Coos County, OR",41011,Coos County,43.18591,-124.094133,No,62944,8,35791,6,4,40806,315654.0,34888.0,5.0,33456,93840.0,198712.0,3.0,25755,21193185.0,337.0,484296296.0,7694.0
41,OR,"Crook County, OR",41013,Crook County,44.163054,-120.371585,No,21334,5,8067,3,5,50503,103187.0,11205.0,5.0,11348,30676.0,170812.0,8.0,9155,9743162.0,457.0,232710856.0,10908.0
41,OR,"Curry County, OR",41015,Curry County,42.466439,-124.210929,No,22364,5,10390,3,4,40503,124213.0,14404.0,6.0,13853,36927.0,20927.0,1.0,10396,8672196.0,388.0,199905115.0,8939.0
41,OR,"Deschutes County, OR",41017,Deschutes County,43.915118,-121.225575,No,170813,10,129072,10,5,51010,754190.0,81094.0,4.0,91010,224211.0,2312031.0,14.0,67880,64519758.0,378.0,1450009862.0,8489.0
41,OR,"Douglas County, OR",41019,Douglas County,43.286328,-123.154476,No,107375,9,59554,8,4,40908,506515.0,55236.0,5.0,53872,150580.0,672294.0,6.0,43937,61346339.0,571.0,1622507898.0,15111.0
41,OR,"Gilliam County, OR",41021,Gilliam County,45.382955,-120.276246,No,1913,1,1343,1,5,50101,9010.0,993.0,5.0,1154,2679.0,4998.0,3.0,788,6427481.0,3360.0,202278590.0,105739.0
41,OR,"Grant County, OR",41023,Grant County,44.496326,-119.014057,No,7227,2,2810,1,5,50201,36922.0,3590.0,5.0,4731,10977.0,5217.0,1.0,3151,6147068.0,851.0,147827239.0,20455.0
41,OR,"Harney County, OR",41025,Harney County,43.064449,-118.987169,No,7214,2,2815,1,5,50201,38267.0,3822.0,5.0,4176,11376.0,4975.0,1.0,3059,8127649.0,1127.0,204026055.0,28282.0
41,OR,"Hood River County, OR",41027,Hood River County,45.511775,-121.655976,No,22842,5,20743,5,5,50505,100718.0,9967.0,4.0,10452,29942.0,145447.0,6.0,8213,16066679.0,703.0,423646387.0,18547.0
41,OR,"Jackson County, OR",41029,Jackson County,42.411628,-122.675685,No,210916,11,144166,10,4,41110,1000623.0,110597.0,5.0,101270,297473.0,1981159.0,9.0,83969,70363682.0,334.0,1744590043.0,8271.0
41,OR,"Jefferson County, OR",41031,Jefferson County,44.645151,-121.178632,No,22305,5,7947,3,5,50503,94028.0,10292.0,4.0,10725,27953.0,92206.0,4.0,7577,12033210.0,539.0,282061961.0,12646.0
41,OR,"Josephine County, OR",41033,Josephine County,42.386981,-123.571626,No,84063,8,44638,7,4,40807,409272.0,45264.0,5.0,41806,121671.0,498009.0,6.0,34778,28330398.0,337.0,707868380.0,8421.0
41,OR,"Klamath County, OR",41035,Klamath County,42.683761,-121.646168,No,65946,8,33738,6,5,50806,299297.0,33050.0,5.0,36032,88977.0,723150.0,11.0,27084,32912732.0,499.0,761540541.0,11548.0
41,OR,"Lake County, OR",41037,Lake County,42.788401,-120.38979,No,7799,3,2306,1,5,50301,38794.0,4249.0,5.0,4845,11533.0,5574.0,1.0,3409,8841102.0,1134.0,213294055.0,27349.0
41,OR,"Lane County, OR",41039,Lane County,43.928329,-122.89769,No,360273,12,250568,11,4,41211,1746783.0,181652.0,5.0,171970,519297.0,1871229.0,5.0,146692,124500762.0,346.0,2922022430.0,8111.0
41,OR,"Lincoln County, OR",41041,Lincoln County,44.641061,-123.911212,No,46685,7,28229,6,4,40706,209337.0,20850.0,4.0,33804,62233.0,299919.0,6.0,20434,20790158.0,445.0,472175583.0,10114.0
41,OR,"Linn County, OR",41043,Linn County,44.488898,-122.537208,No,119862,9,72850,8,4,40908,471897.0,52159.0,4.0,53888,140289.0,1042588.0,9.0,45378,59128769.0,493.0,1514043600.0,12632.0
41,OR,"Malheur County, OR",41045,Malheur County,43.188082,-117.604045,No,30474,6,16918,5,5,50605,138916.0,13963.0,5.0,12776,41298.0,223350.0,7.0,10294,18197427.0,597.0,453843843.0,14893.0
41,OR,"Marion County, OR",41047,Marion County,44.900898,-122.57626,No,326527,12,209371,11,4,41211,1226719.0,139333.0,4.0,116933,364688.0,3157982.0,10.0,115196,122421316.0,375.0,3012338321.0,9225.0
41,OR,"Morrow County, OR",41049,Morrow County,45.425496,-119.602311,No,11207,3,7806,3,5,50303,47874.0,5259.0,4.0,4906,14232.0,41353.0,4.0,3848,10260771.0,916.0,288433308.0,25737.0
41,OR,"Multnomah County, OR",41051,Multnomah County,45.547693,-122.417173,No,778193,14,868410,14,4,41414,2793855.0,318464.0,4.0,309859,830578.0,9461779.0,12.0,313181,284705189.0,366.0,6642668443.0,8536.0
41,OR,"Polk County, OR",41053,Polk County,44.900375,-123.398673,No,78470,8,28433,6,4,40806,309354.0,34543.0,4.0,32437,91967.0,696059.0,9.0,28725,28378756.0,362.0,656508854.0,8366.0
41,OR,"Sherman County, OR",41055,Sherman County,45.399216,-120.678512,No,1705,1,758,1,5,50101,9430.0,1040.0,6.0,1031,2804.0,5040.0,3.0,804,4886146.0,2866.0,139623935.0,81891.0
41,OR,"Tillamook County, OR",41057,Tillamook County,45.45589,-123.759299,No,25552,6,14333,4,4,40604,111351.0,12007.0,4.0,20327,33103.0,50581.0,2.0,10154,15419474.0,603.0,356336565.0,13946.0
41,OR,"Umatilla County, OR",41059,Umatilla County,45.5912,-118.73388,No,76582,8,44900,7,5,50807,299665.0,32955.0,4.0,32698,89087.0,686545.0,9.0,26669,34439044.0,450.0,918800922.0,11998.0
41,OR,"Union County, OR",41061,Union County,45.304081,-117.999149,No,25758,6,14374,4,5,50604,103807.0,10452.0,4.0,12633,30861.0,283025.0,11.0,10119,13854143.0,538.0,365017969.0,14171.0
41,OR,"Wallowa County, OR",41063,Wallowa County,45.593753,-117.18558,No,6836,2,3749,1,5,50201,34213.0,3761.0,5.0,6852,10171.0,5775.0,1.0,3039,3999416.0,585.0,96090406.0,14057.0
41,OR,"Wasco County, OR",41065,Wasco County,45.164536,-121.165069,No,25657,6,13964,4,5,50604,132141.0,10296.0,5.0,12524,39284.0,101493.0,4.0,9883,19986961.0,779.0,522440614.0,20362.0
41,OR,"Washington County, OR",41067,Washington County,45.553542,-123.097615,No,564088,13,530636,13,4,41313,2047350.0,233285.0,4.0,205042,608651.0,7182505.0,13.0,209309,173968485.0,308.0,4008874344.0,7107.0
41,OR,"Wheeler County, OR",41069,Wheeler County,44.736415,-120.026861,No,1369,1,210,1,5,50101,7754.0,777.0,6.0,1069,2305.0,1011.0,1.0,696,1782049.0,1302.0,43209269.0,31563.0
41,OR,"Yamhill County, OR",41071,Yamhill County,45.247827,-123.316399,No,102217,9,58674,8,4,40908,404661.0,45816.0,4.0,35972,120300.0,656512.0,6.0,35002,30131534.0,295.0,690885783.0,6759.0
42,PA,"Adams County, PA",42001,Adams County,39.869471,-77.21773,No,101759,9,59980,8,5,50908,448721.0,59594.0,4.0,39303,155117.0,1138170.0,11.0,38263,40258209.0,396.0,820681517.0,8065.0
42,PA,"Allegheny County, PA",42003,Allegheny County,40.469757,-79.980451,No,1230360,15,1390912,15,5,51515,4386534.0,650134.0,4.0,561021,2490050.0,43012347.0,35.0,531034,449845396.0,366.0,9797318726.0,7963.0
42,PA,"Armstrong County, PA",42005,Armstrong County,40.81238,-79.464129,No,67512,8,27808,6,5,50806,288921.0,34425.0,4.0,30826,164008.0,1745859.0,26.0,28250,27544759.0,408.0,562123994.0,8326.0
42,PA,"Beaver County, PA",42007,Beaver County,40.68414,-80.350721,No,169205,10,95920,9,5,51009,669333.0,102187.0,4.0,74439,379952.0,4119666.0,24.0,69919,56243779.0,332.0,1203044761.0,7110.0
42,PA,"Bedford County, PA",42009,Bedford County,39.99862,-78.494751,No,48852,7,25712,6,5,50706,229568.0,31861.0,5.0,22843,79359.0,190384.0,4.0,19757,31896645.0,653.0,655311226.0,13414.0
42,PA,"Berks County, PA",42011,Berks County,40.413957,-75.92686,No,414097,12,313712,12,5,51212,1622231.0,220193.0,4.0,156716,560786.0,4217417.0,10.0,152443,174255511.0,421.0,3729081640.0,9005.0
42,PA,"Blair County, PA",42013,Blair County,40.497922,-78.310636,No,125917,9,107326,9,5,50909,450053.0,67335.0,4.0,53292,155578.0,2256955.0,18.0,50952,62499722.0,496.0,1335241851.0,10604.0
42,PA,"Bradford County, PA",42015,Bradford County,41.791495,-76.502124,No,61808,8,36358,6,5,50806,226263.0,33954.0,4.0,28621,78217.0,841605.0,14.0,24483,23959590.0,388.0,480545171.0,7775.0
42,PA,"Bucks County, PA",42017,Bucks County,40.336887,-75.10706,No,626220,13,494982,13,4,41313,2729983.0,397605.0,4.0,234684,943723.0,7278858.0,12.0,233503,217647614.0,348.0,4608511444.0,7359.0
42,PA,"Butler County, PA",42019,Butler County,40.913847,-79.918978,No,185974,10,165040,10,5,51010,819911.0,100720.0,4.0,76211,465429.0,4605362.0,25.0,74761,88874248.0,478.0,1909566372.0,10268.0
42,PA,"Cambria County, PA",42021,Cambria County,40.510312,-78.710463,No,137762,10,93940,9,5,51009,492165.0,72509.0,4.0,61996,170136.0,2273443.0,17.0,57214,53345133.0,387.0,1095911150.0,7955.0
42,PA,"Cameron County, PA",42023,Cameron County,41.438288,-78.198314,No,4807,1,3090,1,6,60101,22694.0,2685.0,5.0,4186,12882.0,115298.0,24.0,2187,2387370.0,497.0,47633746.0,9909.0
42,PA,"Carbon County, PA",42025,Carbon County,40.918366,-75.705039,No,64330,8,26866,6,5,50806,311235.0,42581.0,5.0,32690,107590.0,293423.0,5.0,25813,30396751.0,473.0,646667460.0,10052.0
42,PA,"Centre County, PA",42027,Centre County,40.90916,-77.84783,No,159178,10,90584,9,5,51009,631897.0,75237.0,4.0,61728,358701.0,1065822.0,7.0,57031,72471331.0,455.0,1578701144.0,9918.0
42,PA,"Chester County, PA",42029,Chester County,39.973965,-75.749732,No,512028,13,495534,13,4,41313,2228174.0,327986.0,4.0,186060,770254.0,5359797.0,10.0,186656,215665247.0,421.0,4543360721.0,8873.0
42,PA,"Clarion County, PA",42031,Clarion County,41.198159,-79.420369,No,38939,7,22272,5,5,50705,155164.0,19626.0,4.0,19045,53639.0,1037750.0,27.0,15834,28120542.0,722.0,610353768.0,15675.0
42,PA,"Clearfield County, PA",42033,Clearfield County,41.000249,-78.473749,No,81170,8,52826,7,6,60807,275362.0,40832.0,3.0,36720,95189.0,1121457.0,14.0,31303,56490774.0,696.0,1215596536.0,14976.0
42,PA,"Clinton County, PA",42035,Clinton County,41.245301,-77.649141,No,39536,7,20759,5,5,50705,165932.0,22205.0,4.0,18048,94193.0,251953.0,6.0,14703,28821608.0,729.0,620402437.0,15692.0
42,PA,"Columbia County, PA",42037,Columbia County,41.045517,-76.40426,No,66772,8,45374,7,5,50807,288112.0,39396.0,4.0,28135,99597.0,810770.0,12.0,26347,25140683.0,377.0,535937376.0,8026.0
42,PA,"Crawford County, PA",42039,Crawford County,41.687876,-80.107795,No,87027,9,55362,7,5,50907,307628.0,45487.0,4.0,42195,106343.0,1692373.0,19.0,34525,37669651.0,433.0,790639354.0,9085.0
42,PA,"Cumberland County, PA",42041,Cumberland County,40.164805,-77.263442,No,243838,11,239667,11,5,51111,1099533.0,150891.0,5.0,97699,380096.0,1948589.0,8.0,96483,127181123.0,522.0,2769803190.0,11359.0
42,PA,"Dauphin County, PA",42043,Dauphin County,40.412565,-76.792634,No,271962,11,293931,12,5,51112,1205571.0,164828.0,4.0,115873,416752.0,2749650.0,10.0,110196,146415984.0,538.0,3153743708.0,11596.0
42,PA,"Delaware County, PA",42045,Delaware County,39.91667,-75.398786,No,562316,13,421906,12,4,41312,2059551.0,304528.0,4.0,211013,711963.0,10262343.0,18.0,203580,192443733.0,342.0,4155682113.0,7390.0
42,PA,"Elk County, PA",42047,Elk County,41.427334,-78.653938,No,31111,6,27992,6,6,60606,134146.0,16122.0,4.0,16670,76149.0,974528.0,31.0,13361,11263169.0,362.0,225022329.0,7233.0
42,PA,"Erie County, PA",42049,Erie County,42.117952,-80.096386,No,279133,11,228952,11,5,51111,845287.0,127191.0,3.0,114011,292206.0,7852248.0,28.0,110035,99171843.0,355.0,2122462221.0,7604.0
42,PA,"Fayette County, PA",42051,Fayette County,39.918907,-79.640119,No,134229,10,71964,8,5,51008,653896.0,76960.0,5.0,59698,371189.0,2102339.0,16.0,53652,41489204.0,309.0,853233871.0,6357.0
42,PA,"Forest County, PA",42053,Forest County,41.513304,-79.249705,No,7493,2,2051,1,5,50201,15373.0,2179.0,2.0,8055,5314.0,77993.0,10.0,1816,3605240.0,481.0,72306704.0,9650.0
42,PA,"Franklin County, PA",42055,Franklin County,39.926685,-77.724497,No,152707,10,99628,9,5,51009,852808.0,101329.0,6.0,61010,484103.0,882245.0,6.0,59383,42330497.0,277.0,895686165.0,5865.0
42,PA,"Fulton County, PA",42057,Fulton County,39.91075,-78.122617,No,14653,4,7916,3,5,50403,88031.0,10355.0,6.0,6761,49972.0,52879.0,4.0,5987,10209115.0,697.0,220745947.0,15065.0
42,PA,"Greene County, PA",42059,Greene County,39.847707,-80.225655,No,37669,6,22514,5,5,50605,174585.0,20406.0,5.0,15656,99105.0,680249.0,18.0,14400,22176934.0,589.0,480267247.0,12750.0
42,PA,"Huntingdon County, PA",42061,Huntingdon County,40.422311,-77.968595,No,45844,7,18955,5,5,50705,188360.0,26685.0,4.0,21286,65114.0,204328.0,4.0,16971,13681200.0,298.0,278564323.0,6076.0
42,PA,"Indiana County, PA",42063,Indiana County,40.651432,-79.087545,No,87491,9,51085,7,5,50907,295231.0,41812.0,3.0,36552,102058.0,1501592.0,17.0,34057,34883471.0,399.0,711572528.0,8133.0
42,PA,"Jefferson County, PA",42065,Jefferson County,41.138028,-79.012419,No,44575,7,27623,6,5,50706,149237.0,22006.0,3.0,21287,51589.0,1244707.0,28.0,18358,28822891.0,647.0,619989098.0,13909.0
42,PA,"Juniata County, PA",42067,Juniata County,40.530673,-77.400438,No,24811,5,11703,4,5,50504,103412.0,14255.0,4.0,10445,35748.0,77280.0,3.0,9326,9874202.0,398.0,200900502.0,8097.0
42,PA,"Lackawanna County, PA",42069,Lackawanna County,41.440284,-75.609666,No,213006,11,190869,10,5,51110,785258.0,107435.0,4.0,92639,271455.0,5529915.0,26.0,85155,95551757.0,449.0,2080337896.0,9767.0
42,PA,"Lancaster County, PA",42071,Lancaster County,40.041992,-76.250198,No,533110,13,456710,13,5,51313,2141183.0,293548.0,4.0,196125,740182.0,4038744.0,8.0,196109,199261547.0,374.0,4116650326.0,7722.0
42,PA,"Lawrence County, PA",42073,Lawrence County,40.992735,-80.334446,No,88528,9,52758,7,5,50907,456521.0,60048.0,5.0,38713,259148.0,1953005.0,22.0,36298,25730220.0,291.0,549359697.0,6205.0
42,PA,"Lebanon County, PA",42075,Lebanon County,40.371559,-76.46487,No,136950,10,88546,9,5,51009,550662.0,74457.0,4.0,53403,190357.0,929655.0,7.0,52238,277987322.0,2030.0,5879337090.0,42931.0
42,PA,"Lehigh County, PA",42077,Lehigh County,40.614241,-75.590627,No,358792,12,345859,12,5,51212,1623093.0,221983.0,5.0,136453,561085.0,3163959.0,9.0,135336,119175763.0,332.0,2547126870.0,7099.0
42,PA,"Luzerne County, PA",42079,Luzerne County,41.172787,-75.976035,No,318917,12,267271,11,5,51211,1257828.0,163712.0,4.0,140841,434817.0,6104176.0,19.0,127502,100368904.0,315.0,2164136045.0,6786.0
42,PA,"Lycoming County, PA",42081,Lycoming County,41.34362,-77.055225,No,116313,9,90462,9,5,50909,474325.0,64736.0,4.0,50046,163969.0,1574585.0,14.0,45587,45203302.0,389.0,956180430.0,8221.0
42,PA,"McKean County, PA",42083,McKean County,41.81459,-78.572463,No,42609,7,25013,5,6,60705,135794.0,19171.0,3.0,19983,46942.0,1331069.0,31.0,17258,11077538.0,260.0,223323618.0,5241.0
42,PA,"Mercer County, PA",42085,Mercer County,41.300014,-80.252786,No,114598,9,89796,9,5,50909,519959.0,68148.0,5.0,49057,295159.0,2599707.0,23.0,45349,49612863.0,433.0,1088327345.0,9497.0
42,PA,"Mifflin County, PA",42087,Mifflin County,40.601607,-77.651938,No,46585,7,28322,6,5,50706,191234.0,27681.0,4.0,20474,66107.0,248932.0,5.0,18688,18770723.0,403.0,380585115.0,8170.0
42,PA,"Monroe County, PA",42089,Monroe County,41.05624,-75.329065,No,167126,10,94430,9,5,51009,843583.0,115185.0,5.0,76693,291617.0,893011.0,5.0,57110,83725280.0,501.0,1820427533.0,10893.0
42,PA,"Montgomery County, PA",42091,Montgomery County,40.209999,-75.370201,No,815876,14,989512,15,4,41415,3341098.0,489164.0,4.0,311606,1154979.0,13772494.0,17.0,309831,278785174.0,342.0,5975303860.0,7324.0
42,PA,"Montour County, PA",42093,Montour County,41.029291,-76.665195,No,18404,5,26572,6,5,50506,85377.0,11681.0,5.0,7651,29514.0,182572.0,10.0,7361,13918181.0,756.0,306567219.0,16658.0
42,PA,"Northampton County, PA",42095,Northampton County,40.752791,-75.307447,No,300520,12,207517,11,5,51211,1295655.0,176805.0,4.0,115224,447893.0,2961152.0,10.0,112798,80415459.0,268.0,1706225456.0,5678.0
42,PA,"Northumberland County, PA",42097,Northumberland County,40.851524,-76.709877,No,93590,9,46760,7,5,50907,412416.0,56419.0,4.0,42712,142567.0,1017895.0,11.0,39190,26980132.0,288.0,563456056.0,6020.0
42,PA,"Perry County, PA",42099,Perry County,40.39778,-77.266328,No,45647,7,12468,4,5,50704,217283.0,29769.0,5.0,19475,75112.0,145340.0,3.0,17883,19057286.0,417.0,388393176.0,8509.0
42,PA,"Philadelphia County, PA",42101,Philadelphia County,40.009376,-75.133346,Yes,1559938,16,1243668,15,4,41615,4271528.0,631594.0,3.0,638000,1476617.0,33972181.0,22.0,582511,226141177.0,145.0,4856695293.0,3113.0
42,PA,"Pike County, PA",42103,Pike County,41.325949,-75.031514,No,56210,7,16892,5,5,50705,290612.0,39827.0,5.0,36605,100461.0,461005.0,8.0,21135,17873011.0,318.0,385854619.0,6865.0
42,PA,"Potter County, PA",42105,Potter County,41.748587,-77.894436,No,17239,5,8554,3,6,60503,61873.0,7883.0,4.0,12199,21389.0,366924.0,21.0,6623,7707097.0,447.0,153768477.0,8920.0
42,PA,"Schuylkill County, PA",42107,Schuylkill County,40.703682,-76.217788,No,145503,10,82252,8,5,51008,602896.0,82448.0,4.0,65551,208414.0,628919.0,4.0,58335,53117435.0,365.0,1132663333.0,7784.0
42,PA,"Snyder County, PA",42109,Snyder County,40.755407,-77.072929,No,40246,7,29050,6,5,50706,169294.0,23162.0,4.0,15344,58523.0,216895.0,5.0,14527,17051262.0,424.0,350070011.0,8698.0
42,PA,"Somerset County, PA",42111,Somerset County,39.981297,-79.028486,No,76201,8,36532,6,5,50806,307509.0,44549.0,4.0,36080,106302.0,620106.0,8.0,29629,36298486.0,476.0,793267306.0,10410.0
42,PA,"Sullivan County, PA",42113,Sullivan County,41.439285,-76.511717,No,6302,2,2273,1,5,50201,25362.0,3778.0,4.0,5986,8767.0,32733.0,5.0,2647,3487678.0,553.0,70657340.0,11212.0
42,PA,"Susquehanna County, PA",42115,Susquehanna County,41.819665,-75.800969,No,41832,7,13993,4,6,60704,184685.0,27218.0,4.0,21866,63843.0,286324.0,7.0,17364,27633947.0,661.0,600264994.0,14349.0
42,PA,"Tioga County, PA",42117,Tioga County,41.766859,-77.257288,No,42031,7,21238,5,6,60705,139440.0,20707.0,3.0,20388,48203.0,816630.0,19.0,16340,19196132.0,457.0,383839307.0,9132.0
42,PA,"Union County, PA",42119,Union County,40.962179,-77.055475,No,45178,7,30273,6,5,50706,177935.0,24133.0,4.0,16246,61510.0,205183.0,5.0,14649,15771033.0,349.0,333110323.0,7373.0
42,PA,"Venango County, PA",42121,Venango County,41.40198,-79.754418,No,53460,7,31127,6,5,50706,184554.0,27329.0,3.0,25953,63798.0,1348894.0,25.0,21962,22151329.0,414.0,470858261.0,8808.0
42,PA,"Warren County, PA",42123,Warren County,41.843669,-79.313173,No,40649,7,28012,6,5,50706,132992.0,20011.0,3.0,22204,45974.0,1037473.0,26.0,16903,14126445.0,348.0,284640515.0,7002.0
42,PA,"Washington County, PA",42125,Washington County,40.200005,-80.252132,No,208269,11,164880,10,5,51110,935043.0,109718.0,4.0,89262,530784.0,4806124.0,23.0,83727,87425582.0,420.0,1899796965.0,9122.0
42,PA,"Wayne County, PA",42127,Wayne County,41.647007,-75.293193,No,51307,7,24836,5,6,60705,225188.0,30870.0,4.0,30301,77845.0,399774.0,8.0,19173,15424228.0,301.0,319982400.0,6237.0
42,PA,"Westmoreland County, PA",42129,Westmoreland County,40.311068,-79.466688,No,359377,12,251531,11,5,51211,1607492.0,190922.0,4.0,159922,912505.0,8393929.0,23.0,150688,119216441.0,332.0,2531076999.0,7043.0
42,PA,"Wyoming County, PA",42131,Wyoming County,41.525173,-76.008731,No,27975,6,18712,5,5,50605,120772.0,17192.0,4.0,12668,41750.0,190308.0,7.0,10801,9433886.0,337.0,190761081.0,6819.0
42,PA,"York County, PA",42133,York County,39.921751,-76.728889,No,440604,13,329264,12,4,41312,1778290.0,240145.0,4.0,171703,614734.0,6939034.0,16.0,167973,120513214.0,274.0,2564414699.0,5820.0
44,RI,"Bristol County, RI",44001,Bristol County,41.701614,-71.289286,No,49228,7,29039,6,5,50706,143734.0,26779.0,3.0,19718,36752.0,834694.0,17.0,19299,8755330.0,178.0,198291590.0,4028.0
44,RI,"Kent County, RI",44003,Kent County,41.668949,-71.577634,No,164886,10,141169,10,5,51010,519862.0,96853.0,3.0,69807,132927.0,2603104.0,16.0,68659,71939773.0,436.0,1641800589.0,9957.0
44,RI,"Newport County, RI",44005,Newport County,41.502504,-71.283689,No,82714,8,62690,8,5,50808,256811.0,47845.0,3.0,39725,65666.0,908297.0,11.0,35268,24575039.0,297.0,557114305.0,6735.0
44,RI,"Providence County, RI",44007,Providence County,41.869765,-71.578626,No,631344,13,539346,13,5,51313,1550167.0,288778.0,2.0,250002,396374.0,11708333.0,19.0,237430,191230196.0,303.0,4305871523.0,6820.0
44,RI,"Washington County, RI",44009,Washington County,41.400981,-71.617598,No,126319,9,87062,9,5,50909,412876.0,77224.0,3.0,59255,105571.0,1278377.0,10.0,49553,57156661.0,452.0,1297901993.0,10275.0
45,SC,"Abbeville County, SC",45001,Abbeville County,34.213809,-82.46046,No,24951,5,9482,3,3,30503,155404.0,17512.0,6.0,12123,57106.0,143446.0,6.0,9499,10630045.0,426.0,209655723.0,8403.0
45,SC,"Aiken County, SC",45003,Aiken County,33.550013,-81.632983,No,165146,10,100614,9,3,31009,894951.0,129797.0,5.0,74772,328867.0,1039160.0,6.0,64455,91531803.0,554.0,1896343665.0,11483.0
45,SC,"Allendale County, SC",45005,Allendale County,32.979784,-81.363421,No,9589,3,3320,1,3,30301,48611.0,7046.0,5.0,4480,17863.0,44430.0,5.0,3357,6669364.0,696.0,129254249.0,13479.0
45,SC,"Anderson County, SC",45007,Anderson County,34.521235,-82.638603,No,192709,11,115136,9,3,31109,1068429.0,118891.0,6.0,86451,392615.0,1280498.0,7.0,74810,107150524.0,556.0,2257159354.0,11713.0
45,SC,"Bamberg County, SC",45009,Bamberg County,33.203021,-81.053161,No,15057,4,6082,2,3,30402,85638.0,12394.0,6.0,7693,31469.0,57951.0,4.0,5732,8088216.0,537.0,158624741.0,10535.0
45,SC,"Barnwell County, SC",45011,Barnwell County,33.260552,-81.434228,No,21917,5,8237,3,3,30503,124019.0,18035.0,6.0,10480,45573.0,92086.0,4.0,8206,12035580.0,549.0,235829516.0,10760.0
45,SC,"Beaufort County, SC",45013,Beaufort County,32.358147,-80.68932,No,175316,10,109402,9,3,31009,917331.0,124670.0,5.0,95489,337091.0,471475.0,3.0,67345,73684000.0,420.0,1464421373.0,8353.0
45,SC,"Berkeley County, SC",45015,Berkeley County,33.2077,-79.953655,No,199081,11,93057,9,3,31109,1018565.0,140879.0,5.0,78528,374291.0,517031.0,3.0,70477,87640554.0,440.0,1815042721.0,9117.0
45,SC,"Calhoun County, SC",45017,Calhoun County,33.67478,-80.780347,No,14886,4,7284,2,3,30402,89688.0,12968.0,6.0,7371,32958.0,53117.0,4.0,6102,24397929.0,1639.0,535148919.0,35950.0
45,SC,"Charleston County, SC",45019,Charleston County,32.800458,-79.94248,No,380673,12,403546,12,3,31212,2023437.0,293068.0,5.0,179783,743550.0,1605659.0,4.0,150884,216810098.0,570.0,4298502291.0,11292.0
45,SC,"Cherokee County, SC",45021,Cherokee County,35.049796,-81.607647,No,56274,7,34537,6,3,30706,324441.0,36205.0,6.0,24231,119222.0,275057.0,5.0,20353,39262536.0,698.0,858238789.0,15251.0
45,SC,"Chester County, SC",45023,Chester County,34.689345,-81.161249,No,32435,6,13959,4,3,30604,183523.0,20851.0,6.0,14726,67439.0,451145.0,14.0,12265,28432419.0,877.0,611829042.0,18863.0
45,SC,"Chesterfield County, SC",45025,Chesterfield County,34.637018,-80.159227,No,46083,7,26421,6,3,30706,271332.0,28913.0,6.0,21472,99706.0,163361.0,4.0,18167,24309550.0,528.0,481214372.0,10442.0
45,SC,"Clarendon County, SC",45027,Clarendon County,33.664682,-80.217889,No,34056,6,11077,3,3,30603,212423.0,24196.0,6.0,17546,78059.0,65966.0,2.0,13282,31582697.0,927.0,681906870.0,20023.0
45,SC,"Colleton County, SC",45029,Colleton County,32.835018,-80.655244,No,37884,6,15541,4,3,30604,227225.0,32932.0,6.0,19908,83498.0,147600.0,4.0,14865,41115929.0,1085.0,876301182.0,23131.0
45,SC,"Darlington County, SC",45031,Darlington County,34.332185,-79.962115,No,67689,8,33158,6,3,30806,415495.0,43767.0,6.0,30556,152682.0,225574.0,3.0,26407,36722837.0,543.0,750020629.0,11080.0
45,SC,"Dillon County, SC",45033,Dillon County,34.390172,-79.374964,No,31273,6,14403,4,3,30604,180004.0,18899.0,6.0,13703,66146.0,90797.0,3.0,11133,28492780.0,911.0,616446635.0,19712.0
45,SC,"Dorchester County, SC",45035,Dorchester County,33.082186,-80.404697,No,148517,10,53364,7,3,31007,715210.0,103773.0,5.0,58235,262817.0,482102.0,3.0,53002,64588417.0,435.0,1367480459.0,9208.0
45,SC,"Edgefield County, SC",45037,Edgefield County,33.776498,-81.968245,No,26388,6,9824,3,3,30603,134168.0,19426.0,5.0,10721,49303.0,91008.0,3.0,9084,10601733.0,402.0,209861195.0,7953.0
45,SC,"Fairfield County, SC",45039,Fairfield County,34.395669,-81.127001,No,23025,5,10915,3,3,30503,127849.0,18093.0,6.0,11768,46981.0,109239.0,5.0,8878,25358438.0,1101.0,550311564.0,23901.0
45,SC,"Florence County, SC",45041,Florence County,34.028535,-79.710233,No,138575,10,113990,9,3,31009,802514.0,84472.0,6.0,59623,294899.0,506318.0,4.0,51744,85367092.0,616.0,1752351270.0,12646.0
45,SC,"Georgetown County, SC",45043,Georgetown County,33.417531,-79.296333,No,60804,8,38926,7,3,30807,401245.0,50670.0,7.0,35898,147445.0,220016.0,4.0,24379,38008957.0,625.0,746375872.0,12275.0
45,SC,"Greenville County, SC",45045,Greenville County,34.892645,-82.372077,No,482191,13,449849,13,3,31313,2416485.0,269644.0,5.0,203377,887983.0,3714249.0,8.0,182451,223980006.0,465.0,4572858804.0,9484.0
45,SC,"Greenwood County, SC",45047,Greenwood County,34.155796,-82.127876,No,69881,8,44937,7,3,30807,401540.0,44987.0,6.0,31401,147553.0,612721.0,9.0,26806,29732556.0,425.0,583168209.0,8345.0
45,SC,"Hampton County, SC",45049,Hampton County,32.778335,-81.143817,No,20296,5,6370,2,3,30502,110656.0,15785.0,5.0,9111,40663.0,81335.0,4.0,7287,14993135.0,739.0,307586946.0,15155.0
45,SC,"Horry County, SC",45051,Horry County,33.909269,-78.976675,No,300418,12,215830,11,3,31211,1642632.0,206634.0,5.0,224176,603616.0,434112.0,1.0,122123,152540374.0,508.0,3040763130.0,10122.0
45,SC,"Jasper County, SC",45053,Jasper County,32.43059,-81.021627,No,27186,6,14590,4,3,30604,126661.0,18068.0,5.0,11023,46544.0,42740.0,2.0,9298,50419292.0,1855.0,1053001009.0,38733.0
45,SC,"Kershaw County, SC",45055,Kershaw County,34.338356,-80.590885,No,63090,8,29961,6,3,30806,405709.0,45873.0,6.0,29162,149086.0,346271.0,5.0,24098,39867530.0,632.0,846349518.0,13415.0
45,SC,"Lancaster County, SC",45057,Lancaster County,34.686818,-80.703688,No,83704,8,38858,7,3,30807,402658.0,44740.0,5.0,34435,147964.0,748498.0,9.0,30270,34826783.0,416.0,697137620.0,8329.0
45,SC,"Laurens County, SC",45059,Laurens County,34.483678,-82.005489,No,66442,8,33088,6,3,30806,379612.0,42472.0,6.0,30887,139496.0,554738.0,8.0,25465,45173056.0,680.0,949457928.0,14290.0
45,SC,"Lee County, SC",45061,Lee County,34.15864,-80.251209,No,18189,5,3231,1,3,30501,104070.0,11097.0,6.0,7753,38242.0,48612.0,3.0,6400,19184719.0,1055.0,412942909.0,22703.0
45,SC,"Lexington County, SC",45063,Lexington County,33.892589,-81.272831,No,277702,11,198276,11,3,31111,1512277.0,218018.0,5.0,119719,555715.0,1284729.0,5.0,107519,149051253.0,537.0,3109806285.0,11198.0
45,SC,"McCormick County, SC",45065,McCormick County,33.897605,-82.316192,No,9806,3,1785,1,3,30301,54548.0,7471.0,6.0,5517,20045.0,24027.0,2.0,3980,5762539.0,588.0,114495888.0,11676.0
45,SC,"Marion County, SC",45067,Marion County,34.08362,-79.354001,No,31975,6,10113,3,3,30603,188866.0,20445.0,6.0,14929,69402.0,111934.0,4.0,12086,22761028.0,712.0,446125216.0,13952.0
45,SC,"Marlboro County, SC",45069,Marlboro County,34.601805,-79.677942,No,27702,6,9832,3,3,30603,142996.0,14732.0,5.0,12059,52547.0,116799.0,4.0,9736,16940223.0,612.0,335406606.0,12108.0
45,SC,"Newberry County, SC",45071,Newberry County,34.28973,-81.600053,No,37750,6,23952,5,3,30605,212969.0,25980.0,6.0,18143,78260.0,231364.0,6.0,14504,36698232.0,972.0,793693131.0,21025.0
45,SC,"Oconee County, SC",45073,Oconee County,34.748771,-83.061543,No,75375,8,39474,7,3,30807,479323.0,54484.0,6.0,39494,176136.0,385125.0,5.0,30867,33853201.0,449.0,683441075.0,9067.0
45,SC,"Orangeburg County, SC",45075,Orangeburg County,33.436135,-80.802913,No,89731,9,50476,7,3,30907,489233.0,67576.0,5.0,43389,179778.0,375641.0,4.0,33359,79545322.0,886.0,1682747158.0,18753.0
45,SC,"Pickens County, SC",45077,Pickens County,34.88538,-82.723376,No,120722,9,55570,7,3,30907,676397.0,76826.0,6.0,52557,248555.0,1407659.0,12.0,45621,45297186.0,375.0,901113399.0,7464.0
45,SC,"Richland County, SC",45079,Richland County,34.029095,-80.898037,No,401743,12,322989,12,3,31212,1954162.0,283425.0,5.0,168798,718094.0,2483899.0,6.0,147327,216281705.0,538.0,4439925930.0,11052.0
45,SC,"Saluda County, SC",45081,Saluda County,34.005278,-81.727903,No,20113,5,7614,3,3,30503,104772.0,14481.0,5.0,9360,38501.0,51331.0,3.0,7106,11498782.0,572.0,225815320.0,11227.0
45,SC,"Spartanburg County, SC",45083,Spartanburg County,34.93329,-81.99106,No,294229,12,253880,11,3,31211,1567354.0,174613.0,5.0,125761,575954.0,1732359.0,6.0,111443,174239820.0,592.0,3675248131.0,12491.0
45,SC,"Sumter County, SC",45085,Sumter County,33.916253,-80.382288,No,107682,9,65236,8,3,30908,648962.0,67670.0,6.0,47325,238473.0,355118.0,3.0,40797,51318317.0,477.0,1039430387.0,9653.0
45,SC,"Union County, SC",45087,Union County,34.690397,-81.615896,No,27928,6,14017,4,3,30604,177921.0,20346.0,6.0,14149,65381.0,196838.0,7.0,11593,13791845.0,494.0,275380798.0,9860.0
45,SC,"Williamsburg County, SC",45089,Williamsburg County,33.626463,-79.716475,No,32816,6,13595,4,3,30604,198234.0,21593.0,6.0,15340,72845.0,70442.0,2.0,12035,18981557.0,578.0,370285647.0,11284.0
45,SC,"York County, SC",45091,York County,34.970188,-81.183187,No,245606,11,153682,10,3,31110,1353872.0,150773.0,6.0,100541,497506.0,2218662.0,9.0,92298,118316043.0,482.0,2438738529.0,9929.0
46,SD,"Aurora County, SD",46003,Aurora County,43.724719,-98.577587,No,2732,1,1165,1,6,60101,16256.0,1730.0,6.0,1438,9198.0,13743.0,5.0,1143,6490473.0,2376.0,159233609.0,58285.0
46,SD,"Beadle County, SD",46005,Beadle County,44.418265,-98.279422,No,18155,5,14137,4,6,60504,83124.0,8877.0,5.0,9074,47034.0,305633.0,17.0,7512,6381145.0,351.0,122283317.0,6736.0
46,SD,"Bennett County, SD",46007,Bennett County,43.186912,-101.677181,No,3445,1,1054,1,5,50101,12431.0,1392.0,4.0,1257,7034.0,8645.0,3.0,975,1285855.0,373.0,26147241.0,7590.0
46,SD,"Bon Homme County, SD",46009,Bon Homme County,42.985799,-97.884199,No,7001,2,2168,1,5,50201,31905.0,3398.0,5.0,3188,18052.0,48785.0,7.0,2507,2548471.0,364.0,50452413.0,7206.0
46,SD,"Brookings County, SD",46011,Brookings County,44.376675,-96.797797,No,33435,6,28004,6,6,60606,186525.0,20009.0,6.0,18546,105540.0,431583.0,13.0,12361,13625912.0,408.0,285689251.0,8545.0
46,SD,"Brown County, SD",46013,Brown County,45.589254,-98.352175,No,38430,7,37310,6,6,60706,187087.0,19421.0,5.0,18934,105858.0,557334.0,15.0,16122,14444219.0,376.0,277048593.0,7209.0
46,SD,"Brule County, SD",46015,Brule County,43.72988,-99.092941,No,5312,2,3310,1,6,60201,26601.0,2890.0,5.0,2677,15052.0,16105.0,3.0,2069,7041606.0,1326.0,166810903.0,31403.0
46,SD,"Buffalo County, SD",46017,Buffalo County,44.044306,-99.203998,No,2052,1,220,1,6,60101,9947.0,1214.0,5.0,626,5628.0,3048.0,1.0,496,711289.0,347.0,14262964.0,6951.0
46,SD,"Butte County, SD",46019,Butte County,44.896226,-103.501436,No,10268,3,4325,1,6,60301,40642.0,5483.0,4.0,4967,22996.0,159643.0,16.0,4181,4380735.0,427.0,90084531.0,8773.0
46,SD,"Campbell County, SD",46021,Campbell County,45.785575,-100.002107,No,1553,1,544,1,6,60101,7484.0,877.0,5.0,1080,4234.0,6347.0,4.0,682,786589.0,506.0,15862617.0,10214.0
46,SD,"Charles Mix County, SD",46023,Charles Mix County,43.206185,-98.595143,No,9277,3,4682,1,5,50301,41747.0,4462.0,5.0,4189,23621.0,24528.0,3.0,3218,2907616.0,313.0,57293326.0,6176.0
46,SD,"Clark County, SD",46025,Clark County,44.855211,-97.724912,No,3639,1,1349,1,6,60101,17673.0,1888.0,5.0,1938,10000.0,52021.0,14.0,1501,1965066.0,540.0,39954540.0,10980.0
46,SD,"Clay County, SD",46027,Clay County,42.91615,-96.980468,No,14029,4,6931,2,5,50402,65190.0,7003.0,5.0,6270,36886.0,290704.0,21.0,5313,5042645.0,359.0,99973832.0,7126.0
46,SD,"Codington County, SD",46029,Codington County,44.966285,-97.198837,No,27886,6,28333,6,6,60606,146774.0,14146.0,5.0,13783,83048.0,411487.0,15.0,11857,12982685.0,466.0,265897887.0,9535.0
46,SD,"Corson County, SD",46031,Corson County,45.685671,-101.179665,No,4170,1,296,1,6,60101,12273.0,1676.0,3.0,1647,6944.0,4377.0,1.0,1230,1816304.0,436.0,36749945.0,8813.0
46,SD,"Custer County, SD",46033,Custer County,43.684943,-103.46225,No,8447,3,2603,1,6,60301,43739.0,5934.0,5.0,5220,27314.0,43703.0,5.0,3852,5543170.0,656.0,117572733.0,13919.0
46,SD,"Davison County, SD",46035,Davison County,43.680439,-98.155868,No,19824,5,22857,5,6,60505,97567.0,10332.0,5.0,9891,55205.0,459711.0,23.0,8625,10234959.0,516.0,221781278.0,11188.0
46,SD,"Day County, SD",46037,Day County,45.355034,-97.58143,No,5588,2,2931,1,6,60201,33700.0,3524.0,6.0,3978,19068.0,60263.0,11.0,2562,5181925.0,927.0,101138032.0,18099.0
46,SD,"Deuel County, SD",46039,Deuel County,44.75629,-96.690239,No,4309,1,2140,1,6,60101,23548.0,2443.0,5.0,2389,13324.0,48633.0,11.0,1824,4781984.0,1110.0,108618379.0,25207.0
46,SD,"Dewey County, SD",46041,Dewey County,45.148049,-100.837953,No,5652,2,1123,1,6,60201,17276.0,2162.0,3.0,2178,9775.0,10256.0,2.0,1651,1809456.0,320.0,37493203.0,6634.0
46,SD,"Douglas County, SD",46043,Douglas County,43.391506,-98.358433,No,2961,1,1629,1,5,50101,16978.0,1786.0,6.0,1557,9606.0,21549.0,7.0,1278,1471407.0,497.0,29509089.0,9966.0
46,SD,"Edmunds County, SD",46045,Edmunds County,45.41168,-99.205362,No,4000,1,1693,1,6,60101,24651.0,2584.0,6.0,2123,13948.0,50958.0,13.0,1593,2785594.0,696.0,55407576.0,13852.0
46,SD,"Fall River County, SD",46047,Fall River County,43.221619,-103.512609,No,6874,2,3508,1,6,60201,36535.0,4954.0,5.0,4430,22816.0,30767.0,4.0,3082,4040691.0,588.0,83109379.0,12090.0
46,SD,"Faulk County, SD",46049,Faulk County,45.065476,-99.153564,No,2354,1,680,1,6,60101,13484.0,1440.0,6.0,1302,7630.0,11790.0,5.0,974,1370443.0,582.0,27775342.0,11799.0
46,SD,"Grant County, SD",46051,Grant County,45.172637,-96.772261,No,7195,2,6508,2,6,60202,42218.0,4282.0,6.0,3836,23888.0,120018.0,17.0,3224,4181822.0,581.0,89285932.0,12409.0
46,SD,"Gregory County, SD",46053,Gregory County,43.179098,-99.202153,No,4217,1,2203,1,5,50101,25507.0,2486.0,6.0,2715,14432.0,12861.0,3.0,1917,1862939.0,442.0,37255102.0,8835.0
46,SD,"Haakon County, SD",46055,Haakon County,44.282885,-101.59546,No,2073,1,1039,1,6,60101,10288.0,1392.0,5.0,1130,5821.0,4785.0,2.0,869,1055046.0,509.0,23024067.0,11107.0
46,SD,"Hamlin County, SD",46057,Hamlin County,44.680619,-97.178598,No,5995,2,2353,1,6,60201,30159.0,3104.0,5.0,3037,17064.0,82114.0,14.0,2209,2976332.0,496.0,64779152.0,10806.0
46,SD,"Hand County, SD",46059,Hand County,44.546713,-99.004575,No,3311,1,2097,1,6,60101,19186.0,2078.0,6.0,1968,10856.0,18699.0,6.0,1468,1714005.0,518.0,34876992.0,10534.0
46,SD,"Hanson County, SD",46061,Hanson County,43.680612,-97.796845,No,3390,1,698,1,6,60101,15649.0,1784.0,5.0,1282,8854.0,27781.0,8.0,1060,6866661.0,2026.0,168626228.0,49742.0
46,SD,"Harding County, SD",46063,Harding County,45.596612,-103.473867,No,1277,1,649,1,6,60101,4601.0,506.0,4.0,734,2603.0,7007.0,5.0,495,1440367.0,1128.0,31481170.0,24652.0
46,SD,"Hughes County, SD",46065,Hughes County,44.384452,-99.975684,No,17518,5,14029,4,6,60504,84826.0,9167.0,5.0,8488,47996.0,216116.0,12.0,7260,5067408.0,289.0,96030472.0,5482.0
46,SD,"Hutchinson County, SD",46067,Hutchinson County,43.33671,-97.749383,No,7264,2,4429,1,5,50201,38223.0,4184.0,5.0,3631,21628.0,106519.0,15.0,2875,3048555.0,420.0,60938024.0,8389.0
46,SD,"Hyde County, SD",46069,Hyde County,44.537301,-99.492148,No,1440,1,644,1,6,60101,7479.0,819.0,5.0,757,4232.0,6746.0,5.0,578,939214.0,652.0,20132390.0,13981.0
46,SD,"Jackson County, SD",46071,Jackson County,43.677506,-101.626323,No,3268,1,422,1,5,50101,12297.0,1538.0,4.0,1399,6958.0,12058.0,4.0,994,8865894.0,2713.0,230039143.0,70391.0
46,SD,"Jerauld County, SD",46073,Jerauld County,44.06341,-98.62317,No,2029,1,1593,1,6,60101,11694.0,1245.0,6.0,1142,6617.0,10237.0,5.0,868,964356.0,475.0,19369158.0,9546.0
46,SD,"Jones County, SD",46075,Jones County,43.95199,-100.686139,No,767,1,457,1,6,60101,4664.0,631.0,6.0,564,2639.0,,,419,5482854.0,7148.0,143543827.0,187150.0
46,SD,"Kingsbury County, SD",46077,Kingsbury County,44.362969,-97.499313,No,5070,2,2618,1,6,60201,30300.0,3341.0,6.0,2960,17145.0,81442.0,16.0,2331,2689453.0,530.0,53264993.0,10506.0
46,SD,"Lake County, SD",46079,Lake County,44.02845,-97.123223,No,12331,4,7247,2,6,60402,76357.0,8366.0,6.0,6123,43204.0,201572.0,16.0,4696,3096699.0,251.0,61481009.0,4986.0
46,SD,"Lawrence County, SD",46081,Lawrence County,44.348583,-103.805817,No,24859,5,19266,5,6,60505,102305.0,14166.0,4.0,13968,63889.0,412711.0,17.0,10746,14273110.0,574.0,304686366.0,12257.0
46,SD,"Lincoln County, SD",46083,Lincoln County,43.27942,-96.722286,No,51396,7,31621,6,6,60706,217655.0,25442.0,4.0,20675,123154.0,1240844.0,24.0,18230,25177484.0,490.0,555569855.0,10810.0
46,SD,"Lyman County, SD",46085,Lyman County,43.894812,-99.841925,No,3855,1,1165,1,6,60101,17580.0,2042.0,5.0,1875,9947.0,10754.0,3.0,1380,10949486.0,2840.0,270827962.0,70254.0
46,SD,"McCook County, SD",46087,McCook County,43.678924,-97.362036,No,5616,2,2080,1,6,60201,28950.0,3376.0,5.0,2715,16380.0,95927.0,17.0,2210,8700479.0,1549.0,211992507.0,37748.0
46,SD,"McPherson County, SD",46089,McPherson County,45.784249,-99.211421,No,2252,1,666,1,6,60101,11177.0,1277.0,5.0,1526,6324.0,15333.0,7.0,1004,1163472.0,517.0,23134808.0,10273.0
46,SD,"Marshall County, SD",46091,Marshall County,45.737044,-97.58087,No,4743,1,2315,1,6,60101,23343.0,2502.0,5.0,2778,13208.0,17264.0,4.0,1737,1704015.0,359.0,33773489.0,7121.0
46,SD,"Meade County, SD",46093,Meade County,44.605282,-102.714169,No,26840,6,10847,3,6,60603,106951.0,14554.0,4.0,12208,60515.0,398951.0,15.0,10651,14774911.0,550.0,341984006.0,12742.0
46,SD,"Mellette County, SD",46095,Mellette County,43.58469,-100.760955,No,2083,1,198,1,5,50101,9213.0,1048.0,4.0,938,5213.0,8191.0,4.0,709,1040477.0,500.0,21201998.0,10179.0
46,SD,"Miner County, SD",46097,Miner County,44.021541,-97.608122,No,2299,1,921,1,6,60101,13473.0,1595.0,6.0,1366,7623.0,28610.0,12.0,974,1299748.0,565.0,26625775.0,11581.0
46,SD,"Minnehaha County, SD",46099,Minnehaha County,43.667472,-96.795726,No,182014,10,242822,11,6,61011,683514.0,80489.0,4.0,79826,386747.0,4206645.0,23.0,71567,74055821.0,407.0,1552565398.0,8530.0
46,SD,"Moody County, SD",46101,Moody County,44.012429,-96.676054,No,6445,2,3263,1,6,60201,41137.0,4526.0,6.0,3063,23277.0,69638.0,11.0,2661,9116357.0,1414.0,218577081.0,33914.0
46,SD,"Oglala Lakota County, SD",46102,Oglala Lakota County,43.33363,-102.561699,No,14263,4,0,1,6,60401,38339.0,4358.0,3.0,3884,21693.0,19732.0,1.0,2932,4019156.0,282.0,76933251.0,5394.0
46,SD,"Pennington County, SD",46103,Pennington County,44.002349,-102.823801,No,107298,9,99180,9,6,60909,388259.0,53539.0,4.0,49144,219686.0,1740843.0,16.0,42225,55396523.0,516.0,1168814538.0,10893.0
46,SD,"Perkins County, SD",46105,Perkins County,45.483387,-102.467995,No,3019,1,1398,1,6,60101,12476.0,1406.0,4.0,1940,7059.0,16131.0,5.0,1293,1348521.0,447.0,28083276.0,9302.0
46,SD,"Potter County, SD",46107,Potter County,45.052713,-99.962003,No,2306,1,1259,1,6,60101,11202.0,1334.0,5.0,1687,6339.0,30892.0,13.0,1033,1365767.0,592.0,27375891.0,11872.0
46,SD,"Roberts County, SD",46109,Roberts County,45.623397,-96.947551,No,10294,3,4202,1,6,60301,53700.0,5576.0,5.0,5365,30385.0,33262.0,3.0,3704,8872377.0,862.0,199069300.0,19338.0
46,SD,"Sanborn County, SD",46111,Sanborn County,44.021032,-98.092105,No,2349,1,662,1,6,60101,15426.0,1759.0,7.0,1348,8729.0,11052.0,5.0,1072,2664203.0,1134.0,55008431.0,23418.0
46,SD,"Spink County, SD",46115,Spink County,44.923772,-98.339615,No,6539,2,2808,1,6,60201,33962.0,3549.0,5.0,3436,19216.0,78266.0,12.0,2634,3582464.0,548.0,72242727.0,11048.0
46,SD,"Stanley County, SD",46117,Stanley County,44.415547,-100.749163,No,2964,1,2015,1,6,60101,14520.0,1892.0,5.0,1628,8216.0,49043.0,17.0,1299,2527454.0,853.0,52136113.0,17590.0
46,SD,"Sully County, SD",46119,Sully County,44.722325,-100.131399,No,1456,1,662,1,6,60101,7564.0,830.0,5.0,879,4280.0,12078.0,8.0,592,918682.0,631.0,18688354.0,12835.0
46,SD,"Todd County, SD",46121,Todd County,43.208794,-100.707664,No,10019,3,1676,1,5,50301,36659.0,4060.0,4.0,3428,20742.0,38114.0,4.0,2746,3436443.0,343.0,66040568.0,6592.0
46,SD,"Tripp County, SD",46123,Tripp County,43.349729,-99.876219,No,5475,2,3096,1,5,50201,32242.0,3395.0,6.0,3332,18243.0,17783.0,3.0,2556,2290978.0,418.0,45532405.0,8316.0
46,SD,"Turner County, SD",46125,Turner County,43.30867,-97.150185,No,8289,3,2879,1,6,60301,46048.0,5289.0,6.0,4291,26055.0,118355.0,14.0,3470,2839761.0,343.0,57582204.0,6947.0
46,SD,"Union County, SD",46127,Union County,42.831106,-96.650829,No,14842,4,18220,5,5,50405,87753.0,8739.0,6.0,7240,49653.0,387716.0,26.0,6037,15897870.0,1071.0,383289407.0,25825.0
46,SD,"Walworth County, SD",46129,Walworth County,45.427605,-100.027856,No,5538,2,3831,1,6,60201,22112.0,2686.0,4.0,3262,12511.0,75359.0,14.0,2330,1983360.0,358.0,39849824.0,7196.0
46,SD,"Yankton County, SD",46135,Yankton County,43.006607,-97.388339,No,22649,5,22186,5,5,50505,89714.0,9411.0,4.0,10603,50762.0,534598.0,24.0,9035,7511052.0,332.0,145168461.0,6409.0
46,SD,"Ziebach County, SD",46137,Ziebach County,44.989764,-101.660827,No,2818,1,573,1,6,60101,9281.0,1198.0,3.0,1082,5252.0,2375.0,1.0,792,1028184.0,365.0,21538366.0,7643.0
47,TN,"Anderson County, TN",47001,Anderson County,36.116731,-84.195418,No,75545,8,78879,8,4,40808,431013.0,46350.0,6.0,30312,233166.0,773628.0,10.0,30660,37649540.0,498.0,959921556.0,12707.0
47,TN,"Bedford County, TN",47003,Bedford County,35.51366,-86.458294,No,46331,7,28565,6,4,40706,282183.0,30015.0,6.0,17661,152653.0,95373.0,2.0,17053,17236561.0,372.0,403595412.0,8711.0
47,TN,"Benton County, TN",47005,Benton County,36.069253,-88.071212,No,16173,4,6994,2,4,40402,94404.0,10573.0,6.0,8517,51070.0,78622.0,5.0,6786,9651697.0,597.0,266238090.0,16462.0
47,TN,"Bledsoe County, TN",47007,Bledsoe County,35.593668,-85.205979,No,14073,4,812,1,4,40401,72272.0,7778.0,5.0,5396,39097.0,24518.0,2.0,4635,4615849.0,328.0,105440341.0,7492.0
47,TN,"Blount County, TN",47009,Blount County,35.688185,-83.922973,No,126192,9,89959,9,4,40909,758854.0,77600.0,6.0,49655,410518.0,371144.0,3.0,49379,46227401.0,366.0,1104639936.0,8754.0
47,TN,"Bradley County, TN",47011,Bradley County,35.153914,-84.859414,No,102860,9,78348,8,4,40908,646738.0,69053.0,6.0,42894,349866.0,432982.0,4.0,39178,43696180.0,425.0,1150171728.0,11182.0
47,TN,"Campbell County, TN",47013,Campbell County,36.401592,-84.159249,No,40008,7,15233,4,4,40704,218082.0,24335.0,5.0,21049,117976.0,196455.0,5.0,15902,24426566.0,611.0,718620936.0,17962.0
47,TN,"Cannon County, TN",47015,Cannon County,35.808394,-86.062404,No,13855,4,3004,1,4,40401,90432.0,8998.0,7.0,5757,48921.0,44039.0,3.0,5392,4966220.0,358.0,116488389.0,8408.0
47,TN,"Carroll County, TN",47017,Carroll County,35.965918,-88.452298,No,28417,6,11601,4,4,40604,166403.0,17173.0,6.0,11917,90019.0,194967.0,7.0,11363,12710061.0,447.0,294166400.0,10352.0
47,TN,"Carter County, TN",47019,Carter County,36.284744,-82.126593,No,56707,7,17252,5,4,40705,319795.0,33440.0,6.0,23665,173000.0,105598.0,2.0,23772,18210318.0,321.0,425292226.0,7500.0
47,TN,"Cheatham County, TN",47021,Cheatham County,36.255169,-87.100808,No,39575,7,12477,4,4,40704,248422.0,27551.0,6.0,15017,134389.0,140385.0,4.0,14543,20360285.0,514.0,532816668.0,13463.0
47,TN,"Chester County, TN",47023,Chester County,35.420253,-88.611353,No,17355,5,5557,2,3,30502,102345.0,11431.0,6.0,6554,55366.0,196474.0,11.0,6001,6405501.0,369.0,146273077.0,8428.0
47,TN,"Claiborne County, TN",47025,Claiborne County,36.501542,-83.660722,No,31701,6,13870,4,4,40604,164700.0,17684.0,5.0,15309,89098.0,48178.0,2.0,12783,13610455.0,429.0,315389944.0,9949.0
47,TN,"Clay County, TN",47027,Clay County,36.545788,-85.545816,No,7769,3,2149,1,4,40301,44765.0,4814.0,6.0,4037,24216.0,7462.0,1.0,3151,2843677.0,366.0,66080355.0,8506.0
47,TN,"Cocke County, TN",47029,Cocke County,35.916198,-83.119224,No,35256,6,11975,4,4,40604,211510.0,22591.0,6.0,15210,114421.0,215840.0,6.0,14564,17127187.0,486.0,474495483.0,13459.0
47,TN,"Coffee County, TN",47031,Coffee County,35.488759,-86.078219,No,53808,7,39748,7,4,40707,346149.0,36323.0,6.0,22365,187256.0,199196.0,4.0,21412,34752882.0,646.0,981897252.0,18248.0
47,TN,"Crockett County, TN",47033,Crockett County,35.818795,-89.132494,No,14558,4,3723,1,3,30401,86907.0,9497.0,6.0,5727,47014.0,75647.0,5.0,5446,8216003.0,564.0,188645471.0,12958.0
47,TN,"Cumberland County, TN",47035,Cumberland County,35.952398,-84.994761,No,57895,8,29621,6,4,40806,313430.0,33620.0,5.0,26181,169556.0,246076.0,4.0,24500,33643091.0,581.0,942006147.0,16271.0
47,TN,"Davidson County, TN",47037,Davidson County,36.169129,-86.78479,Yes,667885,14,878670,14,4,41414,3653746.0,406404.0,5.0,279581,1976571.0,3047726.0,5.0,269078,408668139.0,612.0,10089592121.0,15107.0
47,TN,"Decatur County, TN",47039,Decatur County,35.603136,-88.110292,No,11703,4,5246,2,4,40402,62660.0,6722.0,5.0,6496,33897.0,154794.0,13.0,4792,7286121.0,623.0,196700136.0,16808.0
47,TN,"DeKalb County, TN",47041,DeKalb County,35.982219,-85.833596,No,19159,5,8686,3,4,40503,104544.0,10847.0,5.0,8945,56555.0,84071.0,4.0,7163,7208600.0,376.0,165867745.0,8657.0
47,TN,"Dickson County, TN",47043,Dickson County,36.145533,-87.364155,No,50926,7,28030,6,4,40706,288694.0,29890.0,6.0,20055,156175.0,607084.0,12.0,18876,29386174.0,577.0,804505133.0,15798.0
47,TN,"Dyer County, TN",47045,Dyer County,36.052831,-89.40359,No,37970,7,26721,6,3,30706,237751.0,26225.0,6.0,17115,128616.0,340037.0,9.0,15036,19103831.0,503.0,470518271.0,12392.0
47,TN,"Fayette County, TN",47047,Fayette County,35.196993,-89.413803,No,39071,7,13612,4,3,30704,258141.0,25261.0,7.0,14580,139647.0,1040095.0,27.0,14919,25684612.0,657.0,692408904.0,17722.0
47,TN,"Fentress County, TN",47049,Fentress County,36.369888,-84.937764,No,17936,5,6694,2,4,40502,95371.0,10230.0,5.0,8149,51593.0,146437.0,8.0,7390,6571024.0,366.0,150191382.0,8374.0
47,TN,"Franklin County, TN",47051,Franklin County,35.155926,-86.099203,No,41348,7,21193,5,4,40705,259826.0,27652.0,6.0,17986,140559.0,147864.0,4.0,16345,15962267.0,386.0,364560834.0,8817.0
47,TN,"Gibson County, TN",47053,Gibson County,35.991637,-88.93381,No,49511,7,22256,5,4,40705,302607.0,32359.0,6.0,22380,163701.0,761848.0,15.0,19406,19010133.0,384.0,433027108.0,8746.0
47,TN,"Giles County, TN",47055,Giles County,35.202723,-87.035319,No,29034,6,16779,4,4,40604,172718.0,19655.0,6.0,13138,93436.0,155322.0,5.0,11478,18475426.0,636.0,497399841.0,17132.0
47,TN,"Grainger County, TN",47057,Grainger County,36.277463,-83.509493,No,22813,5,5155,2,4,40502,142256.0,15035.0,6.0,9534,76956.0,24853.0,1.0,8865,9522683.0,417.0,222886008.0,9770.0
47,TN,"Greene County, TN",47059,Greene County,36.179514,-82.847485,No,68502,8,44258,7,4,40807,405838.0,40772.0,6.0,28147,219546.0,93548.0,1.0,27461,35972727.0,525.0,986028881.0,14394.0
47,TN,"Grundy County, TN",47061,Grundy County,35.393356,-85.710389,No,13494,4,2694,1,4,40401,70535.0,7787.0,5.0,6064,38158.0,15347.0,1.0,5012,8906986.0,660.0,234513949.0,17379.0
47,TN,"Hamblen County, TN",47063,Hamblen County,36.218397,-83.266071,No,63203,8,57220,8,4,40808,385975.0,42077.0,6.0,27396,208801.0,123694.0,2.0,24442,27042232.0,428.0,687780639.0,10882.0
47,TN,"Hamilton County, TN",47065,Hamilton County,35.160762,-85.197711,No,351305,12,370120,12,4,41212,2040194.0,218241.0,6.0,141554,1103686.0,1795709.0,5.0,137309,176926599.0,504.0,4332137767.0,12332.0
47,TN,"Hancock County, TN",47067,Hancock County,36.521419,-83.227453,No,6609,2,741,1,4,40201,36305.0,3773.0,5.0,3224,19640.0,5413.0,1.0,2751,2133350.0,323.0,49141968.0,7436.0
47,TN,"Hardeman County, TN",47069,Hardeman County,35.218785,-88.988697,No,25975,6,10246,3,3,30603,131549.0,14641.0,5.0,9752,71164.0,228107.0,9.0,8592,11061895.0,426.0,255758688.0,9846.0
47,TN,"Hardin County, TN",47071,Hardin County,35.201893,-88.185696,No,25839,6,12842,4,3,30604,134968.0,14902.0,5.0,13246,73014.0,248725.0,10.0,9940,12578708.0,487.0,289387861.0,11200.0
47,TN,"Hawkins County, TN",47073,Hawkins County,36.452211,-82.931386,No,56567,7,18212,5,4,40705,332659.0,31509.0,6.0,39492,179959.0,151558.0,3.0,23001,19228639.0,340.0,452771918.0,8004.0
47,TN,"Haywood County, TN",47075,Haywood County,35.58669,-89.282536,No,18129,5,9800,3,3,30503,100509.0,11052.0,6.0,7516,54372.0,238525.0,13.0,7056,17765738.0,980.0,541192701.0,29852.0
47,TN,"Henderson County, TN",47077,Henderson County,35.653994,-88.387674,No,27952,6,13193,4,3,30604,152892.0,16512.0,5.0,11941,82710.0,335351.0,12.0,10695,20333278.0,727.0,588133342.0,21041.0
47,TN,"Henry County, TN",47079,Henry County,36.325295,-88.300288,No,32291,6,17243,5,4,40605,202405.0,20510.0,6.0,15414,109495.0,131690.0,4.0,13503,13985414.0,433.0,317896033.0,9845.0
47,TN,"Hickman County, TN",47081,Hickman County,35.802291,-87.467101,No,24251,5,4540,1,4,40501,146721.0,15333.0,6.0,9758,79372.0,121881.0,5.0,8855,14901020.0,614.0,428306174.0,17661.0
47,TN,"Houston County, TN",47083,Houston County,36.285782,-87.705598,No,8234,3,2142,1,4,40301,51583.0,5690.0,6.0,3951,27905.0,19489.0,2.0,3106,2984801.0,362.0,67396177.0,8185.0
47,TN,"Humphreys County, TN",47085,Humphreys County,36.040822,-87.790453,No,18216,5,8314,3,4,40503,96636.0,10532.0,5.0,8416,52277.0,298930.0,16.0,6936,14160397.0,777.0,407971286.0,22396.0
47,TN,"Jackson County, TN",47087,Jackson County,36.354241,-85.674094,No,11526,4,1705,1,4,40401,66952.0,7235.0,6.0,5520,36219.0,11297.0,1.0,4522,3833205.0,333.0,88647376.0,7691.0
47,TN,"Jefferson County, TN",47089,Jefferson County,36.048479,-83.440966,No,52851,7,21363,5,4,40705,299259.0,33083.0,6.0,20721,161890.0,146127.0,3.0,19767,32995272.0,624.0,976690757.0,18480.0
47,TN,"Johnson County, TN",47091,Johnson County,36.453203,-81.861247,No,17923,5,5676,2,4,40502,79415.0,8236.0,4.0,6662,42961.0,23155.0,1.0,6915,5387968.0,301.0,123414235.0,6886.0
47,TN,"Knox County, TN",47093,Knox County,35.992726,-83.937721,No,448164,13,436315,13,4,41313,2534877.0,257842.0,6.0,168971,1371295.0,2626586.0,6.0,181336,253404791.0,565.0,6218773545.0,13876.0
47,TN,"Lake County, TN",47095,Lake County,36.333905,-89.485536,No,7643,3,1134,1,3,30301,30541.0,3317.0,4.0,2330,16522.0,29986.0,4.0,2145,1892408.0,248.0,43368482.0,5674.0
47,TN,"Lauderdale County, TN",47097,Lauderdale County,35.762951,-89.627732,No,27261,6,9342,3,3,30603,143705.0,16059.0,5.0,11628,77740.0,272932.0,10.0,9745,9293957.0,341.0,212729294.0,7803.0
47,TN,"Lawrence County, TN",47099,Lawrence County,35.220476,-87.396546,No,42406,7,16763,4,4,40704,252308.0,25347.0,6.0,17015,136491.0,194554.0,5.0,16106,15783885.0,372.0,360113524.0,8492.0
47,TN,"Lewis County, TN",47101,Lewis County,35.523244,-87.496983,No,11907,4,4200,1,4,40401,68010.0,7481.0,6.0,5186,36791.0,93543.0,8.0,4687,3952478.0,332.0,90605006.0,7609.0
47,TN,"Lincoln County, TN",47103,Lincoln County,35.142916,-86.593298,No,33582,6,16942,5,4,40605,207520.0,22605.0,6.0,14563,112262.0,270089.0,8.0,13620,13035790.0,388.0,302434442.0,9006.0
47,TN,"Loudon County, TN",47105,Loudon County,35.73745,-84.316204,No,50637,7,26557,6,4,40706,326606.0,34017.0,6.0,67679,176685.0,203278.0,4.0,20060,31907032.0,630.0,909857526.0,17968.0
47,TN,"McMinn County, TN",47107,McMinn County,35.424471,-84.619962,No,52606,7,31855,6,4,40706,307810.0,33142.0,6.0,24809,166516.0,141203.0,3.0,20016,31303140.0,595.0,876476023.0,16661.0
47,TN,"McNairy County, TN",47109,McNairy County,35.175228,-88.563629,No,26057,6,9336,3,3,30603,142023.0,15778.0,5.0,11373,76831.0,97465.0,4.0,9839,14160563.0,543.0,325159857.0,12479.0
47,TN,"Macon County, TN",47111,Macon County,36.537757,-86.00096,No,22924,5,6936,2,4,40502,133232.0,14224.0,6.0,9456,72075.0,47346.0,2.0,8977,7195214.0,314.0,166171917.0,7249.0
47,TN,"Madison County, TN",47113,Madison County,35.606056,-88.833424,No,98128,9,105320,9,3,30909,603479.0,66363.0,6.0,56182,326465.0,1570342.0,16.0,37189,59187839.0,603.0,1514844559.0,15437.0
47,TN,"Marion County, TN",47115,Marion County,35.133422,-85.618399,No,28363,6,11952,4,4,40604,171104.0,18766.0,6.0,12359,92562.0,103008.0,4.0,11219,28807297.0,1016.0,830188858.0,29270.0
47,TN,"Marshall County, TN",47117,Marshall County,35.468343,-86.765865,No,31335,6,16443,4,4,40604,192963.0,20519.0,6.0,12584,104387.0,98033.0,3.0,12044,15076351.0,481.0,394916804.0,12603.0
47,TN,"Maury County, TN",47119,Maury County,35.615696,-87.077763,No,85767,9,55744,7,4,40907,529045.0,55604.0,6.0,40497,286198.0,296783.0,3.0,32889,45654655.0,532.0,1151943110.0,13431.0
47,TN,"Meigs County, TN",47121,Meigs County,35.512203,-84.816102,No,11804,4,2913,1,4,40401,78783.0,8440.0,7.0,5182,42619.0,14951.0,1.0,4675,4798190.0,406.0,111658509.0,9459.0
47,TN,"Monroe County, TN",47123,Monroe County,35.447818,-84.249705,No,45482,7,22873,5,4,40705,280576.0,30245.0,6.0,21247,151783.0,108541.0,2.0,17311,20168331.0,443.0,501083499.0,11017.0
47,TN,"Montgomery County, TN",47125,Montgomery County,36.500354,-87.380887,No,189709,10,86637,9,4,41009,1121846.0,124046.0,6.0,98777,606886.0,861806.0,5.0,67090,68679026.0,362.0,1712686081.0,9028.0
47,TN,"Moore County, TN",47127,Moore County,35.288888,-86.358684,Yes,6314,2,1498,1,4,40201,42058.0,4502.0,7.0,2821,22752.0,14768.0,2.0,2560,6699424.0,1061.0,150604063.0,23852.0
47,TN,"Morgan County, TN",47129,Morgan County,36.138697,-84.639262,No,21688,5,2635,1,4,40501,102256.0,11221.0,5.0,8127,55317.0,92217.0,4.0,7221,6368138.0,294.0,145254043.0,6697.0
47,TN,"Obion County, TN",47131,Obion County,36.358171,-89.149879,No,30900,6,18247,5,4,40605,194465.0,20919.0,6.0,13423,105200.0,159404.0,5.0,12719,15593720.0,505.0,355771284.0,11514.0
47,TN,"Overton County, TN",47133,Overton County,36.34485,-85.283076,No,22090,5,7206,2,4,40502,127541.0,13760.0,6.0,9733,68996.0,39567.0,2.0,8881,8479792.0,384.0,199437392.0,9028.0
47,TN,"Perry County, TN",47135,Perry County,35.663749,-87.869329,No,7891,3,3292,1,4,40301,46728.0,5142.0,6.0,4351,25279.0,52781.0,7.0,3209,3804604.0,482.0,87483543.0,11086.0
47,TN,"Pickett County, TN",47137,Pickett County,36.559364,-85.075741,No,5096,2,1254,1,4,40201,31301.0,3361.0,6.0,3274,16933.0,5327.0,1.0,2128,1829863.0,359.0,42628567.0,8365.0
47,TN,"Polk County, TN",47139,Polk County,35.109437,-84.541112,No,16697,4,2624,1,4,40401,105597.0,11374.0,6.0,7656,57125.0,33703.0,2.0,6766,7096122.0,425.0,164961156.0,9880.0
47,TN,"Putnam County, TN",47141,Putnam County,36.14094,-85.49618,No,74652,8,58878,8,4,40808,410984.0,44125.0,6.0,32531,222330.0,170618.0,2.0,30100,47027258.0,630.0,1301597407.0,17436.0
47,TN,"Rhea County, TN",47143,Rhea County,35.600587,-84.949552,No,32461,6,16105,4,4,40604,199848.0,21392.0,6.0,17851,108112.0,104995.0,3.0,12408,12391671.0,382.0,287144008.0,8846.0
47,TN,"Roane County, TN",47145,Roane County,35.847249,-84.523942,No,52983,7,17059,5,4,40705,324542.0,35760.0,6.0,34193,175568.0,220418.0,4.0,21532,33461808.0,632.0,883425940.0,16674.0
47,TN,"Robertson County, TN",47147,Robertson County,36.52753,-86.869377,No,67905,8,37369,6,4,40806,419898.0,46500.0,6.0,25161,227153.0,392037.0,6.0,24730,41932457.0,618.0,1123560220.0,16546.0
47,TN,"Rutherford County, TN",47149,Rutherford County,35.843369,-86.417213,No,290289,12,213970,11,4,41211,1661087.0,168090.0,6.0,130384,898600.0,710044.0,2.0,103562,126285542.0,435.0,3434501923.0,11831.0
47,TN,"Scott County, TN",47151,Scott County,36.435276,-84.503528,No,22029,5,7138,2,4,40502,95086.0,10965.0,4.0,9019,51439.0,172627.0,8.0,8368,8299090.0,377.0,189598086.0,8607.0
47,TN,"Sequatchie County, TN",47153,Sequatchie County,35.372358,-85.410322,No,14710,4,3892,1,4,40401,83727.0,9185.0,6.0,6059,45294.0,22468.0,2.0,5549,6335370.0,431.0,147548227.0,10030.0
47,TN,"Sevier County, TN",47155,Sevier County,35.80181,-83.515696,No,94537,9,79512,8,4,40908,537678.0,55547.0,6.0,49270,290868.0,393038.0,4.0,36982,56136730.0,594.0,1302231418.0,13775.0
47,TN,"Shelby County, TN",47157,Shelby County,35.183794,-89.895397,No,936990,14,870914,14,3,31414,5101782.0,484860.0,5.0,361673,2759917.0,16136569.0,17.0,349956,440697483.0,470.0,10626500422.0,11341.0
47,TN,"Smith County, TN",47159,Smith County,36.25565,-85.942078,No,19176,5,7392,2,4,40502,118732.0,12322.0,6.0,8166,64231.0,64698.0,3.0,7555,14633121.0,763.0,451153782.0,23527.0
47,TN,"Stewart County, TN",47161,Stewart County,36.458464,-87.811889,No,13257,4,2457,1,4,40401,94887.0,10523.0,7.0,6419,51331.0,16531.0,1.0,5187,6184635.0,467.0,142352189.0,10738.0
47,TN,"Sullivan County, TN",47163,Sullivan County,36.510213,-82.299396,No,156644,10,123930,9,4,41009,1038102.0,98915.0,7.0,44683,561583.0,316839.0,2.0,65896,70192926.0,448.0,1730504196.0,11047.0
47,TN,"Sumner County, TN",47165,Sumner County,36.473443,-86.459798,No,172786,10,92802,9,4,41009,1029946.0,113102.0,6.0,64639,557171.0,1123918.0,7.0,63240,68062819.0,394.0,1618630933.0,9368.0
47,TN,"Tipton County, TN",47167,Tipton County,35.500259,-89.766803,No,61558,8,17401,5,3,30805,319286.0,34670.0,5.0,20994,172724.0,993664.0,16.0,21355,16674376.0,271.0,386549910.0,6279.0
47,TN,"Trousdale County, TN",47169,Trousdale County,36.39303,-86.156691,Yes,7970,3,2235,1,4,40301,47045.0,4835.0,6.0,3248,25450.0,20462.0,3.0,2958,6300378.0,791.0,144486503.0,18129.0
47,TN,"Unicoi County, TN",47171,Unicoi County,36.100126,-82.418214,No,17945,5,7257,2,4,40502,90941.0,9628.0,5.0,7260,49196.0,279356.0,16.0,7628,10287763.0,573.0,276431031.0,15404.0
47,TN,"Union County, TN",47173,Union County,36.28414,-83.836088,No,19081,5,3380,1,4,40501,112774.0,11809.0,6.0,8466,61007.0,21244.0,1.0,7271,5903025.0,309.0,135019595.0,7076.0
47,TN,"Van Buren County, TN",47175,Van Buren County,35.699234,-85.458409,No,5641,2,521,1,4,40201,30409.0,3290.0,5.0,2517,16450.0,12179.0,2.0,2141,3072596.0,545.0,71453516.0,12667.0
47,TN,"Warren County, TN",47177,Warren County,35.67825,-85.777343,No,40099,7,22264,5,4,40705,226764.0,23799.0,6.0,16914,122673.0,117863.0,3.0,15584,13669491.0,341.0,316987407.0,7905.0
47,TN,"Washington County, TN",47179,Washington County,36.295665,-82.495037,No,126044,9,104956,9,4,40909,771486.0,80806.0,6.0,80973,417352.0,293378.0,2.0,52409,54166700.0,430.0,1320576531.0,10477.0
47,TN,"Wayne County, TN",47181,Wayne County,35.242847,-87.819843,No,16842,4,4668,1,4,40401,86331.0,9443.0,5.0,6889,46703.0,61622.0,4.0,6020,6906452.0,410.0,158608770.0,9417.0
47,TN,"Weakley County, TN",47183,Weakley County,36.303386,-88.720803,No,34024,6,15352,4,4,40604,205618.0,20783.0,6.0,13907,111233.0,108982.0,3.0,13459,13457744.0,396.0,307778825.0,9046.0
47,TN,"White County, TN",47185,White County,35.927049,-85.455785,No,26373,6,10780,3,4,40603,129720.0,13919.0,5.0,11008,70175.0,104953.0,4.0,9677,10004838.0,379.0,232280633.0,8808.0
47,TN,"Williamson County, TN",47187,Williamson County,35.894845,-86.897886,No,205645,11,237283,11,4,41111,1217160.0,123616.0,6.0,70359,658448.0,1430012.0,7.0,71043,113930612.0,554.0,2890304542.0,14055.0
47,TN,"Wilson County, TN",47189,Wilson County,36.148476,-86.29021,No,125616,9,78557,8,4,40908,787927.0,80219.0,6.0,46544,426246.0,530948.0,4.0,45431,69455801.0,553.0,1797876257.0,14312.0
48,TX,"Anderson County, TX",48001,Anderson County,31.841261,-95.661726,No,57772,8,22236,5,2,20805,254061.0,28806.0,4.0,49883,116862.0,201648.0,3.0,16572,24068834.0,417.0,473409618.0,8194.0
48,TX,"Andrews County, TX",48003,Andrews County,32.312258,-102.640206,No,17215,5,10342,3,3,30503,81159.0,9063.0,5.0,5987,37331.0,130172.0,8.0,5392,13555705.0,787.0,284511464.0,16527.0
48,TX,"Angelina County, TX",48005,Angelina County,31.251951,-94.611056,No,87657,9,59546,8,2,20908,434352.0,48437.0,5.0,37292,199792.0,439334.0,5.0,30495,41632740.0,475.0,809375753.0,9233.0
48,TX,"Aransas County, TX",48007,Aransas County,28.104225,-96.977983,No,24729,5,8425,3,2,20503,147154.0,17732.0,6.0,15755,67687.0,112431.0,5.0,9552,11141098.0,451.0,218855344.0,8850.0
48,TX,"Archer County, TX",48009,Archer County,33.616305,-98.687267,No,8750,3,2284,1,3,30301,53681.0,5995.0,6.0,4091,24692.0,46707.0,5.0,3331,7204894.0,823.0,150807547.0,17235.0
48,TX,"Armstrong County, TX",48011,Armstrong County,34.964179,-101.356636,No,1913,1,479,1,4,40101,8523.0,861.0,4.0,1039,3921.0,27719.0,14.0,702,6084442.0,3181.0,130397349.0,68164.0
48,TX,"Atascosa County, TX",48013,Atascosa County,28.891408,-98.535381,No,47710,7,20723,5,2,20705,233868.0,27514.0,5.0,17887,107574.0,91718.0,2.0,15343,28346718.0,594.0,711135896.0,14905.0
48,TX,"Austin County, TX",48015,Austin County,29.891901,-96.27017,No,29107,6,15011,4,2,20604,185757.0,20383.0,6.0,14465,85444.0,118044.0,4.0,11222,25050074.0,861.0,555959278.0,19101.0
48,TX,"Bailey County, TX",48017,Bailey County,34.067521,-102.830345,No,7131,2,2944,1,4,40201,28604.0,2871.0,4.0,2864,16281.0,73497.0,10.0,2317,5221901.0,732.0,103295586.0,14485.0
48,TX,"Bandera County, TX",48019,Bandera County,29.756389,-99.248285,No,21015,5,6255,2,2,20502,123800.0,12439.0,6.0,11622,56945.0,38160.0,2.0,8256,6938866.0,330.0,149588868.0,7118.0
48,TX,"Bastrop County, TX",48021,Bastrop County,30.100771,-97.310643,No,78286,8,28433,6,2,20806,378412.0,41007.0,5.0,29661,174061.0,272035.0,3.0,25822,40086611.0,512.0,833050710.0,10641.0
48,TX,"Baylor County, TX",48023,Baylor County,33.618802,-99.208189,No,3639,1,1867,1,3,30101,23082.0,2590.0,6.0,2641,10617.0,45794.0,13.0,1703,3970463.0,1091.0,84170699.0,23130.0
48,TX,"Bee County, TX",48025,Bee County,28.416077,-97.742586,No,32706,6,9910,3,2,20603,134024.0,16151.0,4.0,10673,61648.0,94143.0,3.0,8698,13237257.0,405.0,276975177.0,8469.0
48,TX,"Bell County, TX",48027,Bell County,31.042312,-97.481404,No,330859,12,184226,10,2,21210,1575594.0,175471.0,5.0,132011,724737.0,895884.0,3.0,113027,161308039.0,488.0,3158350224.0,9546.0
48,TX,"Bexar County, TX",48029,Bexar County,29.448671,-98.520147,No,1858699,16,1482102,16,2,21616,8295759.0,889863.0,4.0,680541,3815856.0,9299586.0,5.0,623321,853519999.0,459.0,16355583989.0,8799.0
48,TX,"Blanco County, TX",48031,Blanco County,30.266456,-98.399217,No,10918,3,3985,1,3,30301,59619.0,6162.0,5.0,5667,27423.0,22096.0,2.0,4174,10825575.0,992.0,228742510.0,20951.0
48,TX,"Borden County, TX",48033,Borden County,32.73859,-101.439199,No,698,1,19,1,3,30101,4016.0,450.0,6.0,421,1847.0,1941.0,3.0,251,2155231.0,3088.0,45807074.0,65626.0
48,TX,"Bosque County, TX",48035,Bosque County,31.900819,-97.637641,No,17953,5,4862,1,2,20501,102694.0,11458.0,6.0,11990,47237.0,109505.0,6.0,7098,8524519.0,475.0,175192686.0,9758.0
48,TX,"Bowie County, TX",48037,Bowie County,33.446062,-94.422393,No,93483,9,65864,8,3,30908,479216.0,47309.0,5.0,43893,272766.0,585951.0,6.0,33586,56691240.0,606.0,1226504906.0,13120.0
48,TX,"Brazoria County, TX",48039,Brazoria County,29.167817,-95.434647,No,338419,12,174898,10,2,21210,1742761.0,193981.0,5.0,125356,801629.0,1864964.0,6.0,114290,152645353.0,451.0,2975333572.0,8792.0
48,TX,"Brazos County, TX",48041,Brazos County,30.656713,-96.302394,No,209896,11,132146,10,2,21110,1095201.0,108500.0,5.0,88770,418360.0,1281355.0,6.0,75797,91051478.0,434.0,1730809056.0,8246.0
48,TX,"Brewster County, TX",48043,Brewster County,29.808997,-103.252458,No,9188,3,5270,2,3,30302,41979.0,5041.0,5.0,5360,19310.0,59427.0,6.0,4014,10075564.0,1097.0,200872962.0,21863.0
48,TX,"Briscoe County, TX",48045,Briscoe County,34.525172,-101.205893,No,1672,1,156,1,4,40101,7722.0,840.0,5.0,1055,3552.0,27577.0,16.0,698,2020282.0,1208.0,40321893.0,24116.0
48,TX,"Brooks County, TX",48047,Brooks County,27.034994,-98.215276,No,7217,2,2759,1,2,20201,29896.0,3602.0,4.0,3051,13751.0,15442.0,2.0,2031,9574407.0,1327.0,204132875.0,28285.0
48,TX,"Brown County, TX",48049,Brown County,31.764103,-98.99847,No,37935,6,25958,6,3,30606,189908.0,21242.0,5.0,18237,87353.0,259387.0,7.0,13361,16888998.0,445.0,336668875.0,8875.0
48,TX,"Burleson County, TX",48051,Burleson County,30.493487,-96.622091,No,17417,5,6131,2,2,20502,100692.0,9896.0,6.0,8910,38464.0,85476.0,5.0,6385,12521396.0,719.0,265995056.0,15272.0
48,TX,"Burnet County, TX",48053,Burnet County,30.78963,-98.201187,No,44584,7,22736,5,3,30705,244013.0,25430.0,5.0,21574,112240.0,128205.0,3.0,16299,25800361.0,579.0,515872391.0,11571.0
48,TX,"Caldwell County, TX",48055,Caldwell County,29.832399,-97.628141,No,39848,7,13745,4,2,20704,188661.0,22433.0,5.0,13997,86780.0,151930.0,4.0,12664,24616253.0,618.0,508869256.0,12770.0
48,TX,"Calhoun County, TX",48057,Calhoun County,28.441719,-96.579574,No,21805,5,16666,4,2,20504,110374.0,13276.0,5.0,11720,50769.0,97205.0,4.0,7800,9878971.0,453.0,198684165.0,9112.0
48,TX,"Callahan County, TX",48059,Callahan County,32.29315,-99.372249,No,13596,4,2896,1,3,30401,72788.0,8494.0,5.0,6493,33481.0,80883.0,6.0,5239,14481341.0,1065.0,373463701.0,27469.0
48,TX,"Cameron County, TX",48061,Cameron County,26.102923,-97.478958,No,418785,12,217160,11,2,21211,1630999.0,194255.0,4.0,146568,750221.0,902525.0,2.0,121290,150351894.0,359.0,2836225183.0,6773.0
48,TX,"Camp County, TX",48063,Camp County,32.974581,-94.979085,No,12631,4,4791,1,3,30401,69236.0,7174.0,5.0,6837,39409.0,60777.0,5.0,4544,4976280.0,394.0,100624231.0,7966.0
48,TX,"Carson County, TX",48065,Carson County,35.405496,-101.355356,No,6027,2,1468,1,4,40201,28492.0,2858.0,5.0,2894,16218.0,95104.0,16.0,2324,12455825.0,2067.0,320962956.0,53254.0
48,TX,"Cass County, TX",48067,Cass County,33.083698,-94.357579,No,30346,6,11502,4,3,30604,177292.0,17575.0,6.0,16161,100913.0,169443.0,6.0,11770,16505816.0,544.0,333033331.0,10975.0
48,TX,"Castro County, TX",48069,Castro County,34.533621,-102.258786,No,7875,3,1889,1,4,40301,28961.0,2908.0,4.0,3330,16484.0,103164.0,13.0,2490,6839771.0,869.0,136059158.0,17277.0
48,TX,"Chambers County, TX",48071,Chambers County,29.696374,-94.669445,No,38072,7,24214,5,2,20705,235808.0,24750.0,6.0,14254,90077.0,162119.0,4.0,12967,43247760.0,1136.0,1108975616.0,29128.0
48,TX,"Cherokee County, TX",48073,Cherokee County,31.843872,-95.156345,No,51257,7,21718,5,2,20705,256642.0,28645.0,5.0,23176,118049.0,337351.0,7.0,17683,24162473.0,471.0,478915700.0,9343.0
48,TX,"Childress County, TX",48075,Childress County,34.529337,-100.208336,No,7059,2,2638,1,3,30201,25831.0,3028.0,4.0,3001,11882.0,82268.0,12.0,2356,8019646.0,1136.0,164570560.0,23314.0
48,TX,"Clay County, TX",48077,Clay County,33.785904,-98.212917,No,10367,3,1280,1,3,30301,63878.0,7141.0,6.0,5089,29382.0,69514.0,7.0,4106,12918901.0,1246.0,275857261.0,26609.0
48,TX,"Cochran County, TX",48079,Cochran County,33.60844,-102.830449,No,2955,1,430,1,4,40101,11051.0,1109.0,4.0,1413,6290.0,38222.0,13.0,1007,3862376.0,1307.0,76095209.0,25751.0
48,TX,"Coke County, TX",48081,Coke County,31.877105,-100.635236,No,3228,1,495,1,3,30101,22464.0,2515.0,7.0,2630,10333.0,33328.0,10.0,1567,4866025.0,1507.0,104618329.0,32410.0
48,TX,"Coleman County, TX",48083,Coleman County,31.914205,-99.346622,No,8476,3,2871,1,3,30301,42878.0,5154.0,5.0,5454,19723.0,81848.0,10.0,3407,8733765.0,1030.0,187895163.0,22168.0
48,TX,"Collin County, TX",48085,Collin County,33.194737,-96.579707,No,886633,14,777684,14,3,31414,4693822.0,521864.0,5.0,325223,2159049.0,9863666.0,11.0,314918,464306926.0,524.0,8595916884.0,9695.0
48,TX,"Collingsworth County, TX",48087,Collingsworth County,34.963358,-100.272135,No,3032,1,828,1,3,30101,13981.0,1350.0,5.0,1599,6431.0,42932.0,14.0,1097,2274834.0,750.0,46349751.0,15287.0
48,TX,"Colorado County, TX",48089,Colorado County,29.596296,-96.508935,No,20792,5,11834,4,2,20504,119104.0,13947.0,6.0,13729,54785.0,96833.0,5.0,7624,28822042.0,1386.0,748555370.0,36002.0
48,TX,"Comal County, TX",48091,Comal County,29.805491,-98.260544,No,124234,9,93287,9,2,20909,700148.0,72139.0,6.0,66706,322052.0,334635.0,3.0,45338,86349170.0,695.0,1750019118.0,14086.0
48,TX,"Comanche County, TX",48093,Comanche County,31.951645,-98.549617,No,13506,4,4556,1,3,30401,73947.0,8254.0,5.0,7150,34014.0,88310.0,7.0,5079,7620999.0,564.0,160708360.0,11899.0
48,TX,"Concho County, TX",48095,Concho County,31.318865,-99.863648,No,4142,1,1039,1,3,30101,10393.0,1314.0,3.0,1626,4781.0,16442.0,4.0,790,5578162.0,1347.0,118691936.0,28656.0
48,TX,"Cooke County, TX",48097,Cooke County,33.639196,-97.210343,No,38878,7,25368,6,3,30706,224513.0,24984.0,6.0,16461,103271.0,265549.0,7.0,14896,33106386.0,852.0,681416101.0,17527.0
48,TX,"Coryell County, TX",48099,Coryell County,31.391177,-97.798022,No,75710,8,19463,5,2,20805,311915.0,34851.0,4.0,25698,143474.0,278646.0,4.0,22791,23685144.0,313.0,476552863.0,6294.0
48,TX,"Cottle County, TX",48101,Cottle County,34.091906,-100.276442,No,1560,1,190,1,3,30101,7947.0,908.0,5.0,1097,3655.0,20824.0,13.0,679,2335456.0,1497.0,48586572.0,31145.0
48,TX,"Crane County, TX",48103,Crane County,31.422796,-102.487774,No,4823,1,1862,1,3,30101,22133.0,2477.0,5.0,1634,10181.0,41450.0,9.0,1543,4788518.0,993.0,103929994.0,21549.0
48,TX,"Crockett County, TX",48105,Crockett County,30.717532,-101.404211,No,3836,1,2243,1,3,30101,18205.0,2184.0,5.0,1802,8374.0,33996.0,9.0,1431,11348942.0,2959.0,293967949.0,76634.0
48,TX,"Crosby County, TX",48107,Crosby County,33.609144,-101.29871,No,5987,2,1171,1,3,30201,23332.0,2326.0,4.0,3028,13280.0,74144.0,12.0,2110,5203990.0,869.0,105889595.0,17687.0
48,TX,"Culberson County, TX",48109,Culberson County,31.445908,-104.526945,No,2259,1,1083,1,3,30101,9251.0,1039.0,4.0,999,4255.0,20478.0,9.0,762,14539435.0,6436.0,376118603.0,166498.0
48,TX,"Dallam County, TX",48111,Dallam County,36.28637,-102.59402,No,7052,2,3485,1,4,40201,26424.0,2650.0,4.0,3018,15040.0,91789.0,13.0,2360,6914402.0,980.0,143482511.0,20346.0
48,TX,"Dallas County, TX",48113,Dallas County,32.766987,-96.778424,No,2513054,17,2912184,17,3,31717,11809657.0,1317410.0,5.0,963008,5432168.0,22106949.0,9.0,894542,1461458663.0,582.0,27208024163.0,10827.0
48,TX,"Dawson County, TX",48115,Dawson County,32.741934,-101.947322,No,13317,4,4891,1,3,30401,59903.0,6688.0,4.0,5178,27554.0,151072.0,11.0,4329,10027681.0,753.0,204419159.0,15350.0
48,TX,"Deaf Smith County, TX",48117,Deaf Smith County,34.940766,-102.607564,No,19039,5,10866,3,4,40503,69859.0,7010.0,4.0,7368,39763.0,255996.0,13.0,6081,9455167.0,497.0,189539623.0,9955.0
48,TX,"Delta County, TX",48119,Delta County,33.385933,-95.67335,No,5226,2,1542,1,3,30201,28067.0,3135.0,5.0,3232,12910.0,38800.0,7.0,1971,2755064.0,527.0,58864607.0,11264.0
48,TX,"Denton County, TX",48121,Denton County,33.205132,-97.12114,No,754650,14,423766,12,3,31412,3957462.0,437011.0,5.0,294845,1820340.0,7062728.0,9.0,265790,329413505.0,437.0,6269520471.0,8308.0
48,TX,"DeWitt County, TX",48123,DeWitt County,29.082346,-97.361654,No,20660,5,10465,3,2,20503,103399.0,12416.0,5.0,9195,47561.0,85672.0,4.0,7105,12532747.0,607.0,261445898.0,12655.0
48,TX,"Dickens County, TX",48125,Dickens County,33.615363,-100.787617,No,2237,1,392,1,3,30101,9345.0,1068.0,4.0,1458,4298.0,17526.0,8.0,869,2453296.0,1097.0,51866805.0,23186.0
48,TX,"Dimmit County, TX",48127,Dimmit County,28.423587,-99.765871,No,10842,3,8977,3,2,20303,48076.0,5800.0,4.0,4359,22114.0,86014.0,8.0,3457,11097127.0,1024.0,234120270.0,21594.0
48,TX,"Donley County, TX",48129,Donley County,34.955036,-100.815846,No,3506,1,814,1,4,40101,16155.0,1567.0,5.0,2387,7431.0,39832.0,11.0,1287,10958353.0,3126.0,244339112.0,69692.0
48,TX,"Duval County, TX",48131,Duval County,27.681123,-98.497393,No,11510,4,3893,1,2,20401,55759.0,6744.0,5.0,8921,25648.0,25395.0,2.0,3892,7719546.0,671.0,162896339.0,14153.0
48,TX,"Eastland County, TX",48133,Eastland County,32.324645,-98.83656,No,18252,5,10921,3,3,30503,87791.0,9820.0,5.0,10111,40382.0,136919.0,8.0,6752,18458086.0,1011.0,467147850.0,25594.0
48,TX,"Ector County, TX",48135,Ector County,31.865301,-102.542507,No,153177,10,114930,9,3,31009,742769.0,82909.0,5.0,55445,341657.0,1184690.0,8.0,50950,60200091.0,393.0,1267076478.0,8272.0
48,TX,"Edwards County, TX",48137,Edwards County,29.985877,-100.307373,No,2028,1,327,1,2,20101,9074.0,1054.0,4.0,1724,4174.0,9362.0,5.0,718,3248329.0,1602.0,67623447.0,33345.0
48,TX,"Ellis County, TX",48139,Ellis County,32.346878,-96.79694,No,160225,10,84126,8,3,31008,874550.0,97592.0,5.0,56500,402273.0,806540.0,5.0,53803,111264042.0,694.0,2288868808.0,14285.0
48,TX,"El Paso County, TX",48141,El Paso County,31.766403,-106.24139,No,833592,14,470206,13,3,31413,2004955.0,249394.0,2.0,277164,954038.0,6613227.0,8.0,261415,337620551.0,405.0,6467083950.0,7758.0
48,TX,"Erath County, TX",48143,Erath County,32.238136,-98.222377,No,40641,7,23718,5,3,30705,184447.0,20592.0,5.0,17152,84841.0,178192.0,4.0,14197,18771175.0,462.0,412127721.0,10141.0
48,TX,"Falls County, TX",48145,Falls County,31.25193,-96.934127,No,17265,5,3373,1,2,20501,75827.0,8450.0,4.0,7623,34879.0,114444.0,7.0,5447,11781250.0,682.0,266405310.0,15430.0
48,TX,"Fannin County, TX",48147,Fannin County,33.591161,-96.104988,No,33757,6,9928,3,3,30603,177955.0,19889.0,5.0,14049,81855.0,196176.0,6.0,12022,13052814.0,387.0,260098436.0,7705.0
48,TX,"Fayette County, TX",48149,Fayette County,29.877886,-96.921231,No,24909,5,14692,4,2,20504,125827.0,14203.0,5.0,13906,57878.0,96162.0,4.0,9553,28264574.0,1135.0,681985058.0,27379.0
48,TX,"Fisher County, TX",48151,Fisher County,32.740473,-100.40312,No,3847,1,922,1,3,30101,22205.0,2491.0,6.0,2602,10214.0,35888.0,9.0,1650,4144053.0,1077.0,87238031.0,22677.0
48,TX,"Floyd County, TX",48153,Floyd County,34.07373,-101.303274,No,6088,2,1836,1,4,40201,28468.0,2869.0,5.0,3129,16204.0,88679.0,15.0,2444,4948516.0,813.0,98275822.0,16143.0
48,TX,"Foard County, TX",48155,Foard County,33.963306,-99.816828,No,1320,1,177,1,3,30101,6170.0,706.0,5.0,892,2838.0,14386.0,11.0,526,1316434.0,997.0,27947821.0,21173.0
48,TX,"Fort Bend County, TX",48157,Fort Bend County,29.526602,-95.771015,No,683756,14,320096,12,2,21412,3401722.0,377532.0,5.0,221620,1564713.0,5150133.0,8.0,214126,248841651.0,364.0,4921873592.0,7198.0
48,TX,"Franklin County, TX",48159,Franklin County,33.175846,-95.219066,No,10571,3,10212,3,3,30303,61435.0,6832.0,6.0,8481,34969.0,58137.0,5.0,4114,8269809.0,782.0,204089369.0,19307.0
48,TX,"Freestone County, TX",48161,Freestone County,31.70126,-96.144487,No,19585,5,6825,2,2,20502,108243.0,12404.0,6.0,33050,49789.0,112020.0,6.0,7339,21950268.0,1121.0,544769965.0,27816.0
48,TX,"Frio County, TX",48163,Frio County,28.869334,-99.108788,No,18542,5,10663,3,2,20503,70005.0,8415.0,4.0,5899,32201.0,95549.0,5.0,4660,20970524.0,1131.0,529884280.0,28578.0
48,TX,"Gaines County, TX",48165,Gaines County,32.743942,-102.631561,No,19485,5,7818,3,3,30503,83759.0,9294.0,4.0,6625,47675.0,135220.0,7.0,5630,13951617.0,716.0,300729100.0,15434.0
48,TX,"Galveston County, TX",48167,Galveston County,29.228366,-94.895426,No,314485,12,171538,10,2,21210,1697503.0,192189.0,5.0,138249,780812.0,2040372.0,6.0,115685,133880232.0,426.0,2527739529.0,8038.0
48,TX,"Garza County, TX",48169,Garza County,33.183792,-101.301134,No,6614,2,2205,1,3,30201,19638.0,2176.0,3.0,2277,11178.0,52435.0,8.0,1625,9555171.0,1445.0,206302978.0,31192.0
48,TX,"Gillespie County, TX",48171,Gillespie County,30.325088,-98.941851,No,25732,6,18484,5,3,30605,122081.0,12907.0,5.0,12937,56155.0,137933.0,5.0,10498,13444642.0,522.0,283841917.0,11031.0
48,TX,"Glasscock County, TX",48173,Glasscock County,31.868006,-101.521494,No,1253,1,251,1,3,30101,7183.0,805.0,6.0,539,3304.0,5605.0,4.0,438,5453216.0,4352.0,117266739.0,93589.0
48,TX,"Goliad County, TX",48175,Goliad County,28.6607,-97.430415,No,7463,2,1352,1,2,20201,41696.0,5001.0,6.0,3719,19179.0,20923.0,3.0,2798,5740788.0,769.0,125890083.0,16869.0
48,TX,"Gonzales County, TX",48177,Gonzales County,29.461917,-97.491861,No,20370,5,9972,3,2,20503,95084.0,11356.0,5.0,8838,43736.0,62137.0,3.0,6611,24941499.0,1224.0,610592868.0,29975.0
48,TX,"Gray County, TX",48179,Gray County,35.402542,-100.812374,No,23028,5,11839,4,4,40504,92869.0,9328.0,4.0,10691,52860.0,354719.0,15.0,8201,11622412.0,505.0,264561643.0,11489.0
48,TX,"Grayson County, TX",48181,Grayson County,33.624524,-96.675693,No,124231,9,76692,8,3,30908,680000.0,75992.0,5.0,53696,312784.0,1040295.0,8.0,47161,75233629.0,606.0,1429805423.0,11509.0
48,TX,"Gregg County, TX",48183,Gregg County,32.486397,-94.816276,No,123283,9,129894,10,3,30910,585324.0,57094.0,5.0,57338,333162.0,780741.0,6.0,45446,70284843.0,570.0,1377602558.0,11174.0
48,TX,"Grimes County, TX",48185,Grimes County,30.543231,-95.988082,No,27140,6,10485,3,2,20603,142647.0,13998.0,5.0,10868,65614.0,87431.0,3.0,9000,19077273.0,703.0,406291960.0,14970.0
48,TX,"Guadalupe County, TX",48187,Guadalupe County,29.583532,-97.946771,No,147313,10,64252,8,2,21008,693131.0,74991.0,5.0,54229,318824.0,259415.0,2.0,49930,74008693.0,502.0,1557428608.0,10572.0
48,TX,"Hale County, TX",48189,Hale County,34.068436,-101.822888,No,35007,6,17520,5,4,40605,126469.0,12685.0,4.0,14062,71985.0,436161.0,12.0,11335,18348544.0,524.0,394038043.0,11256.0
48,TX,"Hall County, TX",48191,Hall County,34.453189,-100.576343,No,3162,1,982,1,3,30101,12935.0,1366.0,4.0,2173,7362.0,52809.0,17.0,1235,5134085.0,1624.0,102723851.0,32487.0
48,TX,"Hamilton County, TX",48193,Hamilton County,31.707342,-98.111756,No,8232,3,3121,1,3,30301,43634.0,4905.0,5.0,4505,20071.0,48677.0,6.0,3231,6262776.0,761.0,136019079.0,16523.0
48,TX,"Hansford County, TX",48195,Hansford County,36.272847,-101.35693,No,5552,2,2338,1,4,40201,22912.0,2303.0,4.0,2428,13041.0,95120.0,17.0,1979,3162382.0,570.0,63481850.0,11434.0
48,TX,"Hardeman County, TX",48197,Hardeman County,34.289904,-99.745697,No,3952,1,1181,1,3,30101,18763.0,2143.0,5.0,2465,8630.0,54107.0,14.0,1590,7312363.0,1850.0,152718452.0,38643.0
48,TX,"Hardin County, TX",48199,Hardin County,30.329648,-94.393178,No,55624,7,18371,5,2,20705,338166.0,32809.0,6.0,23423,129177.0,167405.0,3.0,20408,24395954.0,439.0,500902110.0,9005.0
48,TX,"Harris County, TX",48201,Harris County,29.857273,-95.393037,No,4434257,18,4090870,18,2,21818,21034157.0,2334458.0,5.0,1665977,9675224.0,27595075.0,6.0,1536259,2202950895.0,497.0,42687057588.0,9627.0
48,TX,"Harrison County, TX",48203,Harrison County,32.547991,-94.374434,No,66431,8,38780,7,3,30807,354767.0,34353.0,5.0,31409,201931.0,333596.0,5.0,23473,43069743.0,648.0,975767056.0,14688.0
48,TX,"Hartley County, TX",48205,Hartley County,35.840244,-102.610047,No,5966,2,2517,1,4,40201,21638.0,2168.0,4.0,2064,12316.0,72429.0,12.0,1812,6482138.0,1087.0,136300241.0,22846.0
48,TX,"Haskell County, TX",48207,Haskell County,33.175965,-99.730773,No,5812,2,2077,1,3,30201,28475.0,3259.0,5.0,3403,13098.0,58344.0,10.0,2193,5052445.0,869.0,103444233.0,17798.0
48,TX,"Hays County, TX",48209,Hays County,30.061225,-98.029267,No,185686,10,106862,9,2,21009,853760.0,89404.0,5.0,70320,392710.0,798226.0,4.0,64324,98008132.0,528.0,1950880679.0,10506.0
48,TX,"Hemphill County, TX",48211,Hemphill County,35.815956,-100.27921,No,4151,1,2750,1,3,30101,18044.0,1815.0,4.0,1774,10271.0,46004.0,11.0,1374,3321187.0,800.0,69515652.0,16747.0
48,TX,"Henderson County, TX",48213,Henderson County,32.211633,-95.853418,No,79213,8,26170,6,3,30806,478942.0,53446.0,6.0,39426,220302.0,263567.0,3.0,29785,38224475.0,483.0,739953306.0,9341.0
48,TX,"Hidalgo County, TX",48215,Hidalgo County,26.396384,-98.18099,No,828334,14,389652,12,2,21412,3057853.0,362305.0,4.0,261974,1406542.0,1582585.0,2.0,227477,278354709.0,336.0,5280802652.0,6375.0
48,TX,"Hill County, TX",48217,Hill County,31.982681,-97.130668,No,34901,6,14656,4,2,20604,186110.0,20790.0,5.0,20948,85606.0,189523.0,5.0,12806,35324907.0,1012.0,839633374.0,24058.0
48,TX,"Hockley County, TX",48219,Hockley County,33.605932,-102.343398,No,23377,5,13017,4,4,40504,96806.0,9675.0,4.0,9700,55101.0,259672.0,11.0,8103,15561727.0,666.0,312984056.0,13389.0
48,TX,"Hood County, TX",48221,Hood County,32.430149,-97.831677,No,54217,7,28597,6,3,30706,303380.0,33583.0,6.0,42815,139548.0,154285.0,3.0,21040,19478484.0,359.0,386262566.0,7124.0
48,TX,"Hopkins County, TX",48223,Hopkins County,33.148959,-95.565194,No,35844,6,21486,5,3,30605,197275.0,22007.0,6.0,17984,112287.0,188400.0,5.0,13259,26364647.0,736.0,627917684.0,17518.0
48,TX,"Houston County, TX",48225,Houston County,31.323036,-95.4216,No,22802,5,6435,2,2,20502,118305.0,13213.0,5.0,13350,54417.0,111341.0,5.0,8221,11325596.0,497.0,232796110.0,10209.0
48,TX,"Howard County, TX",48227,Howard County,32.303471,-101.438772,No,36423,6,17864,5,3,30605,159717.0,17891.0,4.0,12967,73466.0,335301.0,9.0,11229,21819249.0,599.0,496346407.0,13627.0
48,TX,"Hudspeth County, TX",48229,Hudspeth County,31.450868,-105.377549,No,3481,1,420,1,3,30101,11901.0,1491.0,3.0,1511,5474.0,6767.0,2.0,940,20564497.0,5908.0,565050396.0,162324.0
48,TX,"Hunt County, TX",48231,Hunt County,33.123292,-96.084202,No,89068,9,47041,7,3,30907,479146.0,53649.0,5.0,39138,220396.0,517835.0,6.0,31154,55866537.0,627.0,1232303924.0,13836.0
48,TX,"Hutchinson County, TX",48233,Hutchinson County,35.837047,-101.362746,No,21782,5,12934,4,4,40504,93310.0,9365.0,4.0,11067,53111.0,308564.0,14.0,7910,9693915.0,445.0,186913098.0,8581.0
48,TX,"Irion County, TX",48235,Irion County,31.303424,-100.981304,No,1631,1,871,1,3,30101,8928.0,1130.0,5.0,856,4107.0,8097.0,5.0,632,5392893.0,3306.0,122073887.0,74846.0
48,TX,"Jack County, TX",48237,Jack County,33.232093,-98.171609,No,8866,3,4092,1,3,30301,46951.0,5245.0,5.0,4063,21596.0,60490.0,7.0,3066,5825868.0,657.0,126314010.0,14247.0
48,TX,"Jackson County, TX",48239,Jackson County,28.959802,-96.58908,No,14678,4,7329,2,2,20402,76988.0,9261.0,5.0,6608,35413.0,55175.0,4.0,5164,15237522.0,1038.0,321489237.0,21903.0
48,TX,"Jasper County, TX",48241,Jasper County,30.752932,-94.022294,No,35640,6,16694,4,2,20604,206213.0,20191.0,6.0,18584,78772.0,102503.0,3.0,11910,18377957.0,516.0,386090007.0,10833.0
48,TX,"Jeff Davis County, TX",48243,Jeff Davis County,30.621957,-104.191304,No,2221,1,759,1,3,30101,10846.0,1312.0,5.0,1628,4989.0,17317.0,8.0,1013,4614308.0,2078.0,107125071.0,48233.0
48,TX,"Jefferson County, TX",48245,Jefferson County,29.854,-94.149331,No,252993,11,206434,11,2,21111,1279590.0,123853.0,5.0,106081,488795.0,1785497.0,7.0,94097,132304215.0,523.0,2576309864.0,10183.0
48,TX,"Jim Hogg County, TX",48247,Jim Hogg County,27.041212,-98.700127,No,5218,2,2015,1,2,20201,22547.0,2716.0,4.0,2362,8613.0,15301.0,3.0,1592,3819289.0,732.0,80272145.0,15384.0
48,TX,"Jim Wells County, TX",48249,Jim Wells County,27.733516,-98.090814,No,41486,7,26169,6,2,20706,212019.0,25589.0,5.0,20450,97524.0,153914.0,4.0,13557,19547936.0,471.0,419473847.0,10111.0
48,TX,"Johnson County, TX",48251,Johnson County,32.379821,-97.364959,No,157544,10,73206,8,3,31008,812805.0,90643.0,5.0,67364,373872.0,615717.0,4.0,53880,62909447.0,399.0,1268248020.0,8050.0
48,TX,"Jones County, TX",48253,Jones County,32.743709,-99.87443,No,19944,5,4511,1,3,30501,78570.0,8970.0,4.0,7304,36141.0,109716.0,6.0,5580,9841259.0,493.0,202407660.0,10149.0
48,TX,"Karnes County, TX",48255,Karnes County,28.908996,-97.852205,No,14984,4,9237,3,2,20403,60867.0,7303.0,4.0,5820,27997.0,55552.0,4.0,4288,12313559.0,822.0,261709177.0,17466.0
48,TX,"Kaufman County, TX",48257,Kaufman County,32.598944,-96.288378,No,111830,9,48520,7,3,30907,592975.0,66171.0,5.0,38768,272755.0,614701.0,5.0,35739,75187123.0,672.0,1545555721.0,13821.0
48,TX,"Kendall County, TX",48259,Kendall County,29.943525,-98.709269,No,39010,7,24690,5,3,30705,193967.0,19810.0,5.0,15010,89220.0,113496.0,3.0,13390,18513037.0,475.0,426004479.0,10920.0
48,TX,"Kenedy County, TX",48261,Kenedy County,26.890213,-97.591143,No,558,1,271,1,2,20101,2414.0,282.0,4.0,448,1110.0,1109.0,2.0,170,6450204.0,11560.0,141151271.0,252959.0
48,TX,"Kent County, TX",48263,Kent County,33.18478,-100.76972,No,667,1,96,1,3,30101,4170.0,466.0,6.0,483,1918.0,2143.0,3.0,284,1255916.0,1883.0,26647702.0,39952.0
48,TX,"Kerr County, TX",48265,Kerr County,30.059953,-99.353339,No,50505,7,32015,6,3,30706,254224.0,24908.0,5.0,30024,116937.0,196671.0,4.0,20476,21729290.0,430.0,472006177.0,9346.0
48,TX,"Kimble County, TX",48267,Kimble County,30.479472,-99.746396,No,4453,1,1836,1,3,30101,31108.0,3370.0,7.0,3444,14309.0,48015.0,11.0,2119,8668647.0,1947.0,233695822.0,52481.0
48,TX,"King County, TX",48269,King County,33.614268,-100.245345,No,274,1,0,1,3,30101,1047.0,99.0,4.0,170,482.0,1185.0,4.0,114,1838144.0,6709.0,40925437.0,149363.0
48,TX,"Kinney County, TX",48271,Kinney County,29.347086,-100.4177,No,3578,1,611,1,2,20101,14750.0,1710.0,4.0,1801,6785.0,16022.0,4.0,1139,5163745.0,1443.0,110025912.0,30751.0
48,TX,"Kleberg County, TX",48273,Kleberg County,27.438735,-97.66062,No,31877,6,13880,4,2,20604,158634.0,19128.0,5.0,14415,72968.0,128867.0,4.0,10777,17157227.0,538.0,354547836.0,11122.0
48,TX,"Knox County, TX",48275,Knox County,33.616657,-99.747112,No,3807,1,1160,1,3,30101,15823.0,1895.0,4.0,2019,7278.0,38287.0,10.0,1374,2936724.0,771.0,60469926.0,15884.0
48,TX,"Lamar County, TX",48277,Lamar County,33.667263,-95.570348,No,49626,7,34034,6,3,30706,272850.0,30502.0,5.0,25871,125505.0,337437.0,7.0,19077,24263530.0,489.0,477361842.0,9619.0
48,TX,"Lamb County, TX",48279,Lamb County,34.068861,-102.348018,No,13561,4,4071,1,4,40401,54487.0,5434.0,4.0,6367,31013.0,174557.0,13.0,4817,10195872.0,752.0,202342721.0,14921.0
48,TX,"Lampasas County, TX",48281,Lampasas County,31.196731,-98.240889,No,20357,5,7286,2,3,30502,108952.0,12076.0,5.0,8960,50115.0,81856.0,4.0,7583,11320676.0,556.0,233880471.0,11489.0
48,TX,"La Salle County, TX",48283,La Salle County,28.351098,-99.096774,No,7319,2,5517,2,2,20202,27509.0,3300.0,4.0,3103,12653.0,9614.0,1.0,2101,14724786.0,2012.0,399057342.0,54523.0
48,TX,"Lavaca County, TX",48285,Lavaca County,29.382578,-96.923633,No,19654,5,11033,3,2,20503,107238.0,12219.0,5.0,11563,49327.0,82854.0,4.0,7741,11600142.0,590.0,240736188.0,12249.0
48,TX,"Lee County, TX",48287,Lee County,30.321078,-96.976321,No,16754,4,11192,3,2,20403,87220.0,9351.0,5.0,7598,40119.0,69317.0,4.0,6014,8931966.0,533.0,189965103.0,11338.0
48,TX,"Leon County, TX",48289,Leon County,31.300493,-95.995622,No,16923,5,8763,3,2,20503,94625.0,10391.0,6.0,9853,43525.0,57136.0,3.0,6279,23552685.0,1392.0,591904773.0,34976.0
48,TX,"Liberty County, TX",48291,Liberty County,30.158451,-94.844078,No,78598,8,25083,5,2,20805,452526.0,44488.0,6.0,29435,172862.0,215110.0,3.0,25611,41169583.0,524.0,817532479.0,10401.0
48,TX,"Limestone County, TX",48293,Limestone County,31.547543,-96.593623,No,23469,5,10050,3,2,20503,113399.0,12461.0,5.0,10589,52161.0,141784.0,6.0,8046,12760757.0,544.0,257215077.0,10960.0
48,TX,"Lipscomb County, TX",48295,Lipscomb County,36.2802,-100.272683,No,3507,1,1308,1,4,40101,14860.0,1495.0,4.0,1540,8458.0,67132.0,19.0,1235,2693830.0,768.0,54042762.0,15410.0
48,TX,"Live Oak County, TX",48297,Live Oak County,28.351535,-98.126961,No,11976,4,5526,2,2,20402,55605.0,6699.0,5.0,7027,25577.0,20552.0,2.0,3670,18650534.0,1557.0,500925117.0,41827.0
48,TX,"Llano County, TX",48299,Llano County,30.707584,-98.68469,No,19624,5,7279,2,3,30502,124956.0,13012.0,6.0,14806,57477.0,69349.0,4.0,8796,10199020.0,520.0,206293300.0,10512.0
48,TX,"Loving County, TX",48301,Loving County,31.844936,-103.561229,No,76,1,10,1,3,30101,457.0,51.0,6.0,63,210.0,237.0,3.0,37,2399832.0,31577.0,48466928.0,637723.0
48,TX,"Lubbock County, TX",48303,Lubbock County,33.611469,-101.819944,No,294682,12,227230,11,3,31211,1357705.0,136274.0,5.0,126508,772796.0,3200379.0,11.0,109024,122044231.0,414.0,2276430670.0,7725.0
48,TX,"Lynn County, TX",48305,Lynn County,33.178412,-101.818493,No,5723,2,1102,1,3,30201,25469.0,2609.0,4.0,2795,14497.0,70898.0,12.0,2157,7590239.0,1326.0,157084580.0,27448.0
48,TX,"McCulloch County, TX",48307,McCulloch County,31.205477,-99.359856,No,8242,3,4270,1,3,30301,40796.0,5130.0,5.0,4235,18765.0,79025.0,10.0,3101,7315002.0,888.0,151411488.0,18371.0
48,TX,"McLennan County, TX",48309,McLennan County,31.549493,-97.201472,No,243394,11,209464,11,2,21111,1192892.0,132963.0,5.0,96485,548702.0,1503738.0,6.0,87185,145155716.0,596.0,2875540734.0,11814.0
48,TX,"McMullen County, TX",48311,McMullen County,28.384922,-98.578853,No,671,1,1044,1,2,20101,3113.0,375.0,5.0,670,1432.0,1191.0,2.0,233,4125858.0,6149.0,100329331.0,149522.0
48,TX,"Madison County, TX",48313,Madison County,30.966878,-95.930372,No,13843,4,5820,2,2,20402,64370.0,6372.0,5.0,5162,24589.0,58395.0,4.0,4121,14748996.0,1065.0,389710939.0,28152.0
48,TX,"Marion County, TX",48315,Marion County,32.798182,-94.356853,No,10191,3,3374,1,3,30301,64314.0,6399.0,6.0,7006,36607.0,48076.0,5.0,4387,5109441.0,501.0,104427149.0,10247.0
48,TX,"Martin County, TX",48317,Martin County,32.30983,-101.961836,No,5451,2,2197,1,3,30201,26156.0,2930.0,5.0,1896,12031.0,39842.0,7.0,1629,8758276.0,1607.0,217763556.0,39949.0
48,TX,"Mason County, TX",48319,Mason County,30.703229,-99.237613,No,4064,1,1555,1,3,30101,22593.0,2739.0,6.0,2721,10392.0,21773.0,5.0,1688,3752161.0,923.0,79956349.0,19674.0
48,TX,"Matagorda County, TX",48321,Matagorda County,28.77476,-96.001532,No,36719,6,14894,4,2,20604,202669.0,23998.0,6.0,19104,93223.0,181964.0,5.0,13666,17749013.0,483.0,354691586.0,9660.0
48,TX,"Maverick County, TX",48323,Maverick County,28.729787,-100.316678,No,56830,7,25034,5,2,20705,228323.0,27529.0,4.0,18063,105023.0,165681.0,3.0,16221,22890153.0,403.0,445613843.0,7841.0
48,TX,"Medina County, TX",48325,Medina County,29.353661,-99.111085,No,47920,7,14297,4,2,20704,227216.0,25626.0,5.0,18122,104514.0,111407.0,2.0,15104,23070390.0,481.0,513331106.0,10712.0
48,TX,"Menard County, TX",48327,Menard County,30.884392,-99.853962,No,2163,1,334,1,3,30101,12416.0,1383.0,6.0,1640,5711.0,13974.0,6.0,936,2430293.0,1124.0,52017661.0,24049.0
48,TX,"Midland County, TX",48329,Midland County,31.870896,-102.024326,No,155817,10,162206,10,3,31010,836248.0,93560.0,5.0,57134,384655.0,1472048.0,9.0,53960,77562100.0,498.0,1571158709.0,10083.0
48,TX,"Milam County, TX",48331,Milam County,30.791242,-96.984395,No,24372,5,8948,3,2,20503,132396.0,14509.0,5.0,11225,60899.0,162707.0,7.0,9423,15247231.0,626.0,315916195.0,12962.0
48,TX,"Mills County, TX",48333,Mills County,31.494888,-98.594623,No,4871,1,1548,1,3,30101,25128.0,3244.0,5.0,2843,11558.0,25010.0,5.0,1875,4400551.0,903.0,96937385.0,19901.0
48,TX,"Mitchell County, TX",48335,Mitchell County,32.304117,-100.924392,No,8995,3,2100,1,3,30301,37629.0,4217.0,4.0,4613,17309.0,58356.0,6.0,2660,10437008.0,1160.0,268995574.0,29905.0
48,TX,"Montague County, TX",48337,Montague County,33.678356,-97.725014,No,19384,5,7447,2,3,30502,118585.0,13244.0,6.0,10025,54546.0,156761.0,8.0,8083,12783179.0,659.0,266684323.0,13758.0
48,TX,"Montgomery County, TX",48339,Montgomery County,30.300611,-95.494719,No,518849,13,310900,12,2,21312,2800028.0,282403.0,5.0,193689,1287948.0,3254554.0,6.0,179587,215797208.0,416.0,4597162374.0,8860.0
48,TX,"Moore County, TX",48341,Moore County,35.835676,-101.890502,No,22186,5,15284,4,4,40504,79845.0,8005.0,4.0,8308,45447.0,270163.0,12.0,6772,10005551.0,451.0,196384482.0,8852.0
48,TX,"Morris County, TX",48343,Morris County,33.116466,-94.731265,No,12653,4,6565,2,3,30402,76814.0,7637.0,6.0,6740,43722.0,97194.0,8.0,5015,8361408.0,661.0,199637496.0,15778.0
48,TX,"Motley County, TX",48345,Motley County,34.057899,-100.793152,No,1022,1,208,1,3,30101,4814.0,552.0,5.0,832,2214.0,4221.0,4.0,475,1754972.0,1717.0,37373173.0,36569.0
48,TX,"Nacogdoches County, TX",48347,Nacogdoches County,31.62056,-94.62025,No,65556,8,35846,6,3,30806,319133.0,35615.0,5.0,28113,146794.0,304389.0,5.0,23942,31217454.0,476.0,617483641.0,9419.0
48,TX,"Navarro County, TX",48349,Navarro County,32.048448,-96.476909,No,48177,7,26748,6,3,30706,252413.0,28158.0,5.0,25197,116104.0,328700.0,7.0,17409,39509092.0,820.0,796099390.0,16524.0
48,TX,"Newton County, TX",48351,Newton County,30.786718,-93.73925,No,14138,4,1955,1,2,20401,76244.0,7824.0,5.0,7808,29125.0,41315.0,3.0,4629,6405744.0,453.0,134712848.0,9528.0
48,TX,"Nolan County, TX",48353,Nolan County,32.312338,-100.418108,No,15017,4,8718,3,3,30403,76841.0,8616.0,5.0,8096,35345.0,138624.0,9.0,5625,16243871.0,1082.0,392682961.0,26149.0
48,TX,"Nueces County, TX",48355,Nueces County,27.738737,-97.51866,No,355667,12,292686,12,2,21212,1849726.0,222927.0,5.0,149820,850831.0,1848232.0,5.0,128133,172184698.0,484.0,3246473889.0,9128.0
48,TX,"Ochiltree County, TX",48357,Ochiltree County,36.278744,-100.815864,No,10577,3,7357,2,4,40302,43235.0,4339.0,4.0,4246,24609.0,248320.0,23.0,3587,4461881.0,422.0,86731776.0,8200.0
48,TX,"Oldham County, TX",48359,Oldham County,35.401921,-102.59762,No,2069,1,718,1,4,40101,7723.0,774.0,4.0,834,4396.0,21039.0,10.0,616,11355050.0,5488.0,323709250.0,156457.0
48,TX,"Orange County, TX",48361,Orange County,30.122323,-93.8941,No,83751,8,38494,7,2,20807,503323.0,48717.0,6.0,35747,192266.0,415508.0,5.0,32269,52734727.0,630.0,1055910156.0,12608.0
48,TX,"Palo Pinto County, TX",48363,Palo Pinto County,32.752204,-98.317967,No,27922,6,11732,4,3,30604,138800.0,15463.0,5.0,17100,63845.0,177002.0,6.0,10416,16283942.0,583.0,403324802.0,14445.0
48,TX,"Panola County, TX",48365,Panola County,32.163978,-94.305156,No,23771,5,13399,4,3,30504,135248.0,13899.0,6.0,12297,76982.0,166301.0,7.0,8905,14437036.0,607.0,300058101.0,12623.0
48,TX,"Parker County, TX",48367,Parker County,32.777096,-97.805905,No,123601,9,57040,8,3,30908,693903.0,77226.0,6.0,53691,319179.0,399360.0,3.0,43270,66110638.0,535.0,1429944235.0,11569.0
48,TX,"Parmer County, TX",48369,Parmer County,34.532163,-102.784853,No,9921,3,4568,1,4,40301,38027.0,3818.0,4.0,3950,21645.0,132221.0,13.0,3219,8281611.0,835.0,165419011.0,16674.0
48,TX,"Pecos County, TX",48371,Pecos County,30.770894,-102.71986,No,15826,4,7745,3,3,30403,56590.0,6574.0,4.0,5528,26030.0,92901.0,6.0,4334,20734623.0,1310.0,504468090.0,31876.0
48,TX,"Polk County, TX",48373,Polk County,30.784553,-94.837338,No,46583,7,16842,4,2,20704,283624.0,28427.0,6.0,26551,108342.0,150216.0,3.0,17790,23453579.0,503.0,478892545.0,10280.0
48,TX,"Potter County, TX",48375,Potter County,35.398675,-101.893804,No,121883,9,122761,9,4,40909,437727.0,43902.0,4.0,51125,249151.0,1689525.0,14.0,43154,64880216.0,532.0,1257012096.0,10313.0
48,TX,"Presidio County, TX",48377,Presidio County,30.005891,-104.261619,No,7144,2,1760,1,3,30201,27450.0,3320.0,4.0,3908,12626.0,258680.0,36.0,2565,6199054.0,868.0,125524535.0,17571.0
48,TX,"Rains County, TX",48379,Rains County,32.87058,-95.79544,No,11087,3,2649,1,3,30301,65642.0,7330.0,6.0,8366,30194.0,30501.0,3.0,4252,6181312.0,558.0,128175105.0,11561.0
48,TX,"Randall County, TX",48381,Randall County,34.962529,-101.895547,No,128603,10,64510,8,4,41008,553875.0,55559.0,4.0,55724,315262.0,1701130.0,13.0,48893,41574686.0,323.0,835118545.0,6494.0
48,TX,"Reagan County, TX",48383,Reagan County,31.375191,-101.514395,No,3625,1,2992,1,3,30101,19169.0,2154.0,5.0,1356,8817.0,27483.0,8.0,1190,8280678.0,2284.0,177646601.0,49006.0
48,TX,"Real County, TX",48385,Real County,29.830097,-99.812549,No,3348,1,1375,1,2,20101,15573.0,1788.0,5.0,2697,7163.0,10655.0,3.0,1192,2582825.0,771.0,53607250.0,16012.0
48,TX,"Red River County, TX",48387,Red River County,33.619625,-95.048429,No,12455,4,2509,1,3,30401,72499.0,8095.0,6.0,10851,33348.0,87327.0,7.0,5163,7411238.0,595.0,153609038.0,12333.0
48,TX,"Reeves County, TX",48389,Reeves County,31.308366,-103.712706,No,14438,4,6917,2,3,30402,44783.0,5197.0,3.0,4571,20599.0,110998.0,8.0,3764,20058824.0,1389.0,487983197.0,33799.0
48,TX,"Refugio County, TX",48391,Refugio County,28.312716,-97.161366,No,7315,2,3453,1,2,20201,42205.0,5079.0,6.0,3728,19413.0,39228.0,5.0,2761,11928291.0,1631.0,259553529.0,35482.0
48,TX,"Roberts County, TX",48393,Roberts County,35.836216,-100.807555,No,939,1,138,1,4,40101,4505.0,453.0,5.0,434,2564.0,10993.0,12.0,342,2104801.0,2242.0,44290681.0,47168.0
48,TX,"Robertson County, TX",48395,Robertson County,31.025481,-96.514941,No,16537,4,5343,2,2,20402,92825.0,10174.0,6.0,8766,42698.0,108621.0,7.0,6366,15781289.0,954.0,334825608.0,20247.0
48,TX,"Rockwall County, TX",48397,Rockwall County,32.898677,-96.404402,No,88010,9,51292,7,3,30907,500001.0,55787.0,6.0,30393,229989.0,769716.0,9.0,29392,47294421.0,537.0,918540003.0,10437.0
48,TX,"Runnels County, TX",48399,Runnels County,31.845112,-99.982715,No,10411,3,4237,1,3,30301,50403.0,5709.0,5.0,5198,23184.0,111020.0,11.0,3792,7178058.0,689.0,151959904.0,14596.0
48,TX,"Rusk County, TX",48401,Rusk County,32.109423,-94.756382,No,53197,7,20795,5,3,30705,269137.0,28909.0,5.0,25790,153191.0,345911.0,7.0,17795,20467327.0,385.0,417738460.0,7853.0
48,TX,"Sabine County, TX",48403,Sabine County,31.3433,-93.851913,No,10367,3,2604,1,3,30301,49952.0,5964.0,5.0,8981,22977.0,33132.0,3.0,3682,3963878.0,382.0,81613924.0,7872.0
48,TX,"San Augustine County, TX",48405,San Augustine County,31.382449,-94.16318,No,8556,3,2117,1,3,30301,45070.0,5097.0,5.0,5992,20731.0,34394.0,4.0,2972,5123688.0,599.0,105287863.0,12306.0
48,TX,"San Jacinto County, TX",48407,San Jacinto County,30.574388,-95.163136,No,27172,6,2139,1,2,20601,159609.0,16064.0,6.0,14747,60970.0,53870.0,2.0,9631,11108331.0,409.0,232558035.0,8559.0
48,TX,"San Patricio County, TX",48409,San Patricio County,28.011794,-97.517157,No,66706,8,31331,6,2,20806,369702.0,44550.0,6.0,27181,170054.0,300294.0,5.0,23237,40942886.0,614.0,872965076.0,13087.0
48,TX,"San Saba County, TX",48411,San Saba County,31.155138,-98.819292,No,5881,2,1743,1,3,30201,26353.0,3472.0,4.0,3158,12122.0,29541.0,5.0,2110,3660015.0,622.0,76259093.0,12967.0
48,TX,"Schleicher County, TX",48413,Schleicher County,30.896233,-100.527216,No,3171,1,669,1,3,30101,16842.0,1833.0,5.0,1494,7747.0,27327.0,9.0,1091,3439870.0,1085.0,74033027.0,23347.0
48,TX,"Scurry County, TX",48415,Scurry County,32.744353,-100.913346,No,17314,5,9828,3,3,30503,84631.0,9459.0,5.0,7093,38928.0,132703.0,8.0,5908,11025976.0,637.0,232120135.0,13406.0
48,TX,"Shackelford County, TX",48417,Shackelford County,32.74382,-99.347005,No,3323,1,2036,1,3,30101,18943.0,2120.0,6.0,1737,8713.0,27247.0,8.0,1317,3643017.0,1096.0,77441760.0,23305.0
48,TX,"Shelby County, TX",48419,Shelby County,31.790139,-94.142579,No,25705,6,12467,4,3,30604,146575.0,15224.0,6.0,13359,83430.0,134728.0,5.0,9120,15593629.0,607.0,316938561.0,12330.0
48,TX,"Sherman County, TX",48421,Sherman County,36.278593,-101.899265,No,3069,1,653,1,4,40101,12257.0,1228.0,4.0,1393,6977.0,41802.0,14.0,1017,4744742.0,1546.0,100054486.0,32602.0
48,TX,"Smith County, TX",48423,Smith County,32.375106,-95.268743,No,219745,11,182888,10,3,31110,1093900.0,121977.0,5.0,89407,503168.0,1345594.0,6.0,78040,121321056.0,552.0,2489430005.0,11329.0
48,TX,"Somervell County, TX",48425,Somervell County,32.218071,-97.769217,No,8673,3,5938,2,3,30302,46253.0,5156.0,5.0,5798,21275.0,31423.0,4.0,3241,4665890.0,538.0,97257978.0,11214.0
48,TX,"Starr County, TX",48427,Starr County,26.530903,-98.740235,No,63008,8,17350,5,2,20805,229608.0,27569.0,4.0,19675,105614.0,53019.0,1.0,16219,23287973.0,370.0,459545976.0,7293.0
48,TX,"Stephens County, TX",48429,Stephens County,32.736306,-98.836119,No,9787,3,4017,1,3,30301,48611.0,5430.0,5.0,4860,22360.0,63811.0,7.0,3338,4458881.0,456.0,92942199.0,9496.0
48,TX,"Sterling County, TX",48431,Sterling County,31.835773,-101.054911,No,1233,1,589,1,3,30101,6963.0,782.0,6.0,585,3203.0,9860.0,8.0,453,4544145.0,3685.0,101722846.0,82500.0
48,TX,"Stonewall County, TX",48433,Stonewall County,33.17958,-100.253807,No,1233,1,641,1,3,30101,6851.0,785.0,6.0,884,3151.0,3962.0,3.0,501,2665918.0,2162.0,58115957.0,47134.0
48,TX,"Sutton County, TX",48435,Sutton County,30.51768,-100.50527,No,3936,1,2008,1,3,30101,21564.0,2339.0,5.0,2005,9919.0,39348.0,10.0,1481,8739222.0,2220.0,245999541.0,62500.0
48,TX,"Swisher County, TX",48437,Swisher County,34.526319,-101.743862,No,7639,3,1929,1,4,40301,29091.0,2925.0,4.0,3350,16559.0,111901.0,15.0,2630,7735339.0,1013.0,187237785.0,24511.0
48,TX,"Tarrant County, TX",48439,Tarrant County,32.772119,-97.291224,No,1947529,16,1542176,16,3,31616,9738677.0,1086087.0,5.0,739524,4479565.0,14575028.0,7.0,682967,972817239.0,500.0,18289611792.0,9391.0
48,TX,"Taylor County, TX",48441,Taylor County,32.297327,-99.890179,No,135234,10,111157,9,3,31009,601156.0,71372.0,4.0,58575,276518.0,1211318.0,9.0,49489,64137895.0,474.0,1268996489.0,9384.0
48,TX,"Terrell County, TX",48443,Terrell County,30.232343,-102.072513,No,778,1,62,1,3,30101,4603.0,544.0,6.0,759,2117.0,32347.0,42.0,396,1912120.0,2458.0,53122516.0,68281.0
48,TX,"Terry County, TX",48445,Terry County,33.171229,-102.339284,No,12724,4,4892,1,3,30401,44313.0,4576.0,3.0,5076,25223.0,163376.0,13.0,4214,11943736.0,939.0,243447629.0,19133.0
48,TX,"Throckmorton County, TX",48447,Throckmorton County,33.170695,-99.205796,No,1520,1,404,1,3,30101,10028.0,1122.0,7.0,1055,4613.0,11816.0,8.0,725,2271712.0,1495.0,47553817.0,31285.0
48,TX,"Titus County, TX",48449,Titus County,33.214599,-94.966783,No,32592,6,26940,6,3,30606,165288.0,17023.0,5.0,13450,94081.0,141672.0,4.0,10573,22046821.0,676.0,505394912.0,15507.0
48,TX,"Tom Green County, TX",48451,Tom Green County,31.398823,-100.463788,No,116264,9,79568,8,3,30908,508021.0,60132.0,4.0,47090,233678.0,820217.0,7.0,43311,47625144.0,410.0,924788521.0,7954.0
48,TX,"Travis County, TX",48453,Travis County,30.239513,-97.69127,No,1148176,15,1165778,15,2,21515,4865369.0,519327.0,4.0,475358,2237957.0,8456510.0,7.0,437831,589842826.0,514.0,11200366898.0,9755.0
48,TX,"Trinity County, TX",48455,Trinity County,31.096675,-95.151687,No,14360,4,3061,1,2,20401,85395.0,8699.0,6.0,9629,32620.0,50446.0,4.0,5459,7056751.0,491.0,146306530.0,10188.0
48,TX,"Tyler County, TX",48457,Tyler County,30.769295,-94.375656,No,21371,5,4489,1,2,20501,128768.0,12874.0,6.0,11724,49189.0,46306.0,2.0,7608,9422834.0,441.0,197100166.0,9223.0
48,TX,"Upshur County, TX",48459,Upshur County,32.735349,-94.941184,No,40295,7,9170,3,3,30703,213628.0,21421.0,5.0,18762,121595.0,162722.0,4.0,13941,17678356.0,439.0,367660134.0,9124.0
48,TX,"Upton County, TX",48461,Upton County,31.353816,-102.041546,No,3475,1,2084,1,3,30101,19286.0,2161.0,6.0,1544,8871.0,26813.0,8.0,1263,4279842.0,1232.0,94127661.0,27087.0
48,TX,"Uvalde County, TX",48463,Uvalde County,29.350308,-99.768427,No,27055,6,17505,5,2,20605,114717.0,13759.0,4.0,11025,52767.0,72185.0,3.0,8512,13629952.0,504.0,278036539.0,10277.0
48,TX,"Val Verde County, TX",48465,Val Verde County,29.875285,-101.143324,No,48862,7,21334,5,2,20705,202981.0,24357.0,4.0,18860,93366.0,81485.0,2.0,14977,15552802.0,318.0,304577461.0,6233.0
48,TX,"Van Zandt County, TX",48467,Van Zandt County,32.558787,-95.836906,No,53070,7,16047,4,3,30704,293348.0,32712.0,6.0,25195,134933.0,196691.0,4.0,19059,39788605.0,750.0,931716442.0,17556.0
48,TX,"Victoria County, TX",48469,Victoria County,28.79637,-96.971198,No,90989,9,68640,8,2,20908,464043.0,55842.0,5.0,36262,213449.0,392366.0,4.0,32513,42764251.0,470.0,862820155.0,9483.0
48,TX,"Walker County, TX",48471,Walker County,30.743163,-95.569825,No,69926,8,24177,5,2,20805,294391.0,29090.0,4.0,25061,112456.0,148745.0,2.0,20695,43390626.0,621.0,967254671.0,13833.0
48,TX,"Waller County, TX",48473,Waller County,30.013578,-95.982102,No,47049,7,21429,5,2,20705,231571.0,25155.0,5.0,15998,88459.0,129863.0,3.0,14082,32932362.0,700.0,742683732.0,15785.0
48,TX,"Ward County, TX",48475,Ward County,31.513069,-103.105113,No,11396,4,6915,2,3,30402,52437.0,5862.0,5.0,4676,24120.0,100398.0,9.0,3926,13364575.0,1173.0,339558672.0,29796.0
48,TX,"Washington County, TX",48477,Washington County,30.215075,-96.410272,No,34544,6,25131,5,2,20605,181059.0,17784.0,5.0,15779,83283.0,137457.0,4.0,11984,21901096.0,634.0,457683089.0,13249.0
48,TX,"Webb County, TX",48479,Webb County,27.760799,-99.340752,No,266006,11,154538,10,2,21110,1053768.0,126965.0,4.0,78308,484709.0,840778.0,3.0,71092,93339935.0,351.0,1815756960.0,6826.0
48,TX,"Wharton County, TX",48481,Wharton County,29.27848,-96.229674,No,41377,7,22788,5,2,20705,235141.0,26829.0,6.0,17297,108159.0,225625.0,5.0,14979,30226336.0,731.0,616956538.0,14911.0
48,TX,"Wheeler County, TX",48483,Wheeler County,35.392593,-100.253107,No,5642,2,3277,1,3,30201,28909.0,2843.0,5.0,3044,16455.0,91063.0,16.0,2330,9065736.0,1607.0,236926836.0,41993.0
48,TX,"Wichita County, TX",48485,Wichita County,33.991103,-98.716851,No,132148,10,89814,9,3,31009,645284.0,72008.0,5.0,55255,296816.0,1330644.0,10.0,48615,56884642.0,430.0,1069110652.0,8090.0
48,TX,"Wilbarger County, TX",48487,Wilbarger County,34.08492,-99.24244,No,13061,4,5793,2,3,30402,68914.0,7713.0,5.0,6190,31699.0,151341.0,12.0,5219,11561747.0,885.0,245124864.0,18768.0
48,TX,"Willacy County, TX",48489,Willacy County,26.480381,-97.583256,No,21944,5,3528,1,2,20501,90556.0,10538.0,4.0,7177,41653.0,387317.0,18.0,5798,7980619.0,364.0,173732745.0,7917.0
48,TX,"Williamson County, TX",48491,Williamson County,30.64903,-97.605069,No,490619,13,302286,12,2,21312,2136392.0,237392.0,4.0,191235,982691.0,3829703.0,8.0,165425,225479812.0,460.0,4371447267.0,8910.0
48,TX,"Wilson County, TX",48493,Wilson County,29.173883,-98.086734,No,46444,7,12701,4,2,20704,239518.0,26430.0,5.0,27617,110173.0,99884.0,2.0,15474,16797570.0,362.0,356486337.0,7676.0
48,TX,"Winkler County, TX",48495,Winkler County,31.831415,-103.055986,No,7723,3,3502,1,3,30301,32932.0,3685.0,4.0,2973,15148.0,96791.0,13.0,2623,8420073.0,1090.0,176222536.0,22818.0
48,TX,"Wise County, TX",48497,Wise County,33.219095,-97.653997,No,62089,8,36064,6,3,30806,359535.0,39921.0,6.0,23649,165378.0,223313.0,4.0,21427,39484830.0,636.0,815475150.0,13134.0
48,TX,"Wood County, TX",48499,Wood County,32.783588,-95.382166,No,43198,7,17447,5,3,30705,250186.0,26484.0,6.0,27552,115080.0,177207.0,4.0,16097,18891640.0,437.0,383256476.0,8872.0
48,TX,"Yoakum County, TX",48501,Yoakum County,33.162398,-102.832242,No,8316,3,4664,1,4,40301,33206.0,3595.0,4.0,3139,18901.0,86577.0,10.0,2674,4766412.0,573.0,100440575.0,12078.0
48,TX,"Young County, TX",48503,Young County,33.158788,-98.678281,No,18275,5,11253,4,3,30504,105767.0,11836.0,6.0,8544,48650.0,167383.0,9.0,7146,8192821.0,448.0,168042989.0,9195.0
48,TX,"Zapata County, TX",48505,Zapata County,26.996981,-99.182603,No,14335,4,2996,1,2,20401,67107.0,8084.0,5.0,6240,30868.0,168103.0,12.0,4501,5808143.0,405.0,123445914.0,8612.0
48,TX,"Zavala County, TX",48507,Zavala County,28.864652,-99.75983,No,12107,4,2808,1,2,20401,48351.0,5828.0,4.0,4313,22240.0,160283.0,13.0,3638,9550943.0,789.0,195685850.0,16163.0
49,UT,"Beaver County, UT",49001,Beaver County,38.357535,-113.238948,No,6437,2,3299,1,5,50201,19687.0,2282.0,3.0,2925,5853.0,133647.0,21.0,2261,10389046.0,1614.0,336096834.0,52213.0
49,UT,"Box Elder County, UT",49003,Box Elder County,41.621883,-113.043653,No,51528,7,34607,6,6,60706,144663.0,16423.0,3.0,17990,43006.0,1116202.0,22.0,16655,36369588.0,706.0,1089180479.0,21138.0
49,UT,"Cache County, UT",49005,Cache County,41.734168,-111.744568,No,118824,9,84657,8,6,60908,287938.0,32867.0,2.0,38961,85600.0,2534043.0,21.0,36093,30562045.0,257.0,814038995.0,6851.0
49,UT,"Carbon County, UT",49007,Carbon County,39.673284,-110.588484,No,20733,5,11385,4,6,60504,64551.0,7482.0,3.0,9548,19190.0,513903.0,25.0,7744,11769520.0,568.0,325944524.0,15721.0
49,UT,"Daggett County, UT",49009,Daggett County,40.890099,-109.505785,No,751,1,234,1,6,60101,1924.0,221.0,3.0,1163,572.0,4761.0,6.0,217,1372077.0,1827.0,40201259.0,53530.0
49,UT,"Davis County, UT",49011,Davis County,41.037559,-112.201943,No,329292,12,174124,10,5,51210,925125.0,106662.0,3.0,102761,275028.0,7391505.0,22.0,99495,107819696.0,327.0,2804792694.0,8518.0
49,UT,"Duchesne County, UT",49013,Duchesne County,40.289649,-110.42983,No,20078,5,11343,4,6,60504,67769.0,6489.0,3.0,9736,20147.0,299102.0,15.0,6573,12299186.0,613.0,348672424.0,17366.0
49,UT,"Emery County, UT",49015,Emery County,39.009025,-110.7211,No,10570,3,3508,1,5,50301,31455.0,3646.0,3.0,4473,9351.0,206130.0,20.0,3514,14341638.0,1357.0,442724187.0,41885.0
49,UT,"Garfield County, UT",49017,Garfield County,37.831664,-111.450908,No,5020,2,2574,1,5,50201,15207.0,1760.0,3.0,3782,4521.0,60973.0,12.0,1654,6589461.0,1313.0,190470024.0,37942.0
49,UT,"Grand County, UT",49019,Grand County,38.974326,-109.57345,No,9428,3,8832,3,5,50303,32666.0,3786.0,3.0,5033,9711.0,251861.0,27.0,3820,14950841.0,1586.0,462644304.0,49071.0
49,UT,"Iron County, UT",49021,Iron County,37.909304,-113.30674,No,47751,7,24463,5,5,50705,119853.0,13849.0,3.0,19993,35631.0,891841.0,19.0,15210,29663930.0,621.0,897907521.0,18804.0
49,UT,"Juab County, UT",49023,Juab County,39.71412,-112.790471,No,10507,3,4820,1,5,50301,28180.0,3266.0,3.0,3552,8378.0,198983.0,19.0,3155,14935288.0,1421.0,492545491.0,46878.0
49,UT,"Kane County, UT",49025,Kane County,37.275089,-111.815329,No,7216,2,5219,2,5,50202,26725.0,2836.0,4.0,5832,7945.0,62655.0,9.0,2592,7215613.0,1000.0,204387183.0,28324.0
49,UT,"Millard County, UT",49027,Millard County,39.094535,-113.525009,No,12604,4,5455,2,5,50402,36560.0,4238.0,3.0,4904,10869.0,236121.0,19.0,4163,20112146.0,1596.0,648533015.0,51455.0
49,UT,"Morgan County, UT",49029,Morgan County,41.091027,-111.577885,No,10645,3,3144,1,6,60301,29445.0,3413.0,3.0,3275,8754.0,251919.0,24.0,3079,4738919.0,445.0,155475282.0,14605.0
49,UT,"Piute County, UT",49031,Piute County,38.335881,-112.129375,No,1859,1,91,1,5,50101,4500.0,521.0,2.0,929,1338.0,31320.0,17.0,545,1632476.0,878.0,46423021.0,24972.0
49,UT,"Rich County, UT",49033,Rich County,41.627598,-111.240227,No,2284,1,754,1,6,60101,5916.0,686.0,3.0,2877,1759.0,32015.0,14.0,625,2836919.0,1242.0,81492287.0,35680.0
49,UT,"Salt Lake County, UT",49035,Salt Lake County,40.667883,-111.92424,No,1092518,15,1161621,15,5,51515,3058642.0,353812.0,3.0,374736,909296.0,25864880.0,24.0,356061,373363018.0,342.0,9841052083.0,9008.0
49,UT,"San Juan County, UT",49037,San Juan County,37.602633,-109.791574,No,15540,4,5235,2,5,50402,33153.0,3843.0,2.0,5794,9856.0,197757.0,13.0,3950,14950931.0,962.0,423381912.0,27245.0
49,UT,"Sanpete County, UT",49039,Sanpete County,39.382531,-111.572883,No,28551,6,9849,3,5,50603,69559.0,8063.0,2.0,10452,20679.0,503572.0,18.0,8082,10005231.0,350.0,278648782.0,9760.0
49,UT,"Sevier County, UT",49041,Sevier County,38.746824,-111.81193,No,20913,5,12934,4,5,50504,58789.0,6810.0,3.0,8475,17477.0,443697.0,21.0,7121,13087803.0,626.0,403605693.0,19299.0
49,UT,"Summit County, UT",49043,Summit County,40.87206,-110.968486,No,39009,7,55130,7,6,60707,136101.0,15760.0,3.0,27023,40461.0,1231531.0,32.0,14542,30400493.0,779.0,942113324.0,24151.0
49,UT,"Tooele County, UT",49045,Tooele County,40.467753,-113.123979,No,61986,8,21431,5,5,50805,176948.0,20510.0,3.0,20305,52604.0,1281761.0,21.0,19066,29967569.0,483.0,925021578.0,14923.0
49,UT,"Uintah County, UT",49047,Uintah County,40.125887,-109.517748,No,36308,6,17945,5,6,60605,118155.0,9258.0,3.0,12968,35126.0,602199.0,17.0,10722,15612250.0,430.0,437714457.0,12056.0
49,UT,"Utah County, UT",49049,Utah County,40.120425,-111.668508,No,564177,13,407970,12,5,51312,1448338.0,164249.0,3.0,157755,430573.0,10824715.0,19.0,151342,185844557.0,329.0,4968001066.0,8806.0
49,UT,"Wasatch County, UT",49051,Wasatch County,40.334884,-111.161568,No,27895,6,13372,4,6,60604,79438.0,9173.0,3.0,13343,23616.0,626090.0,22.0,8693,15540212.0,557.0,435357359.0,15607.0
49,UT,"Washington County, UT",49053,Washington County,37.262531,-113.4878,No,151959,10,98089,9,3,31009,585386.0,64023.0,4.0,62026,174028.0,2205179.0,15.0,50256,59493726.0,392.0,1602114185.0,10543.0
49,UT,"Wayne County, UT",49055,Wayne County,38.25984,-110.990877,No,2716,1,1088,1,5,50101,9658.0,1118.0,4.0,1608,2871.0,28498.0,10.0,978,2494956.0,919.0,73029450.0,26889.0
49,UT,"Weber County, UT",49057,Weber County,41.270328,-111.876794,No,241328,11,155048,10,5,51110,665987.0,77195.0,3.0,87498,197990.0,5830540.0,24.0,80159,66457865.0,275.0,1763440588.0,7307.0
50,VT,"Addison County, VT",50001,Addison County,44.031248,-73.141581,No,36926,6,24446,5,6,60605,103291.0,17859.0,3.0,16057,26411.0,21163.0,1.0,14429,13521199.0,366.0,335091703.0,9075.0
50,VT,"Bennington County, VT",50003,Bennington County,43.035325,-73.11146,No,36503,6,29780,6,6,60606,108061.0,18656.0,3.0,19796,27631.0,19433.0,1.0,15399,19778812.0,542.0,492593156.0,13495.0
50,VT,"Caledonia County, VT",50005,Caledonia County,44.468791,-72.112168,No,30859,6,17336,5,6,60605,80042.0,13918.0,3.0,15211,20467.0,21209.0,1.0,12098,13490962.0,437.0,347663417.0,11266.0
50,VT,"Chittenden County, VT",50007,Chittenden County,44.463329,-73.06941,No,160510,10,181272,10,6,61010,393157.0,67603.0,2.0,63887,100529.0,2925926.0,18.0,64012,58296663.0,363.0,1490223151.0,9284.0
50,VT,"Essex County, VT",50009,Essex County,44.724021,-71.732736,No,6173,2,898,1,6,60201,17339.0,3162.0,3.0,4791,4434.0,5421.0,1.0,2691,26604507.0,4310.0,671693151.0,108811.0
50,VT,"Franklin County, VT",50011,Franklin County,44.858964,-72.909402,No,48625,7,25420,6,6,60706,131675.0,23400.0,3.0,20783,33669.0,573317.0,12.0,18472,16253178.0,334.0,418290193.0,8602.0
50,VT,"Grand Isle County, VT",50013,Grand Isle County,44.801787,-73.300759,No,6945,2,1304,1,6,60201,21835.0,3825.0,3.0,4841,5583.0,25298.0,4.0,2905,2983503.0,430.0,73973566.0,10651.0
50,VT,"Lamoille County, VT",50015,Lamoille County,44.603704,-72.638922,No,25136,5,22557,5,6,60505,63870.0,11816.0,3.0,12522,16331.0,14729.0,1.0,10342,10234192.0,407.0,257913191.0,10261.0
50,VT,"Orange County, VT",50017,Orange County,44.003392,-72.369687,No,28897,6,12668,4,6,60604,83906.0,14565.0,3.0,14250,21455.0,20934.0,1.0,12306,13892494.0,481.0,359764783.0,12450.0
50,VT,"Orleans County, VT",50019,Orleans County,44.828442,-72.25163,No,27076,6,16622,4,6,60604,69309.0,13298.0,3.0,15809,17722.0,19568.0,1.0,11360,9768987.0,361.0,247201288.0,9130.0
50,VT,"Rutland County, VT",50021,Rutland County,43.580858,-73.038202,No,60133,8,47930,7,6,60807,173909.0,30020.0,3.0,32019,44468.0,34492.0,1.0,25317,21557291.0,358.0,532100264.0,8849.0
50,VT,"Washington County, VT",50023,Washington County,44.274988,-72.609514,No,58963,8,55316,7,6,60807,162787.0,28215.0,3.0,28519,41624.0,39127.0,1.0,24581,25834783.0,438.0,665360387.0,11284.0
50,VT,"Windham County, VT",50025,Windham County,42.995335,-72.721955,No,43609,7,42207,7,6,60707,125546.0,21675.0,3.0,28344,32102.0,24008.0,1.0,19011,24154104.0,554.0,613589299.0,14070.0
50,VT,"Windsor County, VT",50027,Windsor County,43.572685,-72.598821,No,55894,7,39644,7,6,60707,162214.0,27998.0,3.0,32384,41478.0,34532.0,1.0,24184,35988323.0,644.0,918972452.0,16441.0
51,VA,"Accomack County, VA",51001,Accomack County,37.765944,-75.757807,No,33060,6,17206,5,4,40605,151521.0,17689.0,5.0,22981,52379.0,76117.0,2.0,13819,22305319.0,675.0,447571524.0,13538.0
51,VA,"Albemarle County, VA",51003,Albemarle County,38.024184,-78.553506,No,104287,9,79550,8,4,40908,553043.0,62059.0,5.0,42632,313939.0,453591.0,4.0,39431,68115892.0,653.0,1519488692.0,14570.0
51,VA,"Alleghany County, VA",51005,Alleghany County,37.787905,-80.008669,No,15919,4,4377,1,4,40401,91497.0,10240.0,6.0,7802,33622.0,107336.0,7.0,6845,11864449.0,745.0,282838146.0,17767.0
51,VA,"Amelia County, VA",51007,Amelia County,37.331927,-77.977462,No,12793,4,3576,1,4,40401,78316.0,8805.0,6.0,5272,28779.0,34330.0,3.0,4540,8487577.0,663.0,175683351.0,13733.0
51,VA,"Amherst County, VA",51009,Amherst County,37.62861,-79.154281,No,31999,6,12072,4,4,40604,188642.0,21426.0,6.0,13645,107084.0,83961.0,3.0,12306,15399115.0,481.0,315971568.0,9874.0
51,VA,"Appomattox County, VA",51011,Appomattox County,37.370725,-78.81094,No,15314,4,4887,1,4,40401,95121.0,10716.0,6.0,6872,53996.0,35628.0,2.0,5972,8326317.0,544.0,170021001.0,11102.0
51,VA,"Arlington County, VA",51013,Arlington County,38.878337,-77.100703,No,226092,11,264305,11,4,41111,879613.0,98391.0,4.0,107438,499319.0,3124950.0,14.0,100707,63017705.0,279.0,1456593911.0,6442.0
51,VA,"Augusta County, VA",51015,Augusta County,38.171911,-79.147557,No,74330,8,41204,7,4,40807,388477.0,43496.0,5.0,30942,142753.0,362164.0,5.0,28425,55524736.0,747.0,1313921162.0,17677.0
51,VA,"Bath County, VA",51017,Bath County,38.068368,-79.731203,No,4558,1,4362,1,4,40101,25205.0,2821.0,6.0,3318,9262.0,15621.0,3.0,2104,2599407.0,570.0,54063313.0,11861.0
51,VA,"Bedford County, VA",51019,Bedford County,37.312223,-79.527079,No,76933,8,23456,5,4,40805,474605.0,54687.0,6.0,34485,269413.0,216694.0,3.0,30821,29711587.0,386.0,609668067.0,7925.0
51,VA,"Bland County, VA",51021,Bland County,37.130612,-81.125853,No,6612,2,2469,1,4,40201,35297.0,4007.0,5.0,3166,20037.0,16509.0,2.0,2561,7915383.0,1197.0,194852908.0,29470.0
51,VA,"Botetourt County, VA",51023,Botetourt County,37.565481,-79.797553,No,33192,6,20050,5,4,40605,189880.0,21513.0,6.0,14282,69775.0,257630.0,8.0,13305,25579376.0,771.0,585388404.0,17636.0
51,VA,"Brunswick County, VA",51025,Brunswick County,36.764204,-77.861483,No,16573,4,4503,1,4,40401,99178.0,11168.0,6.0,7901,36445.0,46589.0,3.0,6148,16883160.0,1019.0,380656979.0,22969.0
51,VA,"Buchanan County, VA",51027,Buchanan County,37.26812,-82.038151,No,23158,5,9847,3,4,40503,136351.0,15480.0,6.0,11100,73762.0,11388.0,0.0,9124,9493750.0,410.0,193005903.0,8334.0
51,VA,"Buckingham County, VA",51029,Buckingham County,37.573928,-78.529169,No,17030,5,3800,1,4,40501,96806.0,10874.0,6.0,7057,54952.0,35865.0,2.0,5689,7885531.0,463.0,161122347.0,9461.0
51,VA,"Campbell County, VA",51031,Campbell County,37.210151,-79.095428,No,55061,7,33592,6,4,40706,336328.0,37940.0,6.0,24491,123590.0,135898.0,2.0,22294,28156345.0,511.0,579578498.0,10526.0
51,VA,"Caroline County, VA",51033,Caroline County,38.030319,-77.352348,No,29640,6,7008,2,4,40602,187218.0,21315.0,6.0,11627,68797.0,125325.0,4.0,10965,32215007.0,1087.0,765564399.0,25829.0
51,VA,"Carroll County, VA",51035,Carroll County,36.731928,-80.727865,No,29733,6,9193,3,4,40603,170767.0,19388.0,6.0,16101,96937.0,60864.0,2.0,12642,25978693.0,874.0,612793245.0,20610.0
51,VA,"Charles City County, VA",51036,Charles City County,37.361054,-77.05417,No,7086,2,2980,1,4,40201,47198.0,5279.0,7.0,3204,26792.0,22829.0,3.0,2854,3069788.0,433.0,62536164.0,8825.0
51,VA,"Charlotte County, VA",51037,Charlotte County,37.009042,-78.658568,No,12232,4,3424,1,4,40401,70287.0,7915.0,6.0,6099,25828.0,20026.0,2.0,4594,7436151.0,608.0,149394636.0,12213.0
51,VA,"Chesterfield County, VA",51041,Chesterfield County,37.378434,-77.585847,No,331839,12,228744,11,4,41211,1787478.0,200033.0,5.0,122734,656843.0,2247613.0,7.0,118908,127194973.0,383.0,2815181002.0,8484.0
51,VA,"Clarke County, VA",51043,Clarke County,39.115381,-77.990836,No,14307,4,6008,2,4,40402,80901.0,9417.0,6.0,6094,29728.0,77850.0,5.0,5591,13753463.0,961.0,288883489.0,20192.0
51,VA,"Craig County, VA",51045,Craig County,37.473603,-80.231051,No,5195,2,592,1,4,40201,30857.0,3513.0,6.0,2861,11339.0,18934.0,4.0,2314,2080754.0,401.0,41724223.0,8032.0
51,VA,"Culpeper County, VA",51047,Culpeper County,38.48593,-77.956476,No,48952,7,25792,6,4,40706,255595.0,28722.0,5.0,17590,93923.0,322107.0,7.0,16904,23667171.0,483.0,494494068.0,10102.0
51,VA,"Cumberland County, VA",51049,Cumberland County,37.520189,-78.252836,No,9769,3,1551,1,4,40301,68754.0,7748.0,7.0,4525,25265.0,30084.0,3.0,4085,3739390.0,383.0,76429110.0,7824.0
51,VA,"Dickenson County, VA",51051,Dickenson County,37.137064,-82.34923,No,15304,4,3669,1,4,40401,90115.0,10218.0,6.0,7291,51154.0,7467.0,0.0,6055,6654907.0,435.0,134235258.0,8771.0
51,VA,"Dinwiddie County, VA",51053,Dinwiddie County,37.073498,-77.635492,No,28155,6,8675,3,4,40603,170530.0,19151.0,6.0,11232,62664.0,90202.0,3.0,10344,21053262.0,748.0,483294447.0,17165.0
51,VA,"Essex County, VA",51057,Essex County,37.93948,-76.941871,No,11130,3,7054,2,4,40302,69296.0,7785.0,6.0,5620,25464.0,25091.0,2.0,4447,7100598.0,638.0,145302859.0,13055.0
51,VA,"Fairfax County, VA",51059,Fairfax County,38.82952,-77.273252,No,1132887,15,1171971,15,4,41515,4888850.0,546937.0,4.0,398733,1796501.0,16470599.0,15.0,393358,465649233.0,411.0,10690377763.0,9436.0
51,VA,"Fauquier County, VA",51061,Fauquier County,38.744098,-77.821484,No,68025,8,35474,6,4,40806,381702.0,42855.0,6.0,25453,140264.0,384622.0,6.0,23890,62688800.0,922.0,1387844076.0,20402.0
51,VA,"Floyd County, VA",51063,Floyd County,36.931438,-80.350309,No,15587,4,4377,1,4,40401,86909.0,9867.0,6.0,7665,49335.0,54067.0,3.0,6303,7297325.0,468.0,149062572.0,9563.0
51,VA,"Fluvanna County, VA",51065,Fluvanna County,37.830571,-78.283479,No,26046,6,4970,1,4,40601,161221.0,18086.0,6.0,10362,91518.0,67279.0,3.0,9829,8611307.0,331.0,177051338.0,6798.0
51,VA,"Franklin County, VA",51067,Franklin County,36.99115,-79.882663,No,56230,7,24043,5,4,40705,340748.0,38767.0,6.0,28580,193428.0,178035.0,3.0,22976,25934642.0,461.0,528519486.0,9399.0
51,VA,"Frederick County, VA",51069,Frederick County,39.203677,-78.263828,No,82321,8,51344,7,4,40807,449592.0,52317.0,5.0,31526,165211.0,707675.0,9.0,29914,51126831.0,621.0,1175615680.0,14281.0
51,VA,"Giles County, VA",51071,Giles County,37.31193,-80.717207,No,16871,4,7149,2,4,40402,99950.0,11348.0,6.0,8088,56737.0,65465.0,4.0,7290,11324594.0,671.0,230817475.0,13681.0
51,VA,"Gloucester County, VA",51073,Gloucester County,37.403541,-76.523505,No,37021,6,14496,4,4,40604,239797.0,26823.0,6.0,15682,136123.0,132783.0,4.0,14511,14011521.0,378.0,293184904.0,7919.0
51,VA,"Goochland County, VA",51075,Goochland County,37.718814,-77.917626,No,21979,5,28582,6,4,40506,142402.0,15963.0,6.0,8631,80835.0,98528.0,4.0,8177,34622632.0,1575.0,814767359.0,37070.0
51,VA,"Grayson County, VA",51077,Grayson County,36.652229,-81.215324,No,15180,4,3306,1,4,40401,85777.0,9739.0,6.0,8891,48692.0,26411.0,2.0,6710,8170415.0,538.0,167888281.0,11060.0
51,VA,"Greene County, VA",51079,Greene County,38.297981,-78.470163,No,19085,5,5019,2,4,40502,108211.0,12516.0,6.0,7742,39764.0,53853.0,3.0,7107,8456936.0,443.0,176865263.0,9267.0
51,VA,"Greensville County, VA",51081,Greensville County,36.680336,-77.560277,No,11698,4,3318,1,4,40401,59102.0,6622.0,5.0,3993,21718.0,21469.0,2.0,3705,13746431.0,1175.0,331164834.0,28310.0
51,VA,"Halifax County, VA",51083,Halifax County,36.766461,-78.939614,No,35305,6,19328,5,4,40605,226493.0,25368.0,6.0,17541,83229.0,94603.0,3.0,14264,19799702.0,561.0,399023837.0,11302.0
51,VA,"Hanover County, VA",51085,Hanover County,37.760165,-77.490992,No,102199,9,92909,9,4,40909,616275.0,69521.0,6.0,38645,226462.0,689597.0,7.0,37724,65181982.0,638.0,1512599276.0,14801.0
51,VA,"Henrico County, VA",51087,Henrico County,37.43752,-77.300333,No,321921,12,348229,12,4,41212,1662992.0,186016.0,5.0,131081,611098.0,3234528.0,10.0,125478,119459821.0,371.0,2779342328.0,8634.0
51,VA,"Henry County, VA",51089,Henry County,36.620607,-79.980673,No,52209,7,23183,5,4,40705,330245.0,37494.0,6.0,25333,187466.0,112577.0,2.0,22136,22081033.0,423.0,460875539.0,8828.0
51,VA,"Highland County, VA",51091,Highland County,38.366243,-79.564472,No,2230,1,591,1,4,40101,14928.0,1726.0,7.0,1945,8474.0,10845.0,5.0,1121,1705447.0,765.0,34996958.0,15694.0
51,VA,"Isle of Wight County, VA",51093,Isle of Wight County,36.901418,-76.707569,No,36027,6,17886,5,4,40605,227536.0,25462.0,6.0,14651,83613.0,245690.0,7.0,13902,18670785.0,518.0,381973369.0,10602.0
51,VA,"James City County, VA",51095,James City County,37.324837,-76.777888,No,71900,8,53295,7,4,40807,376596.0,42125.0,5.0,30879,138387.0,999736.0,14.0,28352,29701337.0,413.0,681513437.0,9479.0
51,VA,"King and Queen County, VA",51097,King and Queen County,37.714372,-76.901855,No,7140,2,984,1,4,40201,44687.0,5021.0,6.0,3345,16421.0,30929.0,4.0,2807,6386540.0,894.0,131609414.0,18433.0
51,VA,"King George County, VA",51099,King George County,38.277049,-77.162769,No,25260,5,12250,4,4,40504,153609.0,17225.0,6.0,9497,56447.0,114654.0,5.0,8669,12666845.0,501.0,268860238.0,10644.0
51,VA,"King William County, VA",51101,King William County,37.70826,-77.091054,No,16156,4,6182,2,4,40402,104506.0,11730.0,6.0,6494,38403.0,62658.0,4.0,6066,7539308.0,467.0,154785753.0,9581.0
51,VA,"Lancaster County, VA",51103,Lancaster County,37.704843,-76.412663,No,11055,3,8028,3,4,40303,76288.0,8542.0,7.0,7362,28033.0,53920.0,5.0,5097,6034823.0,546.0,119902765.0,10846.0
51,VA,"Lee County, VA",51105,Lee County,36.701721,-83.130112,No,24911,5,5271,2,4,40502,139734.0,14138.0,6.0,11366,75592.0,28792.0,1.0,9282,11810803.0,474.0,244950690.0,9833.0
51,VA,"Loudoun County, VA",51107,Loudoun County,39.0812,-77.638898,No,362435,12,302309,12,4,41212,1609107.0,180127.0,4.0,118813,591297.0,5653253.0,16.0,117073,106975412.0,295.0,2288985627.0,6316.0
51,VA,"Louisa County, VA",51109,Louisa County,37.972704,-77.959795,No,34350,6,11562,4,4,40604,210300.0,23653.0,6.0,16318,77279.0,113141.0,3.0,13146,25874831.0,753.0,603758824.0,17577.0
51,VA,"Lunenburg County, VA",51111,Lunenburg County,36.946094,-78.241985,No,12450,4,3574,1,4,40401,73446.0,8263.0,6.0,5757,26989.0,35265.0,3.0,4670,6542057.0,525.0,129609930.0,10410.0
51,VA,"Madison County, VA",51113,Madison County,38.412059,-78.276961,No,13122,4,4717,1,4,40401,73892.0,8502.0,6.0,5827,27153.0,41355.0,3.0,5042,7506785.0,572.0,156438381.0,11922.0
51,VA,"Mathews County, VA",51115,Mathews County,37.425348,-76.268808,No,8848,3,2160,1,4,40301,62409.0,6981.0,7.0,5542,22933.0,53145.0,6.0,3837,2360142.0,267.0,48816385.0,5517.0
51,VA,"Mecklenburg County, VA",51117,Mecklenburg County,36.687256,-78.368959,No,31209,6,19721,5,4,40605,190619.0,21386.0,6.0,18132,70047.0,94716.0,3.0,12066,24433747.0,783.0,521920884.0,16723.0
51,VA,"Middlesex County, VA",51119,Middlesex County,37.606975,-76.528082,No,10728,3,4369,1,4,40301,71484.0,7996.0,7.0,7019,26268.0,53305.0,5.0,4474,6180153.0,576.0,127219697.0,11859.0
51,VA,"Montgomery County, VA",51121,Montgomery County,37.175534,-80.387791,No,97227,9,58880,8,4,40908,439180.0,49869.0,5.0,38028,249304.0,435390.0,4.0,35701,50086974.0,515.0,1082463963.0,11133.0
51,VA,"Nelson County, VA",51125,Nelson County,37.789079,-78.88344,No,14831,4,6167,2,4,40402,95010.0,10753.0,6.0,9742,53933.0,47750.0,3.0,6378,12810157.0,864.0,267952860.0,18067.0
51,VA,"New Kent County, VA",51127,New Kent County,37.502819,-76.982819,No,20051,5,5787,2,4,40502,130427.0,14589.0,7.0,7660,74038.0,108412.0,5.0,7537,24076425.0,1201.0,582704032.0,29061.0
51,VA,"Northampton County, VA",51131,Northampton County,37.302775,-75.924018,No,12118,4,5985,2,4,40402,55774.0,6511.0,5.0,8019,19280.0,19191.0,2.0,5075,10499965.0,866.0,210428949.0,17365.0
51,VA,"Northumberland County, VA",51133,Northumberland County,37.856974,-76.379687,No,12272,4,3247,1,4,40401,91863.0,10293.0,7.0,8839,33757.0,51897.0,4.0,5776,5473249.0,446.0,110876456.0,9035.0
51,VA,"Nottoway County, VA",51135,Nottoway County,37.141167,-78.053866,No,15641,4,6633,2,4,40402,92079.0,10354.0,6.0,6510,33836.0,28037.0,2.0,5676,10149622.0,649.0,205136190.0,13115.0
51,VA,"Orange County, VA",51137,Orange County,38.250193,-78.009622,No,34873,6,13718,4,4,40604,214373.0,24209.0,6.0,14399,78775.0,144840.0,4.0,13245,14612101.0,419.0,303803235.0,8712.0
51,VA,"Page County, VA",51139,Page County,38.623201,-78.49188,No,23759,5,8068,3,4,40503,135250.0,15561.0,6.0,11297,76776.0,73159.0,3.0,9523,10341091.0,435.0,208101184.0,8759.0
51,VA,"Patrick County, VA",51141,Patrick County,36.667128,-80.286413,No,18180,5,8396,3,4,40503,111745.0,12687.0,6.0,9788,63433.0,43443.0,2.0,7805,7950259.0,437.0,162857646.0,8958.0
51,VA,"Pittsylvania County, VA",51143,Pittsylvania County,36.821721,-79.398502,No,62392,8,16800,4,4,40804,402419.0,46158.0,6.0,30926,147876.0,193858.0,3.0,26327,29603773.0,474.0,606607581.0,9723.0
51,VA,"Powhatan County, VA",51145,Powhatan County,37.549404,-77.912855,No,28286,6,9918,3,4,40603,173469.0,19512.0,6.0,10103,63744.0,82688.0,3.0,9866,13268180.0,469.0,276176157.0,9764.0
51,VA,"Prince Edward County, VA",51147,Prince Edward County,37.224881,-78.432957,No,23077,5,12608,4,4,40504,116006.0,13053.0,5.0,9009,42629.0,44767.0,2.0,7294,14122213.0,612.0,288562852.0,12504.0
51,VA,"Prince George County, VA",51149,Prince George County,37.187325,-77.220993,No,37664,6,21507,5,4,40605,178375.0,19980.0,5.0,11870,65547.0,124702.0,3.0,11191,22872597.0,607.0,523420045.0,13897.0
51,VA,"Prince William County, VA",51153,Prince William County,38.701119,-77.479579,No,443630,13,196119,11,4,41311,1947785.0,219534.0,4.0,139982,715750.0,5958856.0,13.0,138102,148839904.0,336.0,3428571897.0,7728.0
51,VA,"Pulaski County, VA",51155,Pulaski County,37.063385,-80.713444,No,34417,6,22474,5,4,40605,198578.0,22551.0,6.0,16748,112724.0,122140.0,4.0,14553,20473004.0,595.0,460036061.0,13367.0
51,VA,"Rappahannock County, VA",51157,Rappahannock County,38.684522,-78.168824,No,7416,2,2086,1,4,40201,48414.0,5749.0,7.0,3831,17791.0,27073.0,4.0,3247,4355374.0,587.0,90659490.0,12225.0
51,VA,"Richmond County, VA",51159,Richmond County,37.942894,-76.730561,No,8868,3,3848,1,4,40301,49059.0,5497.0,6.0,3777,18028.0,19927.0,2.0,3084,6489621.0,732.0,131795539.0,14862.0
51,VA,"Roanoke County, VA",51161,Roanoke County,37.330792,-80.191237,No,93655,9,55916,7,4,40907,477552.0,54243.0,5.0,39397,271086.0,960778.0,10.0,38322,33523581.0,358.0,741151067.0,7914.0
51,VA,"Rockbridge County, VA",51163,Rockbridge County,37.814517,-79.447754,No,22450,5,10371,3,4,40503,121066.0,13563.0,5.0,10927,44488.0,102655.0,5.0,9277,31485999.0,1402.0,770100559.0,34303.0
51,VA,"Rockingham County, VA",51165,Rockingham County,38.507585,-78.885321,No,78427,8,54535,7,4,40807,403806.0,45250.0,5.0,33444,229223.0,190247.0,2.0,29883,41378176.0,528.0,907509758.0,11571.0
51,VA,"Russell County, VA",51167,Russell County,36.93342,-82.095934,No,27973,6,11222,3,4,40603,160751.0,18198.0,6.0,13007,91252.0,27989.0,1.0,10937,13469290.0,482.0,281272411.0,10055.0
51,VA,"Scott County, VA",51169,Scott County,36.712776,-82.613624,No,22378,5,7111,2,4,40502,136923.0,15509.0,6.0,11518,74071.0,3571.0,0.0,9104,12897760.0,576.0,266438024.0,11906.0
51,VA,"Shenandoah County, VA",51171,Shenandoah County,38.856204,-78.573987,No,42857,7,23790,5,4,40705,233632.0,26406.0,5.0,20434,132623.0,203350.0,5.0,17222,37323524.0,871.0,891107510.0,20793.0
51,VA,"Smyth County, VA",51173,Smyth County,36.842318,-81.539786,No,31513,6,17498,5,4,40605,177823.0,20189.0,6.0,14885,100943.0,86683.0,3.0,12930,18465378.0,586.0,427855119.0,13577.0
51,VA,"Southampton County, VA",51175,Southampton County,36.720173,-77.103856,No,18291,5,4184,1,4,40501,117227.0,13122.0,6.0,7323,43077.0,57739.0,3.0,6727,15128564.0,827.0,308971997.0,16892.0
51,VA,"Spotsylvania County, VA",51177,Spotsylvania County,38.182431,-77.657226,No,129181,10,62248,8,4,41008,697789.0,78835.0,5.0,44874,256416.0,850476.0,7.0,43105,56281799.0,436.0,1283976848.0,9939.0
51,VA,"Stafford County, VA",51179,Stafford County,38.415386,-77.454872,No,139548,10,63776,8,4,41008,705191.0,79133.0,5.0,45033,259136.0,915166.0,7.0,44311,65162959.0,467.0,1537801945.0,11020.0
51,VA,"Surry County, VA",51181,Surry County,37.119761,-76.880172,No,6731,2,1700,1,4,40201,46045.0,5152.0,7.0,3397,16920.0,20380.0,3.0,2707,4256190.0,632.0,86183906.0,12804.0
51,VA,"Sussex County, VA",51183,Sussex County,36.926645,-77.259732,No,11733,4,3673,1,4,40401,60175.0,6746.0,5.0,4450,22112.0,28580.0,2.0,3793,19176444.0,1634.0,439853574.0,37489.0
51,VA,"Tazewell County, VA",51185,Tazewell County,37.125395,-81.562924,No,43367,7,25123,5,4,40705,256249.0,29093.0,6.0,20036,145462.0,67046.0,2.0,17595,20931030.0,483.0,422203403.0,9736.0
51,VA,"Warren County, VA",51187,Warren County,38.908221,-78.207594,No,38807,7,20762,5,4,40705,209783.0,24384.0,5.0,15661,77089.0,140674.0,4.0,14174,18736472.0,483.0,412877249.0,10639.0
51,VA,"Washington County, VA",51191,Washington County,36.747831,-81.950316,No,54562,7,34804,6,4,40706,325118.0,36909.0,6.0,24951,184556.0,168358.0,3.0,22512,33833979.0,620.0,771322644.0,14137.0
51,VA,"Westmoreland County, VA",51193,Westmoreland County,38.109311,-76.803933,No,17528,5,5032,2,4,40502,113551.0,12723.0,6.0,10470,41727.0,83139.0,5.0,7124,7416126.0,423.0,150820893.0,8605.0
51,VA,"Wise County, VA",51195,Wise County,36.974561,-82.62156,No,40074,7,16213,4,4,40704,232738.0,25658.0,6.0,17280,125904.0,17231.0,0.0,15225,20245451.0,505.0,408945899.0,10205.0
51,VA,"Wythe County, VA",51197,Wythe County,36.899873,-81.083005,No,29171,6,19036,5,4,40605,167546.0,19022.0,6.0,13751,95109.0,86725.0,3.0,12039,28980092.0,993.0,678969543.0,23275.0
51,VA,"York County, VA",51199,York County,37.220914,-76.395533,No,66919,8,36370,6,4,40806,317668.0,35533.0,5.0,26511,116733.0,859624.0,13.0,23872,29859427.0,446.0,682651132.0,10201.0
51,VA,"Alexandria city, VA",51510,Alexandria city,38.820071,-77.084063,No,151473,10,169188,10,4,41010,585279.0,65467.0,4.0,72833,215072.0,1910353.0,13.0,68063,48919430.0,323.0,1047654070.0,6916.0
51,VA,"Bristol city, VA",51520,Bristol city,36.616954,-82.157564,No,17340,5,20362,5,4,40505,105184.0,11859.0,6.0,8553,56901.0,87293.0,5.0,7671,15499951.0,894.0,322391454.0,18592.0
51,VA,"Buena Vista city, VA",51530,Buena Vista city,37.731365,-79.356635,No,6610,2,3233,1,4,40201,32356.0,3622.0,5.0,2835,11890.0,80301.0,12.0,2709,2218720.0,336.0,43333565.0,6556.0
51,VA,"Charlottesville city, VA",51540,Charlottesville city,38.037658,-78.485381,No,45538,7,67872,8,4,40708,199956.0,22366.0,4.0,19530,73478.0,541813.0,12.0,17980,14848986.0,326.0,299671596.0,6581.0
51,VA,"Chesapeake city, VA",51550,Chesapeake city,36.679376,-76.301788,No,233194,11,179758,10,4,41110,1212930.0,135674.0,5.0,85171,445714.0,2240616.0,10.0,82573,123659755.0,530.0,2531563146.0,10856.0
51,VA,"Colonial Heights city, VA",51570,Colonial Heights city,37.261685,-77.396804,No,17554,5,19158,5,4,40505,103354.0,11561.0,6.0,7572,37979.0,162593.0,9.0,7206,13698202.0,780.0,289177959.0,16474.0
51,VA,"Covington city, VA",51580,Covington city,37.778143,-79.986039,No,5650,2,5932,2,4,40202,30235.0,3382.0,5.0,2944,11110.0,85439.0,15.0,2472,3008550.0,532.0,60345421.0,10681.0
51,VA,"Danville city, VA",51590,Danville city,36.583334,-79.408071,No,42360,7,47560,7,4,40707,234824.0,30093.0,6.0,37390,133300.0,429886.0,10.0,18653,27174690.0,642.0,537704228.0,12694.0
51,VA,"Emporia city, VA",51595,Emporia city,36.696182,-77.535975,No,5565,2,7869,3,4,40203,31432.0,3522.0,6.0,2373,11550.0,6099.0,1.0,2210,4648145.0,835.0,93954633.0,16883.0
51,VA,"Fairfax city, VA",51600,Fairfax city,38.853183,-77.299025,No,23620,5,65932,8,4,40508,102577.0,11474.0,4.0,8537,37694.0,369572.0,16.0,8476,7441797.0,315.0,152985709.0,6477.0
51,VA,"Falls Church city, VA",51610,Falls Church city,38.884722,-77.175603,No,13597,4,20120,5,4,40405,60111.0,6724.0,4.0,5538,22089.0,245375.0,18.0,5301,3254357.0,239.0,66257420.0,4873.0
51,VA,"Franklin city, VA",51620,Franklin city,36.684014,-76.941396,No,8413,3,6950,2,4,40302,52807.0,5907.0,6.0,3763,19405.0,28283.0,3.0,3424,3265306.0,388.0,63984801.0,7605.0
51,VA,"Fredericksburg city, VA",51630,Fredericksburg city,38.299272,-77.486658,No,27853,6,37531,6,4,40606,122145.0,13663.0,4.0,11045,44885.0,200133.0,7.0,10271,20038628.0,719.0,418829404.0,15037.0
51,VA,"Galax city, VA",51640,Galax city,36.66564,-80.914308,No,6858,2,10156,3,4,40203,34423.0,3908.0,5.0,3302,19541.0,12978.0,2.0,2767,3893801.0,568.0,76934510.0,11218.0
51,VA,"Hampton city, VA",51650,Hampton city,37.04803,-76.297149,No,136789,10,84572,8,4,41008,679051.0,75956.0,5.0,58462,249530.0,1942418.0,14.0,53656,68968998.0,504.0,1426915736.0,10432.0
51,VA,"Harrisonburg city, VA",51660,Harrisonburg city,38.436255,-78.873303,No,51979,7,50600,7,4,40707,180241.0,19892.0,3.0,17498,66233.0,140416.0,3.0,16626,21509788.0,414.0,446192835.0,8584.0
51,VA,"Hopewell city, VA",51670,Hopewell city,37.29101,-77.298944,No,22332,5,12138,4,4,40504,125808.0,14072.0,6.0,9970,46230.0,157847.0,7.0,8866,7621607.0,341.0,151157801.0,6769.0
51,VA,"Lexington city, VA",51678,Lexington city,37.782332,-79.44432,No,7036,2,6290,2,4,40202,18407.0,2059.0,3.0,2074,6764.0,64715.0,9.0,1856,1724201.0,245.0,33997689.0,4832.0
51,VA,"Lynchburg city, VA",51680,Lynchburg city,37.399016,-79.195458,No,78755,8,114319,9,4,40809,360783.0,40961.0,5.0,31354,204801.0,489073.0,6.0,28282,40614060.0,516.0,805606908.0,10229.0
51,VA,"Manassas city, VA",51683,Manassas city,38.747172,-77.484536,No,41149,7,38480,7,4,40707,180681.0,20340.0,4.0,12983,66395.0,399207.0,10.0,12430,8785579.0,214.0,179192248.0,4355.0
51,VA,"Manassas Park city, VA",51685,Manassas Park city,38.768945,-77.448767,No,15827,4,6942,2,4,40402,59673.0,6748.0,4.0,4745,21928.0,246244.0,16.0,4730,2202597.0,139.0,44768249.0,2829.0
51,VA,"Martinsville city, VA",51690,Martinsville city,36.683527,-79.863647,No,13551,4,17833,5,4,40405,78696.0,8935.0,6.0,6944,44672.0,68655.0,5.0,5787,5023906.0,371.0,99814619.0,7366.0
51,VA,"Newport News city, VA",51700,Newport News city,37.076166,-76.521968,No,181606,10,180864,10,4,41010,878239.0,98237.0,5.0,75168,322725.0,1713490.0,9.0,69247,80180018.0,442.0,1653735770.0,9106.0
51,VA,"Norfolk city, VA",51710,Norfolk city,36.923015,-76.244641,No,245724,11,201951,11,4,41111,1083767.0,121226.0,4.0,93730,398251.0,2485270.0,10.0,87367,107776955.0,439.0,2232107600.0,9084.0
51,VA,"Norton city, VA",51720,Norton city,36.931549,-82.625996,No,3978,1,9126,3,4,40103,26793.0,2693.0,7.0,1899,14494.0,1578.0,0.0,1858,2631327.0,661.0,51246580.0,12882.0
51,VA,"Petersburg city, VA",51730,Petersburg city,37.20473,-77.392368,No,31997,6,25145,5,4,40605,173560.0,19414.0,5.0,15989,63778.0,264392.0,8.0,13175,20963358.0,655.0,426678007.0,13335.0
51,VA,"Poquoson city, VA",51735,Poquoson city,37.12836,-76.303534,No,12068,4,2457,1,4,40401,66834.0,7476.0,6.0,4615,24559.0,141639.0,12.0,4610,3338269.0,277.0,64755206.0,5366.0
51,VA,"Portsmouth city, VA",51740,Portsmouth city,36.859623,-76.356307,No,96071,9,54039,7,4,40907,477863.0,53452.0,5.0,39814,175600.0,1101417.0,11.0,36840,35244614.0,367.0,708965132.0,7380.0
51,VA,"Radford city, VA",51750,Radford city,37.120119,-80.559147,No,17186,5,8509,3,4,40503,64318.0,7308.0,4.0,6330,36511.0,103285.0,6.0,5604,4514019.0,263.0,89611173.0,5214.0
51,VA,"Richmond city, VA",51760,Richmond city,37.531399,-77.476009,No,216773,11,237794,11,4,41111,1065832.0,119220.0,5.0,96885,391660.0,3489419.0,16.0,88958,87970736.0,406.0,1820701678.0,8399.0
51,VA,"Roanoke city, VA",51770,Roanoke city,37.278458,-79.958174,No,99329,9,136625,10,4,40910,484992.0,55066.0,5.0,45910,275309.0,1345041.0,14.0,42541,52854566.0,532.0,1055013337.0,10621.0
51,VA,"Salem city, VA",51775,Salem city,37.285333,-80.055241,No,25290,5,36392,6,4,40506,117765.0,13377.0,5.0,10545,66850.0,284028.0,11.0,10060,16619405.0,657.0,332619301.0,13152.0
51,VA,"Staunton city, VA",51790,Staunton city,38.158056,-79.061501,No,24234,5,19730,5,4,40505,115553.0,12930.0,5.0,11439,65595.0,310622.0,13.0,10383,8207218.0,339.0,165770686.0,6840.0
51,VA,"Suffolk city, VA",51800,Suffolk city,36.697157,-76.634781,No,87061,9,43612,7,4,40907,510459.0,57104.0,6.0,33850,187578.0,918622.0,11.0,31741,78413686.0,901.0,1565175366.0,17978.0
51,VA,"Virginia Beach city, VA",51810,Virginia Beach city,36.779985,-76.025209,No,449733,13,315930,12,4,41312,2369156.0,265005.0,5.0,176553,870591.0,3952229.0,9.0,167509,159225962.0,354.0,3252046666.0,7231.0
51,VA,"Waynesboro city, VA",51820,Waynesboro city,38.067157,-78.90142,No,21366,5,19174,5,4,40505,104427.0,11681.0,5.0,9647,38374.0,282515.0,13.0,9044,11884297.0,556.0,239527789.0,11211.0
51,VA,"Williamsburg city, VA",51830,Williamsburg city,37.269481,-76.708193,No,14988,4,17579,5,4,40405,49860.0,5577.0,3.0,4926,18322.0,129388.0,9.0,4627,5913660.0,395.0,118923220.0,7935.0
51,VA,"Winchester city, VA",51840,Winchester city,39.173869,-78.176356,No,27349,6,51075,7,4,40607,143654.0,16463.0,5.0,11551,81546.0,267609.0,10.0,10596,10117086.0,370.0,202869838.0,7418.0
53,WA,"Adams County, WA",53001,Adams County,47.011238,-118.512861,No,19100,5,8981,3,5,50503,76789.0,7138.0,4.0,6608,22828.0,85346.0,4.0,5733,22785314.0,1193.0,554020337.0,29006.0
53,WA,"Asotin County, WA",53003,Asotin County,46.181861,-117.227781,No,22113,5,9419,3,5,50503,101767.0,9760.0,5.0,10308,30254.0,328327.0,15.0,9297,4238974.0,192.0,98706355.0,4464.0
53,WA,"Benton County, WA",53005,Benton County,46.228125,-119.516659,No,187519,10,128363,10,5,51010,1052995.0,88037.0,6.0,83581,313042.0,747121.0,4.0,68418,76212398.0,406.0,1773097978.0,9456.0
53,WA,"Chelan County, WA",53007,Chelan County,47.860974,-120.619041,No,74761,8,57652,8,5,50808,465488.0,18505.0,6.0,37880,138384.0,100860.0,1.0,27200,30833732.0,412.0,694984542.0,9296.0
53,WA,"Clallam County, WA",53009,Clallam County,48.110903,-123.88986,No,72969,8,34856,6,4,40806,443077.0,41847.0,6.0,37117,131721.0,166670.0,2.0,31438,28284401.0,388.0,642909464.0,8811.0
53,WA,"Clark County, WA",53011,Clark County,45.771674,-122.485903,No,450893,13,262264,11,4,41311,2060877.0,190717.0,5.0,180493,612673.0,4040321.0,9.0,164354,134654282.0,299.0,3118727510.0,6917.0
53,WA,"Columbia County, WA",53013,Columbia County,46.29285,-117.911634,No,3971,1,1404,1,5,50101,24303.0,2209.0,6.0,2212,7225.0,7499.0,2.0,1689,2643129.0,666.0,63179826.0,15910.0
53,WA,"Cowlitz County, WA",53015,Cowlitz County,46.196785,-122.67846,No,102854,9,61166,8,4,40908,616999.0,52619.0,6.0,45437,183426.0,308262.0,3.0,39671,50841077.0,494.0,1210366489.0,11768.0
53,WA,"Douglas County, WA",53017,Douglas County,47.741763,-119.694622,No,40101,7,13652,4,5,50704,287012.0,10551.0,7.0,17039,85325.0,57045.0,1.0,14348,16316072.0,407.0,376016332.0,9377.0
53,WA,"Ferry County, WA",53019,Ferry County,48.473256,-118.533589,No,7639,3,1824,1,6,60301,32964.0,3193.0,4.0,4614,9800.0,16814.0,2.0,3039,5184357.0,679.0,119776191.0,15680.0
53,WA,"Franklin County, WA",53021,Franklin County,46.53458,-118.906944,No,87810,9,39999,7,5,50907,363493.0,32597.0,4.0,27620,108062.0,432735.0,5.0,25157,34004349.0,387.0,784587421.0,8935.0
53,WA,"Garfield County, WA",53023,Garfield County,46.429478,-117.536711,No,2231,1,593,1,5,50101,15997.0,1378.0,7.0,1267,4756.0,4927.0,2.0,952,2321546.0,1041.0,56564446.0,25354.0
53,WA,"Grant County, WA",53025,Grant County,47.213633,-119.467788,No,92530,9,42882,7,5,50907,509794.0,32095.0,6.0,37196,151555.0,91661.0,1.0,29783,46155999.0,499.0,1082286584.0,11697.0
53,WA,"Grays Harbor County, WA",53027,Grays Harbor County,47.113999,-123.826655,No,71233,8,31043,6,4,40806,339749.0,36703.0,5.0,36928,101003.0,373297.0,5.0,27472,34120785.0,479.0,783330623.0,10997.0
53,WA,"Island County, WA",53029,Island County,48.158554,-122.670649,No,80113,8,25073,5,4,40805,354718.0,38311.0,4.0,39625,105453.0,570951.0,7.0,33388,19890287.0,248.0,458837926.0,5727.0
53,WA,"Jefferson County, WA",53031,Jefferson County,47.805346,-123.527136,No,30333,6,13676,4,4,40604,153437.0,17044.0,5.0,17614,45615.0,95491.0,3.0,13561,15033356.0,496.0,349039909.0,11507.0
53,WA,"King County, WA",53033,King County,47.490599,-121.833996,No,2079550,16,2334402,17,4,41617,7866882.0,832091.0,4.0,890394,2338725.0,30672761.0,15.0,831995,786173614.0,378.0,17853912614.0,8585.0
53,WA,"Kitsap County, WA",53035,Kitsap County,47.639687,-122.649636,No,257488,11,118886,9,4,41109,1044219.0,116041.0,4.0,106303,310433.0,2168317.0,8.0,98250,73967533.0,287.0,1707256992.0,6630.0
53,WA,"Kittitas County, WA",53037,Kittitas County,47.124444,-120.676714,No,42785,7,22162,5,5,50705,170744.0,18866.0,4.0,26125,50760.0,253241.0,6.0,17164,48563256.0,1135.0,1205871614.0,28184.0
53,WA,"Klickitat County, WA",53039,Klickitat County,45.870446,-120.779305,No,20930,5,8058,3,5,50503,101667.0,10219.0,5.0,10457,30224.0,137170.0,7.0,8069,10512276.0,502.0,250637993.0,11975.0
53,WA,"Lewis County, WA",53041,Lewis County,46.580071,-122.377444,No,75724,8,40782,7,4,40807,431290.0,37176.0,6.0,35709,128217.0,318838.0,4.0,29426,42791936.0,565.0,1023166863.0,13512.0
53,WA,"Lincoln County, WA",53043,Lincoln County,47.582743,-118.417692,No,10326,3,3096,1,5,50301,58831.0,5498.0,6.0,6110,17490.0,81920.0,8.0,4337,12411775.0,1202.0,305044478.0,29541.0
53,WA,"Mason County, WA",53045,Mason County,47.354126,-123.17385,No,61060,8,20046,5,4,40805,280631.0,29841.0,5.0,34143,83428.0,208887.0,3.0,22454,20478778.0,335.0,472045276.0,7731.0
53,WA,"Okanogan County, WA",53047,Okanogan County,48.551386,-119.685877,No,41299,7,17156,5,6,60705,267605.0,21526.0,6.0,23502,79556.0,69152.0,2.0,16804,20305996.0,492.0,472977700.0,11453.0
53,WA,"Pacific County, WA",53049,Pacific County,46.556587,-123.782419,No,20743,5,8092,3,4,40503,96883.0,8722.0,5.0,16460,28802.0,26293.0,1.0,8986,9692937.0,467.0,221982981.0,10702.0
53,WA,"Pend Oreille County, WA",53051,Pend Oreille County,48.543825,-117.232191,No,13001,4,3060,1,6,60401,69342.0,6607.0,5.0,8393,20615.0,48368.0,4.0,5409,5593298.0,430.0,128133739.0,9856.0
53,WA,"Pierce County, WA",53053,Pierce County,47.051415,-122.153242,No,832896,14,503378,13,4,41413,3582330.0,346193.0,4.0,324796,1064981.0,8732276.0,10.0,307106,295107935.0,354.0,6773774885.0,8133.0
53,WA,"San Juan County, WA",53055,San Juan County,48.50719,-123.103769,No,16056,4,9241,3,4,40403,80355.0,10731.0,5.0,13025,23889.0,71991.0,4.0,7623,2490911.0,155.0,55155134.0,3435.0
53,WA,"Skagit County, WA",53057,Skagit County,48.493292,-121.81577,No,120475,9,83677,8,4,40908,436033.0,48332.0,4.0,50669,129627.0,1728027.0,14.0,46108,60282083.0,500.0,1402184572.0,11639.0
53,WA,"Skamania County, WA",53059,Skamania County,46.024782,-121.953227,No,11316,4,3066,1,5,50401,64458.0,5956.0,6.0,5946,19163.0,61258.0,5.0,4577,6478938.0,573.0,151630857.0,13400.0
53,WA,"Snohomish County, WA",53061,Snohomish County,48.054913,-121.766412,No,758649,14,502578,13,4,41413,3012696.0,292647.0,4.0,289517,895636.0,9415342.0,12.0,278626,252989955.0,333.0,5863192431.0,7728.0
53,WA,"Spokane County, WA",53063,Spokane County,47.620375,-117.403371,No,485859,13,374203,12,5,51312,2165462.0,201355.0,4.0,216690,643765.0,8131199.0,17.0,191222,174260604.0,359.0,3919715658.0,8068.0
53,WA,"Stevens County, WA",53065,Stevens County,48.388727,-117.854454,No,43744,7,14331,4,6,60704,205237.0,19664.0,5.0,22161,61014.0,320132.0,7.0,17442,15510711.0,355.0,358525534.0,8196.0
53,WA,"Thurston County, WA",53067,Thurston County,46.935822,-122.830152,No,266311,11,142718,10,4,41110,1137548.0,126448.0,4.0,108736,338179.0,2860317.0,11.0,103468,108158823.0,406.0,2522015566.0,9470.0
53,WA,"Wahkiakum County, WA",53069,Wahkiakum County,46.294638,-123.424458,No,4051,1,775,1,4,40101,18407.0,1783.0,5.0,2185,5472.0,10569.0,3.0,1789,1668060.0,412.0,39754612.0,9814.0
53,WA,"Walla Walla County, WA",53071,Walla Walla County,46.254606,-118.480374,No,59809,8,39621,7,5,50807,276536.0,24534.0,5.0,25000,82211.0,424378.0,7.0,21851,21056150.0,352.0,490156874.0,8195.0
53,WA,"Whatcom County, WA",53073,Whatcom County,48.842653,-121.836432,No,209729,11,148952,10,4,41110,669538.0,74354.0,3.0,90185,199045.0,2863347.0,14.0,81019,73131161.0,349.0,1685570978.0,8037.0
53,WA,"Whitman County, WA",53075,Whitman County,46.905944,-117.53539,No,47494,7,18392,5,5,50705,182941.0,17167.0,4.0,20816,54386.0,341850.0,7.0,17185,17063695.0,359.0,399597956.0,8414.0
53,WA,"Yakima County, WA",53077,Yakima County,46.456558,-120.740145,No,247681,11,136992,10,5,51110,1208683.0,106829.0,5.0,90434,359326.0,1490581.0,6.0,80196,85699516.0,346.0,1951172759.0,7878.0
54,WV,"Barbour County, WV",54001,Barbour County,39.139725,-79.996947,No,16892,5,5112,2,5,50502,67945.0,7771.0,4.0,6846,38569.0,227283.0,13.0,6169,5191733.0,307.0,128300837.0,7595.0
54,WV,"Berkeley County, WV",54003,Berkeley County,39.448054,-78.037776,No,110173,9,49475,7,4,40907,628150.0,70993.0,6.0,61947,356574.0,586848.0,5.0,41720,41581369.0,377.0,1116847361.0,10137.0
54,WV,"Boone County, WV",54005,Boone County,38.022814,-81.713539,No,23645,5,7583,3,4,40503,147313.0,17231.0,6.0,9806,83623.0,236490.0,10.0,9466,9174380.0,388.0,234085966.0,9900.0
54,WV,"Braxton County, WV",54007,Braxton County,38.699342,-80.731657,No,14463,4,6499,2,4,40402,61424.0,7025.0,4.0,6437,34868.0,171219.0,12.0,5417,12716031.0,879.0,342401445.0,23674.0
54,WV,"Brooke County, WV",54009,Brooke County,40.272645,-80.578691,No,23473,5,13439,4,5,50504,106519.0,12190.0,5.0,9570,60466.0,545334.0,23.0,9934,8422499.0,359.0,206634007.0,8803.0
54,WV,"Cabell County, WV",54011,Cabell County,38.419578,-82.243397,No,96623,9,93756,9,4,40909,511496.0,59830.0,5.0,41306,290355.0,775864.0,8.0,39954,38355911.0,397.0,909607873.0,9414.0
54,WV,"Calhoun County, WV",54013,Calhoun County,38.844159,-81.115478,No,7482,2,1271,1,4,40201,29223.0,3342.0,4.0,3448,16589.0,81456.0,11.0,2913,2217371.0,296.0,54232914.0,7248.0
54,WV,"Clay County, WV",54015,Clay County,38.459826,-81.081866,No,9033,3,1469,1,4,40301,44954.0,5225.0,5.0,4080,25518.0,113551.0,13.0,3375,3486829.0,386.0,88876146.0,9839.0
54,WV,"Doddridge County, WV",54017,Doddridge County,39.26348,-80.701232,No,8363,3,1906,1,5,50301,27150.0,3105.0,3.0,3431,15412.0,153860.0,18.0,2625,7190788.0,860.0,190067711.0,22727.0
54,WV,"Fayette County, WV",54019,Fayette County,38.030933,-81.086051,No,45192,7,15753,4,5,50704,258605.0,30222.0,6.0,19143,146799.0,510816.0,11.0,17845,22114135.0,489.0,563629120.0,12472.0
54,WV,"Gilmer County, WV",54021,Gilmer County,38.915867,-80.849413,No,8497,3,2055,1,4,40301,26779.0,3063.0,3.0,3026,15201.0,133230.0,16.0,2709,2547861.0,300.0,62329495.0,7335.0
54,WV,"Grant County, WV",54023,Grant County,39.105988,-79.195064,No,11770,4,4971,1,5,50401,49909.0,5664.0,4.0,8248,28331.0,47692.0,4.0,4158,4434957.0,377.0,115838920.0,9842.0
54,WV,"Greenbrier County, WV",54025,Greenbrier County,37.924418,-80.45059,No,35580,6,21804,5,5,50605,188947.0,21765.0,5.0,16840,107257.0,365931.0,10.0,14944,16451084.0,462.0,424440028.0,11929.0
54,WV,"Hampshire County, WV",54027,Hampshire County,39.312139,-78.611989,No,23455,5,5385,2,5,50502,132515.0,14856.0,6.0,22822,75223.0,38897.0,2.0,9977,8081211.0,345.0,204197215.0,8706.0
54,WV,"Hancock County, WV",54029,Hancock County,40.516958,-80.570164,No,30024,6,18206,5,5,50605,135330.0,15478.0,5.0,12606,76821.0,754935.0,25.0,12844,6469498.0,215.0,154071629.0,5132.0
54,WV,"Hardy County, WV",54031,Hardy County,39.011361,-78.841729,No,13942,4,9892,3,5,50403,67300.0,7697.0,5.0,7107,38203.0,55127.0,4.0,5350,7065089.0,507.0,177267933.0,12715.0
54,WV,"Harrison County, WV",54033,Harrison County,39.279182,-80.386498,No,68775,8,55892,7,5,50807,282931.0,32359.0,4.0,27531,160608.0,1751116.0,25.0,27652,38300130.0,557.0,946092797.0,13756.0
54,WV,"Jackson County, WV",54035,Jackson County,38.834234,-81.677717,No,29199,6,14024,4,4,40604,145449.0,16900.0,5.0,11806,82565.0,329612.0,11.0,11190,16584949.0,568.0,447842537.0,15338.0
54,WV,"Jefferson County, WV",54037,Jefferson County,39.307398,-77.86322,No,55531,7,23217,5,4,40705,316034.0,35813.0,6.0,27880,179399.0,153996.0,3.0,20634,16379173.0,295.0,405960801.0,7311.0
54,WV,"Kanawha County, WV",54039,Kanawha County,38.328068,-81.523516,No,189636,10,166674,10,4,41010,1093023.0,127851.0,6.0,82280,620463.0,3408205.0,18.0,81708,94005957.0,496.0,2326078673.0,12266.0
54,WV,"Lewis County, WV",54041,Lewis County,38.988877,-80.495477,No,16422,4,10574,3,5,50403,67772.0,7751.0,4.0,6916,38471.0,317023.0,19.0,6541,12484770.0,760.0,334230928.0,20353.0
54,WV,"Lincoln County, WV",54043,Lincoln County,38.17177,-82.077623,No,21482,5,3033,1,4,40501,120716.0,14120.0,6.0,8739,68525.0,242523.0,11.0,7965,5156496.0,240.0,130049530.0,6054.0
54,WV,"Logan County, WV",54045,Logan County,37.830591,-81.940853,No,35166,6,17988,5,4,40605,238902.0,27944.0,7.0,14877,135615.0,331026.0,9.0,13976,9845612.0,280.0,250108160.0,7112.0
54,WV,"McDowell County, WV",54047,McDowell County,37.382663,-81.658205,No,20273,5,5186,2,4,40502,138006.0,16143.0,7.0,9935,78340.0,75662.0,4.0,7963,6927751.0,342.0,167505572.0,8262.0
54,WV,"Marion County, WV",54049,Marion County,39.505839,-80.243402,No,56716,7,31561,6,5,50706,238162.0,27239.0,4.0,22998,135194.0,1493872.0,26.0,22427,21678869.0,382.0,529546045.0,9337.0
54,WV,"Marshall County, WV",54051,Marshall County,39.854426,-80.671794,No,32296,6,17670,5,5,50605,171160.0,20515.0,5.0,14395,97160.0,655565.0,20.0,13306,10279058.0,318.0,252419662.0,7816.0
54,WV,"Mason County, WV",54053,Mason County,38.770914,-82.029007,No,27060,6,7285,2,4,40602,169118.0,19782.0,6.0,11520,96001.0,200323.0,7.0,10901,10752008.0,397.0,277275625.0,10247.0
54,WV,"Mercer County, WV",54055,Mercer County,37.403448,-81.106456,No,61476,8,34125,6,4,40806,401138.0,46921.0,7.0,26563,227709.0,538814.0,9.0,25062,27902226.0,454.0,723870498.0,11775.0
54,WV,"Mineral County, WV",54057,Mineral County,39.404781,-78.95669,No,27606,6,10899,3,5,50603,149560.0,16584.0,5.0,25131,84899.0,172721.0,6.0,11289,6665280.0,241.0,169422091.0,6137.0
54,WV,"Mingo County, WV",54059,Mingo County,37.721161,-82.158989,No,25549,6,5406,2,4,40602,194015.0,22694.0,8.0,11232,110134.0,136027.0,5.0,10853,8661466.0,339.0,218272742.0,8543.0
54,WV,"Monongalia County, WV",54061,Monongalia County,39.633645,-80.059074,No,102827,9,93986,9,5,50909,377232.0,43144.0,4.0,38751,214139.0,1768408.0,17.0,37820,40256809.0,392.0,1038582025.0,10100.0
54,WV,"Monroe County, WV",54063,Monroe County,37.55034,-80.54789,No,13496,4,2308,1,4,40401,81134.0,9404.0,6.0,6747,46056.0,99814.0,7.0,5932,3290708.0,244.0,83640465.0,6197.0
54,WV,"Morgan County, WV",54065,Morgan County,39.555002,-78.257345,No,17514,5,3752,1,4,40501,103675.0,11590.0,6.0,17164,58852.0,44356.0,3.0,7207,4808220.0,275.0,124978085.0,7136.0
54,WV,"Nicholas County, WV",54067,Nicholas County,38.291416,-80.797516,No,25743,6,12299,4,5,50604,143037.0,16507.0,6.0,11503,81196.0,269032.0,10.0,10752,12366908.0,480.0,310223272.0,12051.0
54,WV,"Ohio County, WV",54069,Ohio County,40.098932,-80.620728,No,43257,7,53903,7,5,50707,207059.0,24714.0,5.0,19189,117539.0,1116247.0,26.0,18519,22249506.0,514.0,530873716.0,12273.0
54,WV,"Pendleton County, WV",54071,Pendleton County,38.67445,-79.340617,No,7291,2,2225,1,5,50201,35322.0,4040.0,5.0,4512,20051.0,30378.0,4.0,3133,3345136.0,459.0,87571266.0,12011.0
54,WV,"Pleasants County, WV",54073,Pleasants County,39.368133,-81.161172,No,7612,3,3835,1,4,40301,31458.0,3598.0,4.0,2946,17857.0,179089.0,24.0,2863,2936764.0,386.0,73258380.0,9624.0
54,WV,"Pocahontas County, WV",54075,Pocahontas County,38.332606,-80.010121,No,8620,3,6012,2,5,50302,43033.0,4922.0,5.0,7713,24428.0,27020.0,3.0,3646,3657127.0,424.0,91300768.0,10592.0
54,WV,"Preston County, WV",54077,Preston County,39.46903,-79.668865,No,33793,6,10969,3,5,50603,140647.0,15953.0,4.0,18596,79839.0,285186.0,8.0,12441,11642827.0,345.0,304134052.0,9000.0
54,WV,"Putnam County, WV",54079,Putnam County,38.510513,-81.906109,No,56743,7,35957,6,4,40706,344961.0,40350.0,6.0,21176,195820.0,509785.0,9.0,21780,24171696.0,426.0,615625750.0,10849.0
54,WV,"Raleigh County, WV",54081,Raleigh County,37.76247,-81.264671,No,78051,8,52324,7,5,50807,459425.0,53716.0,6.0,32036,260796.0,1145949.0,15.0,30880,35378956.0,453.0,925476937.0,11857.0
54,WV,"Randolph County, WV",54083,Randolph County,38.781095,-79.867788,No,29287,6,18012,5,5,50605,126592.0,14478.0,4.0,12383,71861.0,381064.0,13.0,11626,10059031.0,343.0,248415674.0,8482.0
54,WV,"Ritchie County, WV",54085,Ritchie County,39.177112,-81.066317,No,10044,3,5069,2,4,40302,37912.0,4336.0,4.0,5075,21521.0,196103.0,20.0,3967,7599780.0,757.0,191682114.0,19084.0
54,WV,"Roane County, WV",54087,Roane County,38.743003,-81.354522,No,14513,4,4231,1,4,40401,62228.0,7174.0,4.0,6524,35324.0,202398.0,14.0,5672,6001163.0,414.0,156157191.0,10760.0
54,WV,"Summers County, WV",54089,Summers County,37.656003,-80.856315,No,13325,4,2756,1,5,50401,72322.0,8382.0,5.0,6834,41054.0,122509.0,9.0,5497,4739277.0,356.0,126366520.0,9483.0
54,WV,"Taylor County, WV",54091,Taylor County,39.332478,-80.046554,No,16949,5,4288,1,5,50501,75111.0,8590.0,4.0,6556,42638.0,239879.0,14.0,6732,4776204.0,282.0,122695860.0,7239.0
54,WV,"Tucker County, WV",54093,Tucker County,39.111175,-79.559968,No,6922,2,3899,1,5,50201,30175.0,3451.0,4.0,4687,17129.0,122959.0,18.0,2924,3274903.0,473.0,82194108.0,11874.0
54,WV,"Tyler County, WV",54095,Tyler County,39.465634,-80.877219,No,9000,3,3552,1,4,40301,34122.0,3903.0,4.0,4357,19370.0,164163.0,18.0,3518,2985167.0,332.0,72850404.0,8094.0
54,WV,"Upshur County, WV",54097,Upshur County,38.902536,-80.231335,No,24632,5,11659,4,5,50504,102836.0,11761.0,4.0,9772,58376.0,325784.0,13.0,9105,7567214.0,307.0,187660654.0,7619.0
54,WV,"Wayne County, WV",54099,Wayne County,38.145541,-82.419681,No,41237,7,13199,4,4,40704,239251.0,27985.0,6.0,17086,135812.0,426466.0,10.0,16447,12987072.0,315.0,309913723.0,7515.0
54,WV,"Webster County, WV",54101,Webster County,38.483459,-80.449052,No,8820,3,2441,1,5,50301,49064.0,5611.0,6.0,4727,27852.0,26191.0,3.0,3952,2828641.0,321.0,66208064.0,7507.0
54,WV,"Wetzel County, WV",54103,Wetzel County,39.600602,-80.628157,No,15997,4,8676,3,5,50403,61638.0,7050.0,4.0,7107,34989.0,292137.0,18.0,6238,6286223.0,393.0,157400001.0,9839.0
54,WV,"Wirt County, WV",54105,Wirt County,39.020034,-81.382975,No,5826,2,435,1,4,40201,25236.0,2886.0,4.0,2831,14325.0,87087.0,15.0,2432,2268748.0,389.0,54033338.0,9275.0
54,WV,"Wood County, WV",54107,Wood County,39.211575,-81.516253,No,86262,9,63165,8,4,40908,371220.0,42456.0,4.0,35131,210726.0,1951508.0,23.0,36225,31204505.0,362.0,783348574.0,9081.0
54,WV,"Wyoming County, WV",54109,Wyoming County,37.603717,-81.548884,No,22537,5,5417,2,4,40502,160675.0,18794.0,7.0,9630,91209.0,197439.0,9.0,9222,6807922.0,302.0,176254799.0,7821.0
55,WI,"Adams County, WI",55001,Adams County,43.973763,-89.767223,No,20294,5,6341,2,6,60502,71017.0,9514.0,3.0,17280,54095.0,173668.0,9.0,7950,10248533.0,505.0,268881422.0,13249.0
55,WI,"Ashland County, WI",55003,Ashland County,46.544424,-90.679691,No,15936,4,12186,4,7,70404,53782.0,7243.0,3.0,9535,30431.0,319904.0,20.0,6670,8808613.0,553.0,231843007.0,14548.0
55,WI,"Barron County, WI",55005,Barron County,45.437192,-91.852892,No,45548,7,33599,6,6,60706,173789.0,23128.0,4.0,23527,98334.0,675316.0,15.0,19017,23363310.0,513.0,620080121.0,13614.0
55,WI,"Bayfield County, WI",55007,Bayfield County,46.634199,-91.177282,No,14987,4,4394,1,7,70401,59309.0,7981.0,4.0,13021,33558.0,183894.0,12.0,6798,13281195.0,886.0,355179622.0,23699.0
55,WI,"Brown County, WI",55009,Brown County,44.473961,-87.995926,No,256621,11,284379,11,6,61111,711256.0,94806.0,3.0,106366,541774.0,6307562.0,25.0,101888,97442557.0,380.0,2638151593.0,10280.0
55,WI,"Buffalo County, WI",55011,Buffalo County,44.385642,-91.761229,No,13256,4,5008,2,6,60402,57899.0,7737.0,4.0,6633,32761.0,78630.0,6.0,5707,7973823.0,602.0,212107772.0,16001.0
55,WI,"Burnett County, WI",55013,Burnett County,45.866878,-92.37574,No,15259,4,6570,2,7,70402,61654.0,8638.0,4.0,15203,34885.0,185826.0,12.0,7308,9132951.0,599.0,240137234.0,15737.0
55,WI,"Calumet County, WI",55015,Calumet County,44.07841,-88.212132,No,49653,7,24947,5,6,60705,148928.0,22362.0,3.0,19895,113440.0,1030061.0,21.0,18839,17256747.0,348.0,457842374.0,9221.0
55,WI,"Chippewa County, WI",55017,Chippewa County,45.069092,-91.283505,No,63355,8,43860,7,6,60807,232511.0,31067.0,4.0,27467,131560.0,777170.0,12.0,24973,32765606.0,517.0,879388774.0,13880.0
55,WI,"Clark County, WI",55019,Clark County,44.739306,-90.609945,No,34486,6,18350,5,6,60605,121704.0,16189.0,4.0,14946,68863.0,426439.0,12.0,12732,19311184.0,560.0,518249444.0,15028.0
55,WI,"Columbia County, WI",55021,Columbia County,43.471882,-89.330472,No,56650,7,40994,7,6,60707,203992.0,27207.0,4.0,26046,155384.0,940121.0,17.0,23019,35646824.0,629.0,1007866481.0,17791.0
55,WI,"Crawford County, WI",55023,Crawford County,43.24991,-90.95123,No,16415,4,11496,4,6,60404,62497.0,8261.0,4.0,8790,47605.0,256563.0,16.0,6652,10015163.0,610.0,268693551.0,16369.0
55,WI,"Dane County, WI",55025,Dane County,43.067468,-89.417852,No,516818,13,562698,13,6,61313,1550805.0,228875.0,3.0,221067,1181270.0,10467809.0,20.0,213519,193997665.0,375.0,5337888921.0,10328.0
55,WI,"Dodge County, WI",55027,Dodge County,43.422706,-88.704379,No,88404,9,59519,8,6,60908,293495.0,41167.0,3.0,37030,166605.0,1618849.0,18.0,33627,38577086.0,436.0,1054301260.0,11926.0
55,WI,"Door County, WI",55029,Door County,45.067931,-87.088131,No,27669,6,20806,5,6,60605,103298.0,13643.0,4.0,24149,78684.0,470973.0,17.0,13023,15196106.0,549.0,404525816.0,14620.0
55,WI,"Douglas County, WI",55031,Douglas County,46.463218,-91.892477,No,43705,7,27457,6,7,70706,126679.0,17949.0,3.0,22718,71678.0,932931.0,21.0,18538,20853769.0,477.0,554934360.0,12697.0
55,WI,"Dunn County, WI",55033,Dunn County,44.947741,-91.89772,No,44348,7,28819,6,6,60706,159580.0,21179.0,4.0,17945,90294.0,432813.0,10.0,16445,27780636.0,626.0,789025126.0,17792.0
55,WI,"Eau Claire County, WI",55035,Eau Claire County,44.726355,-91.286414,No,101907,9,101620,9,6,60909,346501.0,46219.0,3.0,42653,196058.0,1451554.0,14.0,40202,42159924.0,414.0,1154329042.0,11327.0
55,WI,"Florence County, WI",55037,Florence County,45.871865,-88.407234,No,4474,1,1063,1,7,70101,14912.0,2197.0,3.0,4820,11359.0,76628.0,17.0,1958,3483711.0,779.0,91797331.0,20518.0
55,WI,"Fond du Lac County, WI",55039,Fond du Lac County,43.754722,-88.493284,No,101968,9,85790,9,6,60909,350231.0,47507.0,3.0,44149,266776.0,1991356.0,20.0,41029,43757254.0,429.0,1195521971.0,11724.0
55,WI,"Forest County, WI",55041,Forest County,45.666881,-88.773326,No,9108,3,3344,1,7,70301,28126.0,3786.0,3.0,9008,21424.0,155386.0,17.0,3940,6742495.0,740.0,177020363.0,19436.0
55,WI,"Grant County, WI",55043,Grant County,42.870028,-90.694229,No,51723,7,27666,6,6,60706,170550.0,22515.0,3.0,21609,129910.0,724161.0,14.0,19353,21291625.0,412.0,582740829.0,11267.0
55,WI,"Green County, WI",55045,Green County,42.675522,-89.605074,No,37050,6,26499,6,6,60606,130072.0,17159.0,4.0,15731,99078.0,549125.0,15.0,14772,12760630.0,344.0,343519796.0,9272.0
55,WI,"Green Lake County, WI",55047,Green Lake County,43.76141,-88.987228,No,18881,5,10682,3,6,60503,65193.0,8709.0,3.0,10562,49658.0,361121.0,19.0,7939,9090225.0,481.0,238030404.0,12607.0
55,WI,"Iowa County, WI",55049,Iowa County,43.001021,-90.133691,No,23751,5,17834,5,6,60505,87567.0,11558.0,4.0,10674,66701.0,348518.0,15.0,9692,16106749.0,678.0,441923013.0,18607.0
55,WI,"Iron County, WI",55051,Iron County,46.32655,-90.261298,No,5850,2,2750,1,7,70201,23481.0,3153.0,4.0,5952,13286.0,119214.0,20.0,2954,5426434.0,928.0,143992377.0,24614.0
55,WI,"Jackson County, WI",55053,Jackson County,44.326757,-90.796018,No,20566,5,12880,4,6,60504,76823.0,10249.0,4.0,9694,43468.0,211405.0,10.0,8066,23904194.0,1162.0,683306588.0,33225.0
55,WI,"Jefferson County, WI",55055,Jefferson County,43.013804,-88.773985,No,84538,8,61009,8,6,60808,265304.0,40329.0,3.0,35168,150602.0,1672405.0,20.0,32366,41108323.0,486.0,1158019906.0,13698.0
55,WI,"Juneau County, WI",55057,Juneau County,43.932836,-90.113984,No,26399,6,13123,4,6,60604,88748.0,11812.0,3.0,14672,50215.0,301141.0,11.0,9978,27025056.0,1024.0,770592681.0,29190.0
55,WI,"Kenosha County, WI",55059,Kenosha County,42.579702,-87.424884,No,167896,10,105293,9,6,61009,512341.0,77643.0,3.0,69070,290834.0,4756440.0,28.0,62994,56462863.0,336.0,1543505977.0,9193.0
55,WI,"Kewaunee County, WI",55061,Kewaunee County,44.500954,-87.161829,No,20459,5,9769,3,6,60503,63706.0,8422.0,3.0,9276,48526.0,385945.0,19.0,8211,8839673.0,432.0,236664742.0,11568.0
55,WI,"La Crosse County, WI",55063,La Crosse County,43.908222,-91.111758,No,117538,9,123256,9,6,60909,383479.0,51179.0,3.0,48853,216981.0,2130788.0,18.0,46657,41172785.0,350.0,1116014220.0,9495.0
55,WI,"Lafayette County, WI",55065,Lafayette County,42.655578,-90.130292,No,16793,4,6357,2,6,60402,63310.0,8358.0,4.0,7180,35822.0,214203.0,13.0,6692,8129539.0,484.0,222663866.0,13259.0
55,WI,"Langlade County, WI",55067,Langlade County,45.262385,-89.067545,No,19414,5,12824,4,7,70504,61885.0,8179.0,3.0,12288,47139.0,460853.0,24.0,8521,9073817.0,467.0,239512546.0,12337.0
55,WI,"Lincoln County, WI",55069,Lincoln County,45.338417,-89.742309,No,28171,6,17429,5,7,70605,89878.0,11885.0,3.0,16739,68461.0,605071.0,21.0,12546,16989200.0,603.0,451831014.0,16039.0
55,WI,"Manitowoc County, WI",55071,Manitowoc County,44.105092,-87.313734,No,80178,8,59456,8,6,60808,236210.0,30922.0,3.0,36909,179924.0,2061982.0,26.0,33991,31081941.0,388.0,850619704.0,10609.0
55,WI,"Marathon County, WI",55073,Marathon County,44.898036,-89.757823,No,135367,10,129463,10,6,61010,400420.0,52956.0,3.0,57891,305006.0,2693241.0,20.0,54003,67142858.0,496.0,1802167721.0,13313.0
55,WI,"Marinette County, WI",55075,Marinette County,45.346899,-87.991198,No,41090,7,31231,6,6,60706,138247.0,18657.0,3.0,30141,105305.0,879179.0,21.0,18380,29573152.0,720.0,775525951.0,18874.0
55,WI,"Marquette County, WI",55077,Marquette County,43.826053,-89.409095,No,15082,4,7095,2,6,60402,56295.0,7540.0,4.0,9787,42881.0,193994.0,13.0,6328,11362476.0,753.0,309237167.0,20504.0
55,WI,"Menominee County, WI",55078,Menominee County,44.991304,-88.669251,No,4457,1,778,1,6,60101,11886.0,1571.0,3.0,2205,9054.0,17452.0,4.0,1215,4004593.0,898.0,100986025.0,22658.0
55,WI,"Milwaukee County, WI",55079,Milwaukee County,43.017669,-87.481489,No,955306,14,889569,14,6,61414,2831877.0,432331.0,3.0,414031,1607537.0,25842247.0,27.0,382778,270734293.0,283.0,7447277973.0,7796.0
55,WI,"Monroe County, WI",55081,Monroe County,43.945175,-90.619969,No,45365,7,31523,6,6,60706,164988.0,21907.0,4.0,19362,93354.0,609066.0,13.0,17813,28647574.0,631.0,809535467.0,17845.0
55,WI,"Oconto County, WI",55083,Oconto County,44.996575,-88.206516,No,37475,6,13470,4,6,60604,123552.0,17240.0,3.0,23506,94111.0,629696.0,17.0,15440,21566432.0,575.0,578538660.0,15438.0
55,WI,"Oneida County, WI",55085,Oneida County,45.716176,-89.534533,No,35604,6,27471,6,7,70606,105512.0,13951.0,3.0,30206,80370.0,874146.0,25.0,14965,21102695.0,593.0,562174369.0,15790.0
55,WI,"Outagamie County, WI",55087,Outagamie County,44.418226,-88.464988,No,181799,10,205828,11,6,61011,575024.0,85941.0,3.0,74535,326417.0,3813427.0,21.0,71194,62203567.0,342.0,1713865136.0,9427.0
55,WI,"Ozaukee County, WI",55089,Ozaukee County,43.360458,-87.497383,No,87625,9,81713,8,6,60908,303400.0,46306.0,3.0,36412,172227.0,2297197.0,26.0,34763,36186181.0,413.0,1009219645.0,11517.0
55,WI,"Pepin County, WI",55091,Pepin County,44.627436,-91.83489,No,7349,2,3400,1,6,60201,29464.0,3941.0,4.0,3583,16671.0,67312.0,9.0,2948,3354386.0,456.0,90859072.0,12363.0
55,WI,"Pierce County, WI",55093,Pierce County,44.725336,-92.426279,No,40881,7,13817,4,6,60704,148958.0,20107.0,4.0,16163,84284.0,501890.0,12.0,15101,12476628.0,305.0,339121195.0,8295.0
55,WI,"Polk County, WI",55095,Polk County,45.462041,-92.447066,No,43483,7,26389,6,6,60706,168248.0,22748.0,4.0,24089,95198.0,523959.0,12.0,18188,16299945.0,375.0,438074747.0,10075.0
55,WI,"Portage County, WI",55097,Portage County,44.476246,-89.49807,No,70551,8,61704,8,6,60808,203944.0,27011.0,3.0,30131,155347.0,1344822.0,19.0,27844,34461822.0,488.0,954626831.0,13531.0
55,WI,"Price County, WI",55099,Price County,45.679072,-90.35965,No,13707,4,9148,3,7,70403,56275.0,7601.0,4.0,10941,31842.0,244565.0,18.0,6676,8372464.0,611.0,223127321.0,16278.0
55,WI,"Racine County, WI",55101,Racine County,42.754075,-87.414676,No,194873,11,132737,10,6,61110,641912.0,97998.0,3.0,81674,364387.0,5301940.0,27.0,75291,59807473.0,307.0,1621441655.0,8321.0
55,WI,"Richland County, WI",55103,Richland County,43.376199,-90.435693,No,17642,5,9513,3,6,60503,68300.0,9019.0,4.0,8802,38646.0,219055.0,12.0,7506,7598655.0,431.0,206329043.0,11695.0
55,WI,"Rock County, WI",55105,Rock County,42.66988,-89.075284,No,160986,10,115490,9,6,61009,549487.0,72918.0,3.0,67915,418552.0,3731543.0,23.0,63941,56504568.0,351.0,1571864970.0,9764.0
55,WI,"Rusk County, WI",55107,Rusk County,45.472734,-91.136745,No,14272,4,8663,3,6,60403,54745.0,7358.0,4.0,8926,30976.0,198085.0,14.0,6245,8253453.0,578.0,216546122.0,15173.0
55,WI,"St. Croix County, WI",55109,St. Croix County,45.028959,-92.447284,No,86726,9,58539,8,6,60908,317175.0,42200.0,4.0,34417,179465.0,1500786.0,17.0,32811,48655017.0,561.0,1383856429.0,15957.0
55,WI,"Sauk County, WI",55111,Sauk County,43.427998,-89.943329,No,63317,8,62277,8,6,60808,218731.0,28933.0,3.0,29625,166610.0,929112.0,15.0,25293,33653572.0,532.0,929125517.0,14674.0
55,WI,"Sawyer County, WI",55113,Sawyer County,45.864913,-91.14713,No,16438,4,9937,3,7,70403,63052.0,8649.0,4.0,16063,35676.0,177691.0,11.0,7488,13306370.0,809.0,347010840.0,21110.0
55,WI,"Shawano County, WI",55115,Shawano County,44.789641,-88.755813,No,41384,7,20165,5,6,60705,133741.0,19379.0,3.0,20548,75919.0,645738.0,16.0,16940,26903332.0,650.0,720172354.0,17402.0
55,WI,"Sheboygan County, WI",55117,Sheboygan County,43.745972,-87.731986,No,115269,9,109803,9,6,60909,331600.0,46737.0,3.0,51985,188235.0,2889583.0,25.0,47152,38348622.0,333.0,1050759734.0,9116.0
55,WI,"Taylor County, WI",55119,Taylor County,45.211656,-90.504853,No,20521,5,15187,4,7,70504,87353.0,11352.0,4.0,10509,49426.0,267580.0,13.0,8751,8571340.0,418.0,225385154.0,10983.0
55,WI,"Trempealeau County, WI",55121,Trempealeau County,44.30305,-91.358867,No,29521,6,27865,6,6,60606,111912.0,14952.0,4.0,12716,63323.0,437122.0,15.0,11840,17380184.0,589.0,470715620.0,15945.0
55,WI,"Vernon County, WI",55123,Vernon County,43.599366,-90.821983,No,30442,6,14129,4,6,60604,113213.0,15114.0,4.0,13697,64058.0,339336.0,11.0,11843,11764168.0,386.0,316336856.0,10391.0
55,WI,"Vilas County, WI",55125,Vilas County,46.049848,-89.501254,No,21373,5,11573,4,7,70504,76516.0,10840.0,4.0,25215,58283.0,449582.0,21.0,10648,16143015.0,755.0,422511496.0,19768.0
55,WI,"Walworth County, WI",55127,Walworth County,42.66811,-88.541731,No,103021,9,69995,8,6,60908,314324.0,45207.0,3.0,51290,239425.0,2471413.0,24.0,39967,49763182.0,483.0,1363781359.0,13238.0
55,WI,"Washburn County, WI",55129,Washburn County,45.892463,-91.796423,No,15685,4,9026,3,7,70403,62906.0,8386.0,4.0,12961,35594.0,209962.0,13.0,7151,11012311.0,702.0,293874106.0,18736.0
55,WI,"Washington County, WI",55131,Washington County,43.391156,-88.232917,No,133422,10,102781,9,6,61009,461791.0,70486.0,3.0,55084,262139.0,3292677.0,25.0,53187,57872000.0,434.0,1615104249.0,12105.0
55,WI,"Waukesha County, WI",55133,Waukesha County,43.019308,-88.306707,No,395377,12,478902,13,6,61213,1429666.0,218238.0,4.0,161438,811561.0,11232595.0,28.0,155776,163449695.0,413.0,4514919596.0,11419.0
55,WI,"Waupaca County, WI",55135,Waupaca County,44.478004,-88.967005,No,51974,7,33090,6,6,60706,164629.0,23727.0,3.0,25252,125400.0,826624.0,16.0,21412,21660648.0,417.0,579928384.0,11158.0
55,WI,"Waushara County, WI",55137,Waushara County,44.112825,-89.239752,No,24238,5,9250,3,6,60503,83041.0,11364.0,3.0,14795,63253.0,314651.0,13.0,9749,13756529.0,568.0,373909982.0,15427.0
55,WI,"Winnebago County, WI",55139,Winnebago County,44.085707,-88.668149,No,169487,10,168837,10,6,61010,497809.0,70058.0,3.0,73682,379188.0,4235266.0,25.0,69169,63491584.0,375.0,1762166841.0,10397.0
55,WI,"Wood County, WI",55141,Wood County,44.461413,-90.038825,No,73621,8,69202,8,6,60808,264896.0,31714.0,4.0,34138,201775.0,1473942.0,20.0,31884,26752007.0,363.0,702919170.0,9548.0
56,WY,"Albany County, WY",56001,Albany County,41.665514,-105.721883,No,37836,6,19484,5,6,60605,134898.0,15534.0,4.0,18214,84243.0,839369.0,22.0,15565,18803201.0,497.0,599043657.0,15833.0
56,WY,"Big Horn County, WY",56003,Big Horn County,44.525117,-107.994848,No,11931,4,4920,1,6,60401,41435.0,4798.0,3.0,5238,25876.0,253477.0,21.0,4459,6021624.0,505.0,168582429.0,14130.0
56,WY,"Campbell County, WY",56005,Campbell County,44.191999,-105.517014,No,48473,7,41268,7,6,60707,262837.0,24993.0,5.0,23364,164140.0,741627.0,15.0,17534,20604344.0,425.0,598052366.0,12338.0
56,WY,"Carbon County, WY",56007,Carbon County,41.70359,-106.933153,No,15696,4,8169,3,6,60403,61052.0,7040.0,4.0,8350,38126.0,297554.0,19.0,6095,20715787.0,1320.0,712794751.0,45413.0
56,WY,"Converse County, WY",56009,Converse County,42.974898,-105.505917,No,14223,4,9577,3,6,60403,60101.0,6876.0,4.0,6338,17867.0,270847.0,19.0,5576,12473188.0,877.0,427057256.0,30026.0
56,WY,"Crook County, WY",56011,Crook County,44.589266,-104.567298,No,7284,2,2935,1,6,60201,45836.0,4376.0,6.0,2374,28624.0,59923.0,8.0,2976,8087050.0,1110.0,286221126.0,39294.0
56,WY,"Fremont County, WY",56013,Fremont County,43.054831,-108.608935,No,40683,7,21002,5,6,60705,144257.0,16674.0,4.0,17247,90088.0,721699.0,18.0,15159,19702841.0,484.0,542134145.0,13326.0
56,WY,"Goshen County, WY",56015,Goshen County,42.08958,-104.353482,No,13546,4,5903,2,5,50402,47750.0,6475.0,4.0,5223,29820.0,255752.0,19.0,5350,6016393.0,444.0,163757970.0,12089.0
56,WY,"Hot Springs County, WY",56017,Hot Springs County,43.720209,-108.435076,No,4781,1,3135,1,6,60101,21281.0,2464.0,4.0,2540,6327.0,124672.0,26.0,2262,2797646.0,585.0,77672711.0,16246.0
56,WY,"Johnson County, WY",56019,Johnson County,44.044048,-106.588541,No,8572,3,4638,1,6,60301,48030.0,4722.0,6.0,3471,29994.0,181319.0,21.0,3668,7804631.0,910.0,293335744.0,34220.0
56,WY,"Laramie County, WY",56021,Laramie County,41.29283,-104.660395,No,96459,9,70732,8,6,60908,273257.0,41496.0,3.0,40501,170647.0,2513859.0,26.0,37362,39162470.0,406.0,1215791207.0,12604.0
56,WY,"Lincoln County, WY",56023,Lincoln County,42.229993,-110.682961,No,18543,5,8722,3,7,70503,102815.0,8907.0,6.0,8809,30566.0,191721.0,10.0,7002,9331024.0,503.0,257468597.0,13885.0
56,WY,"Natrona County, WY",56025,Natrona County,42.973602,-106.76507,No,80871,8,65874,8,6,60808,291024.0,33376.0,4.0,34730,86518.0,1753180.0,22.0,32422,30888257.0,382.0,841924651.0,10411.0
56,WY,"Niobrara County, WY",56027,Niobrara County,43.062159,-104.468373,No,2498,1,743,1,6,60101,10079.0,1112.0,4.0,1022,6294.0,41991.0,17.0,981,3664334.0,1467.0,105281515.0,42146.0
56,WY,"Park County, WY",56029,Park County,44.492387,-109.593597,No,29083,6,19334,5,6,60605,111242.0,12877.0,4.0,15012,33071.0,631632.0,22.0,11826,13898110.0,478.0,374961824.0,12893.0
56,WY,"Platte County, WY",56031,Platte County,42.131593,-104.953963,No,8740,3,3918,1,5,50301,36103.0,4330.0,4.0,3855,22546.0,157054.0,18.0,3680,7209273.0,825.0,273118240.0,31249.0
56,WY,"Sheridan County, WY",56033,Sheridan County,44.781369,-106.881211,No,29924,6,20714,5,6,60605,134544.0,13734.0,4.0,13975,84022.0,588778.0,20.0,12697,10035831.0,335.0,309240181.0,10334.0
56,WY,"Sublette County, WY",56035,Sublette County,42.767928,-109.91617,No,10032,3,5736,2,7,70302,38001.0,3800.0,4.0,5708,11297.0,121842.0,12.0,3203,5796724.0,578.0,173374802.0,17282.0
56,WY,"Sweetwater County, WY",56037,Sweetwater County,41.660328,-108.875677,No,44812,7,32420,6,6,60706,133773.0,15299.0,3.0,18610,39769.0,1333459.0,30.0,16533,38215930.0,853.0,1337176842.0,29840.0
56,WY,"Teton County, WY",56039,Teton County,44.048663,-110.42607,No,22623,5,35700,6,7,70506,178360.0,11262.0,8.0,12950,53024.0,128150.0,6.0,8576,13375052.0,591.0,351431168.0,15534.0
56,WY,"Uinta County, WY",56041,Uinta County,41.284726,-110.558947,No,20893,5,13916,4,6,60504,64166.0,7332.0,3.0,8542,19076.0,522796.0,25.0,7432,13389197.0,641.0,486719417.0,23296.0
56,WY,"Washakie County, WY",56043,Washakie County,43.878831,-107.669052,No,8351,3,5569,2,6,60302,35760.0,4266.0,4.0,3713,22332.0,193734.0,23.0,3493,3531003.0,423.0,97883864.0,11721.0
56,WY,"Weston County, WY",56045,Weston County,43.846213,-104.57002,No,7175,2,3066,1,6,60201,44375.0,4284.0,6.0,2324,27712.0,124552.0,17.0,3134,3278090.0,457.0,91655537.0,12774.0
