state_id,state_abbr,county_state_name,county_id,county_name,latitude,longitude,consolidated_city-county,population,population_cohort,employment,employment_cohort,doe_climate_zone,cohort,consumption (MWh),expenditures in Millions,consumption (MWh/capita),utility customers,GHG emissions mtons CO2e,consumption (TcF),consumption (TcF/capita),occuped housing units,buildings,area (sq. ft.),consumption (gallons),consumption (gallons/capita),vehicle miles traveled (miles),vehicle miles traveled (miles/capita),establishments
1,AL,"Autauga County, AL",1001,Autauga County,32.532237,-86.64644,,55049,7,21580,5,3,30705,"315,398","39,864",6,"22,120","156,670","316,920",6,"20,800",,,"25,332,114",460,"740,266,187","13,447",
1,AL,"Baldwin County, AL",1003,Baldwin County,30.659218,-87.746067,,199510,11,122682,9,2,21109,"1,064,843","126,826",5,"127,891","528,947","273,012",1,"75,149",,,"116,066,055",582,"3,239,817,322","16,239",
1,AL,"Barbour County, AL",1005,Barbour County,31.870253,-85.405104,,26614,6,13613,4,3,30604,"136,098","17,085",5,"11,494","67,605","40,062",2,"9,122",,,"14,909,195",560,"391,131,704","14,696",
1,AL,"Bibb County, AL",1007,Bibb County,33.015893,-87.127148,,22572,5,6699,2,3,30502,"117,401","14,858",5,"8,738","58,318","99,056",4,"7,048",,,"11,806,243",523,"320,513,006","14,200",
1,AL,"Blount County, AL",1009,Blount County,33.977358,-86.56644,,57704,8,12557,4,3,30804,"328,466","41,577",6,"23,227","177,690","193,482",3,"20,619",,,"23,520,539",408,"673,272,458","11,668",
1,AL,"Bullock County, AL",1011,Bullock County,32.101759,-85.717261,,10552,3,3422,1,3,30301,"53,059","6,709",5,"4,345","26,357","31,638",3,"3,556",,,"6,186,642",586,"167,836,840","15,906",
1,AL,"Butler County, AL",1013,Butler County,31.751667,-86.681969,,20280,5,12211,4,3,30504,"117,812","14,944",6,"9,655","58,522","32,256",2,"7,675",,,"22,568,262","1,113","689,255,139","33,987",
1,AL,"Calhoun County, AL",1015,Calhoun County,33.771706,-85.822513,,115883,9,71664,8,3,30908,"648,757","82,123",6,"51,932","350,959","788,725",7,"45,071",,,"53,512,407",462,"1,453,111,884","12,539",
1,AL,"Chambers County, AL",1017,Chambers County,32.915504,-85.394032,,34018,6,12279,4,3,30604,"207,888","26,283",6,"16,463","103,266","153,560",5,"13,851",,,"20,775,028",611,"566,425,834","16,651",
1,AL,"Cherokee County, AL",1019,Cherokee County,34.069515,-85.654242,,25897,6,7709,3,3,30603,"162,897","20,819",6,"15,835","88,122","86,644",3,"10,999",,,"13,580,194",524,"362,839,833","14,011",
1,AL,"Chilton County, AL",1021,Chilton County,32.854051,-86.726607,,43817,7,15155,4,3,30704,"265,901","33,633",6,"18,757","132,083","137,267",3,"16,619",,,"27,667,822",631,"842,746,706","19,233",
1,AL,"Choctaw County, AL",1023,Choctaw County,31.990997,-88.248908,,13287,4,4571,1,3,30401,"84,560","10,524",6,"7,052","42,004","30,309",2,"5,562",,,"8,539,258",643,"233,453,773","17,570",
1,AL,"Clarke County, AL",1025,Clarke County,31.685521,-87.818624,,24847,5,13550,4,3,30504,"143,136","17,997",6,"12,260","71,101","62,871",3,"9,554",,,"14,657,953",590,"394,083,757","15,860",
1,AL,"Clay County, AL",1027,Clay County,33.2704,-85.863525,,13483,4,6496,2,3,30402,"80,064","10,113",6,"6,569","39,771","69,581",5,"5,363",,,"7,052,659",523,"191,713,537","14,219",
1,AL,"Cleburne County, AL",1029,Cleburne County,33.671964,-85.516126,,14991,4,2803,1,3,30401,"86,909","10,996",6,"6,514","43,171","40,028",3,"5,834",,,"16,960,160","1,131","535,814,689","35,742",
1,AL,"Coffee County, AL",1031,Coffee County,31.402258,-85.989602,,50991,7,26771,6,3,30706,"304,293","39,400",6,"22,264","151,153","68,520",1,"19,375",,,"20,751,822",407,"556,804,968","10,920",
1,AL,"Colbert County, AL",1033,Colbert County,34.703112,-87.801457,,54377,7,44941,7,3,30707,"344,526","35,739",6,"25,472","186,379","505,550",9,"22,105",,,"29,300,031",539,"784,493,297","14,427",
1,AL,"Conecuh County, AL",1035,Conecuh County,31.430926,-86.988722,,12697,4,4823,1,3,30401,"74,379","9,328",6,"6,871","36,947","34,493",3,"5,090",,,"17,957,563","1,414","551,167,087","43,409",
1,AL,"Coosa County, AL",1037,Coosa County,32.931445,-86.243482,,10864,3,1725,1,3,30301,"64,136","8,112",6,"6,284","31,859","36,064",3,"4,206",,,"8,903,759",820,"243,656,679","22,428",
1,AL,"Covington County, AL",1039,Covington County,31.243987,-86.448721,,37729,6,19928,5,3,30605,"209,762","29,372",6,"18,292","104,197","74,744",2,"15,179",,,"21,650,150",574,"574,180,943","15,219",
1,AL,"Crenshaw County, AL",1041,Crenshaw County,31.732826,-86.319222,,13896,4,6642,2,3,30402,"76,217","10,436",5,"6,524","37,860","25,154",2,"5,426",,,"8,387,049",604,"227,450,495","16,368",
1,AL,"Cullman County, AL",1043,Cullman County,34.131923,-86.869267,,81316,8,50511,7,3,30807,"489,423","59,294",6,"36,179","264,764","508,872",6,"31,081",,,"42,561,339",523,"1,240,689,479","15,258",
1,AL,"Dale County, AL",1045,Dale County,31.430654,-85.609476,,49607,7,18785,5,3,30705,"284,461","35,766",6,"22,242","141,302","44,375",1,"18,794",,,"26,347,845",531,"700,021,934","14,111",
1,AL,"Dallas County, AL",1047,Dallas County,32.33354,-87.114356,,41426,7,20927,5,3,30705,"235,731","29,854",6,"19,713","117,096","355,255",9,"16,099",,,"21,747,546",525,"586,211,049","14,151",
1,AL,"DeKalb County, AL",1049,DeKalb County,34.460929,-85.803992,,70937,8,35408,6,3,30806,"358,945","40,409",5,"30,256","194,179","144,307",2,"24,811",,,"37,906,729",534,"1,056,419,466","14,892",
1,AL,"Elmore County, AL",1051,Elmore County,32.597229,-86.142735,,80957,8,27615,6,3,30806,"450,258","56,951",6,"32,451","223,660","320,818",4,"28,890",,,"34,815,173",430,"967,232,582","11,947",
1,AL,"Escambia County, AL",1053,Escambia County,31.122287,-87.16841,,37875,6,20073,5,3,30605,"211,270","26,700",6,"15,992","104,946","62,563",2,"13,536",,,"25,841,013",682,"746,532,061","19,710",
1,AL,"Etowah County, AL",1055,Etowah County,34.047641,-86.034263,,103363,9,61521,8,3,30908,"566,897","71,758",5,"46,262","306,675","884,896",9,"39,522",,,"50,400,132",488,"1,357,473,152","13,133",
1,AL,"Fayette County, AL",1057,Fayette County,33.716157,-87.764292,,16783,4,6292,2,3,30402,"104,504","13,230",6,"8,192","51,911","83,498",5,"6,850",,,"8,268,750",493,"223,147,595","13,296",
1,AL,"Franklin County, AL",1059,Franklin County,34.441989,-87.842814,,31573,6,19247,5,3,30605,"168,207","20,663",5,"13,683","90,995","195,225",6,"11,697",,,"14,583,721",462,"393,904,861","12,476",
1,AL,"Geneva County, AL",1061,Geneva County,31.092393,-85.821011,,26765,6,7761,3,3,30603,"171,557","21,723",6,"12,313","85,219","29,167",1,"10,657",,,"13,452,734",503,"356,501,944","13,320",
1,AL,"Greene County, AL",1063,Greene County,32.844497,-87.9642,,8587,3,2580,1,3,30301,"47,521","6,005",6,"4,865","23,606","38,363",4,"3,107",,,"14,916,669","1,737","469,094,742","54,628",
1,AL,"Hale County, AL",1065,Hale County,32.752796,-87.623061,,15159,4,3626,1,3,30401,"94,024","11,882",6,"7,455","46,705","89,229",6,"5,948",,,"7,675,642",506,"209,735,830","13,836",
1,AL,"Henry County, AL",1067,Henry County,31.516978,-85.239971,,17187,5,4967,1,3,30501,"108,727","13,752",6,"8,716","54,009","14,250",1,"6,831",,,"12,448,831",724,"331,753,078","19,303",
1,AL,"Houston County, AL",1069,Houston County,31.158193,-85.296398,,103891,9,86388,9,3,30909,"602,675","72,556",6,"45,173","299,371","83,532",1,"39,363",,,"48,926,011",471,"1,282,976,272","12,349",
1,AL,"Jackson County, AL",1071,Jackson County,34.764114,-85.980056,,52608,7,26437,6,3,30706,"292,690","31,846",6,"26,064","158,337","210,564",4,"19,945",,,"28,192,247",536,"749,542,557","14,248",
1,AL,"Jefferson County, AL",1073,Jefferson County,33.553444,-86.896536,,659096,14,625483,13,3,31413,"3,562,272","450,040",5,"297,284","1,769,513","7,410,723",11,"261,773",,,"362,778,847",550,"10,150,915,368","15,401",
1,AL,"Lamar County, AL",1075,Lamar County,33.787085,-88.087431,,14066,4,6266,2,3,30402,"86,619","10,967",6,"7,136","43,027","73,593",5,"6,010",,,"7,755,797",551,"208,328,485","14,811",
1,AL,"Lauderdale County, AL",1077,Lauderdale County,34.904122,-87.650997,,92641,9,51119,7,3,30907,"606,098","60,829",7,"42,361","327,882","474,337",5,"38,361",,,"36,822,385",397,"976,863,610","10,545",
1,AL,"Lawrence County, AL",1079,Lawrence County,34.529776,-87.321865,,33433,6,6106,2,3,30602,"222,687","25,391",7,"14,798","120,467","116,505",3,"13,321",,,"17,542,431",525,"477,882,808","14,294",
1,AL,"Lee County, AL",1081,Lee County,32.604064,-85.353048,,153947,10,87890,9,3,31009,"783,577","99,080",5,"63,984","389,232","560,758",4,"57,901",,,"66,960,906",435,"1,822,394,284","11,838",
1,AL,"Limestone County, AL",1083,Limestone County,34.810239,-86.981399,,90257,9,33875,6,3,30906,"532,880","51,872",6,"35,146","288,273","252,225",3,"32,073",,,"53,721,958",595,"1,515,287,220","16,789",
1,AL,"Lowndes County, AL",1085,Lowndes County,32.147888,-86.650586,,10565,3,3599,1,3,30301,"63,789","8,086",6,"4,948","31,686","34,640",3,"4,238",,,"15,723,992","1,488","478,652,588","45,305",
1,AL,"Macon County, AL",1087,Macon County,32.387027,-85.692887,,19684,5,8891,3,3,30503,"104,930","13,345",5,"9,955","52,123","113,339",6,"7,915",,,"24,902,819","1,265","768,425,169","39,038",
1,AL,"Madison County, AL",1089,Madison County,34.764238,-86.55108,,349973,12,317160,12,3,31212,"2,189,561","211,792",6,"150,667","1,184,489","1,840,965",5,"139,949",,,"170,485,759",487,"4,543,452,370","12,982",
1,AL,"Marengo County, AL",1091,Marengo County,32.247591,-87.791091,,20066,5,11863,4,3,30504,"128,416","16,228",6,"9,941","63,789","115,666",6,"8,149",,,"13,898,896",693,"378,113,766","18,844",
1,AL,"Marion County, AL",1093,Marion County,34.138219,-87.881551,,30239,6,15246,4,3,30604,"183,618","23,295",6,"14,318","99,332","194,240",6,"12,486",,,"21,314,889",705,"618,852,440","20,465",
1,AL,"Marshall County, AL",1095,Marshall County,34.309564,-86.321668,,94534,9,61516,8,3,30908,"516,744","55,884",5,"39,297","279,543","432,451",5,"34,461",,,"37,199,108",393,"974,941,163","10,313",
1,AL,"Mobile County, AL",1097,Mobile County,30.684572,-88.196568,,414291,12,303304,12,2,21212,"2,260,202","286,076",5,"176,865","1,122,726","2,353,372",6,"154,261",,,"184,729,397",446,"5,090,935,711","12,288",
1,AL,"Monroe County, AL",1099,Monroe County,31.580332,-87.383266,,21975,5,10622,3,3,30503,"127,525","16,115",6,"10,980","63,346","32,468",1,"8,316",,,"11,059,933",503,"297,040,064","13,517",
1,AL,"Montgomery County, AL",1101,Montgomery County,32.202881,-86.204461,,227392,11,207764,11,3,31111,"1,251,966","158,323",6,"100,870","621,898","2,012,146",9,"90,281",,,"123,170,044",542,"3,389,778,354","14,907",
1,AL,"Morgan County, AL",1103,Morgan County,34.454484,-86.846402,,119555,9,85474,9,3,30909,"749,041","81,687",6,"56,518","405,210","685,890",6,"46,164",,,"53,808,379",450,"1,463,810,581","12,244",
1,AL,"Perry County, AL",1105,Perry County,32.639005,-87.293827,,9856,3,3111,1,3,30301,"48,915","6,181",5,"4,570","24,298","51,742",5,"3,198",,,"6,032,497",612,"162,260,749","16,463",
1,AL,"Pickens County, AL",1107,Pickens County,33.296793,-88.096863,,20042,5,5153,2,3,30502,"116,087","14,682",6,"9,202","57,665","101,114",5,"7,618",,,"11,343,384",566,"309,260,089","15,431",
1,AL,"Pike County, AL",1109,Pike County,31.798651,-85.941604,,33277,6,22140,5,3,30605,"173,758","21,130",5,"15,323","86,312","66,273",2,"12,802",,,"20,044,974",602,"539,461,587","16,211",
1,AL,"Randolph County, AL",1111,Randolph County,33.296475,-85.464068,,22615,5,7587,3,3,30503,"127,872","16,156",6,"11,625","63,519","74,994",3,"8,691",,,"9,963,924",441,"270,664,707","11,968",
1,AL,"Russell County, AL",1113,Russell County,32.289811,-85.18698,,58636,8,22283,5,3,30805,"326,048","41,221",6,"26,021","161,960","198,133",3,"22,333",,,"26,428,708",451,"706,208,641","12,044",
1,AL,"St. Clair County, AL",1115,St. Clair County,33.712963,-86.315663,,86576,9,33693,6,3,30906,"497,550","62,977",6,"34,907","247,151","402,505",5,"31,832",,,"51,764,523",598,"1,516,864,995","17,521",
1,AL,"Shelby County, AL",1117,Shelby County,33.263043,-86.678089,,205951,11,164574,10,3,31110,"1,146,887","145,167",6,"81,436","569,702","1,522,551",7,"75,942",,,"95,019,395",461,"2,598,959,574","12,619",
1,AL,"Sumter County, AL",1119,Sumter County,32.597481,-88.200057,,13285,4,4643,1,3,30401,"72,632","9,181",5,"6,590","36,079","44,761",3,"4,878",,,"15,106,609","1,137","464,220,494","34,943",
1,AL,"Talladega County, AL",1121,Talladega County,33.369314,-86.17593,,81057,8,47718,7,3,30807,"473,763","59,670",6,"36,225","235,336","410,792",5,"31,461",,,"46,541,220",574,"1,291,933,416","15,939",
1,AL,"Tallapoosa County, AL",1123,Tallapoosa County,32.863369,-85.799553,,40958,7,21565,5,3,30705,"251,135","31,742",6,"21,481","124,748","173,516",4,"16,338",,,"23,041,738",563,"604,301,464","14,754",
1,AL,"Tuscaloosa County, AL",1125,Tuscaloosa County,33.29022,-87.522783,,202471,11,156875,10,3,31110,"1,055,279","133,553",5,"85,625","524,197","1,065,750",5,"70,440",,,"102,749,820",507,"2,872,627,267","14,188",
1,AL,"Walker County, AL",1127,Walker County,33.791558,-87.301094,,65593,8,29184,6,3,30806,"407,332","51,560",6,"29,905","202,337","230,413",4,"25,194",,,"34,253,316",522,"999,513,137","15,238",
1,AL,"Washington County, AL",1129,Washington County,31.405217,-88.197564,,16909,5,9915,3,3,30503,"92,570","11,752",5,"8,155","45,983","22,195",1,"6,113",,,"10,985,398",650,"304,828,500","18,028",
1,AL,"Wilcox County, AL",1131,Wilcox County,31.990085,-87.304907,,11119,3,3335,1,3,30301,"56,385","7,145",5,"5,472","28,009","32,056",3,"3,792",,,"7,094,512",638,"193,243,365","17,380",
1,AL,"Winston County, AL",1133,Winston County,34.154607,-87.36529,,24013,5,12582,4,3,30504,"149,313","18,882",6,"13,054","80,774","103,517",4,"9,436",,,"10,326,155",430,"275,955,298","11,492",
2,AK,"Aleutians East Borough, AK",2013,Aleutians East Borough,55.245044,-161.997477,,3299,1,2361,1,7,70101,"5,235","1,041",2,638,"1,199","5,232",2,788,,,"248,261",75,"5,009,278","1,518",
2,AK,"Aleutians West Census Area, AK",2016,Aleutians West Census Area,51.959447,178.338813,,5714,2,7431,2,7,70202,"6,577","2,112",1,"1,233","1,506","4,731",1,"1,186",,,"915,224",160,"17,899,483","3,133",
2,AK,"Anchorage Municipality, AK",2020,Anchorage Municipality,61.17425,-149.284329,Y,299321,12,294604,12,7,71212,"684,402","126,148",2,"109,765","334,427","12,494,797",42,"104,969",,,"92,849,679",310,"1,998,409,173","6,676",
2,AK,"Bethel Census Area, AK",2050,Bethel Census Area,60.929141,-160.152625,,17885,5,5972,2,8,80502,"27,649","9,462",2,"4,372","6,331","27,723",2,"4,555",,,"834,492",47,"17,696,945",989,
2,AK,"Bristol Bay Borough, AK",2060,Bristol Bay Borough,58.730149,-156.996679,,942,1,721,1,7,70101,"2,393",476,3,577,548,"2,232",2,360,,,"130,124",138,"2,726,982","2,895",
2,AK,"Denali Borough, AK",2068,Denali Borough,63.681106,-150.026544,,2125,1,744,1,7,70101,"5,632","1,276",3,"1,360","2,752", -   , -   ,707,,,"3,483,069","1,639","81,114,681","38,172",
2,AK,"Dillingham Census Area, AK",2070,Dillingham Census Area,60.299091,-158.09732,,4980,1,2290,1,8,80101,"8,339","2,542",2,"1,770","1,910","3,387",1,"1,375",,,"769,244",154,"15,833,075","3,179",
2,AK,"Fairbanks North Star Borough, AK",2090,Fairbanks North Star Borough,64.692317,-146.601733,,100150,9,55924,7,8,80907,"254,976","57,753",3,"33,122","124,592","127,409",1,"35,303",,,"38,400,804",383,"886,316,460","8,850",
2,AK,"Haines Borough, AK",2100,Haines Borough,59.098771,-135.576936,,2528,1,1114,1,7,70101,"5,898","1,809",2,"1,290","2,882","6,960",3,"1,170",,,"458,572",181,"10,555,527","4,175",
2,AK,"Hoonah-Angoon Census Area, AK",2105,Hoonah-Angoon Census Area,58.403336,-135.884909,,2107,1,377,1,7,70101,"7,750",933,4,"1,583","1,775","6,179",3,836,,,"658,606",313,"13,398,577","6,359",
2,AK,"Juneau City and Borough, AK",2110,Juneau City and Borough,58.37291,-134.178445,Y,32524,6,22830,5,7,70605,"117,913","13,962",4,"12,925","27,002","54,441",2,"12,138",,,"8,775,181",270,"185,965,981","5,718",
2,AK,"Kenai Peninsula Borough, AK",2122,Kenai Peninsula Borough,60.366668,-152.322283,,57637,8,30728,6,7,70806,"143,374","34,712",2,"29,665","70,058","1,681,295",29,"21,481",,,"28,065,979",487,"635,869,795","11,032",
2,AK,"Ketchikan Gateway Borough, AK",2130,Ketchikan Gateway Borough,55.449938,-131.106685,,13715,4,10191,3,7,70403,"43,504","6,960",3,"6,434","9,962","21,427",2,"5,209",,,"2,729,892",199,"58,753,318","4,284",
2,AK,"Kodiak Island Borough, AK",2150,Kodiak Island Borough,57.270775,-153.953863,,13918,4,11203,3,7,70403,"33,134","5,766",2,"4,763","7,588","25,541",2,"4,585",,,"2,459,134",177,"53,367,558","3,834",
2,AK,"Kusilvak Census Area, AK",2158,Kusilvak Census Area,62.28306,-163.190903,,7993,3,0,1,7,70301,"13,573","2,698",2,"1,428","3,108", -   , -   ,"1,734",,,"374,573",47,"7,603,878",951,
2,AK,"Lake and Peninsula Borough, AK",2164,Lake and Peninsula Borough,58.108693,-156.414141,,1411,1,446,1,7,70101,"3,268",650,2,921,748,"3,416",2,468,,,"368,524",261,"7,459,375","5,287",
2,AK,"Matanuska-Susitna Borough, AK",2170,Matanuska-Susitna Borough,62.279075,-149.617562,,98679,9,36439,6,7,70906,"250,308","49,176",3,"39,724","122,311","3,249,943",33,"30,839",,,"40,073,476",406,"945,332,372","9,580",
2,AK,"Nome Census Area, AK",2180,Nome Census Area,64.783686,-164.188912,,9879,3,4058,1,8,80301,"14,650","6,382",1,"3,416","3,355","17,319",2,"2,879",,,"1,897,288",192,"38,047,646","3,851",
2,AK,"North Slope Borough, AK",2185,North Slope Borough,69.449343,-153.47283,,9681,3,7494,2,8,80302,"14,027","2,828",1,"2,240","3,212","230,107",24,"2,018",,,"2,169,044",224,"45,330,732","4,682",
2,AK,"Northwest Arctic Borough, AK",2188,Northwest Arctic Borough,67.005066,-160.021086,,7723,3,2699,1,8,80301,"9,743","4,681",1,"2,352","2,231","10,999",1,"1,904",,,"539,601",70,"10,706,797","1,386",
2,AK,"Petersburg Census Area, AK",2195,Petersburg Census Area,57.112458,-133.008598,,3196,1,1971,1,8,80101,"8,891","1,939",3,"1,402","2,036","6,614",2,"1,237",,,"740,471",232,"15,409,267","4,821",
2,AK,"Prince of Wales-Hyder Census Area, AK",2198,Prince of Wales-Hyder Census Area,55.682773,-133.162389,,6374,2,1878,1,7,70201,"10,672","3,274",2,"2,670","2,444","13,914",2,"2,267",,,"1,956,725",307,"40,817,205","6,404",
2,AK,"Sitka City and Borough, AK",2220,Sitka City and Borough,57.193204,-135.367396,Y,8921,3,5837,2,7,70302,"25,914","5,330",3,"3,696","5,934","17,231",2,"3,504",,,"1,670,254",187,"34,066,461","3,819",
2,AK,"Skagway Municipality, AK",2230,Skagway Municipality,59.575097,-135.335418,,1014,1,715,1,7,70101,"1,879",576,2,508,430,"1,551",2,428,,,"167,225",165,"3,896,398","3,843",
2,AK,"Southeast Fairbanks Census Area, AK",2240,Southeast Fairbanks Census Area,63.864997,-143.218628,,6970,2,2063,1,8,80201,"16,039","3,669",2,"3,101","7,837","13,612",2,"2,085",,,"5,119,379",734,"121,305,306","17,404",
2,AK,"Valdez-Cordova Census Area, AK",2261,Valdez-Cordova Census Area,61.34984,-145.023141,,9522,3,5546,2,7,70302,"22,157","4,707",2,"5,857","5,074","17,658",2,"2,937",,,"6,544,934",687,"149,815,655","15,734",
2,AK,"Wrangell City and Borough, AK",2275,Wrangell City and Borough,56.180779,-132.026788,Y,2401,1,894,1,7,70101,"6,358","1,529",3,"1,218","1,456","7,743",3,"1,045",,,"469,205",195,"9,702,298","4,041",
2,AK,"Yakutat City and Borough, AK",2282,Yakutat City and Borough,60.019872,-140.414566,Y,646,1,210,1,7,70101,"1,249",325,2,375,286,"1,906",3,247,,,"340,623",527,"6,576,837","10,181",
2,AK,"Yukon-Koyukuk Census Area, AK",2290,Yukon-Koyukuk Census Area,65.375716,-151.577878,,5600,2,620,1,8,80201,"11,757","3,430",2,"3,227","2,692","9,789",2,"1,981",,,"4,215,418",753,"99,722,940","17,808",
4,AZ,"Apache County, AZ",4001,Apache County,35.385084,-109.490172,,72346,8,12946,4,5,50804,"122,976","14,360",2,"29,699","58,517","346,154",5,"19,351",,,"38,963,056",539,"1,008,977,534","13,947",
4,AZ,"Cochise County, AZ",4003,Cochise County,31.840129,-109.775163,,128177,10,51590,7,3,31007,"429,159","57,222",3,"56,914","204,211","987,755",8,"49,230",,,"73,384,674",573,"1,934,255,125","15,091",
4,AZ,"Coconino County, AZ",4005,Coconino County,35.829692,-111.773728,,138064,10,103396,9,5,51009,"359,351","44,889",3,"61,299","170,994","1,947,911",14,"47,366",,,"97,382,124",705,"2,411,847,623","17,469",
4,AZ,"Gila County, AZ",4007,Gila County,33.789618,-110.81187,,53179,7,23207,5,4,40705,"229,128","29,534",4,"31,225","109,028","442,658",8,"21,408",,,"23,748,029",447,"549,501,021","10,333",
4,AZ,"Graham County, AZ",4009,Graham County,32.931828,-109.87831,,37529,6,13097,4,3,30604,"111,623","13,433",3,"10,971","53,115","263,017",7,"10,915",,,"11,968,474",319,"285,188,134","7,599",
4,AZ,"Greenlee County, AZ",4011,Greenlee County,33.238872,-109.242323,,9224,3,4529,1,3,30301,"33,462","4,066",4,"4,169","15,923","95,362",10,"3,295",,,"3,247,897",352,"78,696,236","8,532",
4,AZ,"La Paz County, AZ",4012,La Paz County,33.72761,-114.038806,,20304,5,7659,3,2,20503,"93,502","12,069",5,"15,297","44,492","56,583",3,"9,181",,,"48,203,535","2,374","1,354,687,161","66,720",
4,AZ,"Maricopa County, AZ",4013,Maricopa County,33.346541,-112.495534,,4088549,18,3246598,17,2,21817,"20,615,633","2,525,122",5,"1,583,397","9,809,738","16,175,722",4,"1,465,840",,,"1,524,113,607",373,"35,294,944,777","8,633",
4,AZ,"Mohave County, AZ",4015,Mohave County,35.717705,-113.749689,,203629,11,83908,8,3,31108,"883,197","96,124",4,"106,115","420,260","1,149,834",6,"82,145",,,"121,675,980",598,"3,043,332,247","14,945",
4,AZ,"Navajo County, AZ",4017,Navajo County,35.390785,-110.321025,,108209,9,38302,7,5,50907,"257,304","32,704",2,"53,776","122,436","1,133,850",10,"34,090",,,"56,843,269",525,"1,399,778,690","12,936",
4,AZ,"Pima County, AZ",4019,Pima County,32.128523,-111.783027,,1003338,15,633322,13,2,21513,"4,039,681","455,043",4,"424,800","1,922,241","7,658,513",8,"395,390",,,"368,239,996",367,"8,606,629,474","8,578",
4,AZ,"Pinal County, AZ",4021,Pinal County,32.919038,-111.367005,,397604,12,97718,9,2,21209,"1,735,643","215,806",4,"156,845","825,888","1,484,340",4,"130,801",,,"147,614,933",371,"3,671,328,098","9,234",
4,AZ,"Santa Cruz County, AZ",4023,Santa Cruz County,31.525733,-110.845228,,46547,7,22830,5,3,30705,"147,056","16,046",3,"17,079","69,975","368,682",8,"15,538",,,"19,992,562",430,"509,049,334","10,936",
4,AZ,"Yavapai County, AZ",4025,Yavapai County,34.631212,-112.577385,,218586,11,120306,9,4,41109,"862,187","112,587",4,"106,339","410,263","2,753,358",13,"93,445",,,"125,166,204",573,"3,151,580,758","14,418",
4,AZ,"Yuma County, AZ",4027,Yuma County,32.773942,-113.910905,,203292,11,85072,8,2,21108,"844,392","110,150",4,"84,871","401,795","673,979",3,"70,924",,,"71,592,663",352,"1,769,773,788","8,706",
5,AR,"Arkansas County, AR",5001,Arkansas County,34.28957,-91.376547,,18569,5,17371,5,3,30505,"103,617","10,641",6,"9,535","39,581","229,252",12,"7,685",,,"9,278,272",500,"210,282,697","11,324",
5,AR,"Ashley County, AR",5003,Ashley County,33.190835,-91.772267,,20989,5,11662,4,3,30504,"118,328","12,154",6,"10,202","45,201","199,353",9,"8,338",,,"8,775,545",418,"203,324,442","9,687",
5,AR,"Baxter County, AR",5005,Baxter County,36.28071,-92.330438,,40992,7,26236,6,4,40706,"206,535","21,335",5,"22,814","78,895","473,596",12,"18,061",,,"14,780,981",361,"334,738,379","8,166",
5,AR,"Benton County, AR",5007,Benton County,36.337825,-94.256187,,245231,11,207978,11,4,41111,"1,175,010","112,658",5,"99,008","668,807","2,105,525",9,"88,014",,,"99,264,468",405,"2,400,680,000","9,789",
5,AR,"Boone County, AR",5009,Boone County,36.304308,-93.079204,,37301,6,24063,5,4,40605,"171,012","17,532",5,"17,077","65,325","401,370",11,"14,883",,,"15,776,504",423,"366,392,862","9,823",
5,AR,"Bradley County, AR",5011,Bradley County,33.466549,-92.169156,,11096,3,5667,2,3,30302,"61,864","6,373",6,"5,877","23,632","98,311",9,"4,550",,,"5,260,159",474,"119,740,978","10,791",
5,AR,"Calhoun County, AR",5013,Calhoun County,33.56046,-92.513879,,5210,2,736,1,3,30201,"28,721","2,955",6,"2,917","10,971","50,576",10,"2,079",,,"5,057,209",971,"120,839,224","23,194",
5,AR,"Carroll County, AR",5015,Carroll County,36.337774,-93.541663,,27690,6,17106,5,4,40605,"127,292","12,948",5,"13,717","72,454","246,425",9,"10,874",,,"10,852,954",392,"255,916,282","9,242",
5,AR,"Chicot County, AR",5017,Chicot County,33.267139,-91.297158,,11189,3,3785,1,3,30301,"60,549","6,217",5,"5,461","23,129","101,020",9,"4,384",,,"7,073,554",632,"167,433,795","14,964",
5,AR,"Clark County, AR",5019,Clark County,34.053316,-93.176208,,22684,5,13293,4,3,30504,"108,316","11,150",5,"10,509","41,376","179,475",8,"8,783",,,"17,191,606",758,"526,341,457","23,203",
5,AR,"Clay County, AR",5021,Clay County,36.367302,-90.418704,,15202,4,4867,1,3,30401,"78,644","8,105",5,"8,119","30,042","220,852",15,"6,453",,,"6,548,695",431,"148,398,648","9,762",
5,AR,"Cleburne County, AR",5023,Cleburne County,35.566315,-92.05995,,25587,6,11268,4,3,30604,"138,171","14,189",5,"16,013","52,781","129,584",5,"10,360",,,"10,177,541",398,"234,340,247","9,159",
5,AR,"Cleveland County, AR",5025,Cleveland County,33.893201,-92.188714,,8421,3,916,1,3,30301,"50,402","5,188",6,"4,099","19,253","59,905",7,"3,342",,,"4,369,885",519,"105,296,701","12,504",
5,AR,"Columbia County, AR",5027,Columbia County,33.223038,-93.232843,,24168,5,14272,4,3,30504,"133,098","13,669",6,"11,694","50,843","272,443",11,"9,518",,,"9,436,395",390,"220,092,065","9,107",
5,AR,"Conway County, AR",5029,Conway County,35.265702,-92.689248,,21060,5,9353,3,3,30503,"112,070","11,493",5,"9,830","42,810","119,159",6,"8,360",,,"16,075,508",763,"496,453,134","23,573",
5,AR,"Craighead County, AR",5031,Craighead County,35.827729,-90.631421,,102884,9,86089,9,3,30909,"509,809","51,281",5,"43,711","194,744","880,367",9,"39,042",,,"44,133,148",429,"1,038,848,798","10,097",
5,AR,"Crawford County, AR",5033,Crawford County,35.583041,-94.236224,,61927,8,35255,6,3,30806,"334,543","31,100",5,"26,695","190,419","816,639",13,"23,548",,,"28,902,794",467,"882,404,413","14,249",
5,AR,"Crittenden County, AR",5035,Crittenden County,35.211878,-90.315331,,49511,7,27873,6,3,30706,"251,492","25,691",5,"21,823","96,069","503,958",10,"18,496",,,"33,600,994",679,"1,027,105,529","20,745",
5,AR,"Cross County, AR",5037,Cross County,35.285692,-90.763984,,17329,5,7451,2,3,30502,"95,337","9,790",6,"7,962","36,418","146,967",8,"6,703",,,"7,812,617",451,"181,253,210","10,460",
5,AR,"Dallas County, AR",5039,Dallas County,33.967823,-92.653999,,7738,3,4759,1,3,30301,"43,599","4,486",6,"4,328","16,655","83,631",11,"3,222",,,"4,801,300",620,"109,650,361","14,170",
5,AR,"Desha County, AR",5041,Desha County,33.828752,-91.244103,,12234,4,6891,2,3,30402,"68,869","7,085",6,"6,346","26,307","128,170",10,"5,224",,,"6,334,142",518,"144,000,993","11,771",
5,AR,"Drew County, AR",5043,Drew County,33.587242,-91.722778,,18688,5,9518,3,3,30503,"99,083","10,199",5,"8,564","37,849","147,561",8,"7,094",,,"10,752,547",575,"248,422,424","13,293",
5,AR,"Faulkner County, AR",5045,Faulkner County,35.146286,-92.324711,,120417,9,70129,8,3,30908,"599,113","60,961",5,"49,241","228,857","708,043",6,"43,451",,,"47,791,990",397,"1,267,729,278","10,528",
5,AR,"Franklin County, AR",5047,Franklin County,35.508558,-93.887665,,17799,5,6815,2,3,30502,"97,029","9,021",5,"8,104","55,228","220,072",12,"6,779",,,"11,237,991",631,"333,317,947","18,727",
5,AR,"Fulton County, AR",5049,Fulton County,36.383619,-91.819664,,12186,4,2764,1,4,40401,"68,887","7,116",6,"6,814","26,314","34,518",3,"5,240",,,"7,041,095",578,"164,226,100","13,477",
5,AR,"Garland County, AR",5051,Garland County,34.578861,-93.146915,,97119,9,66016,8,3,30908,"523,473","53,747",5,"51,036","199,964","764,662",8,"40,353",,,"38,415,739",396,"879,142,440","9,052",
5,AR,"Grant County, AR",5053,Grant County,34.285568,-92.422979,,18046,5,6362,2,3,30502,"98,690","10,158",5,"7,918","37,699","182,414",10,"6,869",,,"9,921,638",550,"244,454,445","13,546",
5,AR,"Greene County, AR",5055,Greene County,36.120607,-90.566346,,43745,7,28541,6,3,30706,"243,718","24,837",6,"18,664","93,099","241,640",6,"16,766",,,"16,097,273",368,"360,097,657","8,232",
5,AR,"Hempstead County, AR",5057,Hempstead County,33.728611,-93.665809,,22208,5,12306,4,3,30504,"93,327","9,796",4,"10,534","53,121","207,833",9,"7,729",,,"17,019,094",766,"501,598,914","22,586",
5,AR,"Hot Spring County, AR",5059,Hot Spring County,34.315177,-92.944147,,33440,6,11432,4,3,30604,"160,658","16,511",5,"14,474","61,371","234,154",7,"12,226",,,"21,357,598",639,"635,910,791","19,016",
5,AR,"Howard County, AR",5061,Howard County,34.083064,-93.990931,,13487,4,11644,4,3,30404,"61,348","5,848",5,"6,292","23,435","87,777",7,"5,068",,,"5,479,852",406,"125,489,414","9,304",
5,AR,"Independence County, AR",5063,Independence County,35.737499,-91.559942,,37030,6,27164,6,3,30606,"191,023","19,606",5,"16,436","72,969","226,789",6,"14,316",,,"15,069,170",407,"354,755,868","9,580",
5,AR,"Izard County, AR",5065,Izard County,36.094879,-91.913625,,13461,4,3860,1,4,40401,"67,763","7,000",5,"7,284","25,885","76,442",6,"5,349",,,"5,518,000",410,"122,809,534","9,123",
5,AR,"Jackson County, AR",5067,Jackson County,35.596605,-91.223178,,17495,5,8030,3,3,30503,"75,491","7,751",4,"7,674","28,837","153,660",9,"6,219",,,"11,143,173",637,"256,690,643","14,672",
5,AR,"Jefferson County, AR",5069,Jefferson County,34.277695,-91.930701,,72385,8,41316,7,3,30807,"365,502","37,559",5,"33,539","139,620","872,033",12,"27,660",,,"32,184,066",445,"835,583,740","11,544",
5,AR,"Johnson County, AR",5071,Johnson County,35.573359,-93.466322,,26025,6,14528,4,3,30604,"135,413","13,678",5,"11,464","51,727","213,156",8,"10,014",,,"15,716,614",604,"464,198,375","17,837",
5,AR,"Lafayette County, AR",5073,Lafayette County,33.240629,-93.611514,,7127,2,1386,1,3,30201,"40,192","4,132",6,"4,385","15,353","72,099",10,"2,947",,,"3,936,151",552,"93,217,030","13,079",
5,AR,"Lawrence County, AR",5075,Lawrence County,36.041098,-91.101153,,16915,5,5995,2,3,30502,"80,775","8,305",5,"8,049","30,855","155,754",9,"6,603",,,"12,604,136",745,"290,623,033","17,181",
5,AR,"Lee County, AR",5077,Lee County,34.779858,-90.779345,,9781,3,1738,1,3,30301,"46,330","4,758",5,"4,407","17,698","80,637",8,"3,541",,,"4,196,761",429,"96,076,679","9,823",
5,AR,"Lincoln County, AR",5079,Lincoln County,33.957675,-91.727626,,13935,4,2736,1,3,30401,"57,014","5,869",4,"4,901","21,779","57,770",4,"3,940",,,"5,872,224",421,"137,322,761","9,855",
5,AR,"Little River County, AR",5081,Little River County,33.699497,-94.229774,,12616,4,5290,2,3,30402,"70,528","6,667",6,"6,514","40,144","123,200",10,"5,191",,,"7,002,111",555,"164,187,180","13,014",
5,AR,"Logan County, AR",5083,Logan County,35.218654,-93.72091,,21935,5,8091,3,3,30503,"112,581","10,726",5,"10,230","43,005","196,563",9,"8,401",,,"7,356,935",335,"172,652,388","7,871",
5,AR,"Lonoke County, AR",5085,Lonoke County,34.755114,-91.894132,,71279,8,22838,5,3,30805,"373,369","38,337",5,"28,839","142,625","440,352",6,"25,993",,,"34,921,116",490,"966,729,209","13,563",
5,AR,"Madison County, AR",5087,Madison County,36.012545,-93.724053,,15761,4,4848,1,4,40401,"86,861","8,390",6,"7,557","49,440","135,286",9,"6,279",,,"8,817,373",559,"214,400,266","13,603",
5,AR,"Marion County, AR",5089,Marion County,36.266672,-92.678567,,16404,4,5566,2,4,40402,"77,894","8,038",5,"9,437","29,755","112,337",7,"6,667",,,"6,919,541",422,"161,018,043","9,816",
5,AR,"Miller County, AR",5091,Miller County,33.305505,-93.901502,,43666,7,22580,5,3,30705,"233,209","22,516",5,"19,591","132,741","381,107",9,"17,003",,,"21,364,286",489,"621,775,967","14,239",
5,AR,"Mississippi County, AR",5093,Mississippi County,35.766943,-90.052209,,44199,7,30074,6,3,30706,"231,926","23,754",5,"20,700","88,594","560,970",13,"16,835",,,"25,483,294",577,"722,085,535","16,337",
5,AR,"Monroe County, AR",5095,Monroe County,34.679512,-91.20331,,7542,3,3286,1,3,30301,"42,157","4,329",6,"4,485","16,104","83,472",11,"3,306",,,"9,280,414","1,230","282,441,034","37,449",
5,AR,"Montgomery County, AR",5097,Montgomery County,34.545581,-93.66333,,9100,3,1630,1,3,30301,"47,970","4,933",5,"5,797","18,324","46,418",5,"3,735",,,"4,770,907",524,"115,333,765","12,674",
5,AR,"Nevada County, AR",5099,Nevada County,33.666699,-93.305072,,8668,3,3551,1,3,30301,"47,498","4,892",5,"4,587","18,144","90,445",10,"3,509",,,"8,411,412",970,"255,692,914","29,498",
5,AR,"Newton County, AR",5101,Newton County,35.910742,-93.215899,,7988,3,1576,1,4,40301,"37,370","3,813",5,"4,717","14,275","21,589",3,"3,243",,,"3,450,611",432,"81,607,142","10,216",
5,AR,"Ouachita County, AR",5103,Ouachita County,33.59116,-92.878415,,24728,5,14936,4,3,30504,"132,191","13,598",5,"13,194","50,496","332,504",13,"10,313",,,"10,887,440",440,"248,805,220","10,062",
5,AR,"Perry County, AR",5105,Perry County,34.946363,-92.926877,,10246,3,1624,1,3,30301,"52,928","5,435",5,"4,956","20,218","20,601",2,"3,730",,,"4,830,655",471,"114,465,831","11,172",
5,AR,"Phillips County, AR",5107,Phillips County,34.423687,-90.855593,,19929,5,7982,3,3,30503,"104,360","10,716",5,"10,258","39,865","251,617",13,"7,953",,,"7,980,774",400,"180,207,289","9,042",
5,AR,"Pike County, AR",5109,Pike County,34.158191,-93.658659,,11017,3,3631,1,3,30301,"60,332","6,148",5,"5,628","23,046","86,041",8,"4,298",,,"5,380,175",488,"125,595,997","11,400",
5,AR,"Poinsett County, AR",5111,Poinsett County,35.56887,-90.681104,,24131,5,6955,2,3,30502,"127,526","13,074",5,"11,035","48,714","259,682",11,"9,471",,,"13,487,174",559,"368,206,077","15,259",
5,AR,"Polk County, AR",5113,Polk County,34.490915,-94.230884,,20290,5,9873,3,3,30503,"98,302","9,257",5,"10,132","55,953","95,946",5,"7,925",,,"8,131,180",401,"188,281,370","9,280",
5,AR,"Pope County, AR",5115,Pope County,35.456557,-93.026818,,63107,8,45447,7,3,30807,"300,626","30,822",5,"26,126","114,837","335,615",5,"22,919",,,"28,491,695",451,"768,473,073","12,177",
5,AR,"Prairie County, AR",5117,Prairie County,34.831116,-91.55362,,8334,3,1745,1,3,30301,"51,761","5,315",6,"4,542","19,772","65,922",8,"3,846",,,"13,926,838","1,671","415,971,875","49,913",
5,AR,"Pulaski County, AR",5119,Pulaski County,34.770311,-92.312996,,391806,12,412488,12,3,31212,"1,858,557","190,819",5,"183,046","709,957","4,987,254",13,"155,440",,,"204,181,266",521,"5,532,847,548","14,121",
5,AR,"Randolph County, AR",5121,Randolph County,36.341298,-91.028441,,17584,5,6729,2,3,30502,"89,962","9,266",5,"8,622","34,365","164,059",9,"7,318",,,"7,235,217",411,"166,357,927","9,461",
5,AR,"St. Francis County, AR",5123,St. Francis County,35.014026,-90.742138,,27023,6,11033,3,3,30603,"121,084","12,434",4,"11,007","46,253","221,657",8,"9,308",,,"26,611,787",985,"883,302,152","32,687",
5,AR,"Saline County, AR",5125,Saline County,34.648525,-92.674463,,115577,9,43365,7,3,30907,"586,194","60,151",5,"47,268","223,922","956,384",8,"42,633",,,"42,775,994",370,"1,210,697,753","10,475",
5,AR,"Scott County, AR",5127,Scott County,34.858869,-94.063641,,10661,3,3749,1,3,30301,"50,668","5,025",5,"5,233","19,355","46,250",4,"3,965",,,"5,993,516",562,"140,095,195","13,141",
5,AR,"Searcy County, AR",5129,Searcy County,35.896387,-92.695888,,7938,3,1969,1,4,40301,"36,312","3,732",5,"4,953","13,871","18,543",2,"3,194",,,"5,365,514",676,"127,606,523","16,075",
5,AR,"Sebastian County, AR",5131,Sebastian County,35.196981,-94.274989,,127351,9,125987,9,3,30909,"623,768","54,802",5,"56,616","355,044","2,392,635",19,"50,437",,,"46,772,592",367,"1,122,537,082","8,815",
5,AR,"Sevier County, AR",5133,Sevier County,33.994877,-94.243279,,17193,5,6713,2,3,30502,"79,085","7,499",5,"6,943","45,014","74,526",4,"6,005",,,"7,209,850",419,"171,880,566","9,997",
5,AR,"Sharp County, AR",5135,Sharp County,36.173399,-91.471069,,17027,5,5114,2,3,30502,"92,842","9,590",5,"9,924","35,465","61,180",4,"7,320",,,"8,098,955",476,"181,170,283","10,640",
5,AR,"Stone County, AR",5137,Stone County,35.857031,-92.140573,,12503,4,3795,1,4,40401,"62,474","6,445",5,"6,827","23,865","67,767",5,"4,966",,,"5,119,351",409,"117,856,980","9,426",
5,AR,"Union County, AR",5139,Union County,33.168219,-92.598145,,40334,7,33240,6,3,30706,"222,132","22,816",6,"19,885","84,853","494,351",12,"16,383",,,"18,891,349",468,"434,996,857","10,785",
5,AR,"Van Buren County, AR",5141,Van Buren County,35.582953,-92.515976,,16892,5,6548,2,3,30502,"89,892","9,239",5,"10,446","34,338","79,104",5,"6,825",,,"9,325,489",552,"214,917,418","12,723",
5,AR,"Washington County, AR",5143,Washington County,35.971209,-94.218417,,219930,11,176346,10,4,41110,"901,314","84,164",4,"90,966","513,021","3,447,924",16,"83,467",,,"85,106,549",387,"2,100,592,622","9,551",
5,AR,"White County, AR",5145,White County,35.255118,-91.753034,,78823,8,43036,7,3,30807,"395,354","40,594",5,"33,470","151,023","480,409",6,"29,108",,,"35,055,657",445,"817,854,623","10,376",
5,AR,"Woodruff County, AR",5147,Woodruff County,35.192777,-91.244535,,6873,2,2279,1,3,30201,"35,074","3,602",5,"3,927","13,398","63,549",9,"2,919",,,"3,875,790",564,"88,749,333","12,913",
5,AR,"Yell County, AR",5149,Yell County,34.997713,-93.408303,,21716,5,9470,3,3,30503,"103,553","10,637",5,"9,840","39,556","81,166",4,"7,492",,,"8,681,811",400,"204,735,679","9,428",
6,CA,"Alameda County, CA",6001,Alameda County,37.647139,-121.912488,,1605217,16,1325022,15,3,31615,"2,849,120","567,377",2,"578,006","684,796","19,002,461",12,"564,293",,,"661,629,351",412,"15,683,024,239","9,770",
6,CA,"Alpine County, CA",6003,Alpine County,38.621783,-119.798352,,1184,1,618,1,6,60101,"2,398",475,2,"1,727",576,"9,627",8,343,,,"2,497,979","2,110","58,707,621","49,584",
6,CA,"Amador County, CA",6005,Amador County,38.44355,-120.653856,,36963,6,16378,4,4,40604,"102,739","20,454",3,"17,749","24,694","457,276",12,"14,248",,,"15,121,476",409,"359,719,825","9,732",
6,CA,"Butte County, CA",6007,Butte County,39.665959,-121.601919,,223877,11,120864,9,3,31109,"559,301","111,384",2,"95,080","134,430","2,501,965",11,"85,505",,,"75,566,160",338,"1,742,805,707","7,785",
6,CA,"Calaveras County, CA",6009,Calaveras County,38.1839,-120.561441,,44787,7,12492,4,4,40704,"122,314","24,359",3,"27,403","29,399","499,084",11,"17,713",,,"15,585,123",348,"370,471,457","8,272",
6,CA,"Colusa County, CA",6011,Colusa County,39.177739,-122.237563,,21361,5,7937,3,3,30503,"49,424","9,843",2,"7,741","11,879","228,520",11,"6,962",,,"19,333,829",905,"523,724,916","24,518",
6,CA,"Contra Costa County, CA",6013,Contra Costa County,37.919479,-121.951543,,1107925,15,647572,13,3,31513,"2,633,615","524,478",2,"396,654","632,998","15,579,970",14,"387,540",,,"420,964,714",380,"9,759,576,720","8,809",
6,CA,"Del Norte County, CA",6015,Del Norte County,41.749903,-123.980998,,27628,6,7895,3,4,40603,"99,454","13,823",4,"11,006","29,567","52,314",2,"9,443",,,"11,673,844",423,"276,604,943","10,012",
6,CA,"El Dorado County, CA",6017,El Dorado County,38.785532,-120.534398,,183000,10,90046,9,4,41009,"533,807","102,286",3,"86,664","128,302","1,977,892",11,"67,528",,,"68,675,654",375,"1,620,543,282","8,855",
6,CA,"Fresno County, CA",6019,Fresno County,36.761006,-119.655019,,963160,14,508312,13,3,31413,"2,350,782","467,903",2,"315,777","565,018","10,136,864",11,"299,456",,,"313,822,179",326,"7,424,246,915","7,708",
6,CA,"Glenn County, CA",6021,Glenn County,39.602546,-122.4017,,27976,6,9862,3,3,30603,"67,262","13,395",2,"10,633","16,167","257,539",9,"9,801",,,"17,957,774",642,"476,967,084","17,049",
6,CA,"Humboldt County, CA",6023,Humboldt County,40.706673,-123.925818,,135182,10,68910,8,4,41008,"275,606","54,883",2,"60,830","66,243","1,817,627",13,"53,689",,,"52,036,629",385,"1,235,280,560","9,138",
6,CA,"Imperial County, CA",6025,Imperial County,33.040814,-115.3554,,178807,10,65887,8,2,21008,"578,179","72,723",3,"55,300","275,121","799,635",4,"45,800",,,"79,683,259",446,"2,018,782,293","11,290",
6,CA,"Inyo County, CA",6027,Inyo County,36.561977,-117.403927,,18326,5,10055,3,4,40503,"56,020","8,857",3,"9,245","13,465","230,356",13,"7,973",,,"25,484,166","1,391","601,547,196","32,825",
6,CA,"Kern County, CA",6029,Kern County,35.346629,-118.729506,,871337,14,381006,12,3,31412,"1,998,148","380,783",2,"283,842","480,262","9,549,215",11,"262,337",,,"350,666,384",402,"8,602,246,076","9,872",
6,CA,"Kings County, CA",6031,Kings County,36.072478,-119.81553,,150261,10,47644,7,3,31007,"340,481","61,634",2,"43,788","81,836","1,471,383",10,"41,845",,,"60,697,377",404,"1,496,960,714","9,962",
6,CA,"Lake County, CA",6033,Lake County,39.094802,-122.746757,,64076,8,18782,5,4,40805,"166,087","33,076",3,"34,744","39,920","471,502",7,"26,194",,,"28,965,197",452,"673,020,341","10,503",
6,CA,"Lassen County, CA",6035,Lassen County,40.721086,-120.629952,,31945,6,7105,2,5,50602,"73,247","13,208",2,"12,408","17,605","64,225",2,"9,501",,,"20,536,495",643,"485,097,851","15,185",
6,CA,"Los Angeles County, CA",6037,Los Angeles County,34.196398,-118.261862,,10057155,20,7743432,20,3,32020,"20,815,748","3,270,372",2,"3,391,623","5,003,136","105,200,803",10,"3,281,845",,,"3,703,075,220",368,"85,965,083,917","8,548",
6,CA,"Madera County, CA",6039,Madera County,37.209821,-119.749802,,153366,10,53336,7,3,31007,"354,963","70,683",2,"48,600","85,316","1,097,574",7,"43,574",,,"66,406,032",433,"1,582,608,563","10,319",
6,CA,"Marin County, CA",6041,Marin County,38.051817,-122.745974,,259358,11,201040,11,3,31111,"630,329","125,528",2,"109,458","151,502","4,476,743",17,"104,400",,,"122,550,330",473,"2,765,716,142","10,664",
6,CA,"Mariposa County, CA",6043,Mariposa County,37.570033,-119.91286,,17645,5,5635,2,4,40502,"47,836","9,517",3,"10,076","11,497","185,910",11,"7,255",,,"6,889,119",390,"163,124,914","9,245",
6,CA,"Mendocino County, CA",6045,Mendocino County,39.432388,-123.442881,,87409,9,46658,7,3,30907,"208,480","41,515",2,"39,680","50,109","871,003",10,"34,594",,,"44,665,760",511,"1,064,019,025","12,173",
6,CA,"Merced County, CA",6047,Merced County,37.194806,-120.722802,,265001,11,86268,9,3,31109,"634,036","112,463",2,"55,594","152,393","2,330,948",9,"78,270",,,"105,755,345",399,"2,598,248,231","9,805",
6,CA,"Modoc County, CA",6049,Modoc County,41.592918,-120.71837,,9033,3,2253,1,5,50301,"35,888","4,884",4,"5,094","10,669","20,818",2,"3,670",,,"10,087,648","1,117","238,832,178","26,440",
6,CA,"Mono County, CA",6051,Mono County,37.915836,-118.875167,,14051,4,12874,4,6,60404,"33,879","5,736",2,"13,643","8,143","124,508",9,"4,950",,,"16,062,603","1,143","370,197,854","26,347",
6,CA,"Monterey County, CA",6053,Monterey County,36.240107,-121.315572,,430201,12,215730,11,3,31211,"696,803","138,765",2,"136,672","167,479","4,491,131",10,"125,916",,,"154,203,134",358,"3,584,569,310","8,332",
6,CA,"Napa County, CA",6055,Napa County,38.5071,-122.325904,,140823,10,125069,9,3,31009,"321,002","63,927",2,"53,921","77,154","1,911,039",14,"49,375",,,"47,413,011",337,"1,111,600,392","7,894",
6,CA,"Nevada County, CA",6057,Nevada County,39.297508,-120.771343,,98639,9,54827,7,5,50907,"277,987","53,261",3,"51,862","66,815","1,314,840",13,"40,587",,,"41,771,853",423,"994,972,908","10,087",
6,CA,"Orange County, CA",6059,Orange County,33.675687,-117.777207,,3132211,17,2965204,17,3,31717,"6,763,272","1,105,369",2,"1,041,868","1,625,575","30,449,131",10,"1,017,012",,,"1,222,548,494",390,"28,099,860,157","8,971",
6,CA,"Placer County, CA",6061,Placer County,39.062032,-120.722718,,370571,12,284216,11,3,31211,"1,222,198","222,911",3,"153,949","293,760","5,243,120",14,"136,730",,,"140,772,976",380,"3,407,042,816","9,194",
6,CA,"Plumas County, CA",6063,Plumas County,39.992295,-120.824371,,18754,5,7243,2,5,50502,"58,481","11,634",3,"15,301","14,056","67,178",4,"8,376",,,"14,668,619",782,"337,360,573","17,989",
6,CA,"Riverside County, CA",6065,Riverside County,33.729828,-116.002239,,2323892,17,1107408,15,3,31715,"6,343,012","979,313",3,"795,395","1,524,565","22,644,823",10,"705,716",,,"862,492,047",371,"20,759,956,819","8,933",
6,CA,"Sacramento County, CA",6067,Sacramento County,38.450011,-121.340441,,1479300,16,932682,14,3,31614,"4,421,932","631,343",3,"547,982","1,062,826","16,946,851",11,"527,335",,,"503,847,384",341,"11,898,946,356","8,044",
6,CA,"San Benito County, CA",6069,San Benito County,36.610702,-121.085296,,58051,8,23579,5,3,30805,"112,141","22,333",2,"17,686","26,953","679,815",12,"17,390",,,"22,337,549",385,"539,284,787","9,290",
6,CA,"San Bernardino County, CA",6071,San Bernardino County,34.85722,-116.181197,,2106754,16,1164560,15,3,31615,"4,526,519","719,245",2,"688,451","1,087,964","23,263,611",11,"618,922",,,"912,320,172",433,"22,146,621,552","10,512",
6,CA,"San Diego County, CA",6073,San Diego County,33.023604,-116.776117,,3253356,17,2496738,17,3,31717,"5,828,515","1,201,283",2,"1,154,131","1,400,903","25,402,058",8,"1,103,128",,,"1,230,179,045",378,"28,995,113,473","8,912",
6,CA,"San Francisco County, CA",6075,San Francisco County,37.727239,-123.032229,Y,850282,14,1251464,15,3,31415,"1,326,629","264,195",2,"377,106","318,860","8,997,304",11,"356,797",,,"149,206,599",175,"3,373,805,657","3,968",
6,CA,"San Joaquin County, CA",6077,San Joaquin County,37.934982,-121.272244,,714860,14,354322,12,3,31412,"1,697,511","335,738",2,"231,820","408,003","8,642,771",12,"221,707",,,"267,648,879",374,"6,479,318,781","9,064",
6,CA,"San Luis Obispo County, CA",6079,San Luis Obispo County,35.385224,-120.447544,,278680,11,178893,10,3,31110,"528,631","105,276",2,"116,420","127,058","3,445,475",12,"104,404",,,"129,712,504",465,"3,044,564,838","10,925",
6,CA,"San Mateo County, CA",6081,San Mateo County,37.414663,-122.371545,,754748,14,748502,14,3,31414,"1,452,514","289,222",2,"266,967","349,117","10,027,645",13,"261,010",,,"318,826,350",422,"7,373,557,501","9,770",
6,CA,"Santa Barbara County, CA",6083,Santa Barbara County,34.537057,-120.039973,,439395,13,293792,12,3,31312,"698,779","122,917",2,"150,439","167,954","4,849,814",11,"143,051",,,"149,716,268",341,"3,481,735,965","7,924",
6,CA,"Santa Clara County, CA",6085,Santa Clara County,37.220777,-121.690622,,1885056,16,2043496,16,3,31616,"3,626,898","716,680",2,"635,641","871,737","21,007,429",11,"626,579",,,"714,422,239",379,"16,435,703,810","8,719",
6,CA,"Santa Cruz County, CA",6087,Santa Cruz County,37.012488,-122.007205,,270931,11,155648,10,3,31110,"559,379","111,391",2,"102,629","134,449","3,186,673",12,"95,062",,,"79,367,212",293,"1,834,673,806","6,772",
6,CA,"Shasta County, CA",6089,Shasta County,40.760514,-122.043556,,179228,10,100138,9,3,31009,"634,167","121,494",4,"75,997","152,424","1,926,948",11,"69,713",,,"78,729,425",439,"1,925,471,646","10,743",
6,CA,"Sierra County, CA",6091,Sierra County,39.576925,-120.521993,,2931,1,356,1,5,50101,"7,977","1,584",3,"2,290","1,917","24,339",8,"1,275",,,"4,855,324","1,657","115,538,885","39,420",
6,CA,"Siskiyou County, CA",6093,Siskiyou County,41.587986,-122.533287,,43668,7,17265,5,5,50705,"188,521","25,991",4,"23,356","56,045","294,056",7,"19,045",,,"38,443,883",880,"963,818,960","22,072",
6,CA,"Solano County, CA",6095,Solano County,38.267226,-121.939594,,429596,12,222300,11,3,31211,"939,348","187,057",2,"151,222","225,776","5,266,900",12,"145,315",,,"206,501,701",481,"5,072,732,008","11,808",
6,CA,"Sonoma County, CA",6097,Sonoma County,38.525182,-122.92611,,497776,13,335792,12,3,31312,"1,049,428","208,990",2,"201,892","252,234","6,788,061",14,"189,043",,,"180,086,075",362,"4,173,707,513","8,385",
6,CA,"Stanislaus County, CA",6099,Stanislaus County,37.562316,-121.002831,,530561,13,278059,11,3,31311,"1,539,817","273,441",3,"175,886","370,100","5,962,816",11,"170,328",,,"165,906,250",313,"3,929,455,629","7,406",
6,CA,"Sutter County, CA",6101,Sutter County,39.03619,-121.70394,,95406,9,42012,7,3,30907,"242,165","48,223",3,"33,251","58,205","1,052,072",11,"32,028",,,"30,893,386",324,"739,928,691","7,756",
6,CA,"Tehama County, CA",6103,Tehama County,40.126156,-122.232276,,63015,8,25169,5,3,30805,"167,642","33,386",3,"26,546","40,293","579,070",9,"23,573",,,"33,547,929",532,"874,539,583","13,878",
6,CA,"Trinity County, CA",6105,Trinity County,40.647724,-123.114404,,13180,4,3145,1,4,40401,"42,311","7,222",3,"8,557","10,170","111,697",8,"5,468",,,"9,325,521",708,"219,586,100","16,661",
6,CA,"Tulare County, CA",6107,Tulare County,36.228824,-118.781061,,455769,13,189068,10,3,31310,"1,099,103","179,986",2,"141,662","264,173","4,919,844",11,"134,153",,,"139,550,308",306,"3,279,692,409","7,196",
6,CA,"Tuolumne County, CA",6109,Tuolumne County,38.021434,-119.964733,,53864,7,25195,5,4,40705,"147,293","29,090",3,"30,576","35,402","258,610",5,"22,083",,,"21,199,339",394,"493,684,757","9,165",
6,CA,"Ventura County, CA",6111,Ventura County,34.358741,-119.133143,,843110,14,512752,13,3,31413,"1,756,132","278,697",2,"276,724","422,092","9,295,324",11,"269,338",,,"307,043,836",364,"7,052,272,020","8,365",
6,CA,"Yolo County, CA",6113,Yolo County,38.679595,-121.902441,,209671,11,125575,9,3,31109,"440,439","87,040",2,"74,570","105,861","2,309,338",11,"72,544",,,"95,212,397",454,"2,384,232,784","11,371",
6,CA,"Yuba County, CA",6115,Yuba County,39.266247,-121.340781,,73897,8,19514,5,3,30805,"189,581","37,755",3,"27,339","45,567","744,511",10,"25,655",,,"24,429,643",331,"581,620,949","7,871",
8,CO,"Adams County, CO",8001,Adams County,39.874325,-104.331872,,479977,13,325638,12,5,51312,"1,340,095","155,385",3,"165,452","836,881","9,725,503",20,"158,748",,,"200,642,545",418,"4,876,657,889","10,160",
8,CO,"Alamosa County, CO",8003,Alamosa County,37.568442,-105.788041,,16353,4,11416,4,6,60404,"55,105","6,334",3,"6,703","34,413","348,672",21,"5,946",,,"7,538,115",461,"185,891,576","11,367",
8,CO,"Arapahoe County, CO",8005,Arapahoe County,39.644554,-104.331706,,617668,13,587150,13,5,51313,"1,894,408","219,917",3,"241,983","1,183,047","13,779,941",22,"231,844",,,"209,855,359",340,"4,979,845,492","8,062",
8,CO,"Archuleta County, CO",8007,Archuleta County,37.202395,-107.050863,,12355,4,6922,2,6,60402,"43,978","6,454",4,"8,932","27,464","220,961",18,"5,382",,,"6,437,525",521,"156,860,018","12,696",
8,CO,"Baca County, CO",8009,Baca County,37.306693,-102.537758,,3648,1,857,1,4,40101,"12,830","2,042",4,"2,225","8,012","77,441",21,"1,545",,,"3,342,254",916,"83,200,134","22,807",
8,CO,"Bent County, CO",8011,Bent County,37.931891,-103.077584,,5816,2,854,1,5,50201,"13,698","2,166",2,"2,185","8,555","89,031",15,"1,720",,,"2,890,576",497,"71,549,370","12,302",
8,CO,"Boulder County, CO",8013,Boulder County,40.09497,-105.397691,,313961,12,300486,12,5,51212,"918,668","103,275",3,"130,564","573,702","7,079,886",23,"123,669",,,"102,661,642",327,"2,434,549,014","7,754",
8,CO,"Broomfield County, CO",8014,Broomfield County,39.953302,-105.052038,Y,62449,8,85832,9,5,50809,"197,497","22,639",3,"25,450","123,336","1,407,533",23,"24,581",,,"31,471,961",504,"733,389,372","11,744",
8,CO,"Chaffee County, CO",8015,Chaffee County,38.738224,-106.316685,,18507,5,11981,4,6,60504,"68,660","8,133",4,"10,310","42,878","403,201",22,"7,736",,,"9,137,934",494,"221,220,021","11,953",
8,CO,"Cheyenne County, CO",8017,Cheyenne County,38.835386,-102.604585,,2071,1,921,1,5,50101,"7,278",888,4,921,"4,545","42,808",21,776,,,"2,754,066","1,330","73,392,225","35,438",
8,CO,"Clear Creek County, CO",8019,Clear Creek County,39.689403,-105.670783,,9238,3,5084,2,7,70302,"38,306","4,449",4,"5,659","23,922","260,307",28,"4,411",,,"24,045,699","2,603","620,039,910","67,118",
8,CO,"Conejos County, CO",8021,Conejos County,37.213406,-106.176447,,8213,3,1423,1,6,60301,"26,528","3,052",3,"4,275","16,567","170,401",21,"2,900",,,"3,257,990",397,"82,237,508","10,013",
8,CO,"Costilla County, CO",8023,Costilla County,37.277547,-105.42894,,3590,1,460,1,6,60101,"13,201","1,517",4,"2,677","8,244","51,585",14,"1,506",,,"4,191,705","1,168","103,574,416","28,851",
8,CO,"Crowley County, CO",8025,Crowley County,38.30618,-103.772736,,5537,2,734,1,5,50201,"11,407","1,714",2,"1,553","7,124","61,819",11,"1,174",,,"1,393,059",252,"35,220,156","6,361",
8,CO,"Custer County, CO",8027,Custer County,38.101994,-105.373515,,4375,1,1119,1,6,60101,"17,402","2,060",4,"4,230","10,867","49,053",11,"1,950",,,"2,071,135",473,"51,054,464","11,670",
8,CO,"Delta County, CO",8029,Delta County,38.861756,-107.864757,,30221,6,13023,4,5,50604,"106,590","12,993",4,"14,447","66,565","718,094",24,"12,027",,,"10,289,569",340,"253,533,443","8,389",
8,CO,"Denver County, CO",8031,Denver County,39.76185,-104.881105,Y,663303,14,879204,14,5,51414,"1,877,509","215,105",3,"298,246","1,172,493","14,606,880",22,"281,072",,,"276,305,944",417,"6,497,748,344","9,796",
8,CO,"Dolores County, CO",8033,Dolores County,37.747602,-108.530383,,1789,1,434,1,6,60101,"5,632",751,3,"1,374","3,517","24,483",14,720,,,"1,892,568","1,058","48,572,680","27,151",
8,CO,"Douglas County, CO",8035,Douglas County,39.325414,-104.925987,,314238,12,220248,11,5,51211,"1,126,010","138,031",4,"117,747","703,187","8,493,459",27,"114,017",,,"128,611,486",409,"3,216,431,997","10,236",
8,CO,"Eagle County, CO",8037,Eagle County,39.626992,-106.695169,,52894,7,64724,8,6,60708,"152,788","17,285",3,"31,440","95,415","1,376,047",26,"17,613",,,"37,699,795",713,"938,892,960","17,750",
8,CO,"Elbert County, CO",8039,Elbert County,39.310582,-104.117729,,24225,5,5028,2,5,50502,"99,704","12,745",4,"9,102","62,264","367,520",15,"8,568",,,"10,370,428",428,"281,509,302","11,621",
8,CO,"El Paso County, CO",8041,El Paso County,38.827383,-104.527472,,665171,14,470960,13,5,51413,"2,077,167","261,724",3,"264,511","1,297,179","17,402,780",26,"249,279",,,"231,504,255",348,"5,552,569,356","8,348",
8,CO,"Fremont County, CO",8043,Fremont County,38.45517,-105.424958,,46835,7,15505,4,5,50704,"118,625","17,994",3,"19,210","74,080","990,814",21,"16,327",,,"14,941,518",319,"371,231,775","7,926",
8,CO,"Garfield County, CO",8045,Garfield County,39.599352,-107.90978,,57495,8,40046,7,5,50807,"163,999","18,748",3,"23,301","102,416","1,419,829",25,"20,771",,,"35,544,920",618,"916,065,005","15,933",
8,CO,"Gilpin County, CO",8047,Gilpin County,39.861156,-105.528878,,5708,2,9258,3,5,50203,"22,169","2,551",4,"3,444","13,844","160,106",28,"2,508",,,"2,746,166",481,"67,559,446","11,836",
8,CO,"Grand County, CO",8049,Grand County,40.123205,-106.095935,,14490,4,16043,4,7,70404,"51,978","5,978",4,"16,210","32,460","367,379",25,"5,788",,,"11,226,773",775,"272,842,973","18,830",
8,CO,"Gunnison County, CO",8051,Gunnison County,38.67264,-107.066506,,15889,4,13278,4,7,70404,"51,474","6,451",3,"11,538","32,145","284,220",18,"6,577",,,"9,456,688",595,"226,844,222","14,277",
8,CO,"Hinsdale County, CO",8053,Hinsdale County,37.821165,-107.338261,,856,1,214,1,7,70101,"3,706",433,4,"1,463","2,314","9,975",12,401,,,"715,246",836,"16,436,206","19,201",
8,CO,"Huerfano County, CO",8055,Huerfano County,37.687815,-104.959928,,6521,2,2116,1,5,50201,"23,472","3,126",4,"5,106","14,658","128,353",20,"3,132",,,"8,913,439","1,367","233,467,257","35,802",
8,CO,"Jackson County, CO",8057,Jackson County,40.663432,-106.329248,,1306,1,434,1,7,70101,"5,755",662,4,"1,283","3,594","32,205",25,616,,,"2,336,671","1,789","61,573,316","47,146",
8,CO,"Jefferson County, CO",8059,Jefferson County,39.579511,-105.245462,,558810,13,375794,12,5,51312,"1,787,063","205,656",3,"232,985","1,116,010","14,336,929",26,"225,320",,,"207,753,567",372,"4,983,150,958","8,917",
8,CO,"Kiowa County, CO",8061,Kiowa County,38.387663,-102.756849,,1465,1,321,1,5,50101,"4,737",695,3,813,"2,958","35,951",25,581,,,"2,261,955","1,544","59,967,611","40,934",
8,CO,"Kit Carson County, CO",8063,Kit Carson County,39.30534,-102.603023,,8174,3,4174,1,5,50301,"34,134","4,571",4,"3,489","21,317","263,019",32,"2,975",,,"9,930,931","1,215","275,902,362","33,754",
8,CO,"Lake County, CO",8065,Lake County,39.205341,-106.350079,,7401,2,2529,1,7,70201,"26,655","3,057",4,"4,531","16,646","219,374",30,"3,121",,,"3,095,100",418,"75,368,249","10,184",
8,CO,"La Plata County, CO",8067,La Plata County,37.287367,-107.839718,,53994,7,42238,7,5,50707,"171,219","25,340",3,"26,485","106,925","858,442",16,"21,605",,,"22,522,352",417,"543,589,662","10,068",
8,CO,"Larimer County, CO",8069,Larimer County,40.658093,-105.486764,,325228,12,251592,11,5,51211,"978,912","108,486",3,"139,178","611,325","7,035,157",22,"127,067",,,"119,761,166",368,"2,892,237,743","8,893",
8,CO,"Las Animas County, CO",8071,Las Animas County,37.318831,-104.04411,,14322,4,6202,2,4,40402,"50,164","7,976",4,"8,273","31,327","313,089",22,"6,090",,,"10,297,069",719,"266,520,829","18,609",
8,CO,"Lincoln County, CO",8073,Lincoln County,38.99374,-103.507555,,5515,2,2611,1,5,50201,"15,347","2,059",3,"1,966","9,584","86,686",16,"1,502",,,"8,358,539","1,516","229,793,673","41,667",
8,CO,"Logan County, CO",8075,Logan County,40.728091,-103.090464,,21862,5,10516,3,5,50503,"83,675","11,108",4,"5,160","52,255","448,086",20,"8,029",,,"11,986,375",548,"313,183,770","14,325",
8,CO,"Mesa County, CO",8077,Mesa County,39.019421,-108.461893,,148166,10,103022,9,5,51009,"469,533","56,280",3,"63,985","293,221","3,603,606",24,"59,501",,,"48,310,742",326,"1,202,475,887","8,116",
8,CO,"Mineral County, CO",8079,Mineral County,37.549067,-107.003236,,793,1,437,1,7,70101,"3,979",462,5,"1,286","2,485","11,140",14,409,,,"1,828,660","2,306","44,745,041","56,425",
8,CO,"Moffat County, CO",8081,Moffat County,40.616358,-108.211099,,13034,4,6066,2,6,60402,"47,034","5,357",4,"6,140","29,372","289,745",22,"4,927",,,"6,637,751",509,"169,234,159","12,984",
8,CO,"Montezuma County, CO",8083,Montezuma County,37.338025,-108.595786,,26006,6,13797,4,5,50604,"83,977","12,402",3,"11,959","52,443","388,051",15,"10,305",,,"13,500,193",519,"341,488,371","13,131",
8,CO,"Montrose County, CO",8085,Montrose County,38.407507,-108.266282,,40866,7,24626,5,5,50705,"148,992","19,903",4,"18,284","93,045","934,005",23,"16,587",,,"11,919,646",292,"285,168,088","6,978",
8,CO,"Morgan County, CO",8087,Morgan County,40.263167,-103.812285,,28288,6,18371,5,5,50605,"119,184","14,801",4,"9,569","74,430","558,600",20,"10,493",,,"15,436,641",546,"410,080,848","14,497",
8,CO,"Otero County, CO",8089,Otero County,37.88417,-103.72126,,18440,5,8425,3,4,40503,"63,593","9,989",3,"8,863","39,713","413,850",22,"7,449",,,"6,796,076",369,"165,588,230","8,980",
8,CO,"Ouray County, CO",8091,Ouray County,38.154731,-107.78848,,4651,1,2184,1,6,60101,"20,096","2,837",4,"3,167","12,550","100,573",22,"2,166",,,"3,753,989",807,"92,334,024","19,853",
8,CO,"Park County, CO",8093,Park County,39.118914,-105.717648,,16440,4,2834,1,7,70401,"71,050","8,781",4,"14,113","44,370","387,096",24,"7,398",,,"9,897,238",602,"246,855,126","15,016",
8,CO,"Phillips County, CO",8095,Phillips County,40.594712,-102.345105,,4347,1,2115,1,5,50101,"18,780","2,480",4,968,"11,728","83,500",19,"1,731",,,"2,012,450",463,"49,543,190","11,397",
8,CO,"Pitkin County, CO",8097,Pitkin County,39.217332,-106.915783,,17543,5,35840,6,7,70506,"61,842","7,083",4,"13,021","38,620","467,527",27,"7,601",,,"9,866,688",562,"228,099,934","13,002",
8,CO,"Prowers County, CO",8099,Prowers County,37.958181,-102.392161,,12121,4,6057,2,5,50402,"41,195","6,974",3,"5,862","25,726","286,085",24,"4,897",,,"6,353,859",524,"153,775,059","12,687",
8,CO,"Pueblo County, CO",8101,Pueblo County,38.170658,-104.489892,,162158,10,99774,9,5,51009,"477,924","75,164",3,"69,830","298,461","3,495,815",22,"62,899",,,"60,222,693",371,"1,490,309,215","9,190",
8,CO,"Rio Blanco County, CO",8103,Rio Blanco County,39.972622,-108.200716,,6658,2,3360,1,6,60201,"18,241","2,090",3,"3,333","11,392","151,230",23,"2,450",,,"5,435,196",816,"138,024,607","20,731",
8,CO,"Rio Grande County, CO",8105,Rio Grande County,37.485853,-106.453128,,11623,4,4898,1,7,70401,"42,267","4,861",4,"6,594","26,395","244,167",21,"4,582",,,"5,262,155",453,"130,129,894","11,196",
8,CO,"Routt County, CO",8107,Routt County,40.483664,-106.987702,,23980,5,33057,6,7,70506,"95,953","11,162",4,"16,345","59,922","473,765",20,"9,437",,,"12,652,053",528,"298,293,040","12,439",
8,CO,"Saguache County, CO",8109,Saguache County,38.031651,-106.234666,,6255,2,1818,1,6,60201,"23,067","2,665",4,"3,911","14,405","106,347",17,"2,530",,,"4,134,051",661,"104,795,201","16,754",
8,CO,"San Juan County, CO",8111,San Juan County,37.781074,-107.670257,,552,1,478,1,7,70101,"2,310",323,4,738,"1,442","6,148",11,284,,,"1,012,118","1,834","24,310,073","44,040",
8,CO,"San Miguel County, CO",8113,San Miguel County,38.009374,-108.427326,,7767,3,10127,3,6,60303,"31,226","4,835",4,"6,682","19,500","151,840",20,"3,258",,,"4,173,895",537,"101,926,426","13,123",
8,CO,"Sedgwick County, CO",8115,Sedgwick County,40.871568,-102.355358,,2367,1,770,1,5,50101,"10,853","1,433",5,649,"6,777","53,066",22,"1,012",,,"3,586,400","1,515","99,114,328","41,873",
8,CO,"Summit County, CO",8117,Summit County,39.621023,-106.137555,,29269,6,42587,7,7,70607,"81,761","9,419",3,"30,278","51,059","665,122",23,"9,714",,,"24,205,595",827,"602,057,905","20,570",
8,CO,"Teller County, CO",8119,Teller County,38.870023,-105.187339,,23472,5,11114,3,5,50503,"95,572","12,755",4,"12,767","59,684","660,370",28,"9,762",,,"8,860,929",378,"213,007,977","9,075",
8,CO,"Washington County, CO",8121,Washington County,39.96579,-103.209744,,4814,1,1030,1,5,50101,"22,450","3,048",5,"2,426","14,020","79,922",17,"2,005",,,"5,942,544","1,234","158,972,964","33,023",
8,CO,"Weld County, CO",8123,Weld County,40.555961,-104.383666,,278065,11,167308,10,5,51110,"816,769","95,137",3,"100,567","510,068","6,129,088",22,"96,616",,,"129,146,013",464,"3,195,858,652","11,493",
8,CO,"Yuma County, CO",8125,Yuma County,40.000631,-102.422649,,10150,3,5631,2,5,50302,"35,663","4,441",4,"4,428","22,271","256,564",25,"4,009",,,"5,185,340",511,"132,237,059","13,028",
9,CT,"Fairfield County, CT",9001,Fairfield County,41.227413,-73.367061,,941618,14,854722,14,5,51414,"3,184,501","649,916",3,"364,377","814,269","14,050,643",15,"335,209",,,"348,602,954",370,"7,546,948,636","8,015",
9,CT,"Hartford County, CT",9003,Hartford County,41.806053,-72.732916,,895699,14,910398,14,5,51414,"2,751,344","542,045",3,"374,302","703,512","16,310,824",18,"347,207",,,"365,339,116",408,"8,073,004,195","9,013",
9,CT,"Litchfield County, CT",9005,Litchfield County,41.791883,-73.235404,,185141,10,105502,9,5,51009,"673,720","132,730",4,"87,364","172,268","1,209,345",7,"74,339",,,"63,982,690",346,"1,366,976,113","7,383",
9,CT,"Middlesex County, CT",9007,Middlesex County,41.433003,-72.52278,,164438,10,126431,9,5,51009,"579,032","114,076",4,"75,203","148,057","1,019,101",6,"66,467",,,"83,248,540",506,"1,832,413,336","11,143",
9,CT,"New Haven County, CT",9009,New Haven County,41.349717,-72.900204,,860874,14,682530,14,5,51414,"2,676,604","551,004",3,"362,139","684,401","11,007,510",13,"326,487",,,"335,928,496",390,"7,397,860,610","8,593",
9,CT,"New London County, CT",9011,New London County,41.472651,-72.108633,,272033,11,211996,11,5,51111,"888,523","172,673",3,"121,306","227,193","1,403,418",5,"106,170",,,"130,677,314",480,"2,898,669,801","10,656",
9,CT,"Tolland County, CT",9013,Tolland County,41.858081,-72.340978,,151689,10,56402,7,5,51007,"465,247","91,659",3,"58,516","118,963","635,431",4,"54,573",,,"66,472,737",438,"1,481,975,529","9,770",
9,CT,"Windham County, CT",9015,Windham County,41.824999,-71.990702,,117078,9,61385,8,5,50908,"381,367","75,133",3,"49,116","97,515","478,342",4,"44,261",,,"40,720,152",348,"902,201,782","7,706",
10,DE,"Kent County, DE",10001,Kent County,39.097088,-75.502982,,171474,10,106392,9,4,41009,"707,663","94,184",4,"68,182","244,631","1,283,780",7,"62,140",,,"98,599,723",575,"2,199,172,639","12,825",
10,DE,"New Castle County, DE",10003,New Castle County,39.575915,-75.644132,,551997,13,544806,13,4,41313,"2,207,469","304,217",4,"220,704","763,096","7,498,589",14,"202,524",,,"234,686,372",425,"5,303,806,470","9,608",
10,DE,"Sussex County, DE",10005,Sussex County,38.673227,-75.337024,,211224,11,133384,10,4,41110,"1,015,252","135,142",5,"129,506","350,961","877,743",4,"83,387",,,"133,523,905",632,"2,963,940,890","14,032",
11,DC,"District of Columbia, DC",11001,District of Columbia,38.904103,-77.017229,,659009,14,1053755,15,4,41415,"2,668,055","327,929",4,"259,434","922,316","11,378,663",17,"276,546",,,"99,509,000",151,"3,715,850,000","5,639",
12,FL,"Alachua County, FL",12001,Alachua County,29.67574,-82.357221,,256581,11,186721,10,2,21110,"1,299,952","154,042",5,"148,310","599,290","796,180",3,"96,336",,,"155,757,969",607,"4,036,791,475","15,733",
12,FL,"Baker County, FL",12003,Baker County,30.324442,-82.302284,,27312,6,11450,4,2,20604,"138,989","14,139",5,"9,421","69,041","5,734",0,"8,270",,,"16,535,400",605,"473,841,520","17,349",
12,FL,"Bay County, FL",12005,Bay County,30.238117,-85.63143,,178361,10,123050,9,2,21009,"915,176","121,780",5,"98,382","454,602","263,139",1,"67,939",,,"80,186,073",450,"1,996,721,131","11,195",
12,FL,"Bradford County, FL",12007,Bradford County,29.952386,-82.166599,,26919,6,8371,3,2,20603,"142,136","14,513",5,"10,681","65,526","24,532",1,"8,704",,,"15,599,081",579,"408,388,595","15,171",
12,FL,"Brevard County, FL",12009,Brevard County,28.298304,-80.700331,,560683,13,352033,12,2,21312,"2,956,269","300,878",5,"266,948","1,362,868","515,929",1,"224,373",,,"259,225,562",462,"6,697,640,543","11,946",
12,FL,"Broward County, FL",12011,Broward County,26.193535,-80.476683,,1863780,16,1386388,15,1,11615,"9,562,806","972,195",5,"800,426","4,408,545","873,961",0,"672,988",,,"826,750,761",444,"21,097,298,067","11,320",
12,FL,"Calhoun County, FL",12013,Calhoun County,30.388801,-85.197915,,14550,4,3428,1,2,20401,"67,837","9,091",5,"5,808","33,697","15,056",1,"4,555",,,"7,338,963",504,"194,027,767","13,335",
12,FL,"Charlotte County, FL",12015,Charlotte County,26.868933,-81.941077,,169642,10,75280,8,2,21008,"939,356","95,514",6,"99,486","433,052","72,597",0,"73,299",,,"64,432,693",380,"1,749,794,656","10,315",
12,FL,"Citrus County, FL",12017,Citrus County,28.84364,-82.52481,,140453,10,59579,8,2,21008,"773,544","91,570",6,"76,193","356,611","30,849",0,"61,350",,,"48,038,348",342,"1,257,854,528","8,956",
12,FL,"Clay County, FL",12019,Clay County,29.986584,-81.865036,,200346,11,79856,8,2,21108,"1,014,626","111,872",5,"75,929","467,752","68,532",0,"70,527",,,"49,987,608",250,"1,330,380,956","6,640",
12,FL,"Collier County, FL",12021,Collier County,26.118786,-81.400955,,348236,12,249669,11,2,21211,"1,695,427","172,592",5,"199,791","781,608","106,586",0,"133,331",,,"129,145,511",371,"3,493,540,604","10,032",
12,FL,"Columbia County, FL",12023,Columbia County,30.221333,-82.623168,,68198,8,38196,7,2,20807,"369,606","39,455",5,"27,767","170,392","45,519",1,"23,911",,,"52,702,744",773,"1,468,575,829","21,534",
12,FL,"DeSoto County, FL",12027,DeSoto County,27.190581,-81.806253,,35134,6,10940,3,2,20603,"158,754","16,233",5,"14,427","73,187","5,708",0,"11,419",,,"14,100,348",401,"368,272,736","10,482",
12,FL,"Dixie County, FL",12029,Dixie County,29.580899,-83.195666,,16084,4,3036,1,2,20401,"84,007","9,997",5,"8,983","38,728","9,712",1,"6,221",,,"8,526,758",530,"225,381,611","14,013",
12,FL,"Duval County, FL",12031,Duval County,30.335245,-81.648113,Y,900890,14,869062,14,2,21414,"4,692,718","517,784",5,"390,930","2,163,388","680,310",1,"341,906",,,"512,547,726",569,"12,702,690,411","14,100",
12,FL,"Escambia County, FL",12033,Escambia County,30.611638,-87.3389,,309574,12,207851,11,2,21211,"1,596,798","213,275",5,"135,898","793,189","871,748",3,"115,984",,,"106,823,030",345,"2,824,326,503","9,123",
12,FL,"Flagler County, FL",12035,Flagler County,29.474912,-81.286305,,102917,9,35674,6,2,20906,"508,189","51,871",5,"48,656","234,280","24,501",0,"38,150",,,"68,669,876",667,"1,714,577,720","16,660",
12,FL,"Franklin County, FL",12037,Franklin County,29.810176,-84.799174,,11705,4,4341,1,2,20401,"64,124","7,601",5,"8,407","29,562","5,498",0,"4,250",,,"8,112,156",693,"205,445,502","17,552",
12,FL,"Gadsden County, FL",12039,Gadsden County,30.578687,-84.612607,,46153,7,17689,5,2,20705,"215,839","27,807",5,"19,020","99,504","75,880",2,"16,885",,,"33,364,471",723,"887,471,381","19,229",
12,FL,"Gilchrist County, FL",12041,Gilchrist County,29.723456,-82.795801,,17033,5,3336,1,2,20501,"82,860","10,246",5,"7,095","38,199","10,438",1,"6,254",,,"7,629,630",448,"201,632,103","11,838",
12,FL,"Glades County, FL",12043,Glades County,26.95481,-81.19082,,13420,4,1459,1,2,20401,"55,370","5,846",4,"6,702","25,526",762,0,"4,019",,,"7,611,258",567,"205,953,990","15,347",
12,FL,"Gulf County, FL",12045,Gulf County,29.907257,-85.256537,,15851,4,4929,1,2,20401,"79,249","9,491",5,"9,025","36,535","51,328",3,"5,349",,,"10,095,051",637,"255,286,476","16,105",
12,FL,"Hamilton County, FL",12047,Hamilton County,30.491226,-82.951069,,14362,4,3164,1,2,20401,"69,295","8,233",5,"5,586","31,946","5,341",0,"4,717",,,"17,668,397","1,230","511,643,411","35,625",
12,FL,"Hardee County, FL",12049,Hardee County,27.492846,-81.82158,,27302,6,8008,3,2,20603,"108,277","12,881",4,"9,429","49,917","6,510",0,"7,558",,,"11,689,613",428,"306,433,849","11,224",
12,FL,"Hendry County, FL",12051,Hendry County,26.539967,-81.152114,,38376,7,12216,4,2,20704,"182,589","18,582",5,"14,804","84,175","2,103",0,"11,817",,,"19,411,067",506,"504,214,543","13,139",
12,FL,"Hernando County, FL",12053,Hernando County,28.573043,-82.466227,,176797,10,67584,8,2,21008,"996,873","116,765",6,"83,060","459,568","55,570",0,"70,918",,,"53,837,193",305,"1,459,522,572","8,255",
12,FL,"Highlands County, FL",12055,Highlands County,27.342627,-81.340921,,98862,9,40838,7,2,20907,"482,415","56,647",5,"53,859","222,398","25,542",0,"40,500",,,"37,634,743",381,"964,399,210","9,755",
12,FL,"Hillsborough County, FL",12057,Hillsborough County,27.906607,-82.349719,,1323059,15,1174448,15,2,21515,"6,956,643","783,707",5,"543,584","3,207,079","1,217,860",1,"495,841",,,"507,697,827",384,"13,584,549,596","10,268",
12,FL,"Holmes County, FL",12059,Holmes County,30.866222,-85.812959,,19569,5,3691,1,2,20501,"97,128","12,963",5,"8,398","48,247","4,009",0,"6,809",,,"11,264,475",576,"303,437,353","15,506",
12,FL,"Indian River County, FL",12061,Indian River County,27.700528,-80.574789,,145342,10,86438,9,2,21009,"826,383","84,044",6,"90,617","380,970","64,522",0,"57,829",,,"68,677,374",473,"1,796,764,707","12,362",
12,FL,"Jackson County, FL",12063,Jackson County,30.78925,-85.208813,,48721,7,18336,5,2,20705,"240,506","32,217",5,"20,400","119,468","37,223",1,"16,744",,,"34,453,103",707,"932,661,800","19,143",
12,FL,"Jefferson County, FL",12065,Jefferson County,30.424558,-83.890859,,14082,4,3061,1,2,20401,"85,223","10,126",6,"6,466","39,289","10,678",1,"5,564",,,"12,576,522",893,"357,692,219","25,401",
12,FL,"Lafayette County, FL",12067,Lafayette County,29.990066,-83.17851,,8742,3,1316,1,2,20301,"33,883","4,063",4,"3,111","15,620", -   , -   ,"2,320",,,"5,105,995",584,"137,300,733","15,706",
12,FL,"Lake County, FL",12069,Lake County,28.764113,-81.712282,,317586,12,162530,10,2,21210,"1,615,892","190,040",5,"153,023","744,942","477,677",2,"122,036",,,"149,034,408",469,"3,784,211,682","11,916",
12,FL,"Lee County, FL",12071,Lee County,26.559035,-81.891994,,680970,14,419576,12,2,21412,"3,481,985","354,990",5,"369,483","1,605,229","252,034",0,"258,084",,,"299,690,789",440,"7,667,186,724","11,259",
12,FL,"Leon County, FL",12073,Leon County,30.45931,-84.2778,,284788,11,196534,11,2,21111,"1,344,001","164,396",5,"143,979","619,598","627,464",2,"111,111",,,"117,139,228",411,"2,967,175,749","10,419",
12,FL,"Levy County, FL",12075,Levy County,29.284457,-82.783462,,39707,7,11601,4,2,20704,"204,208","24,335",5,"19,461","94,142","14,388",0,"15,372",,,"24,844,829",626,"644,796,934","16,239",
12,FL,"Liberty County, FL",12077,Liberty County,30.259849,-84.86858,,8285,3,2240,1,2,20301,"36,836","4,466",4,"3,385","16,982","4,556",1,"2,363",,,"4,987,132",602,"133,367,487","16,097",
12,FL,"Madison County, FL",12079,Madison County,30.447233,-83.470416,,18560,5,5644,2,2,20502,"96,064","11,415",5,"8,266","44,287","29,116",2,"6,665",,,"20,291,680","1,093","578,096,164","31,147",
12,FL,"Manatee County, FL",12081,Manatee County,27.481682,-82.368767,,353411,12,197703,11,2,21211,"1,733,065","177,006",5,"175,751","798,959","409,130",1,"135,990",,,"119,428,167",338,"3,245,309,438","9,183",
12,FL,"Marion County, FL",12083,Marion County,29.202805,-82.0431,,340341,12,159504,10,2,21210,"1,702,459","200,053",5,"179,921","784,850","424,696",1,"132,277",,,"150,579,661",442,"4,037,890,427","11,864",
12,FL,"Martin County, FL",12085,Martin County,27.083604,-80.398201,,153592,10,113715,9,2,21009,"826,317","84,007",5,"77,366","380,940","106,382",1,"62,980",,,"79,541,115",518,"2,183,583,625","14,217",
12,FL,"Miami-Dade County, FL",12086,Miami-Dade County,25.61058,-80.499137,,2664418,17,1941824,16,1,11716,"12,199,521","1,240,275",5,"992,408","5,624,096","1,148,818",0,"853,624",,,"782,896,061",294,"20,680,285,573","7,762",
12,FL,"Monroe County, FL",12087,Monroe County,25.615457,-81.189971,,77150,8,63466,8,1,10808,"434,734","46,987",6,"52,526","200,416","21,297",0,"29,549",,,"40,960,502",531,"1,024,896,113","13,284",
12,FL,"Nassau County, FL",12089,Nassau County,30.605926,-81.764929,,77187,8,34180,6,2,20806,"441,728","50,037",6,"35,424","203,641","54,580",1,"29,214",,,"40,133,469",520,"1,086,646,915","14,078",
12,FL,"Okaloosa County, FL",12091,Okaloosa County,30.665851,-86.594187,,195798,11,118885,9,2,21109,"975,076","129,611",5,"92,940","484,357","812,389",4,"76,140",,,"85,468,843",437,"2,205,735,620","11,265",
12,FL,"Okeechobee County, FL",12093,Okeechobee County,27.385592,-80.887388,,39420,7,14025,4,2,20704,"188,264","19,143",5,"17,867","86,791","7,175",0,"12,850",,,"16,788,080",426,"451,143,447","11,445",
12,FL,"Orange County, FL",12095,Orange County,28.514435,-81.323295,,1256055,15,1409254,15,2,21515,"6,230,262","726,583",5,"520,160","2,872,211","714,273",1,"444,852",,,"577,458,437",460,"15,373,484,550","12,239",
12,FL,"Osceola County, FL",12097,Osceola County,28.059027,-81.139312,,311962,12,153761,10,2,21210,"1,383,918","163,659",4,"181,131","638,000","99,351",0,"93,324",,,"148,537,072",476,"4,023,549,026","12,898",
12,FL,"Palm Beach County, FL",12099,Palm Beach County,26.649124,-80.448374,,1398757,15,1021275,15,2,21515,"7,753,961","788,028",6,"661,375","3,574,650","943,020",1,"538,549",,,"603,241,420",431,"15,441,613,566","11,040",
12,FL,"Pasco County, FL",12101,Pasco County,28.307465,-82.464584,,488310,13,193002,11,2,21311,"2,446,619","287,974",5,"228,283","1,127,915","411,994",1,"189,292",,,"145,852,963",299,"3,973,964,170","8,138",
12,FL,"Pinellas County, FL",12103,Pinellas County,27.903122,-82.739518,,939548,14,747268,14,2,21414,"5,042,429","597,873",5,"494,312","2,324,608","731,470",1,"405,788",,,"347,281,999",370,"8,625,333,354","9,180",
12,FL,"Polk County, FL",12105,Polk County,27.953115,-81.692783,,637691,13,363522,12,2,21312,"3,218,472","361,176",5,"277,624","1,483,746","211,017",0,"223,060",,,"264,685,424",415,"6,902,829,852","10,825",
12,FL,"Putnam County, FL",12107,Putnam County,29.606006,-81.740894,,72304,8,24982,5,2,20805,"345,578","35,569",5,"35,942","159,315","72,908",1,"27,306",,,"28,940,416",400,"746,554,936","10,325",
12,FL,"St. Johns County, FL",12109,St. Johns County,29.890644,-81.383948,,218362,11,118252,9,2,21109,"1,174,879","121,970",5,"95,572","541,630","145,929",1,"81,308",,,"93,471,022",428,"2,593,055,836","11,875",
12,FL,"St. Lucie County, FL",12111,St. Lucie County,27.379812,-80.443537,,293136,12,116907,9,2,21209,"1,570,143","160,066",5,"140,004","723,851","143,439",0,"108,796",,,"149,817,782",511,"3,823,972,829","13,045",
12,FL,"Santa Rosa County, FL",12113,Santa Rosa County,30.701838,-87.012762,,163903,10,49774,7,2,21007,"892,874","119,131",5,"66,241","443,524","292,705",2,"59,455",,,"59,149,551",361,"1,586,162,753","9,677",
12,FL,"Sarasota County, FL",12115,Sarasota County,27.184386,-82.365835,,398011,12,284060,11,2,21211,"2,173,756","221,004",5,"226,921","1,002,122","241,390",1,"175,576",,,"183,498,447",461,"4,813,381,963","12,094",
12,FL,"Seminole County, FL",12117,Seminole County,28.690092,-81.131989,,442905,13,334290,12,2,21312,"2,369,716","261,784",5,"185,902","1,092,462","296,539",1,"156,216",,,"166,069,519",375,"4,313,686,865","9,740",
12,FL,"Sumter County, FL",12119,Sumter County,28.71431,-82.074703,,113589,9,40360,7,2,20907,"529,831","62,545",5,"62,411","244,257","159,497",1,"49,362",,,"58,045,205",511,"1,601,651,852","14,100",
12,FL,"Suwannee County, FL",12121,Suwannee County,30.189244,-82.992754,,43653,7,16235,4,2,20704,"243,155","26,485",6,"18,479","112,097","34,461",1,"15,315",,,"26,615,187",610,"746,825,379","17,108",
12,FL,"Taylor County, FL",12123,Taylor County,30.009908,-83.609483,,22582,5,9464,3,2,20503,"110,871","13,164",5,"10,666","51,112","39,033",2,"7,544",,,"14,308,271",634,"367,848,683","16,289",
12,FL,"Union County, FL",12125,Union County,30.05428,-82.366918,,15159,4,3491,1,2,20401,"59,785","6,429",4,"4,372","27,561","3,180",0,"3,892",,,"5,620,267",371,"149,724,099","9,877",
12,FL,"Volusia County, FL",12127,Volusia County,29.057769,-81.161792,,510806,13,287776,11,2,21311,"2,829,893","293,496",6,"265,072","1,304,608","442,555",1,"205,310",,,"254,163,272",498,"6,503,989,273","12,733",
12,FL,"Wakulla County, FL",12129,Wakulla County,30.140358,-84.375112,,31314,6,6632,2,2,20602,"165,640","19,695",5,"12,612","76,362","34,112",1,"10,726",,,"9,753,775",311,"261,973,625","8,366",
12,FL,"Walton County, FL",12131,Walton County,30.631211,-86.176614,,61528,8,39295,7,2,20807,"337,895","44,443",5,"46,857","167,845","113,388",2,"24,329",,,"45,129,691",733,"1,199,626,271","19,497",
12,FL,"Washington County, FL",12133,Washington County,30.602217,-85.662797,,24627,5,7503,3,2,20503,"119,389","15,810",5,"10,461","59,305","13,380",1,"8,370",,,"15,898,988",646,"431,741,123","17,531",
13,GA,"Appling County, GA",13001,Appling County,31.739712,-82.290103,,18410,5,10705,3,2,20503,"108,760","13,128",6,"8,523","54,025","50,276",3,"6,711",,,"11,149,545",606,"274,327,799","14,901",
13,GA,"Atkinson County, GA",13003,Atkinson County,31.296861,-82.878199,,8268,3,2514,1,2,20301,"42,864","5,170",5,"3,493","21,292","14,924",2,"2,717",,,"5,278,340",638,"133,286,227","16,121",
13,GA,"Bacon County, GA",13005,Bacon County,31.55021,-82.451433,,11251,4,5614,2,2,20402,"60,344","7,284",5,"4,808","29,975","28,963",3,"3,871",,,"5,318,716",473,"133,782,152","11,891",
13,GA,"Baker County, GA",13007,Baker County,31.31958,-84.454881,,3250,1,264,1,2,20101,"22,382","2,711",7,"1,781","11,118","6,332",2,"1,328",,,"3,428,141","1,055","86,586,333","26,642",
13,GA,"Baldwin County, GA",13009,Baldwin County,33.05949,-83.255457,,45808,7,26147,6,3,30706,"226,753","27,430",5,"20,483","112,636","281,297",6,"15,880",,,"22,644,524",494,"571,202,351","12,469",
13,GA,"Banks County, GA",13011,Banks County,34.351922,-83.498441,,18336,5,6400,2,4,40502,"99,020","11,859",5,"7,651","49,187","55,488",3,"6,483",,,"11,663,568",636,"322,230,562","17,574",
13,GA,"Barrow County, GA",13013,Barrow County,33.992009,-83.712303,,73340,8,31815,6,3,30806,"365,391","42,683",5,"27,270","181,503","345,234",5,"24,000",,,"31,089,528",424,"785,968,000","10,717",
13,GA,"Bartow County, GA",13015,Bartow County,34.240917,-84.838188,,101942,9,62297,8,3,30908,"552,178","66,673",5,"40,482","274,288","802,718",8,"36,490",,,"70,886,052",695,"1,908,482,105","18,721",
13,GA,"Ben Hill County, GA",13017,Ben Hill County,31.740775,-83.14719,,17405,5,9663,3,3,30503,"95,056","11,568",5,"8,004","47,218","35,324",2,"6,452",,,"7,850,099",451,"189,468,284","10,886",
13,GA,"Berrien County, GA",13019,Berrien County,31.288652,-83.22787,,18986,5,6517,2,2,20502,"113,608","13,694",6,"8,759","56,434","39,878",2,"7,108",,,"9,193,308",484,"229,045,551","12,064",
13,GA,"Bibb County, GA",13021,Bibb County,32.808844,-83.694193,,154194,10,147249,10,3,31010,"802,964","97,076",5,"71,139","398,862","1,920,177",12,"57,269",,,"82,691,256",536,"2,150,416,777","13,946",
13,GA,"Bleckley County, GA",13023,Bleckley County,32.435403,-83.331717,,12835,4,2884,1,3,30401,"66,020","7,987",5,"5,354","32,795","56,678",4,"4,081",,,"5,765,531",449,"149,814,379","11,672",
13,GA,"Brantley County, GA",13025,Brantley County,31.197334,-81.982978,,18403,5,2343,1,2,20501,"103,083","12,450",6,"8,032","51,205","32,296",2,"6,423",,,"7,221,629",392,"186,817,517","10,151",
13,GA,"Brooks County, GA",13027,Brooks County,30.822934,-83.581905,,15645,4,4230,1,2,20401,"101,629","12,255",6,"7,762","50,483","35,670",2,"6,482",,,"8,396,839",537,"212,299,277","13,570",
13,GA,"Bryan County, GA",13029,Bryan County,32.017969,-81.438543,,34104,6,11976,4,2,20604,"192,325","23,281",6,"13,172","95,535","97,907",3,"11,788",,,"26,491,636",777,"730,673,442","21,425",
13,GA,"Bulloch County, GA",13031,Bulloch County,32.391711,-81.744021,,73141,8,35360,6,3,30806,"381,859","46,131",5,"30,301","189,684","88,048",1,"26,210",,,"36,681,640",502,"980,313,477","13,403",
13,GA,"Burke County, GA",13033,Burke County,33.050819,-82.011571,,22838,5,11590,4,3,30504,"135,282","16,378",6,"9,958","67,200","70,446",3,"8,082",,,"13,623,107",597,"341,974,613","14,974",
13,GA,"Butts County, GA",13035,Butts County,33.290355,-83.958221,,23479,5,8523,3,3,30503,"117,586","14,051",5,"9,415","58,409","129,939",6,"7,737",,,"13,002,387",554,"357,098,477","15,209",
13,GA,"Calhoun County, GA",13037,Calhoun County,31.521279,-84.62629,,6443,2,1177,1,3,30201,"30,865","3,738",5,"2,406","15,332","6,428",1,"1,852",,,"3,766,363",585,"92,802,704","14,404",
13,GA,"Camden County, GA",13039,Camden County,30.913347,-81.642001,,52092,7,16027,4,2,20704,"277,906","33,615",5,"21,708","138,046","215,133",4,"18,658",,,"39,144,240",751,"1,056,834,816","20,288",
13,GA,"Candler County, GA",13043,Candler County,32.403851,-82.071236,,10962,3,4465,1,3,30301,"66,666","8,050",6,"4,757","33,115","10,443",1,"4,026",,,"9,611,823",877,"265,733,485","24,241",
13,GA,"Carroll County, GA",13045,Carroll County,33.582237,-85.080527,,113756,9,70422,8,3,30908,"563,255","67,204",5,"45,303","279,790","946,865",8,"40,287",,,"52,711,059",463,"1,345,199,149","11,825",
13,GA,"Catoosa County, GA",13047,Catoosa County,34.900218,-85.139386,,65645,8,22795,5,4,40805,"375,568","42,378",6,"27,193","203,172","415,071",6,"24,099",,,"29,693,580",452,"816,014,263","12,431",
13,GA,"Charlton County, GA",13049,Charlton County,30.779904,-82.139644,,12968,4,3353,1,2,20401,"54,866","6,584",4,"4,486","27,254","19,642",2,"3,474",,,"7,688,131",593,"193,202,442","14,898",
13,GA,"Chatham County, GA",13051,Chatham County,31.98041,-81.085196,,282613,11,274349,11,2,21111,"1,465,798","177,368",5,"124,382","728,117","2,427,388",9,"106,749",,,"146,149,930",517,"3,668,453,348","12,980",
13,GA,"Chattahoochee County, GA",13053,Chattahoochee County,32.347445,-84.788021,Y,11882,4,3122,1,3,30401,"33,761","4,086",3,"3,388","16,770","27,606",2,"2,578",,,"31,711,397","2,669","747,269,717","62,891",
13,GA,"Chattooga County, GA",13055,Chattooga County,34.474178,-85.345289,,25046,5,9626,3,4,40503,"123,643","14,882",5,"11,040","66,887","238,295",10,"9,361",,,"9,873,552",394,"246,581,018","9,845",
13,GA,"Cherokee County, GA",13057,Cherokee County,34.244317,-84.475057,,230629,11,100814,9,3,31109,"1,029,008","121,000",4,"87,102","511,146","4,030,565",17,"80,378",,,"75,632,633",328,"1,950,401,656","8,457",
13,GA,"Clarke County, GA",13059,Clarke County,33.952185,-83.367152,Y,122037,9,95769,9,3,30909,"521,836","62,203",4,"52,578","259,216","944,501",8,"44,901",,,"63,389,299",519,"1,500,317,192","12,294",
13,GA,"Clay County, GA",13061,Clay County,31.619831,-84.992583,,3068,1,394,1,3,30101,"17,426","2,110",6,"1,929","8,656","1,792",1,"1,160",,,"2,834,139",924,"69,392,709","22,618",
13,GA,"Clayton County, GA",13063,Clayton County,33.542686,-84.355573,,270269,11,143865,10,3,31110,"1,130,673","136,671",4,"106,132","561,647","4,063,834",15,"90,182",,,"100,053,029",370,"2,761,230,333","10,217",
13,GA,"Clinch County, GA",13065,Clinch County,30.917653,-82.702614,,6814,2,2422,1,2,20201,"39,308","4,757",6,"3,007","19,526","19,596",3,"2,524",,,"6,939,400","1,018","174,948,593","25,675",
13,GA,"Cobb County, GA",13067,Cobb County,33.93994,-84.574166,,728388,14,676946,14,3,31414,"3,299,304","381,258",5,"289,424","1,638,887","16,042,026",22,"271,975",,,"253,972,307",349,"6,755,106,312","9,274",
13,GA,"Coffee County, GA",13069,Coffee County,31.549245,-82.844938,,43042,7,26515,6,3,30706,"218,889","26,133",5,"17,140","108,730","40,947",1,"14,110",,,"18,763,818",436,"462,384,105","10,743",
13,GA,"Colquitt County, GA",13071,Colquitt County,31.189758,-83.769741,,46002,7,22175,5,2,20705,"255,758","29,966",6,"18,539","127,045","44,061",1,"15,380",,,"19,122,789",416,"466,909,964","10,150",
13,GA,"Columbia County, GA",13073,Columbia County,33.547631,-82.252296,,139904,10,56925,7,3,31007,"716,663","86,724",5,"54,169","355,993","1,265,706",9,"45,623",,,"36,203,921",259,"1,005,055,248","7,184",
13,GA,"Cook County, GA",13075,Cook County,31.152528,-83.429438,,17103,5,6321,2,2,20502,"97,102","11,710",6,"7,338","48,234","36,960",2,"5,979",,,"18,513,476","1,082","507,393,745","29,667",
13,GA,"Coweta County, GA",13077,Coweta County,33.352897,-84.762138,,135625,10,64658,8,3,31008,"694,501","82,757",5,"52,717","344,984","1,863,091",14,"49,457",,,"57,636,610",425,"1,577,666,954","11,633",
13,GA,"Crawford County, GA",13079,Crawford County,32.709428,-83.979187,,12483,4,1021,1,3,30401,"72,643","8,780",6,"5,334","36,085","53,196",4,"4,643",,,"8,213,136",658,"218,569,322","17,509",
13,GA,"Crisp County, GA",13081,Crisp County,31.915149,-83.753531,,23061,5,13392,4,3,30504,"136,996","15,573",6,"10,862","68,051","19,419",1,"8,509",,,"18,263,555",792,"489,375,355","21,221",
13,GA,"Dade County, GA",13083,Dade County,34.852424,-85.506201,,16356,4,5538,2,4,40402,"84,380","10,210",5,"7,372","45,647","64,206",4,"6,057",,,"12,225,830",747,"363,693,234","22,236",
13,GA,"Dawson County, GA",13085,Dawson County,34.442842,-84.173284,,22939,5,12998,4,4,40504,"117,825","14,038",5,"10,791","58,528","166,545",7,"8,522",,,"10,856,152",473,"281,372,600","12,266",
13,GA,"Decatur County, GA",13087,Decatur County,30.880655,-84.584144,,27237,6,12767,4,2,20604,"175,990","21,318",6,"12,286","87,421","18,848",1,"10,438",,,"16,110,981",592,"398,188,335","14,619",
13,GA,"DeKalb County, GA",13089,DeKalb County,33.770661,-84.226343,,723902,14,548990,13,3,31413,"3,095,866","374,267",4,"311,461","1,537,832","13,757,989",19,"270,903",,,"287,456,377",397,"7,993,510,367","11,042",
13,GA,"Dodge County, GA",13091,Dodge County,32.160235,-83.156241,,20995,5,6294,2,3,30502,"130,108","15,745",6,"9,876","64,630","71,050",3,"7,987",,,"9,563,834",456,"238,484,842","11,359",
13,GA,"Dooly County, GA",13093,Dooly County,32.151995,-83.807167,,14089,4,4065,1,3,30401,"79,312","9,588",6,"6,313","39,397","44,586",3,"5,140",,,"15,703,128","1,115","441,462,402","31,334",
13,GA,"Dougherty County, GA",13095,Dougherty County,31.532588,-84.20904,,92326,9,73923,8,3,30908,"540,070","64,409",6,"41,844","268,273","324,352",4,"35,156",,,"47,082,778",510,"1,120,806,198","12,140",
13,GA,"Douglas County, GA",13097,Douglas County,33.699317,-84.765944,,138283,10,75493,8,3,31008,"624,855","74,434",5,"52,601","310,389","2,137,348",15,"47,534",,,"54,743,145",396,"1,522,559,133","11,010",
13,GA,"Early County, GA",13099,Early County,31.324191,-84.906723,,10480,3,5587,2,3,30302,"69,427","8,407",7,"4,991","34,487","22,582",2,"4,023",,,"8,058,486",769,"197,987,017","18,892",
13,GA,"Echols County, GA",13101,Echols County,30.7085,-82.836132,Y,4025,1,164,1,2,20101,"23,148","2,796",6,"1,686","11,498","7,502",2,"1,423",,,"1,982,603",493,"51,827,558","12,876",
13,GA,"Effingham County, GA",13103,Effingham County,32.361711,-81.343337,,55852,7,15309,4,2,20704,"307,585","37,204",6,"21,016","152,789","124,784",2,"18,695",,,"18,792,028",336,"490,461,092","8,781",
13,GA,"Elbert County, GA",13105,Elbert County,34.116455,-82.841834,,19394,5,9174,3,3,30503,"109,521","13,470",6,"9,639","54,403","189,268",10,"7,611",,,"8,246,707",425,"206,562,737","10,651",
13,GA,"Emanuel County, GA",13107,Emanuel County,32.5911,-82.299763,,22723,5,10572,3,3,30503,"130,090","15,732",6,"10,004","64,620","66,971",3,"8,227",,,"17,373,159",765,"442,382,545","19,468",
13,GA,"Evans County, GA",13109,Evans County,32.153083,-81.890153,,10733,3,7746,3,2,20303,"64,509","7,796",6,"4,690","32,044","24,889",2,"3,950",,,"5,841,581",544,"145,428,007","13,550",
13,GA,"Fannin County, GA",13111,Fannin County,34.866543,-84.317331,,24017,5,10821,3,4,40503,"121,426","14,630",5,"16,819","65,688","49,116",2,"9,927",,,"10,635,983",443,"268,257,358","11,169",
13,GA,"Fayette County, GA",13113,Fayette County,33.412717,-84.493941,,109495,9,82226,8,3,30908,"544,307","63,071",5,"41,958","270,377","2,043,278",19,"38,933",,,"48,661,586",444,"1,200,076,334","10,960",
13,GA,"Floyd County, GA",13115,Floyd County,34.263684,-85.213654,,96199,9,71027,8,4,40908,"458,844","55,503",5,"41,000","227,925","1,226,286",13,"35,114",,,"43,240,243",449,"1,072,529,263","11,149",
13,GA,"Forsyth County, GA",13117,Forsyth County,34.225143,-84.127435,,203841,11,146699,10,3,31110,"905,736","97,683",4,"72,444","449,913","3,750,941",18,"66,500",,,"54,325,429",267,"1,432,013,430","7,025",
13,GA,"Franklin County, GA",13119,Franklin County,34.375081,-83.228064,,22188,5,13285,4,4,40504,"119,735","14,407",5,"10,607","59,477","85,565",4,"8,260",,,"21,069,591",950,"603,078,828","27,180",
13,GA,"Fulton County, GA",13121,Fulton County,33.790034,-84.468182,,996757,15,1569476,16,3,31516,"4,471,406","536,616",4,"456,092","2,221,114","18,444,025",19,"385,103",,,"594,575,236",597,"14,642,559,437","14,690",
13,GA,"Gilmer County, GA",13123,Gilmer County,34.690495,-84.454651,,28956,6,11883,4,4,40604,"150,380","18,148",5,"16,888","81,351","110,490",4,"11,131",,,"12,255,904",423,"306,507,565","10,585",
13,GA,"Glascock County, GA",13125,Glascock County,33.227491,-82.606913,,3053,1,245,1,3,30101,"18,133","2,195",6,"1,529","9,007","16,972",6,"1,105",,,"1,261,164",413,"32,111,460","10,518",
13,GA,"Glynn County, GA",13127,Glynn County,31.212746,-81.496517,,82623,8,61961,8,2,20808,"470,062","56,885",6,"42,319","233,497","451,888",5,"32,623",,,"36,612,424",443,"981,305,222","11,877",
13,GA,"Gordon County, GA",13129,Gordon County,34.509667,-84.873862,,56079,7,39934,7,4,40707,"289,725","33,331",5,"22,560","156,733","371,266",7,"19,779",,,"31,559,763",563,"848,736,254","15,135",
13,GA,"Grady County, GA",13131,Grady County,30.875903,-84.245008,,25145,5,9092,3,2,20503,"127,359","16,927",5,"10,814","63,264","35,984",1,"9,165",,,"13,806,534",549,"344,497,813","13,700",
13,GA,"Greene County, GA",13133,Greene County,33.57674,-83.166613,,16535,4,8983,3,3,30403,"102,983","12,463",6,"9,174","51,155","55,641",3,"6,673",,,"14,558,090",880,"396,708,578","23,992",
13,GA,"Gwinnett County, GA",13135,Gwinnett County,33.959148,-84.023085,,874242,14,660276,14,3,31414,"3,469,013","406,714",4,"302,935","1,723,188","14,422,036",16,"278,996",,,"294,020,294",336,"7,836,043,376","8,963",
13,GA,"Habersham County, GA",13137,Habersham County,34.634392,-83.525875,,43724,7,23525,5,4,40705,"218,743","26,501",5,"18,357","108,658","196,580",4,"14,856",,,"21,625,880",495,"536,001,161","12,259",
13,GA,"Hall County, GA",13139,Hall County,34.317588,-83.818497,,190482,10,149790,10,4,41010,"879,051","101,011",5,"70,655","436,657","1,526,611",8,"62,327",,,"72,839,187",382,"1,864,206,689","9,787",
13,GA,"Hancock County, GA",13141,Hancock County,33.26922,-83.000465,,8747,3,901,1,3,30301,"42,239","5,116",5,"5,355","20,982","54,032",6,"2,813",,,"9,423,178","1,077","245,850,994","28,107",
13,GA,"Haralson County, GA",13143,Haralson County,33.795165,-85.220062,,28667,6,10900,3,3,30603,"155,399","18,783",5,"12,411","77,192","236,597",8,"10,886",,,"15,909,566",555,"417,089,921","14,549",
13,GA,"Harris County, GA",13145,Harris County,32.731549,-84.912432,,32992,6,8398,3,3,30603,"202,752","24,543",6,"13,871","100,715","75,906",2,"11,699",,,"17,024,633",516,"478,407,680","14,501",
13,GA,"Hart County, GA",13147,Hart County,34.348733,-82.96329,,25518,6,11182,3,3,30603,"146,546","17,744",6,"13,125","72,795","120,320",5,"10,016",,,"10,536,278",413,"268,347,500","10,516",
13,GA,"Heard County, GA",13149,Heard County,33.291347,-85.137879,,11571,4,2233,1,3,30401,"70,028","8,456",6,"5,175","34,786","51,039",4,"4,364",,,"4,770,397",412,"122,537,089","10,590",
13,GA,"Henry County, GA",13151,Henry County,33.452947,-84.154021,,214171,11,99795,9,3,31109,"983,614","113,177",5,"78,929","488,598","3,217,971",15,"71,000",,,"84,886,106",396,"2,344,028,966","10,945",
13,GA,"Houston County, GA",13153,Houston County,32.458381,-83.662856,,149137,10,75586,8,3,31008,"822,209","97,313",6,"61,376","408,422","298,505",2,"54,188",,,"59,646,740",400,"1,503,798,836","10,083",
13,GA,"Irwin County, GA",13155,Irwin County,31.604306,-83.277037,,9365,3,2847,1,3,30301,"52,033","6,265",6,"4,066","25,847","6,304",1,"3,279",,,"5,817,022",621,"145,294,784","15,515",
13,GA,"Jackson County, GA",13157,Jackson County,34.130901,-83.562545,,62131,8,40259,7,3,30807,"318,404","37,936",5,"24,193","158,163","315,391",5,"21,115",,,"44,177,407",711,"1,154,255,302","18,578",
13,GA,"Jasper County, GA",13159,Jasper County,33.318169,-83.690142,,13571,4,2946,1,3,30401,"76,142","9,068",6,"6,321","37,823","52,348",4,"5,154",,,"5,669,759",418,"146,684,561","10,809",
13,GA,"Jeff Davis County, GA",13161,Jeff Davis County,31.811615,-82.636825,,14953,4,7240,2,2,20402,"87,705","10,586",6,"6,501","43,567","44,225",3,"5,216",,,"6,162,127",412,"152,934,215","10,228",
13,GA,"Jefferson County, GA",13163,Jefferson County,33.058176,-82.420004,,16201,4,7799,3,3,30403,"89,845","10,869",6,"7,337","44,630","101,890",6,"5,855",,,"11,531,878",712,"288,864,180","17,830",
13,GA,"Jenkins County, GA",13165,Jenkins County,32.794563,-81.971524,,9055,3,1750,1,3,30301,"58,266","7,049",6,"4,870","28,943","21,047",2,"3,554",,,"5,281,014",583,"133,842,791","14,781",
13,GA,"Johnson County, GA",13167,Johnson County,32.694584,-82.66397,,9694,3,1751,1,3,30301,"48,704","5,895",5,"4,120","24,193","24,359",3,"3,168",,,"3,663,114",378,"92,891,985","9,582",
13,GA,"Jones County, GA",13169,Jones County,33.020226,-83.562339,,28701,6,5194,2,3,30602,"168,053","20,311",6,"11,748","83,478","228,942",8,"10,367",,,"12,388,206",432,"326,045,259","11,360",
13,GA,"Lamar County, GA",13171,Lamar County,33.07446,-84.146721,,18195,5,5755,2,3,30502,"90,111","10,877",5,"7,618","44,762","145,811",8,"6,287",,,"11,420,408",628,"301,686,028","16,581",
13,GA,"Lanier County, GA",13173,Lanier County,31.038197,-83.063164,,10382,3,1616,1,2,20301,"58,269","7,051",6,"4,350","28,944","20,623",2,"3,733",,,"3,835,450",369,"96,538,795","9,299",
13,GA,"Laurens County, GA",13175,Laurens County,32.39322,-82.926317,,47802,7,30684,6,3,30706,"280,092","33,908",6,"21,576","139,132","106,449",2,"17,622",,,"35,593,872",745,"942,105,323","19,708",
13,GA,"Lee County, GA",13177,Lee County,31.818419,-84.146681,,29134,6,7726,3,3,30603,"181,231","21,946",6,"10,828","90,024","37,755",1,"10,126",,,"9,195,829",316,"239,635,796","8,225",
13,GA,"Liberty County, GA",13179,Liberty County,31.807458,-81.457871,,63949,8,24155,5,2,20805,"321,353","38,907",5,"27,606","159,628","174,503",3,"22,780",,,"37,963,254",594,"991,428,684","15,503",
13,GA,"Lincoln County, GA",13181,Lincoln County,33.792151,-82.448299,,7712,3,1579,1,3,30301,"53,867","6,528",7,"4,844","26,758","29,369",4,"3,457",,,"2,979,054",386,"76,628,963","9,936",
13,GA,"Long County, GA",13183,Long County,31.749563,-81.74287,,17243,5,551,1,2,20501,"82,270","9,944",5,"6,323","40,866","19,582",1,"5,173",,,"7,627,256",442,"198,614,113","11,519",
13,GA,"Lowndes County, GA",13185,Lowndes County,30.833127,-83.268992,,113898,9,82313,8,2,20908,"542,535","65,489",5,"46,337","269,498","332,592",3,"39,809",,,"56,080,043",492,"1,473,737,071","12,939",
13,GA,"Lumpkin County, GA",13187,Lumpkin County,34.568135,-83.998906,,31094,6,9794,3,4,40603,"148,492","17,806",5,"13,268","80,330","141,149",5,"11,255",,,"10,411,084",335,"264,770,608","8,515",
13,GA,"McDuffie County, GA",13189,McDuffie County,33.482464,-82.473188,,21558,5,13778,4,3,30504,"125,587","15,203",6,"9,384","62,384","179,615",8,"8,067",,,"14,016,199",650,"384,201,109","17,822",
13,GA,"McIntosh County, GA",13191,McIntosh County,31.488592,-81.37246,,13941,4,2419,1,2,20401,"78,702","9,533",6,"9,416","39,094","46,230",3,"5,207",,,"16,925,548","1,214","488,686,058","35,054",
13,GA,"Macon County, GA",13193,Macon County,32.362686,-84.051231,,13846,4,3112,1,3,30401,"65,741","7,945",5,"6,132","32,656","80,939",6,"4,546",,,"7,413,261",535,"183,345,442","13,242",
13,GA,"Madison County, GA",13195,Madison County,34.128526,-83.203737,,28362,6,4371,1,3,30601,"159,728","19,040",6,"11,923","79,343","133,123",5,"10,348",,,"9,877,912",348,"253,713,559","8,946",
13,GA,"Marion County, GA",13197,Marion County,32.359538,-84.529561,,8646,3,1863,1,3,30301,"45,862","5,544",5,"4,168","22,781","15,535",2,"3,021",,,"3,596,544",416,"91,944,840","10,634",
13,GA,"Meriwether County, GA",13199,Meriwether County,33.029267,-84.667058,,21195,5,6754,2,3,30502,"128,514","15,498",6,"10,014","63,838","114,947",5,"7,982",,,"12,653,897",597,"333,810,459","15,749",
13,GA,"Miller County, GA",13201,Miller County,31.162908,-84.730386,,5911,2,2024,1,2,20201,"39,363","4,767",7,"2,787","19,553","11,217",2,"2,251",,,"3,603,084",610,"91,023,898","15,399",
13,GA,"Mitchell County, GA",13205,Mitchell County,31.228997,-84.192038,,22778,5,11205,3,2,20503,"140,253","16,983",6,"9,070","69,669","30,372",1,"8,041",,,"9,928,901",436,"245,050,976","10,758",
13,GA,"Monroe County, GA",13207,Monroe County,33.017435,-83.922938,,27044,6,11557,4,3,30604,"150,181","18,059",6,"11,090","74,601","174,648",6,"9,589",,,"33,446,837","1,237","1,005,533,925","37,181",
13,GA,"Montgomery County, GA",13209,Montgomery County,32.172108,-82.533349,,9005,3,1506,1,3,30301,"50,855","6,160",6,"3,956","25,262","21,689",2,"3,149",,,"6,008,157",667,"145,858,900","16,198",
13,GA,"Morgan County, GA",13211,Morgan County,33.593474,-83.491049,,17943,5,12020,4,3,30504,"100,804","12,058",6,"7,623","50,073","65,383",4,"6,648",,,"19,098,376","1,064","541,284,322","30,167",
13,GA,"Murray County, GA",13213,Murray County,34.797097,-84.73799,,39358,7,15632,4,4,40704,"217,616","25,300",6,"15,996","117,724","146,728",4,"14,266",,,"10,349,152",263,"261,093,379","6,634",
13,GA,"Muscogee County, GA",13215,Muscogee County,32.510197,-84.874946,Y,200303,11,155491,10,3,31110,"957,376","115,827",5,"85,070","475,564","1,276,580",6,"73,449",,,"101,204,115",505,"2,404,847,261","12,006",
13,GA,"Newton County, GA",13217,Newton County,33.544021,-83.855185,,103901,9,37262,6,3,30906,"499,628","58,284",5,"38,940","248,184","901,447",9,"35,090",,,"36,217,324",349,"967,264,503","9,309",
13,GA,"Oconee County, GA",13219,Oconee County,33.834125,-83.437728,,35071,6,22368,5,3,30605,"202,438","23,883",6,"13,301","100,558","296,935",8,"12,288",,,"19,527,083",557,"508,817,052","14,508",
13,GA,"Oglethorpe County, GA",13221,Oglethorpe County,33.866806,-83.074081,,14743,4,1989,1,3,30401,"87,072","10,425",6,"6,577","43,252","80,381",5,"5,723",,,"11,567,737",785,"298,320,460","20,235",
13,GA,"Paulding County, GA",13223,Paulding County,33.921026,-84.867162,,149830,10,35858,6,3,31006,"684,938","75,680",5,"54,129","340,234","1,973,417",13,"50,017",,,"35,187,167",235,"907,416,879","6,056",
13,GA,"Peach County, GA",13225,Peach County,32.571324,-83.831978,,26907,6,12443,4,3,30604,"154,458","18,551",6,"11,442","76,725","130,414",5,"9,966",,,"21,369,803",794,"567,882,848","21,105",
13,GA,"Pickens County, GA",13227,Pickens County,34.456813,-84.490339,,29992,6,12622,4,4,40604,"156,595","18,922",5,"13,894","77,787","188,037",6,"11,377",,,"13,585,949",453,"340,256,445","11,345",
13,GA,"Pierce County, GA",13229,Pierce County,31.353988,-82.210427,,19030,5,6588,2,2,20502,"112,465","13,572",6,"8,080","55,865","45,006",2,"6,947",,,"8,564,442",450,"211,538,681","11,116",
13,GA,"Pike County, GA",13231,Pike County,33.090768,-84.386627,,17843,5,3440,1,3,30501,"95,761","11,545",5,"6,909","47,568","78,578",4,"6,026",,,"9,112,338",511,"237,495,468","13,310",
13,GA,"Polk County, GA",13233,Polk County,33.996015,-85.188338,,41263,7,19783,5,3,30705,"200,410","24,247",5,"17,154","99,551","454,480",11,"14,868",,,"16,686,737",404,"409,644,451","9,928",
13,GA,"Pulaski County, GA",13235,Pulaski County,32.238794,-83.481855,,11460,4,3638,1,3,30401,"55,111","6,663",5,"4,761","27,376","79,211",7,"3,829",,,"5,444,163",475,"138,565,802","12,091",
13,GA,"Putnam County, GA",13237,Putnam County,33.32106,-83.37179,,21259,5,8620,3,3,30503,"132,633","15,986",6,"12,925","65,884","80,517",4,"8,322",,,"10,300,771",485,"259,144,714","12,190",
13,GA,"Quitman County, GA",13239,Quitman County,31.862948,-85.004801,Y,2095,1,297,1,3,30101,"14,041","1,699",7,"2,063","6,975","4,805",2,916,,,"11,860,557","5,661","272,043,152","129,854",
13,GA,"Rabun County, GA",13241,Rabun County,34.883949,-83.404859,,16312,4,8180,3,4,40403,"84,250","10,210",5,"12,621","45,577","44,868",3,"6,629",,,"12,109,864",742,"302,467,152","18,543",
13,GA,"Randolph County, GA",13243,Randolph County,31.762651,-84.752311,,7224,2,2502,1,3,30201,"42,617","5,157",6,"3,635","21,169","16,398",2,"2,819",,,"5,010,012",694,"124,274,881","17,203",
13,GA,"Richmond County, GA",13245,Richmond County,33.361487,-82.074998,Y,201418,11,175110,10,3,31110,"954,688","115,540",5,"88,485","474,229","2,303,428",11,"72,470",,,"136,858,683",679,"3,247,638,897","16,124",
13,GA,"Rockdale County, GA",13247,Rockdale County,33.652081,-84.02637,,87569,9,59940,8,3,30908,"390,923","45,748",4,"33,755","194,186","1,142,717",13,"29,940",,,"35,939,474",410,"960,360,341","10,967",
13,GA,"Schley County, GA",13249,Schley County,32.263441,-84.322724,,5089,2,1188,1,3,30201,"30,097","3,639",6,"2,213","14,950","15,319",3,"1,895",,,"4,028,997",792,"103,719,204","20,381",
13,GA,"Screven County, GA",13251,Screven County,32.744751,-81.617585,,14114,4,4644,1,3,30401,"75,966","9,351",5,"6,739","37,735","16,920",1,"5,214",,,"8,338,839",591,"210,446,491","14,910",
13,GA,"Seminole County, GA",13253,Seminole County,30.933894,-84.867592,,8696,3,2879,1,2,20301,"59,264","7,179",7,"4,850","29,439","18,649",2,"3,312",,,"4,496,919",517,"112,041,927","12,884",
13,GA,"Spalding County, GA",13255,Spalding County,33.262389,-84.286067,,64006,8,34377,6,3,30806,"327,115","38,943",5,"27,375","162,490","801,804",13,"22,914",,,"26,090,982",408,"665,389,964","10,396",
13,GA,"Stephens County, GA",13257,Stephens County,34.552914,-83.290216,,25584,6,15310,4,4,40604,"128,617","15,585",5,"12,693","63,889","119,983",5,"9,189",,,"10,825,750",423,"261,912,197","10,237",
13,GA,"Stewart County, GA",13259,Stewart County,32.073225,-84.834912,,5791,2,987,1,3,30201,"24,366","2,949",4,"2,372","12,103","3,274",1,"1,775",,,"4,956,977",856,"126,164,587","21,786",
13,GA,"Sumter County, GA",13261,Sumter County,32.042198,-84.20426,,31070,6,17018,5,3,30605,"174,812","21,158",6,"14,022","86,836","61,694",2,"11,698",,,"14,426,563",464,"354,666,649","11,415",
13,GA,"Talbot County, GA",13263,Talbot County,32.704603,-84.530029,,6373,2,849,1,3,30201,"41,803","5,051",7,"3,408","20,765","26,336",4,"2,729",,,"11,492,465","1,803","299,084,847","46,930",
13,GA,"Taliaferro County, GA",13265,Taliaferro County,33.559319,-82.875272,,1904,1,62,1,3,30101,"11,130","1,348",6,"1,096","5,529","12,688",7,748,,,"10,407,319","5,466","288,749,992","151,654",
13,GA,"Tattnall County, GA",13267,Tattnall County,32.043768,-82.059208,,25260,5,6478,2,2,20502,"128,096","15,489",5,"9,998","63,630","65,096",3,"7,899",,,"11,826,646",468,"294,117,949","11,644",
13,GA,"Taylor County, GA",13269,Taylor County,32.554667,-84.251426,,8354,3,2154,1,3,30301,"51,165","6,183",6,"4,558","25,415","32,955",4,"3,368",,,"15,737,587","1,884","406,466,474","48,655",
13,GA,"Telfair County, GA",13271,Telfair County,31.913639,-82.931062,,16405,4,3943,1,3,30401,"80,353","9,722",5,"7,301","39,914","32,062",2,"5,110",,,"7,746,068",472,"190,150,593","11,591",
13,GA,"Terrell County, GA",13273,Terrell County,31.777191,-84.439446,,9132,3,3163,1,3,30301,"57,288","6,935",6,"4,224","28,457","17,410",2,"3,312",,,"7,289,301",798,"181,570,559","19,883",
13,GA,"Thomas County, GA",13275,Thomas County,30.864606,-83.91982,,44977,7,31872,6,2,20706,"274,338","33,674",6,"20,601","136,274","85,095",2,"17,269",,,"25,336,485",563,"630,588,146","14,020",
13,GA,"Tift County, GA",13277,Tift County,31.457003,-83.525931,,40691,7,31692,6,3,30706,"221,250","26,678",5,"16,640","109,903","75,199",2,"14,451",,,"28,551,908",702,"770,196,385","18,928",
13,GA,"Toombs County, GA",13279,Toombs County,32.126698,-82.332071,,27160,6,18445,5,2,20605,"163,093","19,743",6,"12,239","81,014","62,534",2,"10,376",,,"14,602,556",538,"352,931,297","12,995",
13,GA,"Towns County, GA",13281,Towns County,34.902529,-83.732264,,10976,3,5556,2,4,40302,"49,430","6,371",5,"8,023","26,740","27,300",2,"4,611",,,"4,632,160",422,"116,639,286","10,627",
13,GA,"Treutlen County, GA",13283,Treutlen County,32.409586,-82.570882,,6711,2,1310,1,3,30201,"41,384","5,012",6,"3,287","20,557","21,372",3,"2,586",,,"8,086,066","1,205","232,453,250","34,638",
13,GA,"Troup County, GA",13285,Troup County,33.034482,-85.02836,,69314,8,66800,8,3,30808,"375,220","45,446",5,"28,669","186,386","399,052",6,"24,619",,,"43,546,409",628,"1,165,738,537","16,818",
13,GA,"Turner County, GA",13287,Turner County,31.7248,-83.620319,,8151,3,2859,1,3,30301,"49,318","5,967",6,"3,891","24,498","11,874",1,"3,071",,,"11,058,953","1,357","317,404,059","38,941",
13,GA,"Twiggs County, GA",13289,Twiggs County,32.665847,-83.425879,,8363,3,1877,1,3,30301,"44,063","5,327",5,"4,247","21,887","47,755",6,"2,887",,,"11,444,236","1,368","340,192,961","40,678",
13,GA,"Union County, GA",13291,Union County,34.833333,-83.989257,,22033,5,11452,4,4,40504,"98,088","12,283",4,"14,443","53,063","32,361",1,"8,873",,,"8,187,209",372,"210,554,704","9,556",
13,GA,"Upson County, GA",13293,Upson County,32.881837,-84.292281,,26394,6,11274,4,3,30604,"141,153","17,070",5,"12,280","70,116","321,559",12,"10,078",,,"22,196,355",841,"566,852,709","21,477",
13,GA,"Walker County, GA",13295,Walker County,34.735827,-85.305385,,68143,8,19750,5,4,40805,"383,202","43,751",6,"30,494","207,301","411,981",6,"25,581",,,"20,570,295",302,"514,278,229","7,547",
13,GA,"Walton County, GA",13297,Walton County,33.783887,-83.731829,,87436,9,33178,6,3,30906,"495,073","56,796",6,"33,083","245,921","483,472",6,"30,048",,,"33,910,843",388,"847,007,674","9,687",
13,GA,"Ware County, GA",13299,Ware County,31.050881,-82.421507,,35671,6,22598,5,2,20605,"212,544","25,689",6,"16,636","105,578","114,826",3,"13,847",,,"19,063,485",534,"473,486,556","13,274",
13,GA,"Warren County, GA",13301,Warren County,33.419169,-82.688012,,5504,2,1667,1,3,30201,"32,102","3,887",6,"2,984","15,946","33,302",6,"2,204",,,"8,707,001","1,582","249,493,333","45,329",
13,GA,"Washington County, GA",13303,Washington County,32.971848,-82.798112,,20680,5,10123,3,3,30503,"110,975","13,387",5,"9,174","55,126","159,264",8,"7,381",,,"11,875,508",574,"292,631,916","14,150",
13,GA,"Wayne County, GA",13305,Wayne County,31.547845,-81.912376,,30006,6,11531,4,2,20604,"160,576","19,381",5,"12,266","79,764","86,388",3,"10,016",,,"15,450,466",515,"383,740,386","12,789",
13,GA,"Webster County, GA",13307,Webster County,32.046691,-84.553828,Y,2672,1,389,1,3,30101,"16,441","1,990",6,"1,384","8,167", -   , -   ,"1,025",,,"17,995,855","6,735","416,337,263","155,815",
13,GA,"Wheeler County, GA",13309,Wheeler County,32.105268,-82.733865,,7932,3,1130,1,3,30301,"32,320","3,909",4,"2,630","16,054","11,889",1,"2,065",,,"4,243,616",535,"106,959,787","13,485",
13,GA,"White County, GA",13311,White County,34.643776,-83.743417,,28140,6,12726,4,4,40604,"150,270","18,203",5,"16,219","74,645","108,584",4,"11,016",,,"9,141,035",325,"230,516,548","8,192",
13,GA,"Whitfield County, GA",13313,Whitfield County,34.801726,-84.968541,,103653,9,98311,9,4,40909,"555,270","60,390",5,"40,222","300,385","289,748",3,"34,814",,,"47,407,977",457,"1,249,662,590","12,056",
13,GA,"Wilcox County, GA",13315,Wilcox County,31.962717,-83.438262,,8884,3,973,1,3,30301,"43,933","5,315",5,"3,531","21,823","6,473",1,"2,698",,,"4,437,770",500,"111,145,645","12,511",
13,GA,"Wilkes County, GA",13317,Wilkes County,33.779031,-82.747921,,9924,3,3968,1,3,30301,"59,405","7,197",6,"5,217","29,509","95,602",10,"3,975",,,"7,344,083",740,"183,593,061","18,500",
13,GA,"Wilkinson County, GA",13319,Wilkinson County,32.804266,-83.175512,,9312,3,4280,1,3,30301,"51,112","6,182",5,"4,488","25,389","65,242",7,"3,297",,,"7,851,629",843,"198,335,303","21,299",
13,GA,"Worth County, GA",13321,Worth County,31.551773,-83.84996,,20988,5,5169,2,3,30502,"135,493","16,395",6,"9,331","67,304","18,561",1,"7,873",,,"12,484,797",595,"314,655,049","14,992",
15,HI,"Hawaii County, HI",15001,Hawaii County,19.597764,-155.502443,,193680,11,109122,9,1,11109,"375,333","116,176",2,"71,518","197,268","12,073",0,"66,094",,,"120,482,075",622,"2,916,113,105","15,056",
15,HI,"Honolulu County, HI",15003,Honolulu County,21.461365,-158.201974,Y,986999,15,717044,14,1,11514,"1,913,996","493,589",2,"270,455","1,454,384","571,000",1,"309,548",,,"236,521,814",240,"5,801,994,502","5,878",
15,HI,"Kalawao County, HI",15005,Kalawao County,21.218764,-156.97401,Y,91,1,0,1,1,10101,257,73,3,83,135,6,0,55,,,"85,774",943,"1,857,061","20,407",
15,HI,"Kauai County, HI",15007,Kauai County,22.012038,-159.705965,,70447,8,54632,7,1,10807,"135,423","45,202",2,"28,574","71,176","5,353",0,"22,430",,,"28,660,730",407,"694,399,182","9,857",
15,HI,"Maui County, HI",15009,Maui County,20.855931,-156.60155,,162456,10,128290,10,1,11010,"346,684","98,185",2,"60,306","182,211","6,782",0,"53,903",,,"55,468,608",341,"1,334,256,150","8,213",
16,ID,"Ada County, ID",16001,Ada County,43.451477,-116.244376,,425798,12,388430,12,5,51212,"1,594,940","164,248",4,"170,159","474,156","9,308,858",22,"160,398",,,"152,786,120",359,"3,369,774,260","7,914",
16,ID,"Adams County, ID",16003,Adams County,44.877004,-116.461624,,3865,1,934,1,6,60101,"20,857","2,148",5,"2,673","6,200","4,682",1,"1,655",,,"5,459,965","1,413","129,298,847","33,454",
16,ID,"Bannock County, ID",16005,Bannock County,42.692921,-112.228982,,83815,8,49352,7,6,60807,"316,889","32,644",4,"33,882","94,207","1,329,523",16,"30,424",,,"31,293,508",373,"763,343,956","9,107",
16,ID,"Bear Lake County, ID",16007,Bear Lake County,42.285892,-111.327517,,5928,2,1862,1,6,60201,"25,415","2,716",4,"4,041","7,556","80,829",14,"2,395",,,"3,978,516",671,"91,835,663","15,492",
16,ID,"Benewah County, ID",16009,Benewah County,47.218451,-116.633541,,9068,3,3748,1,5,50301,"43,718","4,215",5,"4,717","12,997","50,647",6,"3,592",,,"5,397,722",595,"124,312,887","13,709",
16,ID,"Bingham County, ID",16011,Bingham County,43.216357,-112.399206,,45261,7,19447,5,6,60705,"191,018","19,828",4,"16,489","56,787","507,745",11,"14,712",,,"21,752,535",481,"564,598,848","12,474",
16,ID,"Blaine County, ID",16013,Blaine County,43.394192,-113.955371,,21427,5,21967,5,6,60505,"100,203","10,319",5,"15,352","29,789","369,978",17,"8,708",,,"10,639,757",497,"229,280,788","10,701",
16,ID,"Boise County, ID",16015,Boise County,43.987275,-115.71511,,6891,2,1200,1,6,60201,"38,197","3,934",6,"5,433","11,355","45,755",7,"2,994",,,"7,675,670","1,114","178,732,709","25,937",
16,ID,"Bonner County, ID",16017,Bonner County,48.324634,-116.627443,,41389,7,23875,5,6,60705,"184,158","17,859",4,"25,086","54,748","432,419",10,"17,109",,,"19,442,591",470,"433,983,570","10,485",
16,ID,"Bonneville County, ID",16019,Bonneville County,43.395171,-111.621878,,108989,9,94952,9,6,60909,"432,833","43,837",4,"43,438","128,676","1,738,581",16,"37,138",,,"39,726,981",365,"895,949,966","8,221",
16,ID,"Boundary County, ID",16021,Boundary County,48.773133,-116.524673,,11141,3,4913,1,6,60301,"50,033","5,407",4,"5,363","14,874","71,117",6,"4,393",,,"6,289,618",565,"143,148,448","12,849",
16,ID,"Butte County, ID",16023,Butte County,43.685101,-113.177631,,2592,1,1073,1,6,60101,"14,156","1,513",5,"1,312","4,208","11,112",4,"1,061",,,"3,258,890","1,257","77,845,855","30,033",
16,ID,"Camas County, ID",16025,Camas County,43.502733,-114.772066,,968,1,266,1,6,60101,"5,447",561,6,827,"1,619","4,742",5,379,,,"1,954,337","2,019","48,284,070","49,880",
16,ID,"Canyon County, ID",16027,Canyon County,43.623051,-116.708527,,202782,11,101779,9,5,51109,"811,678","83,587",4,"72,472","241,302","3,134,139",15,"67,155",,,"67,633,031",334,"1,545,843,588","7,623",
16,ID,"Caribou County, ID",16029,Caribou County,42.786072,-111.544273,,6813,2,5458,2,6,60202,"27,306","2,909",4,"3,260","8,118","118,310",17,"2,553",,,"4,278,909",628,"100,798,293","14,795",
16,ID,"Cassia County, ID",16031,Cassia County,42.282313,-113.626328,,23441,5,15615,4,5,50504,"106,957","10,964",5,"8,562","31,797","182,479",8,"7,717",,,"16,424,936",701,"441,633,094","18,840",
16,ID,"Clark County, ID",16033,Clark County,44.290218,-112.354613,,960,1,125,1,6,60101,"3,162",338,3,553,940,"2,581",3,287,,,"4,846,930","5,049","120,321,836","125,335",
16,ID,"Clearwater County, ID",16035,Clearwater County,46.67257,-115.6535,,8528,3,3605,1,5,50301,"41,561","4,021",5,"4,551","12,355","40,771",5,"3,668",,,"5,642,591",662,"130,054,682","15,250",
16,ID,"Custer County, ID",16037,Custer County,44.273351,-114.252267,,4185,1,1319,1,6,60101,"26,089","2,399",6,"2,182","7,756","20,729",5,"1,801",,,"4,099,881",980,"96,207,247","22,989",
16,ID,"Elmore County, ID",16039,Elmore County,43.394698,-115.471205,,26103,6,8567,3,5,50603,"110,078","11,336",4,"12,371","32,725","375,351",14,"9,832",,,"26,540,752","1,017","727,849,546","27,884",
16,ID,"Franklin County, ID",16041,Franklin County,42.173609,-111.822965,,13013,4,4142,1,6,60401,"46,955","5,018",4,"4,731","13,959","131,657",10,"4,226",,,"4,742,227",364,"107,369,189","8,251",
16,ID,"Fremont County, ID",16043,Fremont County,44.218091,-111.484429,,12896,4,3168,1,6,60401,"59,311","6,389",5,"8,778","17,632","128,478",10,"4,466",,,"9,882,625",766,"222,807,073","17,277",
16,ID,"Gem County, ID",16045,Gem County,44.061473,-116.398784,,16853,4,4970,1,5,50401,"84,127","8,663",5,"7,202","25,010","193,346",11,"6,287",,,"4,378,101",260,"101,364,595","6,015",
16,ID,"Gooding County, ID",16047,Gooding County,42.973185,-114.82142,,15157,4,5308,2,5,50402,"78,610","8,095",5,"6,150","23,370","113,095",7,"5,476",,,"12,632,348",833,"346,463,447","22,858",
16,ID,"Idaho County, ID",16049,Idaho County,45.849644,-115.467337,,16251,4,6978,2,5,50402,"74,622","7,337",5,"8,828","22,184","44,972",3,"6,443",,,"11,416,754",703,"276,765,067","17,031",
16,ID,"Jefferson County, ID",16051,Jefferson County,43.796965,-112.318588,,27096,6,7598,3,6,60603,"105,377","11,262",4,"9,023","31,327","295,474",11,"8,150",,,"9,924,799",366,"245,229,240","9,050",
16,ID,"Jerome County, ID",16053,Jerome County,42.691395,-114.262086,,22694,5,12688,4,5,50504,"107,317","11,052",5,"8,352","31,904","215,920",10,"7,647",,,"19,924,660",878,"547,640,264","24,132",
16,ID,"Kootenai County, ID",16055,Kootenai County,47.677113,-116.694918,,147716,10,100022,9,5,51009,"594,866","56,687",4,"67,515","176,846","2,628,436",18,"57,213",,,"67,703,284",458,"1,545,288,686","10,461",
16,ID,"Latah County, ID",16057,Latah County,46.81892,-116.730974,,38593,7,17719,5,5,50705,"144,680","13,999",4,"16,674","43,012","384,080",10,"15,218",,,"11,392,310",295,"258,914,509","6,709",
16,ID,"Lemhi County, ID",16059,Lemhi County,44.928506,-113.887042,,7743,3,3427,1,6,60301,"46,612","4,807",6,"4,817","13,857","20,014",3,"3,698",,,"6,537,706",844,"158,786,271","20,507",
16,ID,"Lewis County, ID",16061,Lewis County,46.236328,-116.42376,,3826,1,1577,1,5,50101,"18,725","1,801",5,"1,908","5,567","15,558",4,"1,624",,,"2,561,128",669,"61,687,837","16,123",
16,ID,"Lincoln County, ID",16063,Lincoln County,42.986181,-114.153899,,5292,2,887,1,5,50201,"23,440","2,414",4,"1,984","6,968","33,244",6,"1,596",,,"4,681,728",885,"110,208,156","20,825",
16,ID,"Madison County, ID",16065,Madison County,43.788614,-111.656993,,38114,7,27788,6,6,60706,"106,642","11,413",3,"12,962","31,703","372,549",10,"10,508",,,"10,506,108",276,"235,191,902","6,171",
16,ID,"Minidoka County, ID",16067,Minidoka County,42.857211,-113.63984,,20331,5,9287,3,5,50503,"105,877","10,833",5,"7,888","31,476","144,196",7,"7,261",,,"11,409,646",561,"283,160,388","13,928",
16,ID,"Nez Perce County, ID",16069,Nez Perce County,46.333791,-116.760909,,39995,7,35018,6,5,50706,"178,832","17,400",4,"17,786","53,164","556,715",14,"16,127",,,"17,907,959",448,"406,367,332","10,160",
16,ID,"Oneida County, ID",16071,Oneida County,42.183895,-112.520449,,4269,1,1368,1,6,60101,"19,080","1,974",4,"1,973","5,672","27,120",6,"1,551",,,"6,371,439","1,492","188,685,161","44,199",
16,ID,"Owyhee County, ID",16073,Owyhee County,42.572851,-116.18969,,11356,4,2958,1,5,50401,"60,401","6,220",5,"4,832","17,957","43,849",4,"4,068",,,"8,220,466",724,"202,268,435","17,812",
16,ID,"Payette County, ID",16075,Payette County,44.00243,-116.750238,,22773,5,9865,3,5,50503,"110,537","11,383",5,"9,189","32,861","275,172",12,"8,195",,,"10,533,813",463,"276,207,919","12,129",
16,ID,"Power County, ID",16077,Power County,42.694126,-112.844407,,7696,3,3438,1,5,50301,"30,555","3,147",4,"2,984","9,084","98,914",13,"2,465",,,"9,373,776","1,218","250,906,603","32,602",
16,ID,"Shoshone County, ID",16079,Shoshone County,47.347694,-115.885092,,12551,4,8325,3,5,50403,"53,555","5,195",4,"7,138","15,921","243,593",19,"5,660",,,"12,416,919",989,"318,122,659","25,346",
16,ID,"Teton County, ID",16081,Teton County,43.760994,-111.211765,,10437,3,4691,1,6,60301,"48,018","5,173",5,"5,592","14,275","39,052",4,"3,725",,,"4,512,594",432,"101,811,152","9,755",
16,ID,"Twin Falls County, ID",16083,Twin Falls County,42.352309,-114.665639,,80955,8,60584,8,5,50808,"341,571","35,175",4,"32,251","101,545","1,043,476",13,"29,200",,,"24,602,692",304,"542,255,155","6,698",
16,ID,"Valley County, ID",16085,Valley County,44.85596,-115.618061,,9897,3,6517,2,6,60302,"43,736","4,504",4,"12,092","13,002","27,012",3,"3,446",,,"9,049,657",914,"203,271,140","20,539",
16,ID,"Washington County, ID",16087,Washington County,44.448223,-116.797792,,10035,3,3780,1,5,50301,"51,109","5,263",5,"4,609","15,194","121,591",12,"3,886",,,"4,086,021",407,"96,519,667","9,618",
17,IL,"Adams County, IL",17001,Adams County,39.986052,-91.194961,,66949,8,61693,8,5,50808,"295,948","35,958",4,"28,840","217,799","1,701,959",25,"27,240",,,"22,162,855",331,"514,820,852","7,690",
17,IL,"Alexander County, IL",17003,Alexander County,37.183657,-89.349516,,7051,2,1676,1,4,40201,"31,129","3,790",4,"3,822","22,909","118,805",17,"2,534",,,"4,885,161",693,"109,124,412","15,476",
17,IL,"Bond County, IL",17005,Bond County,38.885924,-89.436592,,17137,5,6755,2,4,40502,"72,114","8,776",4,"6,829","53,071","278,414",16,"6,051",,,"10,569,717",617,"290,111,053","16,929",
17,IL,"Boone County, IL",17007,Boone County,42.318983,-88.824295,,53656,7,31143,6,5,50706,"156,559","19,631",3,"19,193","88,872","1,534,332",29,"18,405",,,"24,246,957",452,"592,244,494","11,038",
17,IL,"Brown County, IL",17009,Brown County,39.962069,-90.750309,,6836,2,4122,1,5,50201,"25,197","3,062",4,"2,355","18,543","98,602",14,"2,130",,,"2,469,002",361,"57,354,175","8,390",
17,IL,"Bureau County, IL",17011,Bureau County,41.401304,-89.528377,,33822,6,19720,5,5,50605,"144,955","17,729",4,"15,063","106,678","1,104,758",33,"14,017",,,"24,595,503",727,"650,393,247","19,230",
17,IL,"Calhoun County, IL",17013,Calhoun County,39.164262,-90.666295,,4962,1,1038,1,5,50101,"25,199","3,072",5,"2,734","18,545","60,635",12,"1,936",,,"1,523,204",307,"34,289,567","6,910",
17,IL,"Carroll County, IL",17015,Carroll County,42.0709,-89.924189,,14793,4,7236,2,5,50402,"62,890","8,341",4,"8,101","35,585","356,265",24,"6,649",,,"6,096,015",412,"138,106,007","9,336",
17,IL,"Cass County, IL",17017,Cass County,39.969202,-90.245704,,13068,4,9470,3,5,50403,"60,607","7,372",5,"5,552","44,603","343,608",26,"5,124",,,"4,710,265",360,"107,117,430","8,197",
17,IL,"Champaign County, IL",17019,Champaign County,40.13898,-88.196996,,206420,11,138711,10,5,51110,"790,562","96,077",4,"86,207","581,804","4,922,862",24,"80,442",,,"74,096,856",359,"1,817,764,702","8,806",
17,IL,"Christian County, IL",17021,Christian County,39.545524,-89.279593,,33888,6,16108,4,4,40604,"148,519","18,078",4,"14,906","109,301","1,067,673",32,"13,901",,,"13,921,361",411,"313,970,269","9,265",
17,IL,"Clark County, IL",17023,Clark County,39.332364,-87.791687,,16089,4,7933,3,5,50403,"81,454","9,899",5,"7,461","59,945","242,045",15,"6,673",,,"13,430,414",835,"374,381,002","23,269",
17,IL,"Clay County, IL",17025,Clay County,38.746832,-88.482344,,13466,4,9507,3,4,40403,"66,748","8,116",5,"6,119","49,123","168,683",13,"5,588",,,"6,356,382",472,"142,941,381","10,615",
17,IL,"Clinton County, IL",17027,Clinton County,38.606295,-89.426228,,37858,6,18074,5,4,40605,"167,795","20,407",4,"14,943","123,487","661,749",17,"14,012",,,"15,590,725",412,"381,356,511","10,073",
17,IL,"Coles County, IL",17029,Coles County,39.51368,-88.220782,,52802,7,37568,6,5,50706,"218,363","26,514",4,"22,526","160,701","1,089,420",21,"21,094",,,"20,866,611",395,"500,733,235","9,483",
17,IL,"Cook County, IL",17031,Cook County,41.894294,-87.645455,,5227575,19,4803324,18,5,51918,"14,290,976","1,791,926",3,"2,093,818","8,112,382","176,752,641",34,"1,951,606",,,"1,478,134,667",283,"33,289,857,408","6,368",
17,IL,"Crawford County, IL",17033,Crawford County,39.002769,-87.760621,,19441,5,13898,4,4,40504,"86,607","10,524",4,"8,325","63,737","366,275",19,"7,597",,,"6,319,883",325,"141,967,172","7,302",
17,IL,"Cumberland County, IL",17035,Cumberland County,39.273121,-88.240619,,10890,3,4147,1,5,50301,"49,146","5,977",5,"4,668","36,168","137,873",13,"4,208",,,"10,886,379","1,000","312,984,578","28,741",
17,IL,"DeKalb County, IL",17037,DeKalb County,41.894612,-88.768991,,104458,9,54594,7,5,50907,"307,920","38,610",3,"39,443","174,793","2,649,579",25,"37,367",,,"36,597,513",350,"878,522,127","8,410",
17,IL,"De Witt County, IL",17039,De Witt County,40.181499,-88.901853,,16322,4,8687,3,5,50403,"74,009","9,005",5,"7,225","54,466","1,076,303",66,"6,721",,,"8,758,540",537,"209,772,757","12,852",
17,IL,"Douglas County, IL",17041,Douglas County,39.766078,-88.222866,,19770,5,13196,4,5,50504,"82,087","9,995",4,"8,063","60,411","595,601",30,"7,562",,,"10,786,931",546,"272,371,346","13,777",
17,IL,"DuPage County, IL",17043,DuPage County,41.852058,-88.086038,,930514,14,1191953,15,5,51415,"2,736,785","342,844",3,"383,577","1,553,557","30,468,791",33,"338,987",,,"403,706,475",434,"9,335,911,804","10,033",
17,IL,"Edgar County, IL",17045,Edgar County,39.679037,-87.74711,,17828,5,13192,4,5,50504,"83,598","10,156",5,"8,443","61,523","432,756",24,"7,644",,,"8,333,085",467,"188,634,089","10,581",
17,IL,"Edwards County, IL",17047,Edwards County,38.417095,-88.047941,,6612,2,2839,1,4,40201,"34,968","4,259",5,"3,043","25,734","104,378",16,"2,768",,,"2,951,951",446,"67,662,482","10,233",
17,IL,"Effingham County, IL",17049,Effingham County,39.047945,-88.592849,,34356,6,42381,7,4,40607,"156,102","18,990",5,"14,166","114,881","562,776",16,"13,316",,,"25,083,509",730,"655,913,402","19,092",
17,IL,"Fayette County, IL",17051,Fayette County,39.001125,-89.017923,,22025,5,8788,3,4,40503,"89,538","10,891",4,"8,878","65,894","190,967",9,"7,650",,,"15,514,255",704,"419,672,705","19,054",
17,IL,"Ford County, IL",17053,Ford County,40.596539,-88.224588,,13758,4,8294,3,5,50403,"58,826","7,182",4,"6,081","33,393","406,322",30,"5,666",,,"6,404,355",466,"153,854,882","11,183",
17,IL,"Franklin County, IL",17055,Franklin County,37.991848,-88.926246,,39503,7,12141,4,4,40704,"203,595","24,726",5,"17,814","149,833","628,852",16,"16,180",,,"18,933,140",479,"478,226,317","12,106",
17,IL,"Fulton County, IL",17057,Fulton County,40.46524,-90.202269,,36047,6,12598,4,5,50604,"143,555","17,428",4,"15,569","105,648","1,210,167",34,"14,131",,,"13,061,803",362,"296,258,179","8,219",
17,IL,"Gallatin County, IL",17059,Gallatin County,37.768677,-88.227964,,5325,2,1309,1,4,40201,"28,167","3,423",5,"2,626","20,729","86,253",16,"2,295",,,"3,002,372",564,"69,752,569","13,099",
17,IL,"Greene County, IL",17061,Greene County,39.355444,-90.387757,,13390,4,3515,1,5,50401,"60,883","7,422",5,"6,129","44,806","205,028",15,"5,278",,,"5,081,324",379,"116,153,376","8,675",
17,IL,"Grundy County, IL",17063,Grundy County,41.29241,-88.401054,,50338,7,32204,6,5,50706,"171,817","21,430",3,"19,577","97,534","1,484,798",29,"18,509",,,"29,376,060",584,"753,850,754","14,976",
17,IL,"Hamilton County, IL",17065,Hamilton County,38.085226,-88.539005,,8251,3,2856,1,4,40301,"45,098","5,494",5,"3,915","33,189","76,915",9,"3,394",,,"3,331,945",404,"77,295,680","9,368",
17,IL,"Hancock County, IL",17067,Hancock County,40.405792,-91.167987,,18633,5,5472,2,5,50502,"83,851","10,183",5,"8,859","61,709","467,677",25,"7,726",,,"8,725,329",468,"198,871,089","10,673",
17,IL,"Hardin County, IL",17069,Hardin County,37.517852,-88.266148,,4173,1,1547,1,4,40101,"18,806","2,285",5,"2,150","13,840","59,130",14,"1,506",,,"1,306,647",313,"30,582,090","7,329",
17,IL,"Henderson County, IL",17071,Henderson County,40.814471,-90.941246,,6966,2,1297,1,5,50201,"30,345","3,684",4,"3,680","22,332","222,310",32,"3,054",,,"5,236,218",752,"120,825,983","17,345",
17,IL,"Henry County, IL",17073,Henry County,41.350021,-90.130838,,49681,7,27152,6,5,50706,"198,206","23,916",4,"21,248","145,867","1,374,243",28,"20,131",,,"26,326,583",530,"702,980,501","14,150",
17,IL,"Iroquois County, IL",17075,Iroquois County,40.748867,-87.833601,,28814,6,12319,4,5,50604,"126,350","15,453",4,"12,906","92,985","813,263",28,"11,899",,,"19,421,403",674,"495,299,140","17,190",
17,IL,"Jackson County, IL",17077,Jackson County,37.786096,-89.381212,,59188,8,33563,6,4,40806,"277,349","33,707",5,"27,583","204,112","655,451",11,"23,663",,,"19,705,716",333,"442,158,967","7,470",
17,IL,"Jasper County, IL",17079,Jasper County,39.004874,-88.150763,,9592,3,3001,1,4,40301,"47,324","5,753",5,"4,158","34,827","126,763",13,"3,719",,,"5,007,941",522,"113,285,768","11,810",
17,IL,"Jefferson County, IL",17081,Jefferson County,38.30078,-88.92421,,38523,7,37553,6,4,40706,"194,416","23,667",5,"16,190","143,078","532,583",14,"15,189",,,"26,018,710",675,"690,209,580","17,917",
17,IL,"Jersey County, IL",17083,Jersey County,39.080192,-90.361365,,22441,5,8439,3,5,50503,"113,110","13,772",5,"9,632","83,242","391,986",17,"8,760",,,"7,665,039",342,"176,351,785","7,858",
17,IL,"Jo Daviess County, IL",17085,Jo Daviess County,42.362391,-90.21147,,22186,5,12977,4,5,50504,"87,465","12,501",4,"13,074","49,489","533,653",24,"9,611",,,"9,825,161",443,"223,094,368","10,056",
17,IL,"Johnson County, IL",17087,Johnson County,37.460709,-88.882131,,12866,4,2499,1,4,40401,"64,888","7,896",5,"5,348","47,754","54,477",4,"4,503",,,"7,961,459",619,"230,064,346","17,882",
17,IL,"Kane County, IL",17089,Kane County,41.939594,-88.42804,,526615,13,363646,12,5,51312,"1,451,119","181,976",3,"177,013","823,739","16,597,616",32,"173,718",,,"169,960,635",323,"3,965,177,298","7,530",
17,IL,"Kankakee County, IL",17091,Kankakee County,41.13951,-87.861117,,111493,9,73056,8,5,50908,"354,287","44,375",3,"43,449","201,114","3,217,096",29,"40,480",,,"40,661,129",365,"931,342,128","8,353",
17,IL,"Kendall County, IL",17093,Kendall County,41.58814,-88.430626,,121452,9,47768,7,5,50907,"344,210","43,077",3,"39,512","195,394","3,526,391",29,"39,275",,,"35,631,390",293,"799,208,025","6,580",
17,IL,"Knox County, IL",17095,Knox County,40.930941,-90.213761,,51752,7,30629,6,5,50706,"209,955","25,511",4,"22,991","154,514","1,805,720",35,"21,146",,,"21,060,637",407,"515,978,901","9,970",
17,IL,"Lake County, IL",17097,Lake County,42.326435,-87.436033,,702890,14,646153,13,5,51413,"2,068,570","259,376",3,"251,675","1,174,240","26,107,712",37,"243,276",,,"257,800,949",367,"5,850,038,994","8,323",
17,IL,"LaSalle County, IL",17099,LaSalle County,41.343341,-88.885931,,111935,9,75844,8,5,50908,"399,098","49,160",4,"47,958","293,711","3,634,350",32,"44,368",,,"54,536,126",487,"1,372,922,507","12,265",
17,IL,"Lawrence County, IL",17101,Lawrence County,38.718954,-87.730221,,16582,4,6759,2,4,40402,"61,785","7,511",4,"6,137","45,470","297,068",18,"5,557",,,"6,134,600",370,"141,796,953","8,551",
17,IL,"Lee County, IL",17103,Lee County,41.747442,-89.299351,,34718,6,21358,5,5,50605,"126,342","15,842",4,"14,465","71,719","949,892",27,"13,506",,,"22,040,175",635,"582,985,626","16,792",
17,IL,"Livingston County, IL",17105,Livingston County,40.894376,-88.552852,,37278,6,22278,5,5,50605,"140,727","17,475",4,"15,237","79,885","1,061,875",28,"14,525",,,"20,921,640",561,"535,015,865","14,352",
17,IL,"Logan County, IL",17107,Logan County,40.129122,-89.365307,,29820,6,14788,4,5,50604,"120,290","14,610",4,"11,507","88,526","1,870,232",63,"11,016",,,"19,900,703",667,"541,436,767","18,157",
17,IL,"McDonough County, IL",17109,McDonough County,40.455808,-90.678954,,31727,6,17844,5,5,50605,"114,213","13,866",4,"13,843","84,054","623,249",20,"11,841",,,"11,283,863",356,"252,459,146","7,957",
17,IL,"McHenry County, IL",17111,McHenry County,42.324298,-88.452245,,307083,12,175333,10,5,51210,"943,241","118,272",3,"112,744","535,438","10,249,077",33,"110,109",,,"98,874,490",322,"2,230,375,138","7,263",
17,IL,"McLean County, IL",17113,McLean County,40.494559,-88.844539,,173254,10,153963,10,5,51010,"589,291","71,647",3,"68,520","433,681","4,723,186",27,"65,956",,,"75,467,908",436,"1,880,670,818","10,855",
17,IL,"Macon County, IL",17115,Macon County,39.860237,-88.961529,,108404,9,89985,9,5,50909,"483,688","58,830",4,"48,390","355,964","3,744,522",35,"44,860",,,"39,616,517",365,"913,002,267","8,422",
17,IL,"Macoupin County, IL",17117,Macoupin County,39.2659,-89.926344,,46482,7,16056,4,4,40704,"224,040","27,259",5,"20,729","164,879","999,665",22,"18,754",,,"15,834,080",341,"384,060,627","8,263",
17,IL,"Madison County, IL",17119,Madison County,38.827082,-89.900195,,266759,11,173213,10,4,41110,"1,252,443","152,130",5,"114,708","921,719","7,074,512",27,"107,014",,,"115,136,978",432,"2,783,066,758","10,433",
17,IL,"Marion County, IL",17121,Marion County,38.648106,-88.920488,,38503,7,22665,5,4,40705,"191,765","23,352",5,"17,436","141,127","629,654",16,"15,841",,,"18,751,940",487,"469,138,393","12,184",
17,IL,"Marshall County, IL",17123,Marshall County,41.031119,-89.342371,,12060,4,5448,2,5,50402,"52,138","6,389",4,"5,670","38,370","633,753",53,"4,953",,,"7,539,155",625,"192,481,804","15,960",
17,IL,"Mason County, IL",17125,Mason County,40.236993,-89.913575,,13931,4,4450,1,5,50401,"67,962","8,266",5,"6,766","50,016","498,136",36,"6,084",,,"5,383,410",386,"121,368,862","8,712",
17,IL,"Massac County, IL",17127,Massac County,37.216119,-88.705658,,14883,4,6891,2,4,40402,"76,585","9,314",5,"6,810","56,362","132,832",9,"5,951",,,"7,547,677",507,"197,180,835","13,249",
17,IL,"Menard County, IL",17129,Menard County,40.022569,-89.794133,,12576,4,2607,1,5,50401,"60,759","7,393",5,"5,452","44,715","244,371",19,"5,219",,,"3,726,835",296,"85,678,933","6,813",
17,IL,"Mercer County, IL",17131,Mercer County,41.204791,-90.741433,,15971,4,4353,1,5,50401,"67,343","8,122",4,"7,085","49,560","339,573",21,"6,567",,,"5,841,576",366,"133,512,333","8,360",
17,IL,"Monroe County, IL",17133,Monroe County,38.277983,-90.179078,,33703,6,16677,4,4,40604,"172,043","20,914",5,"13,243","126,613","245,741",7,"13,030",,,"14,522,375",431,"342,160,638","10,152",
17,IL,"Montgomery County, IL",17135,Montgomery County,39.228093,-89.478004,,29301,6,13857,4,4,40604,"126,851","15,474",4,"12,469","93,355","643,213",22,"11,287",,,"17,946,983",613,"468,688,394","15,996",
17,IL,"Morgan County, IL",17137,Morgan County,39.7183,-90.202543,,34801,6,26036,6,5,50606,"155,952","18,983",4,"14,821","114,771","857,308",25,"13,797",,,"14,572,032",419,"361,272,212","10,381",
17,IL,"Moultrie County, IL",17139,Moultrie County,39.636896,-88.625726,,14915,4,9611,3,5,50403,"65,829","7,995",4,"6,105","48,446","570,395",38,"5,804",,,"6,185,445",415,"141,478,658","9,486",
17,IL,"Ogle County, IL",17141,Ogle County,42.041884,-89.320176,,52034,7,25511,6,5,50706,"184,156","23,091",4,"21,996","104,537","1,397,254",27,"20,782",,,"26,795,191",515,"675,383,169","12,980",
17,IL,"Peoria County, IL",17143,Peoria County,40.785995,-89.767106,,186818,10,191593,10,5,51010,"691,882","83,998",4,"80,284","509,181","14,145,399",76,"75,406",,,"71,098,650",381,"1,639,523,392","8,776",
17,IL,"Perry County, IL",17145,Perry County,38.084381,-89.368525,,21595,5,7779,3,4,40503,"101,340","12,318",5,"9,111","74,580","291,186",13,"8,089",,,"7,637,822",354,"176,484,523","8,172",
17,IL,"Piatt County, IL",17147,Piatt County,40.009056,-88.592328,,16469,4,4680,1,5,50401,"76,413","9,312",5,"7,056","56,235","751,304",46,"6,658",,,"10,170,891",618,"276,168,938","16,769",
17,IL,"Pike County, IL",17149,Pike County,39.625106,-90.889034,,16054,4,6016,2,5,50402,"73,648","8,978",5,"7,626","54,200","356,682",22,"6,615",,,"11,786,797",734,"311,276,790","19,389",
17,IL,"Pope County, IL",17151,Pope County,37.417169,-88.542374,,4255,1,427,1,4,40101,"21,545","2,621",5,"2,584","15,856","43,881",10,"1,589",,,"1,640,715",386,"38,788,819","9,116",
17,IL,"Pulaski County, IL",17153,Pulaski County,37.215615,-89.127755,,5792,2,1155,1,4,40201,"28,156","3,428",5,"3,005","20,721","69,575",12,"2,285",,,"4,387,813",758,"119,124,196","20,567",
17,IL,"Putnam County, IL",17155,Putnam County,41.198961,-89.298347,,5746,2,2220,1,5,50201,"25,584","3,149",4,"2,988","18,828","275,054",48,"2,440",,,"2,952,048",514,"67,906,416","11,818",
17,IL,"Randolph County, IL",17157,Randolph County,38.056515,-89.82121,,32934,6,21319,5,4,40605,"149,669","18,199",5,"13,253","110,147","490,626",15,"11,907",,,"10,734,824",326,"243,547,601","7,395",
17,IL,"Richland County, IL",17159,Richland County,38.711552,-88.085698,,16072,4,10656,3,4,40403,"71,983","8,763",4,"7,207","52,975","547,337",34,"6,452",,,"8,335,691",519,"187,345,323","11,657",
17,IL,"Rock Island County, IL",17161,Rock Island County,41.468404,-90.572203,,146536,10,123285,9,5,51009,"503,626","55,639",3,"63,276","284,963","4,112,949",28,"60,098",,,"50,233,748",343,"1,161,773,665","7,928",
17,IL,"St. Clair County, IL",17163,St. Clair County,38.470198,-89.928546,,265569,11,156080,10,4,41110,"1,251,796","152,042",5,"113,831","921,242","7,203,333",27,"102,672",,,"124,445,554",469,"2,859,097,345","10,766",
17,IL,"Saline County, IL",17165,Saline County,37.751508,-88.545024,,24659,5,13706,4,4,40504,"126,459","15,364",5,"11,192","93,066","260,076",11,"10,010",,,"9,500,417",385,"216,746,943","8,790",
17,IL,"Sangamon County, IL",17167,Sangamon County,39.757258,-89.662032,,198639,11,171743,10,5,51110,"947,755","115,203",5,"91,515","697,488","14,218,650",72,"82,952",,,"84,815,294",427,"2,037,554,518","10,258",
17,IL,"Schuyler County, IL",17169,Schuyler County,40.156905,-90.613464,,7205,2,2002,1,5,50201,"35,127","4,278",5,"3,310","25,851","151,856",21,"2,962",,,"3,428,558",476,"79,918,595","11,092",
17,IL,"Scott County, IL",17171,Scott County,39.637002,-90.477771,,5169,2,894,1,5,50201,"24,874","3,032",5,"2,359","18,306","48,858",9,"2,092",,,"3,687,953",713,"100,235,330","19,392",
17,IL,"Shelby County, IL",17173,Shelby County,39.384926,-88.798862,,22011,5,8205,3,4,40503,"104,072","12,674",5,"10,073","76,590","385,551",18,"9,213",,,"9,618,764",437,"225,389,934","10,240",
17,IL,"Stark County, IL",17175,Stark County,41.096908,-89.797411,,5840,2,1984,1,5,50201,"25,679","3,129",4,"2,563","18,898","374,102",64,"2,381",,,"2,912,831",499,"66,499,813","11,387",
17,IL,"Stephenson County, IL",17177,Stephenson County,42.349726,-89.665994,,46283,7,28758,6,5,50706,"166,426","20,868",4,"21,059","94,473","1,311,852",28,"19,573",,,"16,608,735",359,"371,291,322","8,022",
17,IL,"Tazewell County, IL",17179,Tazewell County,40.508074,-89.51626,,135400,10,83794,8,5,51008,"509,524","61,877",4,"55,940","374,978","8,073,779",60,"54,612",,,"54,595,012",403,"1,278,240,398","9,440",
17,IL,"Union County, IL",17181,Union County,37.485644,-89.244638,,17458,5,7255,2,4,40502,"92,936","11,315",5,"7,608","68,395","145,976",8,"6,771",,,"8,173,360",468,"210,254,471","12,043",
17,IL,"Vermilion County, IL",17183,Vermilion County,40.186754,-87.726778,,79613,8,49031,7,5,50807,"325,728","39,591",4,"34,624","239,715","2,746,317",34,"31,540",,,"30,364,832",381,"738,703,845","9,279",
17,IL,"Wabash County, IL",17185,Wabash County,38.445821,-87.839167,,11587,4,5429,2,4,40402,"59,434","7,226",5,"5,329","43,740","140,899",12,"4,846",,,"4,133,614",357,"93,035,201","8,029",
17,IL,"Warren County, IL",17187,Warren County,40.850441,-90.620223,,17611,5,10973,3,5,50503,"69,205","8,402",4,"7,373","50,930","402,858",23,"6,811",,,"8,775,881",498,"202,294,882","11,487",
17,IL,"Washington County, IL",17189,Washington County,38.35314,-89.417187,,14369,4,11189,3,4,40403,"76,722","9,348",5,"6,300","56,463","63,488",4,"5,809",,,"14,058,839",978,"396,906,537","27,622",
17,IL,"Wayne County, IL",17191,Wayne County,38.431857,-88.43243,,16517,4,6298,2,4,40402,"86,243","10,503",5,"7,583","63,470","197,282",12,"7,037",,,"9,137,709",553,"238,240,314","14,424",
17,IL,"White County, IL",17193,White County,38.087372,-88.178585,,14410,4,6680,2,4,40402,"73,916","8,993",5,"6,872","54,397","249,962",17,"6,183",,,"8,315,005",577,"209,604,691","14,546",
17,IL,"Whiteside County, IL",17195,Whiteside County,41.750571,-89.910957,,57155,8,34409,6,5,50806,"216,555","27,159",4,"24,735","122,929","1,559,912",27,"23,511",,,"21,764,206",381,"530,758,388","9,286",
17,IL,"Will County, IL",17197,Will County,41.448474,-87.978456,,685378,14,429284,12,5,51412,"1,994,086","250,036",3,"230,747","1,131,958","22,157,786",32,"224,959",,,"259,818,743",379,"6,207,676,711","9,057",
17,IL,"Williamson County, IL",17199,Williamson County,37.730353,-88.930018,,67336,8,47576,7,4,40807,"353,936","42,990",5,"29,613","260,475","777,472",12,"26,711",,,"30,721,996",456,"753,145,545","11,185",
17,IL,"Winnebago County, IL",17201,Winnebago County,42.337396,-89.161205,,288896,12,236264,11,5,51211,"889,715","111,594",3,"120,773","505,054","9,862,353",34,"114,299",,,"109,560,182",379,"2,470,643,125","8,552",
17,IL,"Woodford County, IL",17203,Woodford County,40.789789,-89.210607,,39123,7,17428,5,5,50705,"155,993","19,102",4,"14,755","114,801","1,789,075",46,"14,489",,,"17,906,658",458,"468,096,800","11,965",
18,IN,"Adams County, IN",18001,Adams County,40.745733,-84.93613,,34813,6,23175,5,5,50605,"155,017","17,589",4,"13,075","87,997","524,375",15,"12,260",,,"10,851,638",312,"281,377,341","8,083",
18,IN,"Allen County, IN",18003,Allen County,41.091855,-85.07223,,365565,12,347661,12,5,51212,"1,444,417","163,274",4,"154,243","819,935","8,450,294",23,"141,483",,,"153,379,254",420,"4,058,222,219","11,101",
18,IN,"Bartholomew County, IN",18005,Bartholomew County,39.205843,-85.897999,,80203,8,88836,9,5,50809,"396,449","43,978",5,"33,510","225,047","1,206,340",15,"31,073",,,"41,114,511",513,"1,130,749,420","14,099",
18,IN,"Benton County, IN",18007,Benton County,40.600945,-87.314846,,8709,3,2821,1,5,50301,"34,015","4,430",4,"3,902","19,309","194,537",22,"3,388",,,"5,917,681",679,"157,033,083","18,031",
18,IN,"Blackford County, IN",18009,Blackford County,40.472672,-85.32373,,12364,4,5463,2,5,50402,"73,264","8,291",6,"5,984","41,589","180,460",15,"5,207",,,"5,196,363",420,"133,780,340","10,820",
18,IN,"Boone County, IN",18011,Boone County,40.050892,-86.469014,,61884,8,42141,7,5,50807,"349,045","40,723",6,"25,042","198,138","1,026,259",17,"23,427",,,"49,833,008",805,"1,360,371,239","21,983",
18,IN,"Brown County, IN",18013,Brown County,39.192864,-86.239728,,14965,4,4317,1,4,40401,"92,447","11,081",6,"8,496","52,478","98,054",7,"5,953",,,"5,083,922",340,"138,475,956","9,253",
18,IN,"Carroll County, IN",18015,Carroll County,40.58498,-86.565141,,20007,5,6571,2,5,50502,"98,470","11,275",5,"9,434","55,897","389,222",19,"7,770",,,"9,097,823",455,"243,834,361","12,187",
18,IN,"Cass County, IN",18017,Cass County,40.753799,-86.355168,,38324,7,27487,6,5,50706,"170,022","18,881",4,"16,306","96,515","917,201",24,"14,536",,,"15,246,838",398,"396,009,614","10,333",
18,IN,"Clark County, IN",18019,Clark County,38.476217,-85.711122,,113993,9,97025,9,4,40909,"561,488","62,588",5,"48,912","318,733","1,596,941",14,"43,074",,,"54,968,610",482,"1,502,623,943","13,182",
18,IN,"Clay County, IN",18021,Clay County,39.393951,-87.115837,,26568,6,12152,4,5,50604,"167,679","18,672",6,"11,676","95,184","290,251",11,"10,541",,,"14,855,043",559,"425,932,288","16,032",
18,IN,"Clinton County, IN",18023,Clinton County,40.305944,-86.477567,,32692,6,19718,5,5,50605,"147,416","16,362",5,"13,245","83,682","551,369",17,"11,769",,,"19,058,339",583,"545,637,628","16,690",
18,IN,"Crawford County, IN",18025,Crawford County,38.289433,-86.440871,,10582,3,2243,1,4,40301,"60,481","6,731",6,"5,460","34,333","40,771",4,"4,076",,,"8,061,589",762,"239,799,548","22,661",
18,IN,"Daviess County, IN",18027,Daviess County,38.694546,-87.072759,,32583,6,20799,5,4,40605,"155,308","17,847",5,"12,460","88,162","402,061",12,"11,483",,,"12,101,446",371,"329,583,959","10,115",
18,IN,"Dearborn County, IN",18029,Dearborn County,39.148321,-84.973497,,49552,7,25965,6,4,40706,"269,900","30,684",5,"20,214","153,211","350,671",7,"18,639",,,"23,408,433",472,"665,727,989","13,435",
18,IN,"Decatur County, IN",18031,Decatur County,39.30598,-85.499831,,26340,6,22337,5,5,50605,"146,211","16,250",6,"11,218","82,998","302,051",11,"10,120",,,"17,291,080",656,"501,455,189","19,038",
18,IN,"DeKalb County, IN",18033,DeKalb County,41.401189,-85.000185,,42489,7,40094,7,5,50707,"180,306","20,972",4,"17,613","102,352","623,347",15,"16,221",,,"23,059,568",543,"647,523,345","15,240",
18,IN,"Delaware County, IN",18035,Delaware County,40.227543,-85.399262,,116463,9,84547,8,5,50908,"542,345","61,333",5,"52,310","307,866","2,296,561",20,"46,104",,,"52,568,720",451,"1,393,463,311","11,965",
18,IN,"Dubois County, IN",18037,Dubois County,38.373344,-86.873385,,42345,7,55095,7,4,40707,"201,504","24,408",5,"17,679","114,385","427,096",10,"16,311",,,"18,402,146",435,"479,293,892","11,319",
18,IN,"Elkhart County, IN",18039,Elkhart County,41.600693,-85.863986,,201640,11,253657,11,5,51111,"638,894","76,210",3,"77,790","362,673","4,838,916",24,"70,822",,,"80,041,694",397,"2,150,211,227","10,664",
18,IN,"Fayette County, IN",18041,Fayette County,39.639655,-85.185032,,23608,5,11881,4,5,50504,"112,720","12,507",5,"10,804","63,986","367,392",16,"9,420",,,"7,593,324",322,"194,132,995","8,223",
18,IN,"Floyd County, IN",18043,Floyd County,38.317936,-85.911474,,76290,8,53526,7,4,40807,"394,968","43,702",5,"32,257","224,207","1,030,560",14,"29,034",,,"28,475,041",373,"798,382,273","10,465",
18,IN,"Fountain County, IN",18045,Fountain County,40.121237,-87.234872,,16741,4,7243,2,5,50402,"90,846","10,472",5,"7,796","51,569","258,405",15,"6,963",,,"10,075,590",602,"290,803,290","17,371",
18,IN,"Franklin County, IN",18047,Franklin County,39.409762,-85.066964,,22887,5,7859,3,5,50503,"133,036","14,897",6,"9,549","75,519","152,496",7,"8,710",,,"8,634,079",377,"239,845,741","10,480",
18,IN,"Fulton County, IN",18049,Fulton County,41.050384,-86.265006,,20412,5,9921,3,5,50503,"94,113","10,740",5,"9,644","53,424","439,472",22,"7,962",,,"9,041,691",443,"238,271,448","11,673",
18,IN,"Gibson County, IN",18051,Gibson County,38.317398,-87.580523,,33684,6,36396,6,4,40606,"197,546","22,778",6,"14,733","112,138","453,530",13,"13,297",,,"21,970,271",652,"612,715,511","18,190",
18,IN,"Grant County, IN",18053,Grant County,40.515758,-85.654946,,68269,8,52441,7,5,50807,"332,281","37,131",5,"30,247","188,622","1,172,033",17,"26,227",,,"31,368,770",459,"845,242,090","12,381",
18,IN,"Greene County, IN",18055,Greene County,39.047147,-87.004771,,32633,6,9345,3,4,40603,"173,455","21,876",5,"15,062","98,463","381,160",12,"12,688",,,"13,685,328",419,"370,247,755","11,346",
18,IN,"Hamilton County, IN",18057,Hamilton County,40.053646,-86.021726,,303042,12,268254,11,5,51211,"1,485,933","162,878",5,"116,686","843,501","6,012,659",20,"111,443",,,"127,387,640",420,"3,316,002,810","10,942",
18,IN,"Hancock County, IN",18059,Hancock County,39.82253,-85.773162,,71955,8,38774,7,5,50807,"373,599","41,733",5,"28,865","212,076","1,314,247",18,"26,680",,,"37,539,121",522,"1,066,433,517","14,821",
18,IN,"Harrison County, IN",18061,Harrison County,38.18644,-86.103681,,39370,7,17698,5,4,40705,"218,302","24,435",6,"16,616","123,921","218,698",6,"14,524",,,"15,192,448",386,"450,138,379","11,434",
18,IN,"Hendricks County, IN",18063,Hendricks County,39.768963,-86.509908,,155817,10,111747,9,5,51009,"776,992","85,176",5,"58,314","441,065","2,275,079",15,"55,744",,,"58,164,645",373,"1,569,858,265","10,075",
18,IN,"Henry County, IN",18065,Henry County,39.929591,-85.397363,,48953,7,22392,5,5,50705,"221,947","24,635",5,"21,116","125,990","793,655",16,"17,926",,,"26,128,470",534,"756,651,020","15,457",
18,IN,"Howard County, IN",18067,Howard County,40.483537,-86.114118,,82728,8,65503,8,5,50808,"393,963","43,578",5,"38,661","223,636","1,832,923",22,"34,411",,,"31,500,689",381,"801,650,038","9,690",
18,IN,"Huntington County, IN",18069,Huntington County,40.826394,-85.478597,,36696,6,25788,6,5,50606,"181,897","20,211",5,"15,854","103,255","508,866",14,"14,532",,,"22,442,733",612,"636,380,692","17,342",
18,IN,"Jackson County, IN",18071,Jackson County,38.911957,-86.042516,,43637,7,41262,7,4,40707,"230,536","25,616",5,"18,518","130,866","416,566",10,"16,517",,,"23,356,349",535,"666,945,136","15,284",
18,IN,"Jasper County, IN",18073,Jasper County,41.017688,-87.118814,,33461,6,18527,5,5,50605,"123,120","16,026",4,"13,330","69,890","669,968",20,"12,091",,,"26,165,826",782,"776,652,530","23,211",
18,IN,"Jay County, IN",18075,Jay County,40.434972,-85.00338,,21196,5,12040,4,5,50504,"111,765","12,663",5,"9,168","63,444","291,151",14,"8,062",,,"8,851,406",418,"231,946,311","10,943",
18,IN,"Jefferson County, IN",18077,Jefferson County,38.783604,-85.44009,,32482,6,23310,5,4,40605,"198,409","22,089",6,"14,289","112,628","261,483",8,"12,642",,,"12,617,468",388,"332,918,793","10,249",
18,IN,"Jennings County, IN",18079,Jennings County,38.996234,-85.628111,,28023,6,12699,4,4,40604,"175,567","19,634",6,"12,053","99,662","114,734",4,"10,519",,,"10,416,071",372,"278,536,522","9,940",
18,IN,"Johnson County, IN",18081,Johnson County,39.495986,-86.0946,,147567,10,94238,9,5,51009,"677,599","74,952",5,"58,640","384,644","2,575,366",17,"53,713",,,"58,958,334",400,"1,586,390,125","10,750",
18,IN,"Knox County, IN",18083,Knox County,38.688391,-87.420354,,37956,6,27834,6,4,40606,"201,204","22,808",5,"16,938","114,215","518,373",14,"14,655",,,"18,381,854",484,"490,474,206","12,922",
18,IN,"Kosciusko County, IN",18085,Kosciusko County,41.244293,-85.861575,,78461,8,73554,8,5,50808,"288,820","36,936",4,"37,504","163,951","1,903,370",24,"30,078",,,"33,029,019",421,"855,600,816","10,905",
18,IN,"LaGrange County, IN",18087,LaGrange County,41.642468,-85.426302,,38395,7,25777,6,5,50706,"95,956","12,410",2,"14,355","54,470","587,499",15,"11,850",,,"18,094,928",471,"530,740,791","13,823",
18,IN,"Lake County, IN",18089,Lake County,41.472247,-87.374337,,489698,13,324060,12,5,51312,"1,594,677","207,513",3,"210,007","905,231","16,715,395",34,"184,140",,,"256,682,144",524,"6,615,725,472","13,510",
18,IN,"LaPorte County, IN",18091,LaPorte County,41.549013,-86.744739,,110993,9,70434,8,5,50908,"381,890","48,566",3,"48,663","216,783","3,238,721",29,"43,052",,,"69,808,978",629,"1,946,216,240","17,535",
18,IN,"Lawrence County, IN",18093,Lawrence County,38.839815,-86.48782,,45696,7,22858,5,4,40705,"278,815","31,027",6,"20,919","158,272","514,827",11,"18,426",,,"16,461,533",360,"432,905,719","9,474",
18,IN,"Madison County, IN",18095,Madison County,40.166203,-85.722454,,129862,10,71905,8,5,51008,"636,083","73,085",5,"58,701","361,078","2,899,262",22,"51,441",,,"56,899,808",438,"1,502,559,328","11,570",
18,IN,"Marion County, IN",18097,Marion County,39.782976,-86.135794,Y,932142,14,1046820,15,5,51415,"4,288,192","444,040",5,"418,748","2,434,225","18,844,084",20,"365,472",,,"466,459,327",500,"12,000,764,274","12,874",
18,IN,"Marshall County, IN",18099,Marshall County,41.325003,-86.269036,,46833,7,34240,6,5,50706,"158,017","20,449",3,"19,916","89,699","1,099,054",23,"17,093",,,"26,852,348",573,"718,407,079","15,340",
18,IN,"Martin County, IN",18101,Martin County,38.705322,-86.801847,,10218,3,4349,1,4,40301,"61,889","6,870",6,"4,742","35,132","97,032",9,"4,219",,,"5,506,042",539,"148,330,159","14,517",
18,IN,"Miami County, IN",18103,Miami County,40.772881,-86.044258,,36093,6,13470,4,5,50604,"156,109","18,005",4,"15,299","88,616","783,575",22,"13,268",,,"15,589,469",432,"418,480,382","11,595",
18,IN,"Monroe County, IN",18105,Monroe County,39.160751,-86.523325,,143292,10,101548,9,4,41009,"617,696","71,876",4,"59,994","350,640","1,697,904",12,"54,278",,,"40,011,091",279,"1,082,172,340","7,552",
18,IN,"Montgomery County, IN",18107,Montgomery County,40.040296,-86.892715,,38108,7,25671,6,5,50706,"181,291","21,514",5,"16,520","102,911","547,853",14,"14,852",,,"20,243,061",531,"560,349,130","14,704",
18,IN,"Morgan County, IN",18109,Morgan County,39.482646,-86.447457,,69504,8,24488,5,5,50805,"417,853","46,118",6,"27,898","237,198","858,964",12,"25,655",,,"31,303,374",450,"868,294,079","12,493",
18,IN,"Newton County, IN",18111,Newton County,40.962399,-87.402172,,14022,4,4609,1,5,50401,"54,438","7,059",4,"6,015","30,902","317,941",23,"5,482",,,"8,646,405",617,"242,976,930","17,328",
18,IN,"Noble County, IN",18113,Noble County,41.40468,-85.417271,,47587,7,32847,6,5,50706,"202,077","23,778",4,"20,169","114,710","695,965",15,"18,013",,,"17,835,671",375,"468,879,493","9,853",
18,IN,"Ohio County, IN",18115,Ohio County,38.940527,-84.964299,,6003,2,1390,1,4,40201,"33,025","4,465",6,"2,791","18,747","43,476",7,"2,427",,,"1,826,687",304,"49,700,606","8,279",
18,IN,"Orange County, IN",18117,Orange County,38.547381,-86.489257,,19579,5,12275,4,4,40504,"112,602","12,859",6,"9,084","63,920","162,124",8,"7,720",,,"7,386,853",377,"193,763,015","9,896",
18,IN,"Owen County, IN",18119,Owen County,39.317339,-86.838845,,21038,5,6046,2,5,50502,"133,057","14,987",6,"9,972","75,531","162,642",8,"8,581",,,"7,729,164",367,"207,646,057","9,870",
18,IN,"Parke County, IN",18121,Parke County,39.77425,-87.19695,,17033,5,4690,1,5,50501,"88,438","9,811",5,"8,050","50,202","171,624",10,"6,150",,,"7,072,828",415,"189,252,995","11,111",
18,IN,"Perry County, IN",18123,Perry County,38.081436,-86.62654,,19301,5,11712,4,4,40504,"83,079","10,935",4,"8,511","47,160","220,105",11,"7,318",,,"9,718,406",504,"271,042,892","14,043",
18,IN,"Pike County, IN",18125,Pike County,38.397898,-87.232532,,12554,4,3961,1,4,40401,"66,505","7,636",5,"5,704","37,752","134,266",11,"4,957",,,"6,681,640",532,"182,435,056","14,532",
18,IN,"Porter County, IN",18127,Porter County,41.509916,-87.071313,,167016,10,108880,9,5,51009,"556,990","72,469",3,"66,942","316,180","5,318,062",32,"62,429",,,"89,203,060",534,"2,426,622,198","14,529",
18,IN,"Posey County, IN",18129,Posey County,38.027614,-87.868653,,25527,6,17848,5,4,40605,"128,017","17,999",5,"11,314","72,670","375,800",15,"10,017",,,"12,748,541",499,"361,004,096","14,142",
18,IN,"Pulaski County, IN",18131,Pulaski County,41.045272,-86.692538,,12910,4,6929,2,5,50402,"53,376","6,897",4,"6,033","30,299","254,410",20,"5,174",,,"7,431,609",576,"196,411,758","15,214",
18,IN,"Putnam County, IN",18133,Putnam County,39.665548,-86.853373,,37626,6,22027,5,5,50605,"199,366","22,194",5,"14,781","113,171","316,724",8,"12,962",,,"20,648,206",549,"605,822,590","16,101",
18,IN,"Randolph County, IN",18135,Randolph County,40.164174,-85.005481,,25403,6,11713,4,5,50604,"149,117","16,986",6,"11,623","84,647","334,018",13,"10,483",,,"11,097,395",437,"289,042,343","11,378",
18,IN,"Ripley County, IN",18137,Ripley County,39.10023,-85.260541,,28633,6,18952,5,4,40605,"160,652","17,944",6,"12,085","91,195","220,219",8,"10,981",,,"13,471,093",470,"378,901,347","13,233",
18,IN,"Rush County, IN",18139,Rush County,39.622357,-85.466403,,16873,4,6718,2,5,50402,"89,045","9,929",5,"7,449","50,547","240,599",14,"6,747",,,"7,355,558",436,"198,285,730","11,752",
18,IN,"St. Joseph County, IN",18141,St. Joseph County,41.617699,-86.288159,,267696,11,239753,11,5,51111,"963,584","110,014",4,"115,358","546,986","7,114,618",27,"100,861",,,"109,343,996",408,"2,896,513,508","10,820",
18,IN,"Scott County, IN",18143,Scott County,38.679431,-85.751898,,23734,5,12720,4,4,40504,"140,106","16,167",6,"10,421","79,532","153,202",6,"8,844",,,"11,125,323",469,"314,492,516","13,251",
18,IN,"Shelby County, IN",18145,Shelby County,39.524135,-85.792174,,44404,7,31768,6,5,50706,"241,181","26,746",5,"19,082","136,908","691,692",16,"17,309",,,"25,663,311",578,"760,226,342","17,121",
18,IN,"Spencer County, IN",18147,Spencer County,38.009697,-87.010375,,20777,5,9313,3,4,40503,"90,123","13,033",4,"8,927","51,159","225,531",11,"8,065",,,"13,674,076",658,"376,770,811","18,134",
18,IN,"Starke County, IN",18149,Starke County,41.284478,-86.644636,,23069,5,5833,2,5,50502,"83,743","10,908",4,"10,962","47,537","586,806",25,"8,727",,,"9,371,003",406,"249,840,583","10,830",
18,IN,"Steuben County, IN",18151,Steuben County,41.643467,-85.002405,,34279,6,27691,6,5,50606,"119,195","15,195",3,"19,478","67,662","548,455",16,"13,451",,,"23,130,344",675,"671,223,614","19,581",
18,IN,"Sullivan County, IN",18153,Sullivan County,39.089225,-87.415843,,21026,5,7598,3,4,40503,"117,785","13,044",6,"8,852","66,862","247,428",12,"7,713",,,"10,260,315",488,"274,734,793","13,066",
18,IN,"Switzerland County, IN",18155,Switzerland County,38.825854,-85.029681,,10484,3,2130,1,4,40301,"64,071","7,141",6,"5,083","36,370","44,148",4,"4,102",,,"3,266,449",312,"89,463,481","8,533",
18,IN,"Tippecanoe County, IN",18157,Tippecanoe County,40.38913,-86.893555,,183397,10,132473,10,5,51010,"732,369","81,148",4,"73,724","415,735","2,915,031",16,"68,172",,,"61,557,126",336,"1,700,017,075","9,270",
18,IN,"Tipton County, IN",18159,Tipton County,40.310229,-86.056207,,15447,4,6740,2,5,50402,"84,259","9,346",5,"7,217","47,830","257,145",17,"6,401",,,"9,185,815",595,"252,324,158","16,335",
18,IN,"Union County, IN",18161,Union County,39.623111,-84.925152,,7251,2,1812,1,5,50201,"39,939","4,424",6,"3,221","22,672","55,716",8,"2,917",,,"2,923,430",403,"79,087,997","10,907",
18,IN,"Vanderburgh County, IN",18163,Vanderburgh County,38.02007,-87.586166,,181692,10,203189,11,4,41011,"827,816","124,634",5,"83,276","469,916","3,239,162",18,"74,313",,,"65,267,233",359,"1,715,903,477","9,444",
18,IN,"Vermillion County, IN",18165,Vermillion County,39.854045,-87.462071,,15752,4,6231,2,5,50402,"92,288","10,197",6,"7,442","52,388","215,397",14,"6,600",,,"9,677,111",614,"268,814,052","17,065",
18,IN,"Vigo County, IN",18167,Vigo County,39.429143,-87.390375,,108099,9,87582,9,5,50909,"531,654","58,781",5,"46,396","301,797","1,577,865",15,"40,753",,,"46,100,381",426,"1,216,822,338","11,257",
18,IN,"Wabash County, IN",18169,Wabash County,40.843747,-85.795192,,32177,6,21150,5,5,50605,"160,306","17,756",5,"14,088","90,999","655,253",20,"12,767",,,"16,208,797",504,"422,533,035","13,132",
18,IN,"Warren County, IN",18171,Warren County,40.352658,-87.375847,,8309,3,2760,1,5,50301,"47,143","5,366",6,"3,672","26,761","74,163",9,"3,327",,,"5,316,883",640,"142,638,476","17,167",
18,IN,"Warrick County, IN",18173,Warrick County,38.097728,-87.272049,,61427,8,28348,6,4,40806,"288,502","41,989",5,"24,884","163,770","940,438",15,"23,290",,,"22,017,918",358,"628,470,135","10,231",
18,IN,"Washington County, IN",18175,Washington County,38.600613,-86.104751,,27792,6,9610,3,4,40603,"159,434","18,059",6,"12,182","90,504","140,907",5,"10,540",,,"9,951,952",358,"267,700,642","9,632",
18,IN,"Wayne County, IN",18177,Wayne County,39.863091,-85.006735,,67423,8,50087,7,5,50807,"339,022","38,984",5,"31,096","192,449","1,064,065",16,"26,664",,,"31,112,090",461,"877,520,248","13,015",
18,IN,"Wells County, IN",18179,Wells County,40.735273,-85.212974,,27836,6,21124,5,5,50605,"143,282","16,152",5,"14,621","81,335","445,978",16,"10,828",,,"11,313,201",406,"296,139,395","10,639",
18,IN,"White County, IN",18181,White County,40.75095,-86.864293,,24265,5,14618,4,5,50504,"95,359","12,434",4,"12,935","54,131","614,961",25,"9,670",,,"18,357,596",757,"529,763,948","21,832",
18,IN,"Whitley County, IN",18183,Whitley County,41.136426,-85.501892,,33354,6,21702,5,5,50605,"175,566","20,112",5,"14,421","99,661","516,346",15,"13,232",,,"16,641,558",499,"446,781,124","13,395",
19,IA,"Adair County, IA",19001,Adair County,41.328528,-94.478164,,7330,2,3186,1,5,50201,"38,564","5,075",5,"3,575","21,820","132,785",18,"3,228",,,"16,846,411","2,298","459,783,823","62,726",
19,IA,"Adams County, IA",19003,Adams County,41.021656,-94.696906,,3822,1,2077,1,5,50101,"20,825","2,300",5,"1,951","11,783","68,842",18,"1,681",,,"1,728,180",452,"36,226,919","9,479",
19,IA,"Allamakee County, IA",19005,Allamakee County,43.274964,-91.382751,,14001,4,7967,3,6,60403,"57,654","8,512",4,"7,440","32,622","192,740",14,"6,035",,,"3,997,075",285,"82,273,670","5,876",
19,IA,"Appanoose County, IA",19007,Appanoose County,40.744296,-92.873061,,12602,4,7478,2,5,50402,"54,707","8,076",4,"6,400","30,955","183,351",15,"5,430",,,"3,540,656",281,"71,503,499","5,674",
19,IA,"Audubon County, IA",19009,Audubon County,41.679178,-94.904312,,5793,2,2377,1,5,50201,"34,668","3,566",6,"2,913","19,616","120,290",21,"2,667",,,"1,187,942",205,"23,706,357","4,092",
19,IA,"Benton County, IA",19011,Benton County,42.092547,-92.05763,,25720,6,8811,3,5,50603,"106,633","15,537",4,"10,801","60,335","495,803",19,"10,155",,,"12,953,611",504,"296,393,056","11,524",
19,IA,"Black Hawk County, IA",19013,Black Hawk County,42.471541,-92.308033,,132821,10,136996,10,6,61010,"483,203","48,932",4,"55,316","273,407","2,641,473",20,"52,506",,,"56,735,966",427,"1,157,169,745","8,712",
19,IA,"Boone County, IA",19015,Boone County,42.038601,-93.938363,,26411,6,14020,4,5,50604,"98,643","14,476",4,"11,478","55,814","505,997",19,"10,943",,,"12,407,697",470,"261,530,366","9,902",
19,IA,"Bremer County, IA",19017,Bremer County,42.780895,-92.327356,,24663,5,17842,5,6,60505,"97,884","11,321",4,"9,870","55,385","473,858",19,"9,343",,,"11,961,177",485,"253,938,600","10,296",
19,IA,"Buchanan County, IA",19019,Buchanan County,42.470328,-91.838666,,21031,5,10759,3,6,60503,"80,578","10,236",4,"8,760","45,593","391,800",19,"8,246",,,"10,377,523",493,"234,814,831","11,165",
19,IA,"Buena Vista County, IA",19021,Buena Vista County,42.741522,-95.141432,,20445,5,17274,5,6,60505,"81,866","8,832",4,"8,053","46,321","364,476",18,"7,504",,,"5,132,198",251,"101,577,665","4,968",
19,IA,"Butler County, IA",19023,Butler County,42.734708,-92.780066,,14933,4,4743,1,6,60401,"75,174","8,213",5,"6,559","42,535","291,392",20,"6,282",,,"4,078,636",273,"83,574,858","5,597",
19,IA,"Calhoun County, IA",19025,Calhoun County,42.38617,-94.643683,,9876,3,4248,1,6,60301,"47,628","4,888",5,"4,948","26,949","192,557",19,"4,249",,,"4,886,162",495,"102,062,415","10,334",
19,IA,"Carroll County, IA",19027,Carroll County,42.039492,-94.867647,,20555,5,20758,5,5,50505,"94,219","10,143",5,"9,168","53,311","385,123",19,"8,580",,,"5,487,916",267,"109,649,552","5,334",
19,IA,"Cass County, IA",19029,Cass County,41.333824,-94.933302,,13433,4,9497,3,5,50403,"60,584","6,996",5,"6,388","34,280","303,533",23,"6,076",,,"16,774,406","1,249","458,641,234","34,143",
19,IA,"Cedar County, IA",19031,Cedar County,41.77236,-91.132611,,18389,5,8801,3,5,50503,"81,324","11,763",4,"7,896","46,015","349,812",19,"7,599",,,"23,395,676","1,272","633,064,867","34,426",
19,IA,"Cerro Gordo County, IA",19033,Cerro Gordo County,43.074975,-93.250965,,43303,7,40709,7,6,60707,"173,562","24,953",4,"21,671","98,205","1,136,676",26,"19,250",,,"26,712,838",617,"589,136,777","13,605",
19,IA,"Cherokee County, IA",19035,Cherokee County,42.742737,-95.633262,,11752,4,6947,2,6,60402,"61,290","6,522",5,"5,619","34,679","234,895",20,"5,317",,,"3,990,286",340,"80,628,066","6,861",
19,IA,"Chickasaw County, IA",19037,Chickasaw County,43.059741,-92.31721,,12164,4,7716,3,6,60403,"59,684","7,953",5,"5,523","33,770","224,101",18,"5,244",,,"5,465,272",449,"113,665,482","9,344",
19,IA,"Clarke County, IA",19039,Clarke County,41.029191,-93.784096,,9273,3,6569,2,5,50302,"40,829","6,021",4,"4,039","23,102","120,796",13,"3,837",,,"7,598,746",819,"192,273,780","20,735",
19,IA,"Clay County, IA",19041,Clay County,43.081224,-95.149875,,16478,4,14496,4,6,60404,"70,088","9,842",4,"7,887","39,657","301,328",18,"7,281",,,"5,146,791",312,"100,814,326","6,118",
19,IA,"Clayton County, IA",19043,Clayton County,42.840985,-91.323576,,17735,5,10503,3,6,60503,"70,761","10,415",4,"8,783","40,038","279,405",16,"7,622",,,"6,260,003",353,"129,805,070","7,319",
19,IA,"Clinton County, IA",19045,Clinton County,41.898073,-90.534243,,47972,7,38046,7,5,50707,"204,771","28,643",4,"21,210","115,864","1,012,331",21,"19,871",,,"28,436,334",593,"584,972,459","12,194",
19,IA,"Crawford County, IA",19047,Crawford County,42.043119,-95.38909,,17147,5,12740,4,5,50504,"79,964","8,212",5,"6,819","45,245","214,008",12,"6,430",,,"6,084,810",355,"124,270,362","7,247",
19,IA,"Dallas County, IA",19049,Dallas County,41.685321,-94.040707,,78074,8,77418,8,5,50808,"290,156","31,734",4,"30,848","164,177","1,483,705",19,"30,026",,,"35,782,161",458,"846,655,668","10,844",
19,IA,"Davis County, IA",19051,Davis County,40.748089,-92.410345,,8768,3,2932,1,5,50301,"32,802","4,833",4,"3,487","24,140","87,848",10,"3,230",,,"2,541,968",290,"53,552,089","6,108",
19,IA,"Decatur County, IA",19053,Decatur County,40.736379,-93.78458,,8210,3,2712,1,5,50301,"32,076","4,721",4,"3,745","18,149","99,579",12,"3,166",,,"7,447,147",907,"198,540,223","24,183",
19,IA,"Delaware County, IA",19055,Delaware County,42.472937,-91.366767,,17445,5,12658,4,6,60504,"63,719","9,320",4,"7,818","36,053","283,060",16,"6,882",,,"6,957,298",399,"145,702,703","8,352",
19,IA,"Des Moines County, IA",19057,Des Moines County,40.915339,-91.186925,,40114,7,40695,7,5,50707,"165,219","24,264",4,"17,988","93,485","879,039",22,"16,659",,,"14,699,597",366,"297,542,516","7,417",
19,IA,"Dickinson County, IA",19059,Dickinson County,43.389611,-95.196057,,17046,5,15208,4,6,60504,"73,352","10,771",4,"12,904","41,504","351,006",21,"8,008",,,"4,358,430",256,"87,308,249","5,122",
19,IA,"Dubuque County, IA",19061,Dubuque County,42.463481,-90.878771,,96359,9,110216,9,5,50909,"318,012","46,840",3,"39,365","179,938","2,088,289",22,"38,006",,,"31,347,376",325,"641,627,094","6,659",
19,IA,"Emmet County, IA",19063,Emmet County,43.377984,-94.66937,,9820,3,6503,2,6,60302,"45,172","6,328",5,"4,648","25,560","213,005",22,"4,127",,,"2,710,440",276,"54,435,531","5,543",
19,IA,"Fayette County, IA",19065,Fayette County,42.864122,-91.840376,,20391,5,11473,4,6,60504,"77,076","11,313",4,"9,290","43,612","376,907",18,"8,333",,,"6,285,546",308,"129,124,155","6,332",
19,IA,"Floyd County, IA",19067,Floyd County,43.052741,-92.787367,,16004,4,9114,3,6,60403,"75,918","8,476",5,"7,335","42,956","350,706",22,"6,891",,,"11,363,731",710,"240,902,692","15,053",
19,IA,"Franklin County, IA",19069,Franklin County,42.736549,-93.271425,,10393,3,6236,2,6,60302,"49,023","5,518",5,"4,742","27,738","198,950",19,"4,227",,,"9,490,998",913,"240,310,257","23,122",
19,IA,"Fremont County, IA",19071,Fremont County,40.74259,-95.599182,,7019,2,3844,1,5,50201,"33,924","3,476",5,"3,345","19,195","113,576",16,"2,969",,,"13,406,817","1,910","363,312,944","51,761",
19,IA,"Greene County, IA",19073,Greene County,42.042494,-94.388703,,9083,3,5940,2,5,50302,"36,944","5,385",4,"4,422","20,904","180,855",20,"3,903",,,"3,703,291",408,"76,201,680","8,389",
19,IA,"Grundy County, IA",19075,Grundy County,42.403323,-92.790261,,12373,4,6490,2,6,60402,"54,398","7,058",4,"5,400","30,780","252,881",20,"5,162",,,"7,862,313",635,"167,993,943","13,577",
19,IA,"Guthrie County, IA",19077,Guthrie County,41.683573,-94.501272,,10691,3,5021,2,5,50302,"45,971","6,718",4,"5,596","26,011","203,429",19,"4,490",,,"2,976,512",278,"61,623,280","5,764",
19,IA,"Hamilton County, IA",19079,Hamilton County,42.390768,-93.709198,,15227,4,8991,3,6,60403,"69,092","7,677",5,"6,982","39,094","319,392",21,"6,381",,,"15,148,966",995,"383,922,149","25,213",
19,IA,"Hancock County, IA",19081,Hancock County,43.075411,-93.743697,,11006,3,7160,2,6,60302,"45,763","6,704",4,"5,164","25,894","228,260",21,"4,699",,,"4,308,309",391,"87,290,144","7,931",
19,IA,"Hardin County, IA",19083,Hardin County,42.390208,-93.241669,,17324,5,11097,3,6,60503,"67,167","9,497",4,"7,953","38,005","368,946",21,"7,093",,,"7,033,097",406,"146,769,909","8,472",
19,IA,"Harrison County, IA",19085,Harrison County,41.688584,-95.827149,,14335,4,6567,2,5,50402,"73,104","7,516",5,"6,555","41,364","226,782",16,"6,046",,,"14,198,364",990,"381,916,492","26,642",
19,IA,"Henry County, IA",19087,Henry County,40.985864,-91.54427,,19941,5,17095,5,5,50505,"84,244","11,610",4,"8,049","47,667","296,286",15,"7,619",,,"11,849,447",594,"253,316,436","12,703",
19,IA,"Howard County, IA",19089,Howard County,43.365312,-92.321908,,9430,3,6051,2,6,60302,"36,462","5,369",4,"4,242","20,631","120,639",13,"3,815",,,"3,141,488",333,"63,903,384","6,777",
19,IA,"Humboldt County, IA",19091,Humboldt County,42.782221,-94.202775,,9607,3,6966,2,6,60302,"49,749","5,089",5,"4,575","28,149","178,945",19,"4,236",,,"3,307,085",344,"66,516,166","6,924",
19,IA,"Ida County, IA",19093,Ida County,42.39186,-95.507421,,7041,2,5871,2,6,60202,"38,051","3,878",5,"3,329","21,530","131,363",19,"3,077",,,"2,871,869",408,"60,320,850","8,567",
19,IA,"Iowa County, IA",19095,Iowa County,41.683918,-92.059123,,16326,4,16609,4,5,50404,"74,807","10,235",5,"7,088","42,327","338,845",21,"6,779",,,"20,978,114","1,285","566,824,762","34,719",
19,IA,"Jackson County, IA",19097,Jackson County,42.164281,-90.574596,,19529,5,9449,3,5,50503,"75,285","11,014",4,"9,194","42,598","347,269",18,"8,427",,,"8,353,567",428,"177,039,939","9,065",
19,IA,"Jasper County, IA",19099,Jasper County,41.685551,-93.054147,,36715,6,15522,4,5,50604,"134,780","17,340",4,"15,724","99,190","641,481",17,"14,644",,,"34,348,088",936,"861,915,822","23,476",
19,IA,"Jefferson County, IA",19101,Jefferson County,41.006384,-91.96744,,17662,5,14108,4,5,50504,"64,132","9,423",4,"7,356","47,197","252,521",14,"6,896",,,"7,436,249",421,"157,395,164","8,912",
19,IA,"Johnson County, IA",19103,Johnson County,41.668877,-91.588924,,142006,10,124357,9,5,51009,"479,145","52,892",3,"57,991","271,111","2,647,695",19,"56,543",,,"68,794,752",484,"1,598,203,469","11,254",
19,IA,"Jones County, IA",19105,Jones County,42.125118,-91.116914,,20481,5,9332,3,5,50503,"86,772","12,583",4,"8,672","49,098","290,143",14,"8,244",,,"9,788,119",478,"208,120,853","10,162",
19,IA,"Keokuk County, IA",19107,Keokuk County,41.331182,-92.167721,,10234,3,3357,1,5,50301,"47,698","6,332",5,"4,763","26,988","138,332",14,"4,414",,,"2,805,040",274,"58,765,663","5,742",
19,IA,"Kossuth County, IA",19109,Kossuth County,43.212478,-94.213983,,15226,4,11816,4,6,60404,"69,863","9,498",5,"7,289","39,530","296,653",19,"6,657",,,"5,905,781",388,"120,284,213","7,900",
19,IA,"Lee County, IA",19111,Lee County,40.647588,-91.477157,,35172,6,29389,6,5,50606,"146,143","21,555",4,"15,765","107,552","751,184",21,"14,318",,,"14,388,210",409,"305,178,911","8,677",
19,IA,"Linn County, IA",19113,Linn County,42.077951,-91.597674,,218076,11,243154,11,5,51111,"711,538","104,252",3,"92,256","402,604","4,725,834",22,"88,006",,,"92,518,781",424,"1,964,172,660","9,007",
19,IA,"Louisa County, IA",19115,Louisa County,41.218211,-91.256994,,11251,4,5685,2,5,50402,"48,298","6,661",4,"4,877","27,328","180,722",16,"4,366",,,"2,700,543",240,"55,550,310","4,937",
19,IA,"Lucas County, IA",19117,Lucas County,41.033344,-93.331467,,8700,3,4785,1,5,50301,"39,963","5,313",5,"4,108","22,612","128,769",15,"3,678",,,"2,922,780",336,"60,704,748","6,978",
19,IA,"Lyon County, IA",19119,Lyon County,43.38358,-96.207201,,11730,4,6966,2,6,60402,"73,791","7,596",6,"4,809","41,753","177,085",15,"4,492",,,"4,583,125",391,"93,012,083","7,929",
19,IA,"Madison County, IA",19121,Madison County,41.330622,-94.015184,,15661,4,5554,2,5,50402,"70,331","8,344",4,"6,504","39,795","216,928",14,"6,260",,,"4,172,731",266,"94,612,151","6,041",
19,IA,"Mahaska County, IA",19123,Mahaska County,41.330797,-92.636366,,22324,5,13054,4,5,50504,"105,364","11,313",5,"9,529","59,617","425,403",19,"8,983",,,"9,230,489",413,"196,598,570","8,807",
19,IA,"Marion County, IA",19125,Marion County,41.331455,-93.093849,,33197,6,32130,6,5,50606,"136,032","14,851",4,"13,630","76,970","573,575",17,"13,026",,,"12,343,723",372,"257,080,508","7,744",
19,IA,"Marshall County, IA",19127,Marshall County,42.041691,-92.981452,,40735,7,27877,6,5,50706,"151,321","22,316",4,"16,291","85,621","796,159",20,"15,293",,,"16,118,327",396,"334,118,957","8,202",
19,IA,"Mills County, IA",19129,Mills County,41.033703,-95.619101,,14841,4,4300,1,5,50401,"60,972","6,237",4,"5,928","34,499","220,287",15,"5,444",,,"13,977,476",942,"352,547,522","23,755",
19,IA,"Mitchell County, IA",19131,Mitchell County,43.348564,-92.784466,,10757,3,6249,2,6,60302,"42,816","6,295",4,"4,788","24,226","171,391",16,"4,322",,,"3,198,297",297,"65,379,771","6,078",
19,IA,"Monona County, IA",19133,Monona County,42.049432,-95.956566,,9013,3,4061,1,5,50301,"50,234","5,158",6,"4,591","28,423","144,654",16,"4,064",,,"11,652,899","1,293","315,346,961","34,988",
19,IA,"Monroe County, IA",19135,Monroe County,41.028847,-92.869642,,7964,3,4767,1,5,50301,"35,785","4,609",4,"3,807","26,335","132,386",17,"3,349",,,"3,111,054",391,"65,666,091","8,245",
19,IA,"Montgomery County, IA",19137,Montgomery County,41.021735,-95.15779,,10380,3,6735,2,5,50302,"48,465","5,145",5,"5,067","27,423","230,737",22,"4,607",,,"2,892,904",279,"59,766,655","5,758",
19,IA,"Muscatine County, IA",19139,Muscatine County,41.483776,-91.118699,,42949,7,40091,7,5,50707,"192,196","22,963",4,"17,495","108,749","948,765",22,"16,390",,,"15,022,960",350,"308,845,584","7,191",
19,IA,"O'Brien County, IA",19141,O'Brien County,43.083746,-95.625624,,14055,4,10594,3,6,60403,"69,257","7,249",5,"6,473","39,187","292,951",21,"6,066",,,"5,355,590",381,"108,307,382","7,706",
19,IA,"Osceola County, IA",19143,Osceola County,43.378542,-95.633788,,6154,2,3276,1,6,60201,"27,509","3,621",4,"2,884","15,565","96,430",16,"2,621",,,"3,778,074",614,"79,716,499","12,954",
19,IA,"Page County, IA",19145,Page County,40.73909,-95.14429,,15552,4,11050,3,5,50403,"66,120","6,773",4,"6,985","48,660","305,397",20,"6,388",,,"3,496,445",225,"70,411,774","4,528",
19,IA,"Palo Alto County, IA",19147,Palo Alto County,43.075337,-94.669055,,9155,3,5748,2,6,60302,"42,174","4,660",5,"4,497","23,863","173,412",19,"3,877",,,"3,481,546",380,"70,331,094","7,682",
19,IA,"Plymouth County, IA",19149,Plymouth County,42.737585,-96.215864,,24972,5,19780,5,6,60505,"116,531","11,837",5,"10,378","65,936","444,845",18,"10,008",,,"14,734,921",590,"315,071,514","12,617",
19,IA,"Pocahontas County, IA",19151,Pocahontas County,42.734033,-94.678279,,7061,2,3668,1,6,60201,"34,645","4,202",5,"3,666","19,603","127,481",18,"3,222",,,"3,114,778",441,"63,813,736","9,037",
19,IA,"Polk County, IA",19153,Polk County,41.684816,-93.568971,,459159,13,524078,13,5,51313,"1,698,609","174,492",4,"185,709","1,250,068","9,945,607",22,"178,520",,,"208,862,296",455,"4,542,129,472","9,892",
19,IA,"Pottawattamie County, IA",19155,Pottawattamie County,41.340184,-95.544905,,93198,9,63254,8,5,50908,"356,974","36,539",4,"38,501","201,984","2,167,343",23,"36,680",,,"67,639,039",726,"1,677,698,075","18,001",
19,IA,"Poweshiek County, IA",19157,Poweshiek County,41.684526,-92.522882,,18622,5,16245,4,5,50504,"77,285","10,518",4,"8,761","43,730","325,395",17,"7,365",,,"20,190,377","1,084","547,989,250","29,427",
19,IA,"Ringgold County, IA",19159,Ringgold County,40.735334,-94.244251,,5054,2,2128,1,5,50201,"21,227","3,123",4,"2,530","12,011","57,990",11,"2,024",,,"1,594,620",316,"32,679,504","6,466",
19,IA,"Sac County, IA",19161,Sac County,42.387526,-95.105224,,10034,3,4572,1,6,60301,"52,048","5,318",5,"5,255","29,450","187,847",19,"4,363",,,"4,299,974",429,"88,717,100","8,842",
19,IA,"Scott County, IA",19163,Scott County,41.642079,-90.622289,,171116,10,162865,10,5,51010,"635,387","66,610",4,"71,150","359,516","4,223,696",25,"67,540",,,"86,922,776",508,"1,877,649,125","10,973",
19,IA,"Shelby County, IA",19165,Shelby County,41.679014,-95.308917,,11944,4,10648,3,5,50403,"58,920","6,064",5,"5,411","33,338","206,701",17,"5,061",,,"3,219,176",270,"66,273,631","5,549",
19,IA,"Sioux County, IA",19167,Sioux County,43.082646,-96.17801,,34621,6,37520,6,6,60606,"151,485","15,699",4,"12,245","85,714","509,519",15,"11,940",,,"12,154,854",351,"248,961,617","7,191",
19,IA,"Story County, IA",19169,Story County,42.037538,-93.466093,,94834,9,65258,8,5,50908,"296,686","37,175",3,"37,168","167,872","1,562,113",16,"36,544",,,"43,537,843",459,"990,327,280","10,443",
19,IA,"Tama County, IA",19171,Tama County,42.074848,-92.529411,,17423,5,8582,3,5,50503,"73,229","10,019",4,"7,531","41,435","312,866",18,"6,734",,,"7,578,948",435,"159,949,415","9,180",
19,IA,"Taylor County, IA",19173,Taylor County,40.737949,-94.697108,,6209,2,3333,1,5,50201,"32,469","4,015",5,"3,008","23,895","93,420",15,"2,715",,,"1,788,388",288,"36,943,370","5,950",
19,IA,"Union County, IA",19175,Union County,41.02855,-94.245091,,12539,4,10568,3,5,50403,"54,230","7,998",4,"5,764","30,685","246,993",20,"5,382",,,"3,398,366",271,"69,251,986","5,523",
19,IA,"Van Buren County, IA",19177,Van Buren County,40.754117,-91.952943,,7380,2,3022,1,5,50201,"29,167","4,293",4,"3,559","21,465","70,765",10,"2,921",,,"2,228,630",302,"46,054,737","6,240",
19,IA,"Wapello County, IA",19179,Wapello County,41.031263,-92.409482,,35242,6,29122,6,5,50606,"137,441","19,932",4,"15,606","77,767","756,378",21,"14,454",,,"15,061,702",427,"312,307,747","8,862",
19,IA,"Warren County, IA",19181,Warren County,41.336862,-93.564222,,48170,7,17135,5,5,50705,"194,470","20,561",4,"18,603","110,036","737,677",15,"18,231",,,"25,254,578",524,"581,468,252","12,071",
19,IA,"Washington County, IA",19183,Washington County,41.329401,-91.725052,,22115,5,13666,4,5,50504,"90,143","13,139",4,"9,307","51,005","356,441",16,"8,757",,,"10,797,706",488,"234,950,278","10,624",
19,IA,"Wayne County, IA",19185,Wayne County,40.739983,-93.332613,,6403,2,2754,1,5,50201,"26,535","3,907",4,"3,090","15,014","88,478",14,"2,574",,,"2,137,889",334,"44,021,908","6,875",
19,IA,"Webster County, IA",19187,Webster County,42.433579,-94.175831,,37050,6,32704,6,6,60606,"158,317","16,719",4,"16,558","89,579","885,400",24,"15,073",,,"13,580,339",367,"273,836,986","7,391",
19,IA,"Winnebago County, IA",19189,Winnebago County,43.378124,-93.743488,,10580,3,12879,4,6,60304,"44,909","6,577",4,"5,039","25,410","186,878",18,"4,545",,,"2,790,346",264,"56,607,919","5,350",
19,IA,"Winneshiek County, IA",19191,Winneshiek County,43.292989,-91.850788,,20789,5,16696,4,6,60504,"76,905","11,332",4,"8,591","43,515","306,362",15,"8,205",,,"7,002,596",337,"140,881,237","6,777",
19,IA,"Woodbury County, IA",19193,Woodbury County,42.39322,-96.053296,,102426,9,91761,9,5,50909,"379,276","38,791",4,"40,518","214,603","2,078,035",20,"38,536",,,"38,449,867",375,"812,078,747","7,928",
19,IA,"Worth County, IA",19195,Worth County,43.373491,-93.248533,,7562,3,3296,1,6,60301,"30,371","4,463",4,"3,430","17,185","151,402",20,"3,144",,,"8,336,566","1,102","210,754,924","27,870",
19,IA,"Wright County, IA",19197,Wright County,42.733007,-93.734735,,12891,4,8307,3,6,60403,"59,154","6,845",5,"6,333","33,471","280,937",22,"5,528",,,"5,123,197",397,"115,527,736","8,962",
20,KS,"Allen County, KS",20001,Allen County,37.884228,-95.300945,,12951,4,8818,3,4,40403,"60,141","7,969",5,"6,215","38,796","225,899",17,"5,303",,,"5,168,293",399,"131,678,241","10,167",
20,KS,"Anderson County, KS",20003,Anderson County,38.215114,-95.292046,,7858,3,3050,1,4,40301,"38,589","5,136",5,"3,682","24,893","113,382",14,"3,214",,,"3,589,731",457,"96,511,369","12,282",
20,KS,"Atchison County, KS",20005,Atchison County,39.532544,-95.313397,,16557,4,10806,3,4,40403,"67,709","8,876",4,"6,888","43,678","297,425",18,"6,057",,,"4,809,742",290,"122,939,451","7,425",
20,KS,"Barber County, KS",20007,Barber County,37.222906,-98.685052,,4831,1,2615,1,4,40101,"18,886","2,740",4,"2,770","10,750","98,472",20,"1,960",,,"2,522,142",522,"68,007,552","14,077",
20,KS,"Barton County, KS",20009,Barton County,38.481239,-98.767837,,27214,6,20463,5,4,40605,"113,369","14,762",4,"12,523","73,133","589,591",22,"11,255",,,"9,747,526",358,"249,226,361","9,158",
20,KS,"Bourbon County, KS",20011,Bourbon County,37.8561,-94.850928,,14751,4,9552,3,4,40403,"66,327","8,653",4,"7,059","42,787","230,265",16,"5,628",,,"5,902,680",400,"154,199,930","10,454",
20,KS,"Brown County, KS",20013,Brown County,39.825931,-95.569905,,9810,3,6391,2,4,40302,"43,787","5,731",4,"4,716","28,247","175,725",18,"4,025",,,"5,648,742",576,"150,586,714","15,350",
20,KS,"Butler County, KS",20015,Butler County,37.773649,-96.83884,,66264,8,27111,6,4,40806,"294,836","38,396",4,"26,160","190,194","1,111,679",17,"24,278",,,"28,989,030",437,"797,198,775","12,031",
20,KS,"Chase County, KS",20017,Chase County,38.299475,-96.594029,,2694,1,929,1,4,40101,"11,618","1,535",4,"1,484","7,494","41,403",15,"1,084",,,"5,258,491","1,952","167,506,435","62,178",
20,KS,"Chautauqua County, KS",20019,Chautauqua County,37.154259,-96.245396,,3470,1,822,1,4,40101,"14,574","1,979",4,"2,126","9,402","62,264",18,"1,472",,,"1,713,985",494,"46,677,262","13,452",
20,KS,"Cherokee County, KS",20021,Cherokee County,37.169392,-94.845698,,20737,5,9529,3,4,40503,"99,660","12,013",5,"9,733","64,289","313,010",15,"7,861",,,"8,842,139",426,"236,370,730","11,399",
20,KS,"Cheyenne County, KS",20023,Cheyenne County,39.789918,-101.727326,,2679,1,939,1,5,50101,"12,411","1,514",5,"1,491","8,006","59,481",22,"1,252",,,"1,940,038",724,"51,556,288","19,245",
20,KS,"Clark County, KS",20025,Clark County,37.233831,-99.813869,,2131,1,679,1,4,40101,"8,831","1,116",4,"1,137","5,697","48,669",23,904,,,"2,056,354",965,"55,436,052","26,014",
20,KS,"Clay County, KS",20027,Clay County,39.344964,-97.168853,,8346,3,4485,1,4,40301,"37,507","5,364",4,"4,015","24,195","148,978",18,"3,355",,,"3,167,252",379,"82,467,706","9,881",
20,KS,"Cloud County, KS",20029,Cloud County,39.487329,-97.64139,,9302,3,5758,2,5,50302,"37,624","5,097",4,"4,597","24,271","193,744",21,"3,904",,,"5,126,405",551,"133,999,873","14,405",
20,KS,"Coffey County, KS",20031,Coffey County,38.23645,-95.729137,,8433,3,4737,1,4,40301,"43,274","5,667",5,"3,955","27,915","136,707",16,"3,580",,,"5,831,211",691,"169,830,228","20,139",
20,KS,"Comanche County, KS",20033,Comanche County,37.181442,-99.251293,,1898,1,872,1,4,40101,"6,493","1,151",3,995,"4,189","34,685",18,766,,,"1,007,873",531,"27,276,835","14,371",
20,KS,"Cowley County, KS",20035,Cowley County,37.234507,-96.837247,,35977,6,21576,5,4,40605,"154,815","20,026",4,"15,864","99,869","630,666",18,"13,768",,,"11,215,996",312,"289,750,921","8,054",
20,KS,"Crawford County, KS",20037,Crawford County,37.50582,-94.853897,,39281,7,27483,6,4,40706,"170,456","22,191",4,"17,740","109,959","711,355",18,"14,965",,,"11,916,613",303,"300,536,770","7,651",
20,KS,"Decatur County, KS",20039,Decatur County,39.783542,-100.459708,,2886,1,1160,1,5,50101,"13,212","1,610",5,"1,787","8,523","61,589",21,"1,423",,,"1,906,314",661,"51,928,861","17,993",
20,KS,"Dickinson County, KS",20041,Dickinson County,38.867735,-97.157943,,19384,5,9933,3,4,40503,"87,741","11,532",5,"9,022","56,600","346,555",18,"7,916",,,"10,719,833",553,"309,013,742","15,942",
20,KS,"Doniphan County, KS",20043,Doniphan County,39.788502,-95.147225,,7793,3,2858,1,4,40301,"35,935","4,705",5,"3,518","23,181","124,680",16,"3,087",,,"3,846,756",494,"101,229,858","12,990",
20,KS,"Douglas County, KS",20045,Douglas County,38.896415,-95.290946,,116352,9,80221,8,4,40908,"397,797","52,166",3,"47,838","256,613","1,925,149",17,"44,212",,,"41,219,104",354,"1,107,214,060","9,516",
20,KS,"Edwards County, KS",20047,Edwards County,37.883595,-99.304746,,2975,1,1200,1,4,40101,"13,085","1,600",4,"1,610","8,441","61,515",21,"1,254",,,"2,563,924",862,"68,428,872","23,001",
20,KS,"Elk County, KS",20049,Elk County,37.456026,-96.244642,,2635,1,525,1,4,40101,"13,527","1,770",5,"1,731","8,726","53,526",20,"1,245",,,"1,113,629",423,"29,647,455","11,251",
20,KS,"Ellis County, KS",20051,Ellis County,38.914596,-99.317329,,29032,6,25194,5,5,50605,"111,308","13,607",4,"12,949","71,803","565,376",19,"11,682",,,"14,015,741",483,"388,874,871","13,395",
20,KS,"Ellsworth County, KS",20053,Ellsworth County,38.700845,-98.205355,,6375,2,3604,1,4,40201,"24,729","3,342",4,"3,190","15,952","121,012",19,"2,517",,,"7,360,226","1,155","216,097,003","33,898",
20,KS,"Finney County, KS",20055,Finney County,38.049808,-100.739967,,36983,6,29828,6,4,40606,"125,210","15,409",3,"13,203","80,771","712,649",19,"12,637",,,"12,015,588",325,"310,005,828","8,382",
20,KS,"Ford County, KS",20057,Ford County,37.688416,-99.884748,,34492,6,27954,6,4,40606,"112,829","13,251",3,"12,004","72,785","632,373",18,"11,226",,,"11,750,279",341,"305,511,938","8,857",
20,KS,"Franklin County, KS",20059,Franklin County,38.558019,-95.278962,,25663,6,16519,4,4,40604,"128,829","17,059",5,"10,995","83,106","385,266",15,"9,820",,,"14,313,043",558,"408,645,934","15,924",
20,KS,"Geary County, KS",20061,Geary County,39.002156,-96.768037,,36818,6,16717,4,4,40604,"117,794","15,488",3,"14,953","75,987","429,741",12,"12,749",,,"15,145,628",411,"421,939,268","11,460",
20,KS,"Gove County, KS",20063,Gove County,38.917239,-100.48736,,2682,1,1921,1,5,50101,"12,156","1,487",5,"1,360","7,841","55,861",21,"1,193",,,"6,360,123","2,371","200,233,359","74,658",
20,KS,"Graham County, KS",20065,Graham County,39.354972,-99.879894,,2577,1,1148,1,5,50101,"11,850","1,446",5,"1,476","7,644","63,247",25,"1,236",,,"1,667,261",647,"44,111,523","17,117",
20,KS,"Grant County, KS",20067,Grant County,37.547537,-101.299362,,7748,3,4398,1,4,40301,"33,432","3,805",4,"2,510","21,567","156,773",20,"2,678",,,"2,835,914",366,"72,846,519","9,402",
20,KS,"Gray County, KS",20069,Gray County,37.744513,-100.451716,,6037,2,2664,1,4,40201,"22,779","2,976",4,"2,379","14,694","116,875",19,"2,129",,,"4,421,077",732,"121,094,482","20,059",
20,KS,"Greeley County, KS",20071,Greeley County,38.480404,-101.80597,,1235,1,481,1,5,50101,"4,864",671,4,608,"3,138","22,752",18,478,,,"5,153,367","4,173","112,205,291","90,854",
20,KS,"Greenwood County, KS",20073,Greenwood County,37.879347,-96.241732,,6304,2,2136,1,4,40201,"30,200","3,961",5,"4,003","19,482","104,763",17,"2,779",,,"4,892,714",776,"134,766,781","21,378",
20,KS,"Hamilton County, KS",20075,Hamilton County,37.995244,-101.793689,,2567,1,1061,1,5,50101,"9,375","1,241",4,"1,096","6,048","52,883",21,903,,,"1,847,185",720,"48,164,311","18,763",
20,KS,"Harper County, KS",20077,Harper County,37.188184,-98.06659,,5798,2,3667,1,4,40201,"24,858","3,493",4,"3,132","16,035","113,402",20,"2,395",,,"2,994,565",516,"77,661,019","13,394",
20,KS,"Harvey County, KS",20079,Harvey County,38.050144,-97.436706,,34814,6,26283,6,4,40606,"144,016","18,755",4,"14,504","92,903","608,076",17,"13,449",,,"14,277,988",410,"387,692,849","11,136",
20,KS,"Haskell County, KS",20081,Haskell County,37.554979,-100.879952,,4087,1,1278,1,4,40101,"14,291","1,651",3,"1,654","9,219","76,757",19,"1,325",,,"3,168,882",775,"87,713,137","21,461",
20,KS,"Hodgeman County, KS",20083,Hodgeman County,38.087493,-99.898407,,1919,1,340,1,4,40101,"8,778","1,057",5,"1,031","5,663","32,262",17,814,,,"1,675,686",873,"44,977,484","23,438",
20,KS,"Jackson County, KS",20085,Jackson County,39.411145,-95.794485,,13365,4,6395,2,4,40402,"60,795","8,011",5,"5,859","39,218","139,158",10,"5,213",,,"5,581,546",418,"152,014,036","11,374",
20,KS,"Jefferson County, KS",20087,Jefferson County,39.239644,-95.375314,,18880,5,4395,1,4,40501,"91,309","12,012",5,"8,139","58,902","252,729",13,"7,585",,,"6,515,627",345,"178,968,821","9,479",
20,KS,"Jewell County, KS",20089,Jewell County,39.77701,-98.222584,,3003,1,761,1,5,50101,"13,077","1,809",4,"2,005","8,435","50,863",17,"1,398",,,"2,156,886",718,"58,100,635","19,348",
20,KS,"Johnson County, KS",20091,Johnson County,38.883907,-94.82233,,572428,13,640816,13,4,41313,"2,702,997","357,734",5,"231,130","1,743,663","12,752,053",22,"222,067",,,"224,127,614",392,"5,661,966,838","9,891",
20,KS,"Kearny County, KS",20093,Kearny County,37.994461,-101.308136,,3943,1,983,1,4,40101,"14,246","1,885",4,"1,535","9,190","83,446",21,"1,327",,,"2,617,917",664,"69,617,285","17,656",
20,KS,"Kingman County, KS",20095,Kingman County,37.552951,-98.144529,,7697,3,3416,1,4,40301,"33,194","4,614",4,"3,784","21,413","118,201",15,"3,001",,,"5,677,513",738,"155,277,184","20,174",
20,KS,"Kiowa County, KS",20097,Kiowa County,37.561231,-99.286539,,2520,1,1438,1,4,40101,"9,673","1,267",4,"1,214","6,240","42,573",17,"1,016",,,"3,351,958","1,330","91,859,171","36,452",
20,KS,"Labette County, KS",20099,Labette County,37.191468,-95.297473,,20833,5,14564,4,4,40504,"96,751","13,089",5,"9,969","62,413","412,036",20,"8,374",,,"8,042,232",386,"206,275,458","9,901",
20,KS,"Lane County, KS",20101,Lane County,38.481286,-100.466185,,1687,1,511,1,5,50101,"7,046",868,4,970,"4,545","39,181",23,810,,,"1,324,358",785,"35,170,457","20,848",
20,KS,"Leavenworth County, KS",20103,Leavenworth County,39.189511,-95.038977,,78785,8,28222,6,4,40806,"305,398","40,072",4,"28,861","197,008","1,289,908",16,"27,122",,,"25,406,511",322,"683,408,370","8,674",
20,KS,"Lincoln County, KS",20105,Lincoln County,39.047276,-98.214265,,3134,1,967,1,4,40101,"14,149","1,855",5,"1,841","9,127","54,258",17,"1,291",,,"2,909,096",928,"86,707,736","27,667",
20,KS,"Linn County, KS",20107,Linn County,38.216549,-94.844932,,9524,3,2405,1,4,40301,"57,795","7,655",6,"5,414","37,283","109,656",12,"4,243",,,"4,678,230",491,"124,043,888","13,024",
20,KS,"Logan County, KS",20109,Logan County,38.913269,-101.157407,,2800,1,1373,1,5,50101,"11,757","1,507",4,"1,427","7,584","55,585",20,"1,168",,,"2,270,415",811,"62,346,252","22,267",
20,KS,"Lyon County, KS",20111,Lyon County,38.455498,-96.161589,,33401,6,23168,5,4,40605,"139,871","18,342",4,"15,071","90,228","518,990",16,"13,305",,,"15,715,297",471,"445,178,386","13,328",
20,KS,"McPherson County, KS",20113,McPherson County,38.395812,-97.647489,,29164,6,27316,6,4,40606,"125,519","15,933",4,"13,759","80,971","546,219",19,"11,885",,,"15,556,832",533,"433,023,520","14,848",
20,KS,"Marion County, KS",20115,Marion County,38.359647,-97.102771,,12213,4,4717,1,4,40401,"53,399","7,007",4,"5,882","34,447","209,605",17,"4,812",,,"6,262,753",513,"167,295,293","13,698",
20,KS,"Marshall County, KS",20117,Marshall County,39.782709,-96.521243,,9963,3,8181,3,4,40303,"47,127","6,173",5,"4,853","30,401","182,464",18,"4,323",,,"5,110,854",513,"132,372,982","13,286",
20,KS,"Meade County, KS",20119,Meade County,37.243886,-100.360094,,4310,1,1587,1,4,40101,"17,416","2,295",4,"1,953","11,235","90,904",21,"1,665",,,"3,367,873",781,"89,542,377","20,775",
20,KS,"Miami County, KS",20121,Miami County,38.566772,-94.832963,,32787,6,13400,4,4,40604,"198,765","26,404",6,"13,212","128,220","364,811",11,"12,620",,,"15,574,525",475,"413,141,679","12,601",
20,KS,"Mitchell County, KS",20123,Mitchell County,39.393026,-98.207362,,6299,2,4993,1,5,50201,"26,008","3,643",4,"3,266","16,777","120,543",19,"2,706",,,"2,941,287",467,"75,863,539","12,044",
20,KS,"Montgomery County, KS",20125,Montgomery County,37.189537,-95.742403,,33765,6,24785,5,4,40605,"153,631","19,870",5,"16,308","99,105","716,871",21,"13,630",,,"12,064,633",357,"309,591,518","9,169",
20,KS,"Morris County, KS",20127,Morris County,38.688204,-96.651448,,5694,2,2337,1,4,40201,"26,370","3,474",5,"3,168","17,011","93,593",16,"2,328",,,"2,693,745",473,"71,414,574","12,542",
20,KS,"Morton County, KS",20129,Morton County,37.185249,-101.809516,,3033,1,1261,1,4,40101,"13,342","1,561",4,"1,245","8,607","63,547",21,"1,158",,,"1,699,033",560,"43,527,161","14,351",
20,KS,"Nemaha County, KS",20131,Nemaha County,39.791043,-96.005381,,10177,3,10106,3,4,40303,"47,065","6,158",5,"4,534","30,361","160,050",16,"4,141",,,"4,010,696",394,"102,808,293","10,102",
20,KS,"Neosho County, KS",20133,Neosho County,37.564283,-95.315683,,16358,4,10097,3,4,40403,"74,765","9,783",5,"7,620","48,229","293,578",18,"6,407",,,"6,296,349",385,"163,886,422","10,019",
20,KS,"Ness County, KS",20135,Ness County,38.480437,-99.908745,,3047,1,1748,1,5,50101,"13,361","1,632",4,"1,708","8,619","54,574",18,"1,325",,,"1,966,752",645,"52,376,339","17,189",
20,KS,"Norton County, KS",20137,Norton County,39.783867,-99.899235,,5558,2,3401,1,5,50201,"20,433","2,492",4,"2,516","13,181","97,517",18,"2,019",,,"2,676,624",482,"70,526,184","12,689",
20,KS,"Osage County, KS",20139,Osage County,38.648409,-95.707596,,16001,4,3236,1,4,40401,"75,593","9,974",5,"7,429","48,764","240,130",15,"6,444",,,"8,690,219",543,"249,873,250","15,616",
20,KS,"Osborne County, KS",20141,Osborne County,39.348261,-98.767942,,3746,1,2135,1,5,50101,"15,427","2,076",4,"2,165","9,952","79,954",21,"1,713",,,"1,957,210",522,"51,393,407","13,720",
20,KS,"Ottawa County, KS",20143,Ottawa County,39.137963,-97.654802,,6004,2,1669,1,4,40201,"28,702","3,778",5,"2,739","18,515","85,237",14,"2,446",,,"3,729,891",621,"101,630,775","16,927",
20,KS,"Pawnee County, KS",20145,Pawnee County,38.181477,-99.234772,,6840,2,3800,1,4,40201,"27,315","3,365",4,"3,120","17,620","124,255",18,"2,598",,,"3,388,992",495,"90,515,115","13,233",
20,KS,"Phillips County, KS",20147,Phillips County,39.784506,-99.34215,,5484,2,3264,1,5,50201,"22,983","2,878",4,"3,037","14,826","112,332",20,"2,345",,,"2,898,386",529,"76,785,671","14,002",
20,KS,"Pottawatomie County, KS",20149,Pottawatomie County,39.382187,-96.337113,,22920,5,17008,5,4,40505,"90,889","11,955",4,"8,990","58,631","294,502",13,"8,364",,,"8,259,284",360,"218,648,406","9,540",
20,KS,"Pratt County, KS",20151,Pratt County,37.647594,-98.74012,,9729,3,6863,2,4,40302,"34,630","4,901",4,"4,442","22,339","192,371",20,"3,778",,,"5,821,482",598,"155,049,051","15,937",
20,KS,"Rawlins County, KS",20153,Rawlins County,39.786198,-101.076738,,2557,1,1247,1,5,50101,"12,037","1,468",5,"1,438","7,765","46,414",18,"1,178",,,"1,806,980",707,"47,485,676","18,571",
20,KS,"Reno County, KS",20155,Reno County,37.948185,-98.078346,,63803,8,44762,7,4,40807,"260,226","34,046",4,"28,054","167,868","1,184,057",19,"25,028",,,"21,841,556",342,"552,881,499","8,665",
20,KS,"Republic County, KS",20157,Republic County,39.82891,-97.650921,,4768,1,2658,1,5,50101,"19,219","2,872",4,"2,870","12,398","97,964",21,"2,238",,,"3,551,275",745,"94,956,958","19,915",
20,KS,"Rice County, KS",20159,Rice County,38.347178,-98.201415,,9949,3,4859,1,4,40301,"40,262","5,216",4,"4,522","25,972","190,799",19,"3,968",,,"4,495,585",452,"118,447,783","11,905",
20,KS,"Riley County, KS",20161,Riley County,39.291211,-96.727489,,75026,8,42225,7,4,40807,"244,401","32,012",3,"29,585","157,660","857,619",11,"26,544",,,"19,371,278",258,"502,464,649","6,697",
20,KS,"Rooks County, KS",20163,Rooks County,39.346006,-99.324492,,5160,2,2857,1,5,50201,"20,811","2,672",4,"2,740","13,425","112,148",22,"2,192",,,"2,866,597",556,"76,044,994","14,737",
20,KS,"Rush County, KS",20165,Rush County,38.523592,-99.309183,,3144,1,2049,1,4,40101,"14,209","1,738",5,"1,774","9,166","67,424",21,"1,424",,,"2,512,691",799,"66,223,599","21,063",
20,KS,"Russell County, KS",20167,Russell County,38.91604,-98.770949,,6988,2,3597,1,4,40201,"30,014","3,908",4,"3,870","19,361","163,843",23,"3,195",,,"7,633,830","1,092","228,191,693","32,655",
20,KS,"Saline County, KS",20169,Saline County,38.786327,-97.650153,,55547,7,55291,7,4,40707,"238,123","31,200",4,"24,004","153,609","1,091,069",20,"22,400",,,"23,845,874",429,"659,029,598","11,864",
20,KS,"Scott County, KS",20171,Scott County,38.481877,-100.90636,,4958,1,2961,1,5,50101,"20,752","2,826",4,"2,252","13,387","119,462",24,"2,139",,,"3,034,292",612,"79,955,507","16,127",
20,KS,"Sedgwick County, KS",20173,Sedgwick County,37.681045,-97.461054,,508221,13,455134,13,4,41313,"2,052,975","266,926",4,"212,769","1,324,344","9,304,145",18,"193,927",,,"178,074,549",350,"4,412,323,042","8,682",
20,KS,"Seward County, KS",20175,Seward County,37.180623,-100.854932,,23185,5,14941,4,4,40504,"74,569","9,855",3,"7,931","48,103","429,784",19,"7,381",,,"7,680,442",331,"193,743,013","8,356",
20,KS,"Shawnee County, KS",20177,Shawnee County,39.041805,-95.755664,,178567,10,160246,10,4,41010,"710,746","93,097",4,"78,829","458,491","3,293,404",18,"71,015",,,"64,641,980",362,"1,696,111,138","9,498",
20,KS,"Sheridan County, KS",20179,Sheridan County,39.350542,-100.441206,,2522,1,1167,1,5,50101,"11,896","1,453",5,"1,246","7,674","55,961",22,"1,151",,,"1,936,529",768,"52,665,843","20,883",
20,KS,"Sherman County, KS",20181,Sherman County,39.351352,-101.719859,,6038,2,3920,1,5,50201,"26,967","3,322",4,"3,097","17,396","143,136",24,"2,804",,,"6,697,861","1,109","201,020,648","33,293",
20,KS,"Smith County, KS",20183,Smith County,39.78466,-98.785429,,3701,1,1722,1,5,50101,"15,701","2,172",4,"2,227","10,129","73,952",20,"1,698",,,"2,308,064",624,"59,925,374","16,192",
20,KS,"Stafford County, KS",20185,Stafford County,38.03563,-98.719889,,4284,1,1248,1,4,40101,"19,237","2,446",4,"2,284","12,409","79,840",19,"1,770",,,"3,373,179",787,"91,069,238","21,258",
20,KS,"Stanton County, KS",20187,Stanton County,37.565932,-101.789383,,2115,1,790,1,4,40101,"9,488","1,080",4,938,"6,120","46,751",22,810,,,"1,391,101",658,"36,777,829","17,389",
20,KS,"Stevens County, KS",20189,Stevens County,37.200969,-101.317577,,5738,2,3989,1,4,40201,"22,129","2,600",4,"2,178","14,275","110,157",19,"1,910",,,"3,379,561",589,"88,289,121","15,387",
20,KS,"Sumner County, KS",20191,Sumner County,37.236662,-97.493352,,23509,5,8601,3,4,40503,"106,069","14,878",5,"10,754","68,423","405,190",17,"9,103",,,"14,622,176",622,"425,830,485","18,114",
20,KS,"Thomas County, KS",20193,Thomas County,39.357706,-101.083438,,7909,3,5831,2,5,50302,"32,830","3,969",4,"3,520","21,178","178,940",23,"3,233",,,"8,925,716","1,129","264,655,972","33,463",
20,KS,"Trego County, KS",20195,Trego County,38.921302,-99.865423,,2927,1,1392,1,5,50101,"13,049","1,597",4,"1,674","8,418","63,438",22,"1,334",,,"5,743,052","1,962","178,149,865","60,864",
20,KS,"Wabaunsee County, KS",20197,Wabaunsee County,38.955154,-96.201262,,6960,2,1584,1,4,40201,"31,827","4,213",5,"3,227","20,531","87,775",13,"2,707",,,"9,135,612","1,313","278,281,018","39,983",
20,KS,"Wallace County, KS",20199,Wallace County,38.926626,-101.771103,,1584,1,503,1,5,50101,"5,868",754,4,783,"3,786","26,228",17,587,,,"1,133,686",716,"31,011,941","19,578",
20,KS,"Washington County, KS",20201,Washington County,39.776714,-97.095611,,5613,2,3088,1,4,40201,"25,022","3,419",4,"2,915","16,141","104,588",19,"2,412",,,"3,404,563",607,"88,457,396","15,759",
20,KS,"Wichita County, KS",20203,Wichita County,38.481922,-101.347434,,2168,1,734,1,5,50101,"8,688","1,198",4,957,"5,604","46,337",21,839,,,"1,504,909",694,"39,954,776","18,429",
20,KS,"Wilson County, KS",20205,Wilson County,37.558515,-95.745175,,8956,3,7351,2,4,40302,"42,644","5,555",5,"4,615","27,509","179,010",20,"3,878",,,"4,138,478",462,"109,477,707","12,224",
20,KS,"Woodson County, KS",20207,Woodson County,37.888197,-95.758489,,3186,1,868,1,4,40101,"16,858","2,200",5,"1,990","10,875","57,400",18,"1,521",,,"1,852,379",581,"50,002,906","15,695",
20,KS,"Wyandotte County, KS",20209,Wyandotte County,39.115384,-94.763087,Y,161777,10,140450,10,4,41010,"623,352","74,554",4,"66,730","402,115","3,860,671",24,"59,067",,,"81,396,513",503,"2,072,788,723","12,813",
21,KY,"Adair County, KY",21001,Adair County,37.105559,-85.28138,,19156,5,7255,2,4,40502,"103,552","10,271",5,"8,472","56,019","85,386",4,"7,126",,,"8,246,795",431,"180,367,573","9,416",
21,KY,"Allen County, KY",21003,Allen County,36.75077,-86.192458,,20421,5,6268,2,4,40502,"114,367","12,245",6,"9,290","61,869","78,649",4,"7,705",,,"6,560,182",321,"141,093,858","6,909",
21,KY,"Anderson County, KY",21005,Anderson County,38.005396,-84.986417,,21867,5,7089,2,4,40502,"138,275","13,762",6,"9,218","74,803","124,808",6,"8,554",,,"10,034,621",459,"219,983,943","10,060",
21,KY,"Ballard County, KY",21007,Ballard County,37.051323,-89.010367,,8216,3,2676,1,4,40301,"54,776","5,425",7,"3,867","29,632","51,947",6,"3,252",,,"3,712,467",452,"79,381,141","9,662",
21,KY,"Barren County, KY",21009,Barren County,36.963671,-85.925162,,43287,7,29414,6,4,40706,"227,099","23,721",5,"19,328","122,854","297,487",7,"16,766",,,"22,652,856",523,"511,828,497","11,824",
21,KY,"Bath County, KY",21011,Bath County,38.152249,-83.737641,,12113,4,2344,1,4,40401,"69,276","6,904",6,"5,364","37,476","67,852",6,"4,450",,,"7,813,625",645,"196,234,194","16,200",
21,KY,"Bell County, KY",21013,Bell County,36.72268,-83.681046,,27676,6,13464,4,4,40604,"170,345","16,814",6,"13,048","92,152","111,040",4,"10,978",,,"12,227,954",442,"260,564,362","9,415",
21,KY,"Boone County, KY",21015,Boone County,38.974595,-84.731431,,125656,9,159134,10,4,40910,"556,417","52,733",4,"47,694","315,855","1,247,258",10,"45,649",,,"69,141,419",550,"1,721,436,509","13,700",
21,KY,"Bourbon County, KY",21017,Bourbon County,38.202562,-84.20986,,20004,5,10234,3,4,40503,"117,434","11,719",6,"8,972","63,528","175,927",9,"8,043",,,"8,471,351",423,"185,626,103","9,279",
21,KY,"Boyd County, KY",21019,Boyd County,38.360004,-82.681406,,48716,7,45160,7,4,40707,"272,528","32,529",6,"21,599","154,703","590,104",12,"19,386",,,"20,104,595",413,"458,837,820","9,419",
21,KY,"Boyle County, KY",21021,Boyle County,37.618104,-84.868352,,29650,6,28612,6,4,40606,"151,216","14,997",5,"12,351","81,803","271,917",9,"10,882",,,"12,267,378",414,"265,237,159","8,946",
21,KY,"Bracken County, KY",21023,Bracken County,38.680365,-84.115235,,8404,3,1398,1,4,40301,"53,355","5,327",6,"3,812","28,863","65,030",8,"3,412",,,"3,944,882",469,"86,446,393","10,286",
21,KY,"Breathitt County, KY",21025,Breathitt County,37.506632,-83.28304,,13476,4,5210,2,4,40402,"77,624","9,194",6,"6,181","44,064","78,629",6,"5,304",,,"5,739,510",426,"123,207,706","9,143",
21,KY,"Breckinridge County, KY",21027,Breckinridge County,37.777988,-86.432919,,20000,5,4954,1,4,40501,"94,392","9,920",5,"10,581","51,063","98,134",5,"7,343",,,"6,834,989",342,"146,160,193","7,308",
21,KY,"Bullitt County, KY",21029,Bullitt County,37.969928,-85.702641,,77727,8,38186,7,4,40807,"396,979","39,765",5,"30,328","214,754","823,797",11,"28,533",,,"37,662,406",485,"923,444,399","11,881",
21,KY,"Butler County, KY",21031,Butler County,37.207013,-86.682471,,12828,4,3754,1,4,40401,"82,691","8,822",6,"5,833","44,733","71,508",6,"5,153",,,"6,944,784",541,"150,595,465","11,740",
21,KY,"Caldwell County, KY",21033,Caldwell County,37.148642,-87.870509,,12758,4,7580,3,4,40403,"80,769","8,087",6,"6,261","43,694","110,479",9,"5,322",,,"7,957,964",624,"195,158,867","15,297",
21,KY,"Calloway County, KY",21035,Calloway County,36.620978,-88.274086,,38302,7,28998,6,4,40706,"202,100","23,921",5,"18,269","109,330","307,973",8,"15,002",,,"12,470,098",326,"266,742,025","6,964",
21,KY,"Campbell County, KY",21037,Campbell County,38.946981,-84.379583,,91456,9,48927,7,4,40907,"456,891","41,353",5,"39,720","247,165","1,540,357",17,"35,954",,,"38,814,783",424,"896,951,666","9,807",
21,KY,"Carlisle County, KY",21039,Carlisle County,36.857726,-88.975757,,4954,1,1311,1,4,40101,"32,295","3,540",7,"2,431","17,471","36,646",7,"2,088",,,"2,367,904",478,"50,864,118","10,267",
21,KY,"Carroll County, KY",21041,Carroll County,38.668394,-85.124024,,10776,3,11405,4,4,40304,"57,613","5,740",5,"4,673","31,167","131,172",12,"4,030",,,"11,415,067","1,059","300,974,068","27,930",
21,KY,"Carter County, KY",21043,Carter County,38.309549,-83.048796,,27292,6,8916,3,4,40603,"166,742","20,049",6,"12,239","90,203","104,260",4,"10,647",,,"16,444,884",603,"416,557,557","15,263",
21,KY,"Casey County, KY",21045,Casey County,37.321962,-84.92822,,15928,4,6482,2,4,40402,"90,626","9,198",6,"7,391","49,026","48,184",3,"6,412",,,"5,204,127",327,"111,784,154","7,018",
21,KY,"Christian County, KY",21047,Christian County,36.892059,-87.492986,,73936,8,48096,7,4,40807,"354,338","38,685",5,"29,609","191,687","482,758",7,"25,382",,,"42,391,234",573,"997,172,225","13,487",
21,KY,"Clark County, KY",21049,Clark County,37.970133,-84.144974,,35706,6,25660,6,4,40606,"204,153","20,223",6,"15,696","110,441","322,674",9,"14,183",,,"20,056,254",562,"491,086,209","13,754",
21,KY,"Clay County, KY",21051,Clay County,37.157317,-83.718433,,21160,5,5003,2,4,40502,"122,958","12,961",6,"8,816","66,517","93,569",4,"7,679",,,"8,246,360",390,"176,842,540","8,357",
21,KY,"Clinton County, KY",21053,Clinton County,36.727258,-85.136098,,10172,3,6433,2,4,40302,"47,888","5,075",5,"5,238","25,906","20,546",2,"3,863",,,"3,299,513",324,"71,124,371","6,992",
21,KY,"Crittenden County, KY",21055,Crittenden County,37.358149,-88.10501,,9211,3,3918,1,4,40301,"55,770","5,556",6,"4,544","30,170","60,358",7,"3,721",,,"3,369,481",366,"72,396,679","7,860",
21,KY,"Cumberland County, KY",21057,Cumberland County,36.784224,-85.393507,,6780,2,2051,1,4,40201,"33,979","3,534",5,"3,649","18,381","16,125",2,"2,771",,,"2,668,029",394,"58,187,874","8,582",
21,KY,"Daviess County, KY",21059,Daviess County,37.731671,-87.087139,,98724,9,82817,8,4,40908,"503,276","59,046",5,"42,320","272,258","1,479,481",15,"39,282",,,"37,919,308",384,"813,061,020","8,236",
21,KY,"Edmonson County, KY",21061,Edmonson County,37.227514,-86.218015,,12086,4,1587,1,4,40401,"78,327","8,217",6,"6,429","42,373","32,188",3,"4,712",,,"5,177,866",428,"121,796,543","10,077",
21,KY,"Elliott County, KY",21063,Elliott County,38.115438,-83.097209,,7661,3,672,1,4,40301,"38,776","4,648",5,"3,349","20,977","24,711",3,"2,624",,,"1,963,287",256,"41,604,125","5,431",
21,KY,"Estill County, KY",21065,Estill County,37.692449,-83.963983,,14406,4,3037,1,4,40401,"79,095","8,008",5,"6,827","42,788","92,982",6,"5,622",,,"4,356,255",302,"93,453,278","6,487",
21,KY,"Fayette County, KY",21067,Fayette County,38.040676,-84.458274,Y,311529,12,320732,12,4,41212,"1,537,524","151,999",5,"138,325","831,756","3,267,121",10,"126,439",,,"153,363,535",492,"3,419,001,309","10,975",
21,KY,"Fleming County, KY",21069,Fleming County,38.368431,-83.706152,,14543,4,4112,1,4,40401,"87,973","8,853",6,"6,584","47,591","55,257",4,"5,730",,,"5,555,636",382,"119,646,060","8,227",
21,KY,"Floyd County, KY",21071,Floyd County,37.559878,-82.743361,,38144,7,18185,5,4,40705,"232,893","27,678",6,"18,089","132,203","263,792",7,"15,233",,,"17,878,437",469,"386,383,643","10,130",
21,KY,"Franklin County, KY",21073,Franklin County,38.234919,-84.868786,,49982,7,33438,6,4,40706,"283,557","27,580",6,"23,144","153,396","575,982",12,"20,978",,,"24,387,278",488,"598,123,179","11,967",
21,KY,"Fulton County, KY",21075,Fulton County,36.552511,-89.187659,,6323,2,2864,1,4,40201,"37,475","4,005",6,"3,349","20,273","62,280",10,"2,611",,,"2,883,749",456,"61,161,284","9,673",
21,KY,"Gallatin County, KY",21077,Gallatin County,38.760103,-84.862153,,8543,3,1378,1,4,40301,"44,424","4,550",5,"3,820","24,032","43,666",5,"2,962",,,"11,529,491","1,350","312,180,692","36,542",
21,KY,"Garrard County, KY",21079,Garrard County,37.630162,-84.545856,,17051,5,2872,1,4,40501,"111,363","11,161",7,"7,435","60,244","64,896",4,"6,732",,,"6,548,755",384,"142,247,111","8,342",
21,KY,"Grant County, KY",21081,Grant County,38.64916,-84.625927,,24705,5,7865,3,4,40503,"119,763","11,711",5,"9,928","64,788","124,439",5,"8,327",,,"19,084,972",773,"492,887,777","19,951",
21,KY,"Graves County, KY",21083,Graves County,36.723344,-88.649897,,37379,6,18478,5,4,40605,"204,762","23,881",5,"16,691","110,770","335,543",9,"14,268",,,"15,939,462",426,"342,195,714","9,155",
21,KY,"Grayson County, KY",21085,Grayson County,37.458577,-86.344011,,26092,6,12589,4,4,40604,"134,940","13,582",5,"13,453","72,999","110,159",4,"9,736",,,"13,839,181",530,"298,094,807","11,425",
21,KY,"Green County, KY",21087,Green County,37.269637,-85.561403,,11123,3,2497,1,4,40301,"62,616","6,202",6,"5,267","33,873","53,711",5,"4,528",,,"3,956,650",356,"86,266,862","7,756",
21,KY,"Greenup County, KY",21089,Greenup County,38.563562,-82.93382,,36255,6,9744,3,4,40603,"206,754","24,794",6,"16,212","117,365","371,086",10,"14,289",,,"14,952,361",412,"324,062,164","8,938",
21,KY,"Hancock County, KY",21091,Hancock County,37.843325,-86.792761,,8716,3,6411,2,4,40302,"48,043","5,170",6,"3,710","25,990","82,851",10,"3,254",,,"3,554,057",408,"76,695,682","8,799",
21,KY,"Hardin County, KY",21093,Hardin County,37.695836,-85.963183,,107573,9,72434,8,4,40908,"570,525","56,516",5,"45,486","308,638","602,435",6,"40,422",,,"58,186,259",541,"1,359,091,866","12,634",
21,KY,"Harlan County, KY",21095,Harlan County,36.859223,-83.221497,,28031,6,8574,3,4,40603,"189,882","18,786",7,"13,417","102,721","79,121",3,"11,429",,,"10,844,699",387,"229,900,179","8,202",
21,KY,"Harrison County, KY",21097,Harrison County,38.444578,-84.334131,,18629,5,7976,3,4,40503,"104,346","10,400",6,"8,177","56,448","120,760",6,"7,135",,,"6,039,300",324,"132,009,219","7,086",
21,KY,"Hart County, KY",21099,Hart County,37.316435,-85.8791,,18510,5,9000,3,4,40503,"114,108","11,309",6,"8,714","61,729","107,943",6,"7,387",,,"15,516,337",838,"404,319,232","21,843",
21,KY,"Henderson County, KY",21101,Henderson County,37.792542,-87.572577,,46362,7,33980,6,4,40706,"263,658","25,952",6,"20,418","142,631","438,549",9,"18,914",,,"22,581,376",487,"498,193,700","10,746",
21,KY,"Henry County, KY",21103,Henry County,38.451585,-85.11989,,15528,4,4395,1,4,40401,"93,543","9,343",6,"6,636","50,604","144,908",9,"5,996",,,"10,815,143",696,"278,993,818","17,967",
21,KY,"Hickman County, KY",21105,Hickman County,36.675896,-88.972084,,4691,1,1803,1,4,40101,"29,491","2,953",6,"2,331","15,954","32,709",7,"1,856",,,"2,299,642",490,"49,073,353","10,461",
21,KY,"Hopkins County, KY",21107,Hopkins County,37.31107,-87.542196,,46359,7,28732,6,4,40706,"262,159","26,013",6,"21,190","141,820","486,342",10,"18,394",,,"22,928,659",495,"542,692,122","11,706",
21,KY,"Jackson County, KY",21109,Jackson County,37.403458,-84.020576,,13357,4,1467,1,4,40401,"82,342","9,693",6,"6,489","44,545","36,796",3,"5,546",,,"4,235,282",317,"90,404,904","6,768",
21,KY,"Jefferson County, KY",21111,Jefferson County,38.189532,-85.657624,,759724,14,837669,14,4,41414,"3,633,260","378,201",5,"340,218","1,965,489","15,119,650",20,"310,355",,,"354,953,332",467,"8,367,704,436","11,014",
21,KY,"Jessamine County, KY",21113,Jessamine County,37.873291,-84.58396,,51015,7,31000,6,4,40706,"290,451","29,114",6,"19,858","157,126","350,271",7,"18,401",,,"15,276,860",299,"333,056,420","6,529",
21,KY,"Johnson County, KY",21115,Johnson County,37.84926,-82.830639,,23280,5,7765,3,4,40503,"139,875","16,458",6,"10,507","75,668","104,278",4,"8,820",,,"8,452,977",363,"181,160,541","7,782",
21,KY,"Kenton County, KY",21117,Kenton County,38.930503,-84.533438,,163393,10,107248,9,4,41009,"722,195","66,187",4,"69,253","409,959","2,265,861",14,"62,746",,,"77,847,997",476,"1,814,374,818","11,104",
21,KY,"Knott County, KY",21119,Knott County,37.359724,-82.945724,,15884,4,2756,1,4,40401,"88,995","10,599",6,"7,412","50,519","97,551",6,"6,064",,,"6,639,347",418,"144,936,772","9,125",
21,KY,"Knox County, KY",21121,Knox County,36.887476,-83.85563,,31740,6,16849,4,4,40604,"173,353","17,417",5,"14,420","93,779","170,278",5,"12,333",,,"12,294,440",387,"264,065,752","8,320",
21,KY,"Larue County, KY",21123,Larue County,37.544462,-85.696841,,14127,4,3622,1,4,40401,"86,023","8,510",6,"6,246","46,536","66,997",5,"5,485",,,"6,957,722",493,"166,036,981","11,753",
21,KY,"Laurel County, KY",21125,Laurel County,37.113268,-84.119395,,59950,8,47870,7,4,40807,"391,450","40,141",7,"25,336","211,763","179,208",3,"23,029",,,"36,291,094",605,"872,182,914","14,549",
21,KY,"Lawrence County, KY",21127,Lawrence County,38.074457,-82.738302,,15870,4,4797,1,4,40401,"93,409","11,145",6,"7,236","50,532","90,898",6,"6,142",,,"8,081,902",509,"173,320,289","10,921",
21,KY,"Lee County, KY",21129,Lee County,37.608116,-83.719248,,6896,2,2528,1,4,40201,"41,778","4,217",6,"3,425","22,601","19,796",3,"2,821",,,"2,699,345",391,"58,079,896","8,422",
21,KY,"Leslie County, KY",21131,Leslie County,37.087846,-83.388617,,10869,3,2212,1,4,40301,"66,036","7,633",6,"5,244","37,486","31,946",3,"4,074",,,"5,071,918",467,"107,549,183","9,895",
21,KY,"Letcher County, KY",21133,Letcher County,37.118536,-82.861251,,23382,5,6814,2,4,40502,"164,090","19,350",7,"11,532","93,147","68,399",3,"10,017",,,"8,992,902",385,"191,013,968","8,169",
21,KY,"Lewis County, KY",21135,Lewis County,38.552152,-83.376774,,13646,4,2761,1,4,40401,"70,646","7,899",5,"6,453","38,217","55,194",4,"5,431",,,"5,517,151",404,"119,400,232","8,750",
21,KY,"Lincoln County, KY",21137,Lincoln County,37.457174,-84.658335,,24424,5,5566,2,4,40502,"152,734","15,235",6,"10,808","82,625","105,939",4,"9,721",,,"8,613,651",353,"185,414,342","7,591",
21,KY,"Livingston County, KY",21139,Livingston County,37.209517,-88.363426,,9353,3,3783,1,4,40301,"56,241","6,110",6,"4,797","30,425","36,168",4,"3,880",,,"5,789,874",619,"138,481,514","14,806",
21,KY,"Logan County, KY",21141,Logan County,36.859829,-86.881436,,26757,6,13403,4,4,40604,"158,221","17,188",6,"12,265","85,593","197,030",7,"10,682",,,"11,608,654",434,"248,117,700","9,273",
21,KY,"Lyon County, KY",21143,Lyon County,37.023976,-88.083391,,8325,3,2473,1,4,40301,"50,543","5,078",6,"4,797","27,342","45,713",5,"3,326",,,"12,319,208","1,480","321,656,772","38,637",
21,KY,"McCracken County, KY",21145,McCracken County,37.053683,-88.712366,,65292,8,68493,8,4,40808,"365,186","43,569",6,"31,392","197,555","841,801",13,"27,950",,,"33,259,816",509,"763,012,668","11,686",
21,KY,"McCreary County, KY",21147,McCreary County,36.731136,-84.491052,,17850,5,2961,1,4,40501,"91,254","9,134",5,"7,409","49,366","38,563",2,"6,252",,,"5,186,324",291,"110,508,444","6,191",
21,KY,"McLean County, KY",21149,McLean County,37.526707,-87.265597,,9492,3,2323,1,4,40301,"58,479","5,826",6,"4,240","31,635","61,217",6,"3,751",,,"3,912,312",412,"83,775,978","8,826",
21,KY,"Madison County, KY",21151,Madison County,37.723592,-84.276998,,87324,9,45409,7,4,40907,"467,003","47,468",5,"35,678","252,635","324,933",4,"32,409",,,"44,236,825",507,"1,061,369,991","12,154",
21,KY,"Magoffin County, KY",21153,Magoffin County,37.698953,-83.069716,,12887,4,2135,1,4,40401,"77,529","9,191",6,"5,912","41,941","63,524",5,"5,027",,,"5,494,723",426,"117,305,548","9,103",
21,KY,"Marion County, KY",21155,Marion County,37.552604,-85.268959,,19497,5,15664,4,4,40504,"107,990","10,698",6,"8,182","58,420","106,959",5,"7,438",,,"6,719,078",345,"145,827,184","7,479",
21,KY,"Marshall County, KY",21157,Marshall County,36.882017,-88.332752,,31213,6,18563,5,4,40605,"193,319","22,179",6,"15,868","104,580","320,213",10,"12,856",,,"20,419,147",654,"475,788,730","15,243",
21,KY,"Martin County, KY",21159,Martin County,37.796774,-82.506623,,12478,4,3204,1,4,40401,"67,428","8,021",5,"5,125","38,276","64,117",5,"4,295",,,"3,574,966",287,"76,658,138","6,143",
21,KY,"Mason County, KY",21161,Mason County,38.594137,-83.828125,,17229,5,13612,4,4,40504,"99,469","9,846",6,"8,116","53,810","156,272",9,"6,804",,,"8,856,959",514,"191,861,331","11,136",
21,KY,"Meade County, KY",21163,Meade County,37.967476,-86.200863,,28751,6,6807,2,4,40602,"144,875","15,139",5,"12,123","78,373","119,426",4,"10,631",,,"10,126,768",352,"220,500,200","7,669",
21,KY,"Menifee County, KY",21165,Menifee County,37.950665,-83.597515,,6345,2,870,1,4,40201,"31,818","3,509",5,"3,839","17,213","25,719",4,"2,521",,,"2,419,996",381,"51,634,614","8,138",
21,KY,"Mercer County, KY",21167,Mercer County,37.812085,-84.879694,,21411,5,10543,3,4,40503,"135,514","13,495",6,"10,015","73,309","181,881",8,"8,813",,,"8,250,434",385,"179,620,867","8,389",
21,KY,"Metcalfe County, KY",21169,Metcalfe County,36.992515,-85.633598,,9983,3,2268,1,4,40301,"51,570","5,318",5,"4,662","27,898","71,611",7,"3,922",,,"4,625,882",463,"99,544,840","9,971",
21,KY,"Monroe County, KY",21171,Monroe County,36.714077,-85.713508,,10692,3,4957,1,4,40301,"60,272","6,470",6,"5,182","32,605","62,322",6,"4,421",,,"3,240,299",303,"70,214,754","6,567",
21,KY,"Montgomery County, KY",21173,Montgomery County,38.038138,-83.912337,,27391,6,19807,5,4,40605,"156,533","15,542",6,"11,710","84,680","166,719",6,"10,212",,,"13,198,320",482,"314,268,898","11,473",
21,KY,"Morgan County, KY",21175,Morgan County,37.92294,-83.258944,,13379,4,3521,1,4,40401,"62,943","7,185",5,"5,847","34,051","47,036",4,"4,946",,,"5,174,659",387,"111,236,846","8,314",
21,KY,"Muhlenberg County, KY",21177,Muhlenberg County,37.213816,-87.134092,,31216,6,12652,4,4,40604,"173,415","17,231",6,"13,611","93,813","247,248",8,"11,510",,,"14,401,412",461,"307,934,336","9,865",
21,KY,"Nelson County, KY",21179,Nelson County,37.803188,-85.465955,,44875,7,30443,6,4,40706,"277,958","26,952",6,"18,498","150,367","199,377",4,"17,236",,,"21,164,041",472,"462,167,493","10,299",
21,KY,"Nicholas County, KY",21181,Nicholas County,38.337132,-84.025554,,7062,2,839,1,4,40201,"41,971","4,193",6,"3,232","22,705","42,155",6,"2,758",,,"2,567,106",364,"56,547,481","8,007",
21,KY,"Ohio County, KY",21183,Ohio County,37.477859,-86.844871,,24152,5,13895,4,4,40504,"137,505","13,984",6,"10,193","74,386","149,972",6,"8,930",,,"15,405,626",638,"328,577,243","13,605",
21,KY,"Oldham County, KY",21185,Oldham County,38.400127,-85.456152,,63876,8,25853,6,4,40806,"315,052","32,486",5,"21,209","170,434","821,500",13,"20,148",,,"24,555,145",384,"610,617,971","9,559",
21,KY,"Owen County, KY",21187,Owen County,38.499394,-84.84159,,10673,3,2331,1,4,40301,"60,187","6,015",6,"5,612","32,560","30,107",3,"3,946",,,"3,656,505",343,"80,392,115","7,532",
21,KY,"Owsley County, KY",21189,Owsley County,37.423614,-83.691628,,4552,1,724,1,4,40101,"23,870","2,819",5,"2,161","12,913","10,714",2,"1,681",,,"1,647,642",362,"35,493,589","7,797",
21,KY,"Pendleton County, KY",21191,Pendleton County,38.696284,-84.351944,,14509,4,3179,1,4,40401,"76,346","7,729",5,"6,296","41,301","105,165",7,"5,296",,,"3,938,740",271,"87,153,027","6,007",
21,KY,"Perry County, KY",21193,Perry County,37.241282,-83.217772,,27818,6,17995,5,4,40605,"174,875","20,873",6,"12,745","99,269","129,415",5,"11,073",,,"12,865,621",462,"276,431,488","9,937",
21,KY,"Pike County, KY",21195,Pike County,37.486031,-82.410913,,62791,8,33753,6,4,40806,"436,227","52,021",7,"30,214","247,627","259,706",4,"25,861",,,"27,729,333",442,"600,183,404","9,558",
21,KY,"Powell County, KY",21197,Powell County,37.800629,-83.820015,,12387,4,3074,1,4,40401,"59,807","6,930",5,"5,566","32,354","73,338",6,"4,794",,,"7,694,517",621,"166,127,114","13,411",
21,KY,"Pulaski County, KY",21199,Pulaski County,37.108312,-84.579986,,63772,8,41538,7,4,40807,"381,963","38,371",6,"31,069","206,631","181,401",3,"25,567",,,"28,255,739",443,"613,456,539","9,620",
21,KY,"Robertson County, KY",21201,Robertson County,38.513473,-84.06423,,2191,1,252,1,4,40101,"13,921","1,391",6,"1,143","7,531","16,008",7,961,,,"674,451",308,"14,622,597","6,674",
21,KY,"Rockcastle County, KY",21203,Rockcastle County,37.36105,-84.314368,,16893,5,4835,1,4,40501,"109,221","11,351",6,"7,671","59,085","31,662",2,"6,488",,,"18,323,345","1,085","491,439,920","29,091",
21,KY,"Rowan County, KY",21205,Rowan County,38.20425,-83.42807,,24302,5,15517,4,4,40504,"121,972","13,033",5,"10,089","65,983","129,501",5,"8,473",,,"13,550,452",558,"324,499,391","13,353",
21,KY,"Russell County, KY",21207,Russell County,36.990605,-85.054874,,17684,5,8785,3,4,40503,"103,215","10,407",6,"9,909","55,836","49,102",3,"7,081",,,"6,248,994",353,"134,809,646","7,623",
21,KY,"Scott County, KY",21209,Scott County,38.289882,-84.579376,,51348,7,45032,7,4,40707,"290,075","28,834",6,"20,438","156,922","285,839",6,"18,913",,,"31,519,957",614,"805,832,089","15,694",
21,KY,"Shelby County, KY",21211,Shelby County,38.239028,-85.228266,,44967,7,35852,6,4,40706,"238,151","23,730",5,"16,981","128,833","419,506",9,"16,123",,,"29,312,850",652,"738,501,182","16,423",
21,KY,"Simpson County, KY",21213,Simpson County,36.740947,-86.581746,,17856,5,14350,4,4,40504,"103,188","11,014",6,"7,540","55,822","175,013",10,"6,958",,,"14,560,327",815,"363,747,078","20,371",
21,KY,"Spencer County, KY",21215,Spencer County,38.024903,-85.316765,,17798,5,2285,1,4,40501,"105,025","10,420",6,"6,898","56,815","43,749",2,"6,448",,,"4,776,257",268,"103,856,192","5,835",
21,KY,"Taylor County, KY",21217,Taylor County,37.366184,-85.327836,,25315,6,17764,5,4,40605,"131,786","13,118",5,"10,917","71,293","183,909",7,"9,745",,,"9,077,575",359,"197,033,291","7,783",
21,KY,"Todd County, KY",21219,Todd County,36.840338,-87.183642,,12465,4,3079,1,4,40401,"69,856","7,777",6,"5,265","37,790","66,671",5,"4,534",,,"5,126,830",411,"109,357,919","8,773",
21,KY,"Trigg County, KY",21221,Trigg County,36.807681,-87.858652,,14267,4,4296,1,4,40401,"95,293","10,609",7,"7,811","51,551","69,260",5,"5,977",,,"9,208,656",645,"226,796,618","15,897",
21,KY,"Trimble County, KY",21223,Trimble County,38.62004,-85.351208,,8751,3,1071,1,4,40301,"57,304","5,742",7,"3,915","31,000","70,849",8,"3,555",,,"2,947,495",337,"66,257,910","7,571",
21,KY,"Union County, KY",21225,Union County,37.658029,-87.95165,,15065,4,7050,2,4,40402,"81,631","8,132",5,"6,169","44,160","122,351",8,"5,565",,,"5,432,970",361,"116,711,337","7,747",
21,KY,"Warren County, KY",21227,Warren County,36.995634,-86.423579,,121066,9,105901,9,4,40909,"650,118","68,039",5,"49,673","351,695","1,098,550",9,"45,974",,,"64,370,598",532,"1,529,379,286","12,633",
21,KY,"Washington County, KY",21229,Washington County,37.754209,-85.175416,,12017,4,5603,2,4,40402,"69,797","6,921",6,"5,077","37,758","51,886",4,"4,490",,,"6,626,260",551,"143,614,075","11,951",
21,KY,"Wayne County, KY",21231,Wayne County,36.802011,-84.83044,,20557,5,7902,3,4,40503,"96,834","10,225",5,"10,801","52,384","71,031",3,"7,842",,,"6,834,061",332,"145,434,353","7,075",
21,KY,"Webster County, KY",21233,Webster County,37.51946,-87.68479,,13331,4,3892,1,4,40401,"78,181","7,789",6,"5,897","42,294","102,083",8,"5,136",,,"6,350,727",476,"148,625,158","11,149",
21,KY,"Whitley County, KY",21235,Whitley County,36.758024,-84.144648,,35842,6,19264,5,4,40605,"188,566","19,067",5,"15,122","102,009","204,785",6,"12,708",,,"23,523,191",656,"579,473,336","16,167",
21,KY,"Wolfe County, KY",21237,Wolfe County,37.743774,-83.495068,,7221,2,1264,1,4,40201,"33,685","3,820",5,"3,637","18,223","32,389",4,"2,899",,,"4,796,802",664,"104,017,738","14,405",
21,KY,"Woodford County, KY",21239,Woodford County,38.043103,-84.748863,,25591,6,13973,4,4,40604,"151,924","15,041",6,"10,896","82,186","199,598",8,"9,976",,,"18,595,403",727,"440,750,211","17,223",
22,LA,"Acadia Parish, LA",22001,Acadia Parish,30.291497,-92.411037,,62372,8,24002,5,2,20805,"335,207","34,655",5,"27,764","128,047","278,415",4,"22,655",,,"35,381,533",567,"900,377,019","14,436",
22,LA,"Allen Parish, LA",22003,Allen Parish,30.652744,-92.819605,,25619,6,6722,2,2,20602,"113,677","12,777",4,"10,499","43,424","83,607",3,"7,881",,,"11,559,465",451,"264,228,174","10,314",
22,LA,"Ascension Parish, LA",22005,Ascension Parish,30.206444,-90.912502,,117009,9,76406,8,2,20908,"663,271","62,595",6,"28,262","253,365","664,706",6,"40,663",,,"55,229,861",472,"1,415,557,415","12,098",
22,LA,"Assumption Parish, LA",22007,Assumption Parish,29.898853,-91.052465,,22973,5,5295,2,2,20502,"135,115","11,739",6,"13,110","51,613","108,338",5,"8,676",,,"9,787,797",426,"229,505,665","9,990",
22,LA,"Avoyelles Parish, LA",22009,Avoyelles Parish,31.088503,-91.983275,,41252,7,17654,5,2,20705,"229,434","24,026",6,"20,820","130,592","289,103",7,"15,016",,,"15,526,283",376,"359,903,521","8,725",
22,LA,"Beauregard Parish, LA",22011,Beauregard Parish,30.645018,-93.340253,,36435,6,14010,4,2,20604,"201,157","22,642",6,"16,336","76,841","91,506",3,"13,106",,,"17,414,893",478,"404,298,728","11,096",
22,LA,"Bienville Parish, LA",22013,Bienville Parish,32.340952,-93.041151,,13924,4,6463,2,3,30402,"89,948","7,815",6,"9,651","34,359","111,146",8,"5,738",,,"16,309,309","1,171","419,886,023","30,156",
22,LA,"Bossier Parish, LA",22015,Bossier Parish,32.695851,-93.616132,,124720,9,74654,8,3,30908,"659,438","63,125",5,"59,956","375,347","1,015,398",8,"47,505",,,"52,542,622",421,"1,260,395,683","10,106",
22,LA,"Caddo Parish, LA",22017,Caddo Parish,32.577195,-93.882423,,253125,11,204620,11,3,31111,"1,368,579","134,193",5,"121,011","778,985","2,745,155",11,"97,497",,,"118,686,367",469,"2,704,282,733","10,684",
22,LA,"Calcasieu Parish, LA",22019,Calcasieu Parish,30.229559,-93.358015,,197233,11,149092,10,2,21110,"1,154,563","118,633",6,"21,669","657,169","959,632",5,"76,270",,,"93,630,139",475,"2,349,776,781","11,914",
22,LA,"Caldwell Parish, LA",22021,Caldwell Parish,32.101219,-92.114231,,9997,3,3559,1,3,30301,"55,937","4,805",6,"6,277","21,367","50,418",5,"3,635",,,"6,028,007",603,"139,694,692","13,974",
22,LA,"Cameron Parish, LA",22023,Cameron Parish,29.871812,-93.164948,,6739,2,2456,1,2,20201,"47,233","4,471",7,"2,946","18,043","21,632",3,"2,653",,,"4,193,616",622,"102,350,998","15,188",
22,LA,"Catahoula Parish, LA",22025,Catahoula Parish,31.666517,-91.846703,,10145,3,2341,1,3,30301,"59,788","5,142",6,"6,123","22,839","59,210",6,"3,731",,,"6,263,683",617,"143,043,363","14,100",
22,LA,"Claiborne Parish, LA",22027,Claiborne Parish,32.827043,-92.989767,,16452,4,4765,1,3,30401,"88,675","7,628",5,"9,681","33,873","119,585",7,"5,828",,,"9,586,436",583,"215,537,215","13,101",
22,LA,"Concordia Parish, LA",22029,Concordia Parish,31.469805,-91.626314,,20288,5,7773,3,3,30503,"116,276","9,997",6,"11,777","44,417","150,878",7,"7,579",,,"10,707,498",528,"241,208,029","11,889",
22,LA,"De Soto Parish, LA",22031,De Soto Parish,32.059248,-93.740797,,27047,6,8684,3,3,30603,"155,944","16,643",6,"13,344","88,762","178,181",7,"10,259",,,"26,107,211",965,"653,502,732","24,162",
22,LA,"East Baton Rouge Parish, LA",22033,East Baton Rouge Parish,30.54393,-91.093131,,445337,13,492300,13,2,21313,"2,642,258","254,162",6,"88,289","1,009,326","2,903,059",7,"168,561",,,"170,755,967",383,"3,934,298,399","8,834",
22,LA,"East Carroll Parish, LA",22035,East Carroll Parish,32.73017,-91.234141,,7419,2,2281,1,3,30201,"33,874","2,910",5,"3,840","12,939","55,673",8,"2,557",,,"3,484,612",470,"78,278,448","10,551",
22,LA,"East Feliciana Parish, LA",22037,East Feliciana Parish,30.839784,-91.043434,,19756,5,6594,2,2,20502,"120,035","11,667",6,"3,123","45,853","97,946",5,"6,822",,,"8,951,733",453,"208,811,107","10,570",
22,LA,"Evangeline Parish, LA",22039,Evangeline Parish,30.720693,-92.404086,,33765,6,12357,4,2,20604,"181,468","20,039",5,"15,930","103,290","160,692",5,"11,871",,,"13,181,925",390,"307,089,401","9,095",
22,LA,"Franklin Parish, LA",22041,Franklin Parish,32.139076,-91.672371,,20464,5,7051,2,3,30502,"112,657","9,680",6,"11,371","43,034","112,589",6,"7,520",,,"8,732,007",427,"197,377,245","9,645",
22,LA,"Grant Parish, LA",22043,Grant Parish,31.597787,-92.561716,,22372,5,2874,1,3,30501,"120,300","11,784",5,"10,713","68,474","100,630",4,"7,286",,,"9,412,087",421,"216,426,732","9,674",
22,LA,"Iberia Parish, LA",22045,Iberia Parish,29.606013,-91.842706,,73799,8,46597,7,2,20807,"405,216","44,314",5,"33,265","154,790","403,588",5,"26,185",,,"29,680,729",402,"679,000,148","9,201",
22,LA,"Iberville Parish, LA",22047,Iberville Parish,30.270628,-91.365848,,33159,6,23083,5,2,20605,"166,730","15,548",5,"10,799","63,690","250,618",8,"11,162",,,"19,909,225",600,"517,653,043","15,611",
22,LA,"Jackson Parish, LA",22049,Jackson Parish,32.30429,-92.5617,,15999,4,4691,1,3,30401,"91,286","7,852",6,"9,660","34,871","106,344",7,"6,052",,,"8,449,013",528,"189,310,152","11,833",
22,LA,"Jefferson Parish, LA",22051,Jefferson Parish,29.5033,-90.036231,,435204,13,375366,12,2,21312,"2,268,380","196,416",5,"234,906","866,507","3,105,492",7,"169,192",,,"98,690,292",227,"2,400,597,097","5,516",
22,LA,"Jefferson Davis Parish, LA",22053,Jefferson Davis Parish,30.269529,-92.816221,,31399,6,13964,4,2,20604,"181,988","18,223",6,"11,032","69,518","162,608",5,"11,554",,,"23,053,690",734,"615,103,976","19,590",
22,LA,"Lafayette Parish, LA",22055,Lafayette Parish,30.206507,-92.06417,,234963,11,254220,11,2,21111,"1,459,100","132,948",6,"106,129","557,367","1,126,271",5,"89,288",,,"91,969,146",391,"2,100,675,693","8,940",
22,LA,"Lafourche Parish, LA",22057,Lafourche Parish,29.491992,-90.394849,,97688,9,52881,7,2,20907,"547,367","47,014",6,"49,573","209,091","482,890",5,"35,961",,,"43,704,709",447,"1,019,988,507","10,441",
22,LA,"La Salle Parish, LA",22059,La Salle Parish,31.680083,-92.161596,,14927,4,6376,2,3,30402,"87,055","7,654",6,"8,215","33,254","70,048",5,"5,320",,,"7,821,588",524,"179,605,626","12,032",
22,LA,"Lincoln Parish, LA",22061,Lincoln Parish,32.601823,-92.662303,,47480,7,31532,6,3,30706,"252,053","21,633",5,"24,620","96,283","374,147",8,"17,144",,,"29,888,944",630,"735,859,402","15,498",
22,LA,"Livingston Parish, LA",22063,Livingston Parish,30.440419,-90.727474,,135925,10,44293,7,2,21007,"843,150","80,524",6,"29,318","322,078","602,344",4,"48,014",,,"55,970,192",412,"1,381,866,965","10,166",
22,LA,"Madison Parish, LA",22065,Madison Parish,32.341375,-91.242023,,11803,4,5075,2,3,30402,"54,734","4,702",5,"6,152","20,908","90,276",8,"4,080",,,"16,996,314","1,440","445,155,950","37,715",
22,LA,"Morehouse Parish, LA",22067,Morehouse Parish,32.820008,-91.800399,,26739,6,10950,3,3,30603,"150,795","12,955",6,"15,607","57,603","180,900",7,"10,273",,,"11,402,566",426,"253,671,474","9,487",
22,LA,"Natchitoches Parish, LA",22069,Natchitoches Parish,31.732551,-93.082611,,39258,7,22745,5,3,30705,"216,060","20,490",6,"23,111","82,534","239,813",6,"14,393",,,"29,646,531",755,"739,195,828","18,829",
22,LA,"Orleans Parish, LA",22071,Orleans Parish,30.05342,-89.934502,Y,382922,12,349088,12,2,21212,"2,021,284","199,762",5,"203,565","772,118","2,762,023",7,"154,844",,,"124,231,504",324,"2,777,707,017","7,254",
22,LA,"Ouachita Parish, LA",22073,Ouachita Parish,32.477664,-92.154848,,156398,10,127024,9,3,31009,"864,810","74,340",6,"82,808","330,352","1,082,814",7,"56,903",,,"64,473,775",412,"1,524,065,124","9,745",
22,LA,"Plaquemines Parish, LA",22075,Plaquemines Parish,29.402337,-89.298489,,23584,5,19980,5,2,20505,"135,081","11,706",6,"12,316","51,600","102,273",4,"8,644",,,"12,467,910",529,"293,277,649","12,435",
22,LA,"Pointe Coupee Parish, LA",22077,Pointe Coupee Parish,30.708319,-91.604621,,22366,5,8116,3,2,20503,"136,331","13,249",6,"6,981","52,078","139,455",6,"8,802",,,"13,154,681",588,"309,183,286","13,824",
22,LA,"Rapides Parish, LA",22079,Rapides Parish,31.193204,-92.535953,,132373,10,94010,9,2,21009,"774,867","85,471",6,"77,285","441,049","764,144",6,"48,154",,,"63,117,616",477,"1,461,497,576","11,041",
22,LA,"Red River Parish, LA",22081,Red River Parish,32.101213,-93.34905,,8757,3,3887,1,3,30301,"53,824","5,293",6,"4,848","30,636","62,432",7,"3,491",,,"7,538,449",861,"171,677,977","19,605",
22,LA,"Richland Parish, LA",22083,Richland Parish,32.413158,-91.748353,,20692,5,10612,3,3,30503,"114,817","9,863",6,"11,022","43,859","123,649",6,"7,581",,,"21,252,071","1,027","570,666,871","27,579",
22,LA,"Sabine Parish, LA",22085,Sabine Parish,31.560402,-93.559579,,24144,5,9262,3,3,30503,"142,887","14,277",6,"16,504","81,331","123,930",5,"8,984",,,"12,218,925",506,"275,267,804","11,401",
22,LA,"St. Bernard Parish, LA",22087,St. Bernard Parish,29.91811,-89.263494,,44091,7,16308,4,2,20704,"215,146","18,737",5,"21,061","122,460","263,189",6,"14,732",,,"9,595,672",218,"223,480,668","5,069",
22,LA,"St. Charles Parish, LA",22089,St. Charles Parish,29.905722,-90.357855,,52708,7,41582,7,2,20707,"292,503","25,125",6,"25,328","166,491","323,191",6,"18,586",,,"34,050,761",646,"896,586,201","17,010",
22,LA,"St. Helena Parish, LA",22091,St. Helena Parish,30.822539,-90.708307,,10714,3,2418,1,2,20301,"63,890","5,537",6,"6,438","24,405","35,415",3,"4,033",,,"4,985,369",465,"115,549,517","10,785",
22,LA,"St. James Parish, LA",22093,St. James Parish,30.024777,-90.793956,,21581,5,12961,4,2,20504,"124,037","10,654",6,"10,863","47,381","137,930",6,"7,952",,,"17,738,975",822,"435,674,073","20,188",
22,LA,"St. John the Baptist Parish, LA",22095,St. John the Baptist Parish,30.147307,-90.485674,,43888,7,35161,6,2,20706,"247,057","21,305",6,"21,995","94,374","188,454",4,"15,363",,,"26,767,337",610,"725,206,921","16,524",
22,LA,"St. Landry Parish, LA",22097,St. Landry Parish,30.583441,-91.989274,,83699,8,44597,7,2,20807,"471,892","50,509",6,"38,824","180,260","481,627",6,"30,467",,,"38,081,311",455,"936,059,729","11,184",
22,LA,"St. Martin Parish, LA",22099,St. Martin Parish,30.121433,-91.611481,,53385,7,23447,5,2,20705,"328,372","34,531",6,"24,390","125,436","189,625",4,"19,268",,,"33,924,982",635,"872,446,704","16,343",
22,LA,"St. Mary Parish, LA",22101,St. Mary Parish,29.629349,-91.463804,,53053,7,39191,7,2,20707,"310,559","32,257",6,"27,522","176,768","274,592",5,"20,164",,,"25,679,180",484,"573,783,776","10,815",
22,LA,"St. Tammany Parish, LA",22103,St. Tammany Parish,30.410022,-89.951962,,246269,11,158758,10,2,21110,"1,397,348","149,628",6,"109,095","533,778","1,445,189",6,"89,893",,,"102,817,516",418,"2,649,449,084","10,758",
22,LA,"Tangipahoa Parish, LA",22105,Tangipahoa Parish,30.62158,-90.406633,,127115,9,70991,8,2,20908,"742,587","64,005",6,"65,555","283,664","564,818",4,"46,068",,,"69,103,254",544,"1,797,463,552","14,140",
22,LA,"Tensas Parish, LA",22107,Tensas Parish,32.001489,-91.342576,,4793,1,884,1,3,30101,"26,205","2,254",5,"4,216","10,010","38,947",8,"1,941",,,"4,443,705",927,"100,220,481","20,910",
22,LA,"Terrebonne Parish, LA",22109,Terrebonne Parish,29.33413,-90.843674,,113099,9,95548,9,2,20909,"572,696","49,191",5,"55,697","218,767","468,150",4,"39,825",,,"40,787,016",361,"954,546,218","8,440",
22,LA,"Union Parish, LA",22111,Union Parish,32.829349,-92.37565,,22460,5,7077,2,3,30502,"122,373","10,527",5,"14,267","46,746","124,705",6,"8,194",,,"13,195,174",587,"296,756,225","13,213",
22,LA,"Vermilion Parish, LA",22113,Vermilion Parish,29.789722,-92.291568,,59524,8,20219,5,2,20805,"359,710","33,238",6,"27,766","137,407","227,440",4,"21,743",,,"18,665,352",314,"425,670,078","7,151",
22,LA,"Vernon Parish, LA",22115,Vernon Parish,31.110563,-93.18152,,52101,7,15894,4,3,30704,"277,202","29,680",5,"23,311","157,781","158,236",3,"17,789",,,"23,276,885",447,"531,568,067","10,203",
22,LA,"Washington Parish, LA",22117,Washington Parish,30.852144,-90.046253,,46367,7,19160,5,2,20705,"266,982","23,922",6,"26,570","101,985","292,188",6,"17,487",,,"17,510,924",378,"396,482,705","8,551",
22,LA,"Webster Parish, LA",22119,Webster Parish,32.732152,-93.339825,,40335,7,20172,5,3,30705,"215,947","18,798",5,"24,252","82,490","410,408",10,"15,806",,,"25,765,996",639,"632,386,233","15,678",
22,LA,"West Baton Rouge Parish, LA",22121,West Baton Rouge Parish,30.464052,-91.309808,,25017,5,23545,5,2,20505,"143,966","14,275",6,"3,849","54,994","210,256",8,"9,253",,,"29,607,461","1,183","767,347,609","30,673",
22,LA,"West Carroll Parish, LA",22123,West Carroll Parish,32.79248,-91.451998,,11370,4,3401,1,3,30401,"62,774","5,392",6,"6,337","23,979","69,612",6,"4,185",,,"4,691,602",413,"108,479,154","9,541",
22,LA,"West Feliciana Parish, LA",22125,West Feliciana Parish,30.872701,-91.421008,,15384,4,5119,2,2,20402,"67,702","6,560",4,"2,205","25,862","43,290",3,"3,879",,,"6,755,868",439,"158,592,735","10,309",
22,LA,"Winn Parish, LA",22127,Winn Parish,31.941187,-92.641269,,14695,4,8175,3,3,30403,"90,305","8,086",6,"9,029","34,496","83,971",6,"5,440",,,"10,346,738",704,"236,293,000","16,080",
23,ME,"Androscoggin County, ME",23001,Androscoggin County,44.167681,-70.207435,,107376,9,90814,9,6,60909,"288,298","44,379",3,"49,116","73,717","230,908",2,"44,747",,,"36,496,055",340,"869,548,317","8,098",
23,ME,"Aroostook County, ME",23003,Aroostook County,46.727082,-68.649426,,69405,8,42061,7,7,70807,"192,667","30,036",3,"33,216","49,264","14,878",0,"29,852",,,"37,073,443",534,"886,156,882","12,768",
23,ME,"Cumberland County, ME",23005,Cumberland County,43.808348,-70.330375,,288204,11,339594,12,6,61112,"731,175","112,554",3,"140,300","186,960","1,042,144",4,"117,871",,,"125,633,036",436,"3,195,688,131","11,088",
23,ME,"Franklin County, ME",23007,Franklin County,44.973012,-70.444727,,30270,6,17464,5,6,60605,"80,222","12,349",3,"21,811","20,512","14,082",0,"11,684",,,"16,114,215",532,"368,417,014","12,171",
23,ME,"Hancock County, ME",23009,Hancock County,44.564906,-68.370703,,54483,7,33101,6,6,60706,"144,476","24,950",3,"40,454","36,942","130,094",2,"23,748",,,"27,428,886",503,"638,250,046","11,715",
23,ME,"Kennebec County, ME",23011,Kennebec County,44.417012,-69.765764,,120953,9,94605,9,6,60909,"338,267","52,071",3,"61,449","86,494","125,122",1,"50,829",,,"55,593,329",460,"1,401,575,474","11,588",
23,ME,"Knox County, ME",23013,Knox County,44.042045,-69.038514,,39717,7,29006,6,6,60706,"109,090","17,239",3,"23,323","27,894","9,787",0,"16,813",,,"12,541,152",316,"288,581,711","7,266",
23,ME,"Lincoln County, ME",23015,Lincoln County,43.994263,-69.514038,,34165,6,17555,5,6,60605,"101,855","15,679",3,"23,581","26,044","38,872",1,"15,021",,,"13,481,693",395,"310,243,683","9,081",
23,ME,"Oxford County, ME",23017,Oxford County,44.4945,-70.734421,,57299,8,28404,6,6,60806,"143,416","22,077",3,"36,200","36,671","14,537",0,"20,723",,,"21,269,823",371,"487,867,475","8,514",
23,ME,"Penobscot County, ME",23019,Penobscot County,45.409279,-68.666598,,152978,10,115244,9,6,61009,"386,648","66,458",3,"74,275","98,865","513,921",3,"61,787",,,"67,948,601",444,"1,739,702,953","11,372",
23,ME,"Piscataquis County, ME",23021,Piscataquis County,45.917685,-69.104536,,17044,5,9010,3,6,60503,"50,356","7,968",3,"15,291","12,876","1,759",0,"7,572",,,"16,500,535",968,"385,669,530","22,628",
23,ME,"Sagadahoc County, ME",23023,Sagadahoc County,43.916645,-69.844326,,35134,6,21845,5,6,60605,"105,319","16,212",3,"18,418","26,930","54,434",2,"15,613",,,"17,070,450",486,"436,977,038","12,437",
23,ME,"Somerset County, ME",23025,Somerset County,45.507482,-69.97604,,51363,7,26987,6,6,60706,"150,384","23,151",3,"30,466","38,453","46,607",1,"21,376",,,"31,351,526",610,"752,833,574","14,657",
23,ME,"Waldo County, ME",23027,Waldo County,44.505834,-69.138952,,39071,7,18343,5,6,60705,"113,092","17,461",3,"21,853","28,917","35,353",1,"16,820",,,"14,554,278",373,"337,375,977","8,635",
23,ME,"Washington County, ME",23029,Washington County,44.967009,-67.609354,,31925,6,14113,4,6,60604,"80,411","14,287",3,"23,067","20,561","4,919",0,"14,065",,,"20,592,399",645,"484,608,968","15,180",
23,ME,"York County, ME",23031,York County,43.426019,-70.668425,,200536,11,108336,9,6,61109,"599,138","92,188",3,"107,259","153,198","304,987",2,"82,588",,,"84,074,579",419,"2,154,623,228","10,744",
24,MD,"Allegany County, MD",24001,Allegany County,39.612313,-78.703104,,73060,8,49259,7,4,40807,"321,313","36,449",4,"31,190","182,396","975,256",13,"28,167",,,"37,252,723",510,"876,060,051","11,991",
24,MD,"Anne Arundel County, MD",24003,Anne Arundel County,38.993579,-76.56048,,559737,13,473758,13,4,41313,"2,678,948","397,690",5,"206,068","926,081","4,918,708",9,"204,829",,,"255,353,561",456,"5,924,809,537","10,585",
24,MD,"Baltimore County, MD",24005,Baltimore County,39.443167,-76.616569,,825666,14,647878,13,4,41413,"3,329,090","494,271",4,"316,520","1,150,828","12,074,308",15,"312,826",,,"365,022,997",442,"8,851,284,047","10,720",
24,MD,"Calvert County, MD",24009,Calvert County,38.522611,-76.529493,,90527,9,36584,6,4,40906,"486,559","66,969",5,"33,977","168,198","356,705",4,"31,479",,,"30,581,123",338,"671,467,783","7,417",
24,MD,"Caroline County, MD",24011,Caroline County,38.871531,-75.831662,,32653,6,13758,4,4,40604,"159,738","23,675",5,"12,999","55,220","48,690",1,"12,010",,,"15,876,269",486,"346,313,889","10,606",
24,MD,"Carroll County, MD",24013,Carroll County,39.563301,-77.015368,,167535,10,101065,9,4,41009,"815,678","116,086",5,"59,281","281,970","912,211",5,"60,449",,,"57,505,144",343,"1,268,711,784","7,573",
24,MD,"Cecil County, MD",24015,Cecil County,39.562354,-75.941585,,102175,9,49333,7,4,40907,"449,006","67,695",4,"40,626","155,216","213,558",2,"36,993",,,"54,057,685",529,"1,277,699,735","12,505",
24,MD,"Charles County, MD",24017,Charles County,38.472853,-77.015427,,154357,10,67407,8,4,41008,"769,591","100,914",5,"56,947","266,039","1,244,602",8,"54,105",,,"54,741,135",355,"1,196,002,189","7,748",
24,MD,"Dorchester County, MD",24019,Dorchester County,38.429196,-76.047433,,32451,6,19211,5,4,40605,"161,803","24,026",5,"16,051","55,933","65,975",2,"13,206",,,"17,650,062",544,"382,976,263","11,802",
24,MD,"Frederick County, MD",24021,Frederick County,39.470429,-77.397624,,243465,11,179378,10,4,41110,"1,257,674","142,669",5,"87,946","713,928","2,070,394",9,"88,995",,,"137,628,684",565,"3,211,354,186","13,190",
24,MD,"Garrett County, MD",24023,Garrett County,39.547299,-79.274619,,29677,6,19468,5,5,50605,"143,085","16,231",5,"17,919","81,224","167,693",6,"11,644",,,"19,632,830",662,"459,666,435","15,489",
24,MD,"Harford County, MD",24025,Harford County,39.537429,-76.299789,,249776,11,141918,10,4,41110,"1,140,125","169,363",5,"92,591","394,128","2,467,669",10,"92,497",,,"106,544,019",427,"2,504,306,596","10,026",
24,MD,"Howard County, MD",24027,Howard County,39.252264,-76.924406,,308447,12,351901,12,4,41212,"1,361,816","201,622",4,"108,004","470,764","3,552,839",12,"109,872",,,"183,348,314",594,"4,344,703,567","14,086",
24,MD,"Kent County, MD",24029,Kent County,39.241279,-76.125987,,19819,5,14659,4,4,40504,"95,217","14,150",5,"10,252","32,915","22,798",1,"7,683",,,"9,266,607",468,"199,403,474","10,061",
24,MD,"Montgomery County, MD",24031,Montgomery County,39.137381,-77.203063,,1026371,15,848657,14,4,41514,"4,347,093","633,406",4,"362,025","2,467,661","16,965,571",17,"367,764",,,"357,894,498",349,"8,278,595,143","8,066",
24,MD,"Prince George's County, MD",24033,Prince George's County,38.82588,-76.847272,,897693,14,513929,13,4,41413,"3,660,443","543,642",4,"311,056","1,265,373","15,070,834",17,"306,711",,,"421,743,308",470,"9,690,050,218","10,794",
24,MD,"Queen Anne's County, MD",24035,Queen Anne's County,39.040693,-76.082405,,48712,7,23546,5,4,40705,"250,553","37,460",5,"19,947","86,613","78,210",2,"17,785",,,"34,627,188",711,"766,825,657","15,742",
24,MD,"St. Mary's County, MD",24037,St. Mary's County,38.220289,-76.530384,,110675,9,59544,8,4,40908,"543,307","71,242",5,"42,480","187,815","463,099",4,"38,978",,,"35,950,400",325,"784,878,217","7,092",
24,MD,"Somerset County, MD",24039,Somerset County,38.07445,-75.853323,,25899,6,7772,3,4,40603,"101,144","14,991",4,"10,807","34,964","29,535",1,"8,328",,,"11,161,282",431,"239,858,415","9,261",
24,MD,"Talbot County, MD",24041,Talbot County,38.748352,-76.17848,,37668,6,34424,6,4,40606,"207,295","30,390",6,"19,328","71,659","232,075",6,"16,481",,,"26,617,034",707,"576,773,036","15,312",
24,MD,"Washington County, MD",24043,Washington County,39.603621,-77.814671,,149571,10,120424,9,4,41009,"743,152","82,207",5,"57,474","421,856","870,444",6,"56,094",,,"80,312,193",537,"1,945,503,580","13,007",
24,MD,"Wicomico County, MD",24045,Wicomico County,38.367375,-75.632089,,101527,9,72590,8,4,40908,"456,159","67,944",4,"40,282","157,689","227,054",2,"37,170",,,"46,091,278",454,"993,585,261","9,786",
24,MD,"Worcester County, MD",24047,Worcester County,38.222133,-75.309931,,51441,7,36314,6,4,40706,"256,183","37,979",5,"53,653","88,559","127,947",2,"21,010",,,"34,055,566",662,"727,957,651","14,151",
24,MD,"Baltimore city, MD",24510,Baltimore city,39.300032,-76.610476,,621000,13,587677,13,4,41313,"2,292,197","340,323",4,"278,853","792,386","12,932,794",21,"242,416",,,"206,485,100",333,"4,525,773,285","7,288",
25,MA,"Barnstable County, MA",25001,Barnstable County,41.799014,-70.21188,,214703,11,153308,10,5,51110,"713,517","148,827",3,"158,185","182,445","4,388,025",20,"94,351",,,"138,735,594",646,"3,171,487,421","14,772",
25,MA,"Berkshire County, MA",25003,Berkshire County,42.375314,-73.213948,,128563,10,106616,9,5,51009,"373,062","71,039",3,"66,933","95,391","2,050,045",16,"54,854",,,"61,585,152",479,"1,449,164,026","11,272",
25,MA,"Bristol County, MA",25005,Bristol County,41.746863,-71.090509,,554868,13,403928,12,5,51312,"1,473,178","282,048",3,"226,954","376,688","9,778,916",18,"212,933",,,"213,234,016",384,"5,053,212,944","9,107",
25,MA,"Dukes County, MA",25007,Dukes County,41.38097,-70.701499,,17137,5,11330,4,5,50504,"52,163","10,880",3,"17,162","13,338", -   , -   ,"6,134",,,"8,980,500",524,"198,501,367","11,583",
25,MA,"Essex County, MA",25009,Essex County,42.642711,-70.865107,,769362,14,577774,13,5,51413,"2,029,842","385,805",3,"302,172","519,026","14,739,093",19,"288,291",,,"287,588,314",374,"6,762,011,754","8,789",
25,MA,"Franklin County, MA",25011,Franklin County,42.584504,-72.591792,,70916,8,40463,7,5,50807,"220,493","41,889",3,"32,966","56,380","582,134",8,"30,389",,,"39,374,050",555,"932,654,701","13,152",
25,MA,"Hampden County, MA",25013,Hampden County,42.136198,-72.635648,,468072,13,341719,12,5,51312,"1,370,299","244,656",3,"187,937","350,382","8,128,831",17,"177,153",,,"185,308,095",396,"4,359,493,282","9,314",
25,MA,"Hampshire County, MA",25015,Hampshire County,42.339459,-72.663694,,161035,10,124712,9,5,51009,"433,636","80,297",3,"61,573","110,880","1,563,167",10,"58,448",,,"54,892,793",341,"1,288,962,242","8,004",
25,MA,"Middlesex County, MA",25017,Middlesex County,42.481711,-71.394917,,1567610,16,1775554,16,5,51616,"4,014,211","801,341",3,"607,409","1,026,424","29,605,916",19,"587,735",,,"608,544,863",388,"14,357,819,741","9,159",
25,MA,"Nantucket County, MA",25019,Nantucket County,41.305878,-70.14191,Y,10694,3,9360,3,5,50303,"35,925","7,170",3,"11,659","9,186","52,688",5,"3,836",,,"4,600,735",430,"97,912,124","9,156",
25,MA,"Norfolk County, MA",25021,Norfolk County,42.17175,-71.181115,,691218,14,695818,14,5,51414,"1,865,160","373,144",3,"267,453","476,917","12,712,443",18,"260,061",,,"307,031,586",444,"7,213,928,059","10,437",
25,MA,"Plymouth County, MA",25023,Plymouth County,41.987196,-70.741942,,506657,13,334726,12,5,51312,"1,470,850","291,464",3,"199,444","376,093","8,245,722",16,"182,252",,,"207,982,756",411,"4,814,651,831","9,503",
25,MA,"Suffolk County, MA",25025,Suffolk County,42.33196,-71.020173,Y,767719,14,1224755,15,5,51415,"1,572,552","325,435",2,"317,473","402,098","13,652,624",18,"299,658",,,"160,786,747",209,"3,807,234,992","4,959",
25,MA,"Worcester County, MA",25027,Worcester County,42.311693,-71.940282,,813589,14,601680,13,5,51413,"2,377,043","459,389",3,"322,264","607,804","9,226,185",11,"302,794",,,"387,868,800",477,"9,153,375,515","11,251",
26,MI,"Alcona County, MI",26001,Alcona County,44.682535,-82.83408,,10461,3,2354,1,6,60301,"36,002","5,546",3,"10,737","20,885","159,940",15,"4,973",,,"5,257,243",503,"115,425,262","11,034",
26,MI,"Alger County, MI",26003,Alger County,47.080077,-86.564108,,9396,3,3322,1,6,60301,"17,722","4,091",2,"5,562","13,499","165,437",18,"3,433",,,"8,123,493",865,"179,530,372","19,107",
26,MI,"Allegan County, MI",26005,Allegan County,42.595787,-86.634745,,113666,9,71211,8,5,50908,"357,141","54,851",3,"50,259","207,176","1,837,222",16,"42,097",,,"59,590,320",524,"1,359,742,349","11,963",
26,MI,"Alpena County, MI",26007,Alpena County,44.894954,-83.426574,,28929,6,20418,5,6,60605,"77,240","11,746",3,"15,547","44,807","221,834",8,"12,670",,,"12,142,415",420,"268,186,819","9,271",
26,MI,"Antrim County, MI",26009,Antrim County,45.005455,-85.175639,,23215,5,7366,2,6,60502,"80,564","12,384",3,"17,359","46,735","561,068",24,"9,841",,,"13,106,075",565,"286,692,249","12,349",
26,MI,"Arenac County, MI",26011,Arenac County,44.036833,-83.740675,,15327,4,6220,2,6,60402,"53,625","8,258",3,"9,492","31,107","251,307",16,"6,514",,,"12,343,141",805,"288,333,066","18,812",
26,MI,"Baraga County, MI",26013,Baraga County,46.695859,-88.36181,,8612,3,3299,1,7,70301,"16,799","3,451",2,"4,404","12,796","144,542",17,"2,962",,,"5,906,438",686,"130,959,866","15,207",
26,MI,"Barry County, MI",26015,Barry County,42.582811,-85.31455,,59316,8,20706,5,5,50805,"200,826","30,873",3,"26,349","116,499","961,154",16,"22,858",,,"18,861,697",318,"417,454,275","7,038",
26,MI,"Bay County, MI",26017,Bay County,43.699711,-83.978701,,106107,9,61531,8,5,50908,"350,699","52,786",3,"46,756","203,440","3,020,786",28,"43,714",,,"49,011,195",462,"1,141,101,235","10,754",
26,MI,"Benzie County, MI",26019,Benzie County,44.648621,-86.494317,,17462,5,7125,2,6,60502,"56,610","8,703",3,"11,958","32,839","382,231",22,"7,169",,,"10,221,690",585,"224,469,101","12,855",
26,MI,"Berrien County, MI",26021,Berrien County,41.792639,-86.741822,,155134,10,104334,9,5,51009,"634,568","70,867",4,"74,792","360,217","2,914,480",19,"62,282",,,"84,138,179",542,"1,970,232,094","12,700",
26,MI,"Branch County, MI",26023,Branch County,41.918455,-85.066885,,43603,7,23393,5,5,50705,"134,018","20,633",3,"20,075","77,744","704,148",16,"16,118",,,"20,418,654",468,"470,361,997","10,787",
26,MI,"Calhoun County, MI",26025,Calhoun County,42.24299,-85.012385,,134691,10,105814,9,5,51009,"423,643","65,236",3,"59,048","245,754","3,342,785",25,"53,089",,,"73,581,907",546,"1,738,372,987","12,906",
26,MI,"Cass County, MI",26027,Cass County,41.916966,-86.000257,,51795,7,14981,4,5,50704,"233,272","28,712",5,"25,229","135,321","818,477",16,"20,246",,,"19,117,786",369,"424,704,390","8,200",
26,MI,"Charlevoix County, MI",26029,Charlevoix County,45.513164,-85.450392,,26172,6,16552,4,6,60604,"82,685","12,682",3,"16,949","47,965","758,478",29,"11,043",,,"12,918,384",494,"280,790,448","10,729",
26,MI,"Cheboygan County, MI",26031,Cheboygan County,45.47612,-84.495271,,25579,6,9158,3,6,60603,"80,933","12,460",3,"17,807","46,949","194,325",8,"11,185",,,"14,802,250",579,"335,962,324","13,134",
26,MI,"Chippewa County, MI",26033,Chippewa County,46.321819,-84.52063,,38330,7,17836,5,7,70705,"100,669","12,698",3,"17,878","57,146","870,783",23,"13,905",,,"16,073,304",419,"363,063,057","9,472",
26,MI,"Clare County, MI",26035,Clare County,43.991137,-84.838325,,30608,6,12166,4,6,60604,"108,572","16,697",4,"22,508","62,982","721,641",24,"12,918",,,"16,014,875",523,"352,003,112","11,500",
26,MI,"Clinton County, MI",26037,Clinton County,42.950455,-84.591695,,77245,8,32914,6,5,50806,"252,573","38,850",3,"30,147","146,517","1,565,079",20,"28,919",,,"48,217,658",624,"1,164,929,020","15,081",
26,MI,"Crawford County, MI",26039,Crawford County,44.680208,-84.611132,,13840,4,6954,2,6,60402,"45,696","7,027",3,"10,775","26,508","294,927",21,"6,064",,,"13,033,517",942,"300,980,088","21,747",
26,MI,"Delta County, MI",26041,Delta County,45.805229,-86.901938,,36570,6,24265,5,6,60605,"83,726","17,549",2,"17,035","63,775","1,277,282",35,"15,816",,,"19,216,557",525,"426,157,915","11,653",
26,MI,"Dickinson County, MI",26043,Dickinson County,46.012823,-87.866119,,25889,6,24946,5,6,60605,"74,634","11,220",3,"11,795","42,367","951,558",37,"11,175",,,"11,925,177",461,"262,632,917","10,145",
26,MI,"Eaton County, MI",26045,Eaton County,42.589614,-84.846524,,108544,9,79429,8,5,50908,"352,711","54,047",3,"45,801","204,607","2,308,479",21,"43,908",,,"53,122,329",489,"1,272,040,321","11,719",
26,MI,"Emmet County, MI",26047,Emmet County,45.590094,-84.986822,,33091,6,29418,6,6,60606,"104,503","16,070",3,"20,752","60,622","796,665",24,"14,144",,,"17,308,089",523,"378,662,970","11,443",
26,MI,"Genesee County, MI",26049,Genesee County,43.021077,-83.706372,,413090,12,239958,11,5,51211,"1,468,457","226,219",4,"186,608","851,848","12,324,685",30,"166,244",,,"167,793,785",406,"3,956,851,649","9,579",
26,MI,"Gladwin County, MI",26051,Gladwin County,43.98975,-84.389816,,25367,6,7646,3,6,60603,"88,300","13,598",3,"17,162","51,222","400,331",16,"10,838",,,"9,271,241",365,"205,590,557","8,105",
26,MI,"Gogebic County, MI",26053,Gogebic County,46.488054,-89.788314,,15650,4,8092,3,7,70403,"46,257","5,824",3,"9,056","26,173","374,889",24,"6,636",,,"7,618,075",487,"166,080,938","10,612",
26,MI,"Grand Traverse County, MI",26055,Grand Traverse County,44.718688,-85.553848,,90715,9,89729,9,6,60909,"263,432","40,454",3,"41,223","152,816","2,990,367",33,"35,708",,,"43,258,390",477,"961,881,193","10,603",
26,MI,"Gratiot County, MI",26057,Gratiot County,43.292326,-84.60469,,41676,7,20354,5,5,50705,"122,561","18,853",3,"15,790","71,097","776,487",19,"14,721",,,"21,009,226",504,"467,630,156","11,221",
26,MI,"Hillsdale County, MI",26059,Hillsdale County,41.864475,-84.642409,,46024,7,21127,5,5,50705,"155,804","23,987",3,"21,107","90,381","710,912",15,"17,775",,,"16,100,701",350,"357,223,353","7,762",
26,MI,"Houghton County, MI",26061,Houghton County,46.998431,-88.651908,,36565,6,17430,5,7,70605,"69,057","16,036",2,"15,697","52,602","711,324",19,"13,378",,,"12,693,147",347,"277,652,906","7,593",
26,MI,"Huron County, MI",26063,Huron County,43.907616,-82.857045,,32021,6,21342,5,6,60605,"110,983","17,288",3,"22,272","64,381","701,949",22,"13,885",,,"13,389,409",418,"296,222,209","9,251",
26,MI,"Ingham County, MI",26065,Ingham County,42.603534,-84.373811,,284559,11,218863,11,5,51111,"829,401","125,939",3,"119,625","481,133","6,421,920",23,"111,118",,,"114,037,551",401,"2,667,031,624","9,373",
26,MI,"Ionia County, MI",26067,Ionia County,42.94465,-85.073766,,64126,8,22228,5,5,50805,"187,229","28,795",3,"23,957","108,611","1,155,735",18,"22,293",,,"35,987,505",561,"860,908,795","13,425",
26,MI,"Iosco County, MI",26069,Iosco County,44.329482,-82.849447,,25373,6,12437,4,6,60604,"87,561","13,484",3,"19,864","50,794","841,841",33,"11,483",,,"13,362,405",527,"294,439,303","11,604",
26,MI,"Iron County, MI",26071,Iron County,46.170254,-88.540526,,11393,4,5027,2,7,70402,"29,780","5,788",3,"7,784","16,905","342,581",30,"5,401",,,"7,012,817",616,"152,318,064","13,369",
26,MI,"Isabella County, MI",26073,Isabella County,43.645233,-84.839424,,70574,8,46962,7,6,60807,"193,550","29,766",3,"27,841","112,278","1,092,270",15,"24,712",,,"30,572,925",433,"678,329,753","9,612",
26,MI,"Jackson County, MI",26075,Jackson County,42.248474,-84.420868,,159483,10,99865,9,5,51009,"528,723","81,392",3,"67,205","306,711","3,962,390",25,"60,803",,,"69,700,550",437,"1,648,430,305","10,336",
26,MI,"Kalamazoo County, MI",26077,Kalamazoo County,42.246266,-85.532854,,258605,11,214339,11,5,51111,"852,842","130,684",3,"107,670","494,731","5,896,191",23,"101,589",,,"112,025,964",433,"2,602,474,037","10,064",
26,MI,"Kalkaska County, MI",26079,Kalkaska County,44.678881,-85.088992,,17259,5,6859,2,6,60502,"56,327","8,646",3,"11,801","32,675","271,868",16,"7,031",,,"12,634,515",732,"272,874,730","15,811",
26,MI,"Kent County, MI",26081,Kent County,43.032497,-85.547446,,629352,13,716498,14,5,51314,"1,630,440","251,033",3,"242,384","945,814","20,222,120",32,"234,570",,,"274,146,502",436,"6,272,931,357","9,967",
26,MI,"Keweenaw County, MI",26083,Keweenaw County,47.681974,-88.148797,,2195,1,322,1,7,70101,"5,468","1,285",2,"2,070","4,165","30,196",14,"1,023",,,"2,320,464","1,057","50,103,542","22,826",
26,MI,"Lake County, MI",26085,Lake County,43.995187,-85.8114,,11415,4,2131,1,6,60401,"36,278","5,578",3,"14,544","21,045","129,440",11,"4,394",,,"5,291,245",464,"114,304,836","10,014",
26,MI,"Lapeer County, MI",26087,Lapeer County,43.088633,-83.224325,,88310,9,36576,6,5,50906,"303,283","47,326",3,"38,135","175,933","1,773,988",20,"32,757",,,"38,561,238",437,"899,693,090","10,188",
26,MI,"Leelanau County, MI",26089,Leelanau County,45.146182,-86.051574,,21764,5,9137,3,6,60503,"73,665","11,320",3,"14,808","42,733","612,782",28,"8,984",,,"11,162,466",513,"248,203,118","11,404",
26,MI,"Lenawee County, MI",26091,Lenawee County,41.896109,-84.07435,,98673,9,46710,7,5,50907,"321,276","49,594",3,"42,903","186,371","2,194,354",22,"37,856",,,"37,684,736",382,"846,338,677","8,577",
26,MI,"Livingston County, MI",26093,Livingston County,42.602532,-83.911718,,185841,10,103816,9,5,51009,"614,017","95,694",3,"78,611","356,189","4,967,326",27,"69,763",,,"99,304,528",534,"2,420,077,502","13,022",
26,MI,"Luce County, MI",26095,Luce County,46.940602,-85.582368,,6451,2,3029,1,7,70201,"17,295","2,182",3,"3,657","9,818","118,778",18,"2,316",,,"4,205,093",652,"91,830,590","14,235",
26,MI,"Mackinac County, MI",26097,Mackinac County,46.167868,-85.303762,,10998,3,4128,1,7,70301,"41,026","5,175",4,"9,281","23,289","173,406",16,"5,230",,,"10,683,811",971,"245,752,990","22,345",
26,MI,"Macomb County, MI",26099,Macomb County,42.671467,-82.910869,,859703,14,596730,13,5,51413,"2,549,109","397,439",3,"375,219","1,478,731","25,187,971",29,"338,893",,,"316,092,847",368,"7,318,602,833","8,513",
26,MI,"Manistee County, MI",26101,Manistee County,44.350385,-86.602967,,24465,5,11723,4,6,60504,"74,685","11,469",3,"15,248","43,324","649,322",27,"9,977",,,"12,198,730",499,"265,608,363","10,857",
26,MI,"Marquette County, MI",26103,Marquette County,46.656596,-87.584028,,67418,8,42808,7,6,60807,"133,190","29,505",2,"37,654","101,453","1,462,213",22,"26,293",,,"28,249,735",419,"623,119,376","9,243",
26,MI,"Mason County, MI",26105,Mason County,43.996636,-86.750814,,28755,6,18287,5,6,60605,"94,709","14,563",3,"16,839","54,940","718,463",25,"12,171",,,"13,870,329",482,"306,183,696","10,648",
26,MI,"Mecosta County, MI",26107,Mecosta County,43.635295,-85.332751,,43259,7,18900,5,6,60705,"121,741","18,696",3,"20,542","70,621","744,738",17,"15,528",,,"19,365,007",448,"429,765,806","9,935",
26,MI,"Menominee County, MI",26109,Menominee County,45.538237,-87.492949,,23568,5,10137,3,6,60503,"75,696","10,529",3,"11,926","42,969","479,431",20,"10,586",,,"11,877,405",504,"262,006,683","11,117",
26,MI,"Midland County, MI",26111,Midland County,43.648203,-84.379414,,83559,8,67763,8,5,50808,"288,683","44,455",3,"35,325","167,464","2,054,594",25,"33,757",,,"41,118,353",492,"910,902,967","10,901",
26,MI,"Missaukee County, MI",26113,Missaukee County,44.325424,-85.085471,,15032,4,4669,1,6,60401,"47,271","7,274",3,"8,835","27,422","208,869",14,"5,843",,,"7,365,919",490,"159,802,312","10,631",
26,MI,"Monroe County, MI",26115,Monroe County,41.916097,-83.487106,,149945,10,73479,8,5,51008,"507,341","78,854",3,"65,714","294,307","3,373,697",22,"58,516",,,"73,780,819",492,"1,770,341,104","11,807",
26,MI,"Montcalm County, MI",26117,Montcalm County,43.312782,-85.149468,,62922,8,24301,5,5,50805,"189,518","29,135",3,"27,363","109,939","1,105,300",18,"23,057",,,"27,303,846",434,"604,723,226","9,611",
26,MI,"Montmorency County, MI",26119,Montmorency County,45.024134,-84.130107,,9317,3,3071,1,6,60301,"29,195","4,489",3,"9,281","16,936","62,636",7,"4,122",,,"6,400,397",687,"138,614,404","14,878",
26,MI,"Muskegon County, MI",26121,Muskegon County,43.289258,-86.751892,,172148,10,105064,9,5,51009,"480,203","73,922",3,"71,427","278,564","5,680,412",33,"64,914",,,"68,792,783",400,"1,522,574,505","8,845",
26,MI,"Newaygo County, MI",26123,Newaygo County,43.562709,-85.791423,,47957,7,18021,5,6,60705,"158,627","24,392",3,"24,258","92,019","924,195",19,"18,394",,,"18,407,695",384,"402,789,681","8,399",
26,MI,"Oakland County, MI",26125,Oakland County,42.660452,-83.38421,,1235215,15,1385666,15,5,51515,"3,920,667","611,753",3,"561,333","2,274,367","41,156,650",33,"496,727",,,"566,825,118",459,"13,472,643,739","10,907",
26,MI,"Oceana County, MI",26127,Oceana County,43.647255,-86.807575,,26152,6,9698,3,6,60603,"87,606","13,471",3,"15,520","50,820","479,042",18,"10,043",,,"14,016,004",536,"305,728,911","11,690",
26,MI,"Ogemaw County, MI",26129,Ogemaw County,44.33328,-84.128073,,21103,5,10437,3,6,60503,"79,112","12,183",4,"15,593","45,893","461,280",22,"9,318",,,"12,939,317",613,"292,265,639","13,849",
26,MI,"Ontonagon County, MI",26131,Ontonagon County,47.216604,-89.500461,,6165,2,1763,1,7,70201,"16,601","3,443",3,"4,760","12,645","116,208",19,"2,969",,,"4,950,397",803,"109,598,020","17,777",
26,MI,"Osceola County, MI",26133,Osceola County,43.997552,-85.322283,,23172,5,11982,4,6,60504,"75,403","11,583",3,"13,202","43,741","389,960",17,"8,847",,,"15,401,075",665,"341,581,718","14,741",
26,MI,"Oscoda County, MI",26135,Oscoda County,44.687257,-84.126905,,8374,3,2769,1,6,60301,"27,039","4,159",3,"8,845","15,685","76,276",9,"3,662",,,"4,862,595",581,"105,283,067","12,573",
26,MI,"Otsego County, MI",26137,Otsego County,45.021787,-84.576603,,24198,5,17726,5,6,60505,"73,517","11,307",3,"14,391","42,647","643,336",27,"9,809",,,"15,017,624",621,"343,171,080","14,182",
26,MI,"Ottawa County, MI",26139,Ottawa County,42.942461,-86.654946,,276583,11,218371,11,5,51111,"680,438","104,615",2,"110,014","394,720","5,645,467",20,"97,687",,,"106,240,145",384,"2,467,309,941","8,921",
26,MI,"Presque Isle County, MI",26141,Presque Isle County,45.489515,-83.384019,,12955,4,4284,1,6,60401,"42,698","6,576",3,"10,121","24,769","90,856",7,"5,911",,,"6,555,602",506,"143,884,018","11,106",
26,MI,"Roscommon County, MI",26143,Roscommon County,44.339517,-84.611271,,23900,5,9409,3,6,60503,"86,697","13,351",4,"23,720","50,293","847,780",35,"11,344",,,"17,776,588",744,"403,158,277","16,869",
26,MI,"Saginaw County, MI",26145,Saginaw County,43.328267,-84.05541,,195201,11,156792,10,5,51110,"696,456","107,308",4,"84,951","404,012","5,698,914",29,"77,928",,,"91,141,890",467,"2,091,120,485","10,713",
26,MI,"St. Clair County, MI",26147,St. Clair County,42.928803,-82.668913,,160069,10,84374,8,5,51008,"511,862","79,874",3,"75,681","296,930","4,006,120",25,"64,529",,,"61,262,042",383,"1,423,271,054","8,892",
26,MI,"St. Joseph County, MI",26149,St. Joseph County,41.911488,-85.52287,,60923,8,39224,7,5,50807,"209,153","29,652",3,"26,901","121,329","1,084,363",18,"23,198",,,"22,407,314",368,"494,178,462","8,112",
26,MI,"Sanilac County, MI",26151,Sanilac County,43.449155,-82.642815,,41761,7,16662,4,6,60704,"139,040","21,659",3,"24,051","80,657","738,552",18,"16,881",,,"17,814,801",427,"396,088,728","9,485",
26,MI,"Schoolcraft County, MI",26153,Schoolcraft County,46.021122,-86.197029,,8186,3,3659,1,7,70301,"21,686","3,601",3,"5,327","12,310","150,473",18,"3,318",,,"7,844,746",958,"174,297,016","21,292",
26,MI,"Shiawassee County, MI",26155,Shiawassee County,42.951545,-84.146352,,68800,8,26511,6,5,50806,"259,531","39,992",4,"29,475","150,553","1,486,163",22,"27,480",,,"32,217,305",468,"761,443,034","11,067",
26,MI,"Tuscola County, MI",26157,Tuscola County,43.487902,-83.436618,,54014,7,17232,5,5,50705,"180,040","28,049",3,"25,530","104,440","861,663",16,"21,459",,,"20,205,937",374,"446,648,080","8,269",
26,MI,"Van Buren County, MI",26159,Van Buren County,42.28215,-86.306076,,75216,8,32837,6,5,50806,"256,638","38,689",3,"37,475","148,875","1,198,469",16,"28,623",,,"43,100,747",573,"1,013,291,719","13,472",
26,MI,"Washtenaw County, MI",26161,Washtenaw County,42.252327,-83.844634,,358082,12,300270,12,5,51212,"1,136,810","177,231",3,"156,637","659,460","10,720,599",30,"138,672",,,"165,574,700",462,"4,031,258,048","11,258",
26,MI,"Wayne County, MI",26163,Wayne County,42.284664,-83.261953,,1767593,16,1267940,15,5,51615,"5,500,240","852,312",3,"759,759","3,190,673","80,083,169",45,"669,412",,,"721,556,810",408,"16,596,172,291","9,389",
26,MI,"Wexford County, MI",26165,Wexford County,44.331375,-85.570046,,32829,6,24283,5,6,60605,"98,931","15,219",3,"16,242","57,390","785,829",24,"12,975",,,"19,267,721",587,"421,808,210","12,849",
27,MN,"Aitkin County, MN",27001,Aitkin County,46.602446,-93.41976,,15722,4,6244,2,7,70402,"70,875","10,027",5,"15,553","40,102","135,223",9,"7,640",,,"9,216,661",586,"227,383,218","14,463",
27,MN,"Anoka County, MN",27003,Anoka County,45.27411,-93.242723,,341249,12,227544,11,6,61211,"1,023,300","135,595",3,"123,954","579,006","8,866,014",26,"125,260",,,"105,268,581",308,"2,428,869,831","7,118",
27,MN,"Becker County, MN",27005,Becker County,46.937629,-95.741757,,33375,6,21475,5,7,70605,"167,053","19,096",5,"19,079","94,522","379,626",11,"13,495",,,"22,784,342",683,"541,985,218","16,239",
27,MN,"Beltrami County, MN",27007,Beltrami County,47.879508,-95.00505,,45644,7,28979,6,7,70706,"225,109","27,790",5,"19,980","127,372","460,282",10,"16,906",,,"17,659,809",387,"430,786,908","9,438",
27,MN,"Benton County, MN",27009,Benton County,45.701225,-94.00144,,39457,7,30319,6,6,60706,"145,686","19,149",4,"15,820","82,432","674,803",17,"15,726",,,"18,616,671",472,"442,302,819","11,210",
27,MN,"Big Stone County, MN",27011,Big Stone County,45.419925,-96.402226,,5098,2,3252,1,6,60201,"23,974","2,483",5,"3,000","13,565","59,473",12,"2,226",,,"3,093,893",607,"77,015,818","15,107",
27,MN,"Blue Earth County, MN",27013,Blue Earth County,44.03371,-94.064012,,65524,8,73866,8,6,60808,"204,269","26,885",3,"26,027","115,580","1,304,891",20,"25,081",,,"29,337,253",448,"698,746,073","10,664",
27,MN,"Brown County, MN",27015,Brown County,44.246541,-94.733647,,25327,6,26166,6,6,60606,"122,764","15,503",5,"11,090","69,463","511,870",20,"10,641",,,"9,242,190",365,"223,357,391","8,819",
27,MN,"Carlton County, MN",27017,Carlton County,46.603818,-92.671044,,35482,6,15998,4,7,70604,"122,012","14,466",3,"15,120","69,037","461,355",13,"13,289",,,"21,740,048",613,"590,818,409","16,651",
27,MN,"Carver County, MN",27019,Carver County,44.82132,-93.800091,,97143,9,78664,8,6,60908,"315,465","41,309",3,"39,935","178,497","2,174,407",22,"34,990",,,"35,684,013",367,"820,977,637","8,451",
27,MN,"Cass County, MN",27021,Cass County,46.951745,-94.333705,,28633,6,13895,4,7,70604,"139,164","16,315",5,"24,077","78,742","295,252",10,"12,806",,,"17,972,852",628,"437,409,941","15,276",
27,MN,"Chippewa County, MN",27023,Chippewa County,45.028625,-95.564108,,12126,4,10011,3,6,60403,"52,390","6,867",4,"5,486","29,643","158,310",13,"4,997",,,"6,424,027",530,"154,021,279","12,702",
27,MN,"Chisago County, MN",27025,Chisago County,45.505444,-92.903849,,54041,7,27127,6,6,60706,"199,312","26,914",4,"20,499","112,775","1,103,906",20,"19,790",,,"30,866,824",571,"787,706,559","14,576",
27,MN,"Clay County, MN",27027,Clay County,46.898377,-96.494901,,61402,8,33602,6,7,70806,"266,796","32,989",4,"24,024","150,959","840,169",14,"23,034",,,"38,201,268",622,"965,034,809","15,717",
27,MN,"Clearwater County, MN",27029,Clearwater County,47.575873,-95.371117,,8764,3,4407,1,7,70301,"45,796","5,573",5,"4,573","25,912","43,847",5,"3,435",,,"5,262,463",600,"133,205,701","15,199",
27,MN,"Cook County, MN",27031,Cook County,47.538569,-90.29019,,5215,2,3982,1,7,70201,"28,517","4,128",5,"3,771","16,135","22,354",4,"2,661",,,"5,836,764","1,119","145,737,382","27,946",
27,MN,"Cottonwood County, MN",27033,Cottonwood County,44.010711,-95.18313,,11557,4,7795,3,6,60403,"72,311","8,628",6,"5,178","40,915","199,289",17,"4,822",,,"5,998,360",519,"148,721,522","12,869",
27,MN,"Crow Wing County, MN",27035,Crow Wing County,46.491653,-94.070718,,63321,8,52584,7,7,70807,"224,629","24,965",4,"39,251","127,100","1,146,286",18,"26,398",,,"33,986,213",537,"789,081,827","12,462",
27,MN,"Dakota County, MN",27037,Dakota County,44.670893,-93.062481,,411402,12,355870,12,6,61212,"1,274,920","167,917",3,"179,399","721,379","10,405,872",25,"157,696",,,"183,034,481",445,"4,321,080,978","10,503",
27,MN,"Dodge County, MN",27039,Dodge County,44.020706,-92.869353,,20361,5,9461,3,6,60503,"75,499","9,973",4,"7,706","42,719","364,373",18,"7,583",,,"8,894,225",437,"219,049,947","10,758",
27,MN,"Douglas County, MN",27041,Douglas County,45.936829,-95.462156,,36862,6,36166,6,6,60606,"162,135","17,976",4,"20,515","91,739","540,245",15,"15,688",,,"22,597,886",613,"621,181,279","16,852",
27,MN,"Faribault County, MN",27043,Faribault County,43.676522,-93.947234,,14119,4,8178,3,6,60403,"76,232","10,017",5,"7,030","43,134","220,639",16,"6,347",,,"9,118,209",646,"264,053,051","18,702",
27,MN,"Fillmore County, MN",27045,Fillmore County,43.679187,-92.093937,,20877,5,9326,3,6,60503,"105,260","14,693",5,"9,421","59,558","341,457",16,"8,540",,,"9,958,491",477,"245,573,112","11,763",
27,MN,"Freeborn County, MN",27047,Freeborn County,43.674202,-93.350289,,30751,6,23004,5,6,60605,"127,578","16,189",4,"13,489","72,187","483,807",16,"13,046",,,"21,142,492",688,"610,894,521","19,866",
27,MN,"Goodhue County, MN",27049,Goodhue County,44.406178,-92.716,,46450,7,40186,7,6,60707,"174,206","22,961",4,"21,572","98,570","919,127",20,"19,051",,,"31,278,982",673,"736,616,507","15,858",
27,MN,"Grant County, MN",27051,Grant County,45.930743,-96.010699,,5943,2,2769,1,7,70201,"29,948","3,329",5,"3,156","16,945","25,885",4,"2,547",,,"5,288,199",890,"148,267,398","24,948",
27,MN,"Hennepin County, MN",27053,Hennepin County,45.006121,-93.475228,,1209265,15,1776344,16,6,61516,"3,418,667","450,399",3,"499,341","1,934,358","32,569,410",27,"493,832",,,"491,294,502",406,"11,613,351,147","9,604",
27,MN,"Houston County, MN",27055,Houston County,43.66699,-91.501556,,18791,5,7936,3,6,60503,"88,007","12,044",5,"8,264","49,796","331,784",18,"7,989",,,"7,862,520",418,"193,149,879","10,279",
27,MN,"Hubbard County, MN",27057,Hubbard County,47.095551,-94.91329,,20640,5,8987,3,7,70503,"112,336","12,838",5,"14,017","63,562","189,995",9,"8,741",,,"11,439,682",554,"281,134,060","13,621",
27,MN,"Isanti County, MN",27059,Isanti County,45.562431,-93.296339,,38461,7,17635,5,6,60705,"147,469","21,147",4,"14,829","83,441","552,618",14,"14,403",,,"11,233,599",292,"283,917,781","7,382",
27,MN,"Itasca County, MN",27061,Itasca County,47.490817,-93.611102,,45356,7,28121,6,7,70706,"176,500","21,652",4,"26,215","99,868","606,126",13,"19,126",,,"20,459,598",451,"488,114,659","10,762",
27,MN,"Jackson County, MN",27063,Jackson County,43.671111,-95.149731,,10163,3,9419,3,6,60303,"63,947","6,880",6,"4,800","36,182","163,234",16,"4,335",,,"10,235,608","1,007","285,072,464","28,050",
27,MN,"Kanabec County, MN",27065,Kanabec County,45.94776,-93.297788,,15918,4,5908,2,7,70402,"64,127","10,002",4,"7,483","36,285","155,461",10,"6,290",,,"5,010,384",315,"128,422,600","8,068",
27,MN,"Kandiyohi County, MN",27067,Kandiyohi County,45.152714,-95.004981,,42510,7,39213,7,6,60707,"175,369","22,736",4,"19,104","99,228","687,994",16,"16,737",,,"19,348,097",455,"459,781,589","10,816",
27,MN,"Kittson County, MN",27069,Kittson County,48.77604,-96.780349,,4436,1,2447,1,7,70101,"23,195","2,439",5,"2,501","13,124","48,052",11,"1,913",,,"3,902,656",880,"99,355,934","22,398",
27,MN,"Koochiching County, MN",27071,Koochiching County,48.245489,-93.782842,,12930,4,6891,2,7,70402,"51,935","6,089",4,"7,541","29,386","268,267",21,"5,732",,,"5,756,115",445,"139,126,968","10,760",
27,MN,"Lac qui Parle County, MN",27073,Lac qui Parle County,44.999857,-96.176838,,6916,2,3434,1,6,60201,"35,995","4,062",5,"3,515","20,367","85,870",12,"3,111",,,"4,685,877",678,"117,531,259","16,994",
27,MN,"Lake County, MN",27075,Lake County,47.517111,-91.411704,,10721,3,5560,2,7,70302,"47,407","5,261",4,"7,405","26,824","238,912",22,"5,207",,,"7,739,729",722,"194,431,940","18,136",
27,MN,"Lake of the Woods County, MN",27077,Lake of the Woods County,48.7681,-94.904633,,3901,1,2534,1,7,70101,"19,836","2,779",5,"3,526","11,224","34,148",9,"1,551",,,"2,675,780",686,"68,640,076","17,596",
27,MN,"Le Sueur County, MN",27079,Le Sueur County,44.373424,-93.730143,,27650,6,14594,4,6,60604,"105,254","13,544",4,"11,986","59,555","591,355",21,"10,805",,,"11,892,644",430,"301,340,707","10,898",
27,MN,"Lincoln County, MN",27081,Lincoln County,44.408238,-96.272032,,5793,2,2949,1,6,60201,"29,517","3,389",5,"2,984","16,702","80,499",14,"2,477",,,"2,973,303",513,"75,615,512","13,053",
27,MN,"Lyon County, MN",27083,Lyon County,44.409195,-95.847268,,25670,6,24691,5,6,60605,"122,494","14,147",5,"10,721","69,310","288,721",11,"10,072",,,"11,543,559",450,"277,672,507","10,817",
27,MN,"McLeod County, MN",27085,McLeod County,44.821657,-94.272323,,35926,6,32443,6,6,60606,"164,390","21,033",5,"15,504","93,016","764,622",21,"14,780",,,"14,248,734",397,"339,645,652","9,454",
27,MN,"Mahnomen County, MN",27087,Mahnomen County,47.328387,-95.811089,,5480,2,2513,1,7,70201,"23,901","2,569",4,"2,654","13,524","20,497",4,"1,977",,,"3,732,450",681,"93,911,517","17,137",
27,MN,"Marshall County, MN",27089,Marshall County,48.362728,-96.357761,,9406,3,3121,1,7,70301,"51,464","5,541",5,"4,596","29,119","100,302",11,"3,991",,,"6,310,635",671,"164,179,750","17,455",
27,MN,"Martin County, MN",27091,Martin County,43.677118,-94.537252,,20193,5,16154,4,6,60504,"118,241","13,633",6,"9,551","66,903","416,392",21,"8,777",,,"11,671,979",578,"324,740,704","16,082",
27,MN,"Meeker County, MN",27093,Meeker County,45.123155,-94.527346,,23094,5,12866,4,6,60504,"114,269","14,350",5,"10,285","64,656","336,696",15,"9,119",,,"9,553,330",414,"233,887,906","10,128",
27,MN,"Mille Lacs County, MN",27095,Mille Lacs County,45.929043,-93.632996,,25788,6,16806,4,7,70604,"100,728","14,636",4,"12,196","56,994","352,501",14,"10,012",,,"16,469,167",639,"394,721,941","15,306",
27,MN,"Morrison County, MN",27097,Morrison County,46.020484,-94.266619,,32850,6,15779,4,6,60604,"127,128","13,790",4,"15,210","71,932","425,348",13,"13,275",,,"26,017,966",792,"629,911,844","19,175",
27,MN,"Mower County, MN",27099,Mower County,43.666249,-92.759514,,39248,7,28238,6,6,60706,"147,382","18,988",4,"16,296","83,392","867,851",22,"15,414",,,"16,240,087",414,"434,221,058","11,064",
27,MN,"Murray County, MN",27101,Murray County,44.015594,-95.761581,,8463,3,4631,1,6,60301,"40,305","5,304",5,"4,401","22,805","66,690",8,"3,715",,,"4,723,563",558,"119,053,935","14,068",
27,MN,"Nicollet County, MN",27103,Nicollet County,44.358819,-94.245685,,33226,6,24480,5,6,60605,"109,942","14,472",3,"12,626","62,208","629,883",19,"12,559",,,"16,210,635",488,"383,194,260","11,533",
27,MN,"Nobles County, MN",27105,Nobles County,43.677686,-95.763132,,21729,5,18246,5,6,60505,"123,070","13,816",6,"8,214","69,636","289,475",13,"7,890",,,"11,340,085",522,"310,216,203","14,277",
27,MN,"Norman County, MN",27107,Norman County,47.32947,-96.463807,,6638,2,2445,1,7,70201,"35,257","4,378",5,"3,260","19,949","67,091",10,"2,696",,,"4,510,911",680,"114,142,081","17,195",
27,MN,"Olmsted County, MN",27109,Olmsted County,44.003429,-92.406722,,150104,10,158098,10,6,61010,"558,650","77,406",4,"73,339","316,097","3,499,274",23,"58,692",,,"59,480,508",396,"1,436,765,311","9,572",
27,MN,"Otter Tail County, MN",27111,Otter Tail County,46.405725,-95.714578,,57694,8,37549,6,7,70806,"248,278","26,883",4,"34,228","140,481","723,031",13,"23,962",,,"39,146,010",679,"997,708,285","17,293",
27,MN,"Pennington County, MN",27113,Pennington County,48.069247,-96.037725,,14156,4,18688,5,7,70405,"76,298","8,600",5,"6,087","43,171","218,036",15,"5,923",,,"6,293,046",445,"152,118,096","10,746",
27,MN,"Pine County, MN",27115,Pine County,46.10094,-92.763094,,29067,6,14442,4,7,70604,"107,951","14,067",4,"16,537","61,081","305,364",11,"10,993",,,"21,381,434",736,"590,227,778","20,306",
27,MN,"Pipestone County, MN",27117,Pipestone County,44.015361,-96.257015,,9285,3,6211,2,6,60302,"41,861","5,513",5,"4,270","23,686","155,263",17,"3,998",,,"4,937,198",532,"123,041,440","13,252",
27,MN,"Polk County, MN",27119,Polk County,47.774254,-96.400027,,31550,6,18742,5,7,70605,"180,301","21,544",6,"14,229","102,018","285,963",9,"12,608",,,"17,068,993",541,"417,546,752","13,234",
27,MN,"Pope County, MN",27121,Pope County,45.589623,-95.446705,,10975,3,7702,3,6,60303,"49,119","6,446",4,"6,263","27,793","171,003",16,"4,815",,,"6,083,871",554,"152,548,250","13,900",
27,MN,"Ramsey County, MN",27123,Ramsey County,45.01525,-93.100141,,531528,13,614326,13,6,61313,"1,508,292","198,838",3,"209,141","853,426","12,511,464",24,"207,327",,,"205,162,873",386,"4,897,910,310","9,215",
27,MN,"Red Lake County, MN",27125,Red Lake County,47.865487,-96.08718,,4042,1,1134,1,7,70101,"21,558","2,247",5,"1,857","12,198","14,891",4,"1,676",,,"2,532,768",627,"63,961,374","15,824",
27,MN,"Redwood County, MN",27127,Redwood County,44.403536,-95.254241,,15578,4,11398,4,6,60404,"70,648","9,185",5,"6,965","39,974","171,381",11,"6,262",,,"8,636,185",554,"214,870,481","13,793",
27,MN,"Renville County, MN",27129,Renville County,44.723697,-94.955617,,14995,4,9171,3,6,60403,"68,359","9,002",5,"6,991","38,679","243,953",16,"6,188",,,"9,833,232",656,"243,424,340","16,234",
27,MN,"Rice County, MN",27131,Rice County,44.350943,-93.298503,,65116,8,49753,7,6,60807,"208,938","28,036",3,"24,605","118,222","1,218,084",19,"22,654",,,"28,238,291",434,"755,312,549","11,599",
27,MN,"Rock County, MN",27133,Rock County,43.669587,-96.263238,,9554,3,5637,2,6,60302,"65,672","7,314",7,"4,079","37,159","142,216",15,"3,932",,,"7,130,644",746,"206,232,062","21,586",
27,MN,"Roseau County, MN",27135,Roseau County,48.761068,-95.821504,,15609,4,13675,4,7,70404,"89,157","11,651",6,"7,143","50,447","131,643",8,"6,106",,,"7,371,384",472,"183,779,682","11,774",
27,MN,"St. Louis County, MN",27137,St. Louis County,47.578635,-92.51457,,200353,11,176069,10,7,71110,"649,714","74,450",3,"100,362","367,623","4,157,808",21,"85,059",,,"90,452,905",451,"2,151,146,475","10,737",
27,MN,"Scott County, MN",27139,Scott County,44.651805,-93.533731,,139490,10,88168,9,6,61009,"431,549","56,717",3,"49,990","244,180","3,181,389",23,"47,154",,,"57,752,495",414,"1,353,050,758","9,700",
27,MN,"Sherburne County, MN",27141,Sherburne County,45.453176,-93.76913,,91188,9,43711,7,6,60907,"317,183","42,234",3,"34,454","179,469","1,897,935",21,"30,781",,,"36,596,891",401,"865,567,590","9,492",
27,MN,"Sibley County, MN",27143,Sibley County,44.575734,-94.230123,,14957,4,6816,2,6,60402,"66,061","8,681",4,"6,279","37,379","237,115",16,"6,009",,,"9,220,897",616,"233,851,446","15,635",
27,MN,"Stearns County, MN",27145,Stearns County,45.555235,-94.610482,,153661,10,167050,10,6,61010,"531,738","69,727",3,"60,332","300,869","2,387,347",16,"57,695",,,"75,507,852",491,"1,946,332,911","12,666",
27,MN,"Steele County, MN",27147,Steele County,44.015261,-93.220453,,36541,6,38330,7,6,60607,"136,086","17,989",4,"14,933","77,001","822,057",22,"14,354",,,"19,870,883",544,"528,254,116","14,456",
27,MN,"Stevens County, MN",27149,Stevens County,45.593461,-95.992315,,9762,3,9145,3,6,60303,"35,904","3,812",4,"3,982","20,315","139,757",14,"3,567",,,"4,236,731",434,"104,177,083","10,672",
27,MN,"Swift County, MN",27151,Swift County,45.27581,-95.690124,,9483,3,6038,2,6,60302,"41,566","4,411",4,"4,612","23,519","139,086",15,"4,177",,,"5,800,796",612,"143,472,709","15,129",
27,MN,"Todd County, MN",27153,Todd County,46.066569,-94.900576,,24335,5,11465,4,6,60504,"100,164","10,903",4,"12,419","56,675","284,853",12,"9,866",,,"14,893,716",612,"379,100,364","15,578",
27,MN,"Traverse County, MN",27155,Traverse County,45.769935,-96.474832,,3397,1,1649,1,6,60101,"16,962","1,804",5,"1,991","9,597","10,978",3,"1,544",,,"2,112,252",622,"55,366,121","16,299",
27,MN,"Wabasha County, MN",27157,Wabasha County,44.289693,-92.23334,,21327,5,10835,3,6,60503,"92,580","12,378",4,"9,544","52,384","359,004",17,"9,004",,,"8,960,620",420,"218,678,713","10,254",
27,MN,"Wadena County, MN",27159,Wadena County,46.586986,-94.988608,,13755,4,8036,3,7,70403,"53,562","5,548",4,"6,697","30,306","189,890",14,"5,657",,,"9,657,710",702,"229,291,603","16,670",
27,MN,"Waseca County, MN",27161,Waseca County,44.01846,-93.589844,,19034,5,10135,3,6,60503,"65,790","8,674",3,"7,581","37,226","350,712",18,"7,329",,,"8,061,941",424,"196,941,652","10,347",
27,MN,"Washington County, MN",27163,Washington County,45.037929,-92.890117,,248745,11,162802,10,6,61110,"860,650","113,501",3,"91,584","486,975","6,770,006",27,"91,282",,,"106,991,718",430,"2,542,389,650","10,221",
27,MN,"Watonwan County, MN",27165,Watonwan County,43.978096,-94.613842,,10996,3,7405,2,6,60302,"64,055","8,087",6,"4,832","36,244","214,359",19,"4,465",,,"6,746,239",614,"164,637,576","14,972",
27,MN,"Wilkin County, MN",27167,Wilkin County,46.362335,-96.476657,,6479,2,2965,1,7,70201,"29,463","3,524",5,"2,958","16,671","72,962",11,"2,871",,,"6,552,433","1,011","179,627,611","27,725",
27,MN,"Winona County, MN",27169,Winona County,43.982268,-91.776708,,51145,7,47477,7,6,60707,"175,337","23,153",3,"20,069","99,209","887,588",17,"19,078",,,"25,755,600",504,"683,591,526","13,366",
27,MN,"Wright County, MN",27171,Wright County,45.175091,-93.966396,,129922,10,72938,8,6,61008,"436,029","57,162",3,"47,902","246,715","2,462,430",19,"45,887",,,"64,052,391",493,"1,653,434,164","12,726",
27,MN,"Yellow Medicine County, MN",27173,Yellow Medicine County,44.715736,-95.862756,,10038,3,6193,2,6,60302,"47,221","5,838",5,"4,544","26,719","119,219",12,"4,174",,,"5,882,105",586,"148,136,158","14,758",
28,MS,"Adams County, MS",28001,Adams County,31.486218,-91.351781,,31747,6,20088,5,3,30605,"174,554","14,507",5,"14,346","86,708","353,290",11,"11,586",,,"13,255,799",418,"316,273,290","9,962",
28,MS,"Alcorn County, MS",28003,Alcorn County,34.886569,-88.581109,,37309,6,23714,5,3,30605,"221,675","24,729",6,"16,796","119,920","263,437",7,"14,776",,,"18,920,524",507,"443,473,846","11,887",
28,MS,"Amite County, MS",28005,Amite County,31.203933,-90.795542,,12692,4,2658,1,3,30401,"79,580","6,789",6,"6,506","39,530","15,727",1,"4,957",,,"7,790,332",614,"185,868,203","14,645",
28,MS,"Attala County, MS",28007,Attala County,33.09047,-89.588622,,19085,5,8559,3,3,30503,"112,806","9,467",6,"8,954","61,025","203,793",11,"7,268",,,"10,185,407",534,"241,897,251","12,675",
28,MS,"Benton County, MS",28009,Benton County,34.810518,-89.200285,,8378,3,1503,1,3,30301,"45,372","5,025",5,"4,123","24,545","64,514",8,"3,126",,,"8,193,049",978,"215,473,427","25,719",
28,MS,"Bolivar County, MS",28011,Bolivar County,33.799139,-90.88412,,33615,6,18241,5,3,30605,"186,661","15,567",6,"13,992","92,722","444,462",13,"12,598",,,"19,529,240",581,"457,576,208","13,612",
28,MS,"Calhoun County, MS",28013,Calhoun County,33.936634,-89.337114,,14724,4,4963,1,3,30401,"89,362","9,297",6,"6,802","48,342","109,586",7,"5,820",,,"7,313,174",497,"174,181,696","11,830",
28,MS,"Carroll County, MS",28015,Carroll County,33.440795,-89.918887,,10301,3,1250,1,3,30301,"59,517","4,961",6,"4,966","29,564","67,519",7,"3,674",,,"10,622,486","1,031","278,263,157","27,013",
28,MS,"Chickasaw County, MS",28017,Chickasaw County,33.921654,-88.945808,,17357,5,10256,3,3,30503,"94,457","10,394",5,"7,363","51,099","96,406",6,"6,398",,,"10,037,754",578,"242,146,671","13,951",
28,MS,"Choctaw County, MS",28019,Choctaw County,33.345964,-89.251332,,8320,3,1996,1,3,30301,"48,029","4,854",6,"4,078","25,982","58,099",7,"3,184",,,"4,455,673",536,"107,936,754","12,973",
28,MS,"Claiborne County, MS",28021,Claiborne County,31.97281,-90.915424,,9209,3,3402,1,3,30301,"49,663","4,148",5,"4,141","24,669","45,972",5,"3,134",,,"5,036,081",547,"123,458,698","13,406",
28,MS,"Clarke County, MS",28023,Clarke County,32.045374,-88.687976,,16203,4,5536,2,3,30402,"95,630","11,828",6,"7,736","51,733","80,189",5,"6,598",,,"10,998,097",679,"280,167,123","17,291",
28,MS,"Clay County, MS",28025,Clay County,33.661733,-88.783326,,20147,5,8397,3,3,30503,"114,901","13,265",6,"9,017","62,158","188,635",9,"7,781",,,"9,845,617",489,"233,662,540","11,598",
28,MS,"Coahoma County, MS",28027,Coahoma County,34.22867,-90.603165,,24804,5,12457,4,3,30504,"130,869","11,372",5,"10,556","65,008","341,109",14,"9,084",,,"16,137,430",651,"379,023,609","15,281",
28,MS,"Copiah County, MS",28029,Copiah County,31.866915,-90.448758,,28780,6,11681,4,3,30604,"155,343","13,345",5,"11,905","77,165","210,235",7,"9,851",,,"17,467,277",607,"474,263,796","16,479",
28,MS,"Covington County, MS",28031,Covington County,31.633331,-89.548897,,19503,5,7950,3,3,30503,"107,340","12,059",6,"8,347","53,320","74,285",4,"6,950",,,"15,645,836",802,"385,453,565","19,764",
28,MS,"DeSoto County, MS",28033,DeSoto County,34.874266,-89.99324,,170890,10,102590,9,3,31009,"936,311","81,278",5,"62,790","506,517","2,337,716",14,"60,575",,,"75,943,655",444,"1,841,161,500","10,774",
28,MS,"Forrest County, MS",28035,Forrest County,31.18858,-89.259447,,76274,8,65468,8,3,30808,"386,432","47,920",5,"31,987","191,955","324,010",4,"28,022",,,"39,713,226",521,"973,812,655","12,767",
28,MS,"Franklin County, MS",28037,Franklin County,31.477776,-90.895811,,7818,3,2202,1,3,30301,"50,946","4,339",7,"4,082","19,461","40,163",5,"3,096",,,"6,697,637",857,"166,288,254","21,270",
28,MS,"George County, MS",28039,George County,30.855431,-88.642268,,23313,5,7225,2,3,30502,"112,992","13,583",5,"9,184","56,127","54,868",2,"7,410",,,"10,152,342",435,"250,444,778","10,743",
28,MS,"Greene County, MS",28041,Greene County,31.212845,-88.634811,,13941,4,1438,1,3,30401,"63,045","7,667",5,"5,033","31,317","53,985",4,"4,164",,,"7,987,994",573,"190,934,249","13,696",
28,MS,"Grenada County, MS",28043,Grenada County,33.770031,-89.80274,,21518,5,15249,4,3,30504,"116,181","9,670",5,"9,990","62,850","219,329",10,"7,508",,,"13,912,452",647,"345,694,464","16,065",
28,MS,"Hancock County, MS",28045,Hancock County,30.391641,-89.482791,,46028,7,18792,5,2,20705,"272,355","32,459",6,"23,168","135,289","76,048",2,"18,782",,,"29,405,315",639,"779,475,333","16,935",
28,MS,"Harrison County, MS",28047,Harrison County,30.416536,-89.083376,,198570,11,147309,10,2,21110,"1,024,718","126,050",5,"88,011","509,016","536,013",3,"76,660",,,"98,829,105",498,"2,469,677,951","12,437",
28,MS,"Hinds County, MS",28049,Hinds County,32.267788,-90.466017,,244596,11,197356,11,3,31111,"1,265,340","103,351",5,"102,248","483,352","2,427,686",10,"89,335",,,"127,583,389",522,"3,160,959,086","12,923",
28,MS,"Holmes County, MS",28051,Holmes County,33.125942,-90.091197,,18547,5,3912,1,3,30501,"94,466","7,895",5,"8,256","46,925","206,282",11,"6,314",,,"15,314,349",826,"403,404,358","21,750",
28,MS,"Humphreys County, MS",28053,Humphreys County,33.130996,-90.523421,,8822,3,2385,1,3,30301,"45,463","3,830",5,"3,754","22,583","105,124",12,"3,058",,,"7,600,872",862,"178,951,349","20,285",
28,MS,"Issaquena County, MS",28055,Issaquena County,32.755539,-91.003535,,1352,1,57,1,3,30101,"7,941",667,6,544,"3,945","5,661",4,478,,,"2,819,067","2,085","63,076,343","46,654",
28,MS,"Itawamba County, MS",28057,Itawamba County,34.281075,-88.363127,,23511,5,10953,3,3,30503,"141,564","14,713",6,"9,967","76,582","134,041",6,"8,858",,,"13,594,825",578,"361,867,359","15,391",
28,MS,"Jackson County, MS",28059,Jackson County,30.456005,-88.625101,,140850,10,93458,9,2,21009,"716,628","84,557",5,"59,960","355,976","399,990",3,"50,365",,,"70,795,494",503,"1,838,655,008","13,054",
28,MS,"Jasper County, MS",28061,Jasper County,32.016989,-89.11943,,16538,4,5755,2,3,30402,"99,193","12,130",6,"8,064","49,273","89,049",5,"6,771",,,"10,551,665",638,"275,601,861","16,665",
28,MS,"Jefferson County, MS",28063,Jefferson County,31.733633,-91.043878,,7528,3,1070,1,3,30301,"36,790","3,073",5,"3,610","18,275","39,231",5,"2,457",,,"5,336,752",709,"130,459,746","17,330",
28,MS,"Jefferson Davis County, MS",28065,Jefferson Davis County,31.565606,-89.826517,,11771,4,2305,1,3,30401,"80,614","7,886",7,"5,768","40,044","49,531",4,"4,903",,,"6,294,673",535,"151,636,926","12,882",
28,MS,"Jones County, MS",28067,Jones County,31.616601,-89.168532,,68313,8,49709,7,3,30807,"353,790","43,661",5,"28,062","175,741","380,245",6,"24,870",,,"34,775,655",509,"899,760,257","13,171",
28,MS,"Kemper County, MS",28069,Kemper County,32.750136,-88.625631,,10128,3,2556,1,3,30301,"47,016","5,537",5,"4,644","25,434","60,559",6,"3,552",,,"8,256,720",815,"200,995,990","19,846",
28,MS,"Lafayette County, MS",28071,Lafayette County,34.349298,-89.485903,,52193,7,34007,6,3,30706,"267,849","30,630",5,"23,531","144,898","218,388",4,"18,788",,,"22,729,530",435,"550,631,899","10,550",
28,MS,"Lamar County, MS",28073,Lamar County,31.197586,-89.506369,,59623,8,34409,6,3,30806,"321,960","39,626",5,"23,784","159,930","183,473",3,"21,800",,,"24,842,094",417,"618,969,721","10,381",
28,MS,"Lauderdale County, MS",28075,Lauderdale County,32.403998,-88.660449,,79233,8,59873,8,3,30808,"403,274","51,044",5,"34,271","200,321","494,174",6,"29,689",,,"43,040,060",543,"1,114,601,804","14,067",
28,MS,"Lawrence County, MS",28077,Lawrence County,31.550009,-90.10753,,12603,4,3508,1,3,30401,"83,084","7,383",7,"5,918","41,271","60,071",5,"4,859",,,"5,379,366",427,"129,245,564","10,255",
28,MS,"Leake County, MS",28079,Leake County,32.760737,-89.522236,,23011,5,6729,2,3,30502,"138,640","12,240",6,"9,240","75,000","113,932",5,"8,259",,,"12,319,360",535,"302,025,827","13,125",
28,MS,"Lee County, MS",28081,Lee County,34.29237,-88.682439,,85281,8,95060,9,3,30809,"499,206","51,079",6,"35,541","270,056","788,554",9,"32,591",,,"50,590,318",593,"1,219,897,547","14,304",
28,MS,"Leflore County, MS",28083,Leflore County,33.54979,-90.294934,,30500,6,24814,5,3,30605,"143,003","13,549",5,"12,912","71,035","403,681",13,"10,671",,,"17,052,672",559,"394,705,558","12,941",
28,MS,"Lincoln County, MS",28085,Lincoln County,31.535216,-90.453566,,34691,6,21489,5,3,30605,"217,467","18,524",6,"14,982","83,071","196,697",6,"12,936",,,"19,698,276",568,"509,682,675","14,692",
28,MS,"Lowndes County, MS",28087,Lowndes County,33.471424,-88.439723,,59785,8,42996,7,3,30807,"346,304","38,913",6,"26,462","187,341","532,187",9,"22,821",,,"29,912,800",500,"720,901,713","12,058",
28,MS,"Madison County, MS",28089,Madison County,32.63437,-90.03416,,101791,9,102000,9,3,30909,"553,752","45,398",5,"40,282","211,530","1,030,053",10,"37,415",,,"62,007,265",609,"1,557,215,695","15,298",
28,MS,"Marion County, MS",28091,Marion County,31.230167,-89.821712,,25810,6,13557,4,3,30604,"142,183","17,787",6,"11,618","70,628","85,592",3,"9,659",,,"10,911,228",423,"264,446,179","10,246",
28,MS,"Marshall County, MS",28093,Marshall County,34.76619,-89.504231,,36196,6,13904,4,3,30604,"229,296","23,974",6,"14,765","124,042","213,609",6,"13,213",,,"24,867,013",687,"665,193,830","18,378",
28,MS,"Monroe County, MS",28095,Monroe County,33.89003,-88.485038,,36029,6,15109,4,3,30604,"219,305","23,637",6,"16,129","118,638","303,637",8,"13,949",,,"21,199,787",588,"514,800,144","14,288",
28,MS,"Montgomery County, MS",28097,Montgomery County,33.500714,-89.639625,,10353,3,4710,1,3,30301,"65,690","5,476",6,"5,320","32,631","133,311",13,"4,351",,,"8,554,041",826,"219,791,831","21,230",
28,MS,"Neshoba County, MS",28099,Neshoba County,32.752518,-89.119274,,29474,6,15455,4,3,30604,"163,265","18,596",6,"12,122","88,321","142,174",5,"10,777",,,"13,887,035",471,"332,686,773","11,287",
28,MS,"Newton County, MS",28101,Newton County,32.40197,-89.118412,,21652,5,7448,2,3,30502,"117,359","14,289",5,"9,184","63,488","105,440",5,"7,984",,,"14,916,802",689,"406,706,281","18,784",
28,MS,"Noxubee County, MS",28103,Noxubee County,33.106508,-88.566004,,11098,3,3511,1,3,30301,"61,733","7,156",6,"5,063","33,396","94,018",8,"4,012",,,"7,744,950",698,"185,783,161","16,740",
28,MS,"Oktibbeha County, MS",28105,Oktibbeha County,33.422313,-88.876151,,49424,7,25569,6,3,30706,"222,683","25,373",5,"20,961","120,465","340,883",7,"17,109",,,"20,896,286",423,"502,545,935","10,168",
28,MS,"Panola County, MS",28107,Panola County,34.365205,-89.963065,,34319,6,15628,4,3,30604,"198,261","16,491",6,"14,452","107,254","139,113",4,"12,184",,,"23,324,214",680,"606,054,828","17,659",
28,MS,"Pearl River County, MS",28109,Pearl River County,30.774793,-89.586904,,55167,7,15724,4,2,20704,"305,759","37,642",6,"24,098","151,882","122,177",2,"20,494",,,"23,491,855",426,"635,650,462","11,522",
28,MS,"Perry County, MS",28111,Perry County,31.169307,-88.988755,,12174,4,3217,1,3,30401,"66,510","7,815",5,"5,420","33,038","31,068",3,"4,431",,,"9,200,817",756,"222,812,821","18,302",
28,MS,"Pike County, MS",28113,Pike County,31.177516,-90.397728,,39939,7,26129,6,3,30706,"240,352","20,250",6,"17,601","119,392","222,967",6,"14,717",,,"20,238,832",507,"514,554,530","12,884",
28,MS,"Pontotoc County, MS",28115,Pontotoc County,34.227081,-89.037239,,30862,6,23130,5,3,30605,"166,095","18,382",5,"12,311","89,853","201,534",7,"10,801",,,"18,333,050",594,"444,400,607","14,400",
28,MS,"Prentiss County, MS",28117,Prentiss County,34.621104,-88.522179,,25339,6,11341,4,3,30604,"141,643","14,374",6,"10,868","76,625","202,642",8,"9,572",,,"13,476,981",532,"315,553,703","12,453",
28,MS,"Quitman County, MS",28119,Quitman County,34.252833,-90.290171,,7634,3,1374,1,3,30301,"45,783","3,806",6,"3,524","24,768","64,538",8,"3,047",,,"6,325,457",829,"147,644,110","19,340",
28,MS,"Rankin County, MS",28121,Rankin County,32.267123,-89.946063,,147930,10,111142,9,3,31009,"792,639","67,432",5,"57,099","428,795","1,094,154",7,"54,377",,,"80,802,655",546,"2,014,058,112","13,615",
28,MS,"Scott County, MS",28123,Scott County,32.427127,-89.533209,,28268,6,20954,5,3,30605,"144,963","16,363",5,"11,255","78,421","140,463",5,"9,848",,,"18,774,798",664,"497,783,475","17,609",
28,MS,"Sharkey County, MS",28125,Sharkey County,32.892395,-90.827613,,4662,1,1489,1,3,30101,"27,647","2,306",6,"2,077","13,733","59,726",13,"1,804",,,"4,685,843","1,005","110,183,670","23,634",
28,MS,"Simpson County, MS",28127,Simpson County,31.902505,-89.917709,,27279,6,11190,3,3,30603,"142,049","12,238",5,"11,721","70,561","114,460",4,"9,418",,,"16,737,496",614,"408,912,286","14,990",
28,MS,"Smith County, MS",28129,Smith County,32.019029,-89.494877,,16137,4,4368,1,3,30401,"96,276","9,278",6,"7,112","47,824","73,980",5,"5,895",,,"7,931,338",492,"192,234,787","11,913",
28,MS,"Stone County, MS",28131,Stone County,30.790184,-89.112297,,17995,5,6176,2,2,20502,"88,150","10,890",5,"7,104","43,788","33,920",2,"5,805",,,"9,699,725",539,"235,869,100","13,107",
28,MS,"Sunflower County, MS",28133,Sunflower County,33.605529,-90.59509,,27424,6,10814,3,3,30603,"124,644","10,423",5,"9,513","61,915","291,005",11,"8,507",,,"16,804,027",613,"392,158,497","14,300",
28,MS,"Tallahatchie County, MS",28135,Tallahatchie County,33.954527,-90.172245,,14776,4,2972,1,3,30401,"67,517","5,645",5,"5,429","36,525","53,567",4,"4,313",,,"8,163,250",552,"190,906,664","12,920",
28,MS,"Tate County, MS",28137,Tate County,34.649553,-89.943105,,28338,6,7737,3,3,30603,"171,288","14,244",6,"10,935","92,662","135,804",5,"9,919",,,"14,742,821",520,"368,404,284","13,000",
28,MS,"Tippah County, MS",28139,Tippah County,34.763618,-88.918819,,22061,5,10138,3,3,30503,"121,306","12,714",5,"9,544","65,623","214,262",10,"8,400",,,"10,020,769",454,"235,853,290","10,691",
28,MS,"Tishomingo County, MS",28141,Tishomingo County,34.737697,-88.236064,,19503,5,9942,3,3,30503,"103,791","11,230",5,"10,114","56,148","117,863",6,"7,768",,,"11,676,720",599,"275,527,730","14,127",
28,MS,"Tunica County, MS",28143,Tunica County,34.652201,-90.37177,,10407,3,14269,4,3,30304,"61,790","5,123",6,"4,732","33,426","87,396",8,"3,999",,,"11,884,621","1,142","288,241,055","27,697",
28,MS,"Union County, MS",28145,Union County,34.489533,-89.002339,,27989,6,19175,5,3,30605,"150,932","16,328",5,"11,505","81,650","241,113",9,"10,298",,,"17,490,363",625,"468,524,498","16,740",
28,MS,"Walthall County, MS",28147,Walthall County,31.164492,-90.103431,,14812,4,3779,1,3,30401,"98,594","8,656",7,"6,998","48,975","72,738",5,"5,879",,,"6,811,519",460,"162,119,588","10,945",
28,MS,"Warren County, MS",28149,Warren County,32.356095,-90.852384,,47834,7,32110,6,3,30706,"285,166","23,412",6,"21,447","108,932","348,135",7,"18,476",,,"23,108,774",483,"601,850,017","12,582",
28,MS,"Washington County, MS",28151,Washington County,33.273174,-90.944446,,48824,7,28661,6,3,30706,"269,605","22,304",6,"21,202","133,923","687,964",14,"18,148",,,"24,848,133",509,"580,007,838","11,880",
28,MS,"Wayne County, MS",28153,Wayne County,31.642503,-88.678214,,20517,5,8234,3,3,30503,"109,587","13,182",5,"9,039","54,436","72,332",4,"7,496",,,"11,787,447",575,"283,719,327","13,828",
28,MS,"Webster County, MS",28155,Webster County,33.612048,-89.283836,,9922,3,2603,1,3,30301,"63,321","6,439",6,"4,715","34,255","77,241",8,"3,950",,,"7,478,297",754,"178,889,600","18,030",
28,MS,"Wilkinson County, MS",28157,Wilkinson County,31.161091,-91.324617,,9233,3,2443,1,3,30301,"47,725","3,986",5,"4,947","18,231","18,317",2,"2,877",,,"5,793,928",628,"143,798,385","15,574",
28,MS,"Winston County, MS",28159,Winston County,33.078724,-89.037391,,18519,5,9974,3,3,30503,"103,511","12,387",6,"8,600","55,996","160,873",9,"7,634",,,"9,816,660",530,"240,213,482","12,971",
28,MS,"Yalobusha County, MS",28161,Yalobusha County,34.030666,-89.703807,,12380,4,4848,1,3,30401,"76,985","7,503",6,"6,252","41,647","49,360",4,"5,146",,,"10,086,436",815,"267,929,028","21,642",
28,MS,"Yazoo County, MS",28163,Yazoo County,32.765675,-90.387928,,27719,6,8172,3,3,30603,"131,446","12,661",5,"9,869","65,294","243,269",9,"8,754",,,"16,626,330",600,"421,424,789","15,203",
29,MO,"Adair County, MO",29001,Adair County,40.190666,-92.603592,,25547,6,15204,4,5,50604,"129,493","13,921",5,"11,089","95,299","147,270",6,"9,462",,,"10,909,292",427,"249,971,556","9,785",
29,MO,"Andrew County, MO",29003,Andrew County,39.988863,-94.803551,,17347,5,3458,1,5,50501,"92,206","10,584",5,"7,126","67,858","142,400",8,"6,837",,,"11,614,297",670,"323,918,962","18,673",
29,MO,"Atchison County, MO",29005,Atchison County,40.431846,-95.437555,,5380,2,2564,1,5,50201,"30,983","3,538",6,"2,897","22,801","71,198",13,"2,494",,,"6,758,064","1,256","195,597,686","36,356",
29,MO,"Audrain County, MO",29007,Audrain County,39.21448,-91.843415,,25868,6,13977,4,4,40604,"125,318","13,450",5,"10,553","92,226","193,139",7,"9,255",,,"13,961,793",540,"325,812,538","12,595",
29,MO,"Barry County, MO",29009,Barry County,36.699378,-93.834326,,35716,6,26854,6,4,40606,"161,817","19,273",5,"17,024","92,105","159,351",4,"13,248",,,"15,518,581",434,"363,826,499","10,187",
29,MO,"Barton County, MO",29011,Barton County,37.500799,-94.344089,,12075,4,5238,2,4,40402,"59,846","6,870",5,"5,451","44,043","95,692",8,"4,910",,,"8,093,368",670,"218,061,852","18,059",
29,MO,"Bates County, MO",29013,Bates County,38.257217,-94.339246,,16513,4,5448,2,4,40402,"87,142","10,327",5,"7,652","64,131","135,773",8,"6,617",,,"10,276,151",622,"284,899,839","17,253",
29,MO,"Benton County, MO",29015,Benton County,38.301036,-93.287942,,18825,5,4484,1,4,40501,"103,839","11,635",6,"13,727","76,419","61,033",3,"8,128",,,"10,402,188",553,"245,885,288","13,062",
29,MO,"Bollinger County, MO",29017,Bollinger County,37.318346,-90.024604,,12282,4,2863,1,4,40401,"64,050","7,063",5,"5,701","47,137","36,601",3,"4,805",,,"4,503,167",367,"107,846,840","8,781",
29,MO,"Boone County, MO",29019,Boone County,38.989861,-92.310202,,172773,10,155027,10,4,41010,"848,232","91,632",5,"84,953","624,245","1,517,127",9,"67,833",,,"73,041,818",423,"1,827,461,115","10,577",
29,MO,"Buchanan County, MO",29021,Buchanan County,39.660369,-94.808173,,89415,9,88351,9,5,50909,"375,127","42,467",4,"37,608","276,070","1,170,411",13,"33,330",,,"38,198,503",427,"950,179,834","10,627",
29,MO,"Butler County, MO",29023,Butler County,36.71518,-90.40313,,42887,7,30944,6,4,40706,"265,281","25,946",6,"19,220","195,230","204,722",5,"16,616",,,"22,674,452",529,"531,881,721","12,402",
29,MO,"Caldwell County, MO",29025,Caldwell County,39.658998,-93.979179,,9057,3,2227,1,5,50301,"54,399","5,846",6,"4,502","40,034","31,471",3,"3,738",,,"8,879,924",980,"216,308,407","23,883",
29,MO,"Callaway County, MO",29027,Callaway County,38.835547,-91.923446,,44693,7,22162,5,4,40705,"227,028","24,397",5,"18,221","167,078","191,080",4,"16,018",,,"34,569,186",773,"969,171,137","21,685",
29,MO,"Camden County, MO",29029,Camden County,38.026527,-92.765327,,44152,7,26447,6,4,40706,"234,867","25,176",5,"40,371","172,847","75,776",2,"16,389",,,"25,850,259",585,"592,900,383","13,429",
29,MO,"Cape Girardeau County, MO",29031,Cape Girardeau County,37.384141,-89.685658,,78089,8,77006,8,4,40808,"414,552","44,603",5,"32,285","305,084","597,889",8,"29,831",,,"33,885,133",434,"833,482,399","10,673",
29,MO,"Carroll County, MO",29033,Carroll County,39.427375,-93.500227,,9009,3,3240,1,4,40301,"46,138","6,003",5,"4,507","29,763","99,519",11,"3,703",,,"6,943,809",771,"165,672,980","18,390",
29,MO,"Carter County, MO",29035,Carter County,36.944858,-90.945705,,6249,2,1993,1,4,40201,"37,808","3,744",6,"3,153","27,824","12,171",2,"2,480",,,"5,244,051",839,"127,141,682","20,346",
29,MO,"Cass County, MO",29037,Cass County,38.646474,-94.354547,,101324,9,42388,7,4,40907,"485,443","57,564",5,"40,115","357,255","1,257,004",12,"38,045",,,"39,980,509",395,"1,020,064,298","10,067",
29,MO,"Cedar County, MO",29039,Cedar County,37.733655,-93.850014,,13932,4,4768,1,4,40401,"71,824","9,057",5,"7,023","52,858","103,340",7,"5,886",,,"6,438,030",462,"150,344,599","10,791",
29,MO,"Chariton County, MO",29041,Chariton County,39.517968,-92.96162,,7615,3,2685,1,5,50301,"37,314","4,874",5,"4,050","24,071","51,384",7,"2,905",,,"6,304,186",828,"148,821,329","19,543",
29,MO,"Christian County, MO",29043,Christian County,36.969739,-93.187614,,82053,8,29819,6,4,40806,"366,816","44,220",4,"31,915","236,627","847,464",10,"30,093",,,"30,483,044",372,"710,657,784","8,661",
29,MO,"Clark County, MO",29045,Clark County,40.407275,-91.729472,,6860,2,1858,1,5,50201,"40,427","4,344",6,"3,387","29,752","38,547",6,"2,837",,,"5,796,464",845,"138,264,656","20,155",
29,MO,"Clay County, MO",29047,Clay County,39.315551,-94.421502,,233135,11,201164,11,4,41111,"1,032,985","125,242",4,"92,976","666,363","3,262,464",14,"88,389",,,"108,703,270",466,"2,636,728,992","11,310",
29,MO,"Clinton County, MO",29049,Clinton County,39.608723,-94.395803,,20494,5,5916,2,5,50502,"115,560","12,494",6,"8,689","85,045","167,524",8,"8,118",,,"12,272,087",599,"347,099,812","16,937",
29,MO,"Cole County, MO",29051,Cole County,38.503233,-92.280027,,76603,8,70052,8,4,40808,"393,875","42,229",5,"32,067","289,867","487,708",6,"29,658",,,"34,338,439",448,"803,842,548","10,494",
29,MO,"Cooper County, MO",29053,Cooper County,38.845386,-92.812323,,17613,5,7847,3,4,40503,"92,268","10,045",5,"7,277","67,904","122,536",7,"6,550",,,"17,077,846",970,"514,560,145","29,215",
29,MO,"Crawford County, MO",29055,Crawford County,37.96656,-91.313933,,24545,5,11342,4,4,40504,"129,386","13,485",5,"11,664","95,220","70,873",3,"9,290",,,"17,576,512",716,"486,442,284","19,818",
29,MO,"Dade County, MO",29057,Dade County,37.43235,-93.854878,,7590,3,2466,1,4,40301,"39,003","5,025",5,"3,836","28,703","54,819",7,"3,099",,,"4,778,755",630,"112,661,004","14,843",
29,MO,"Dallas County, MO",29059,Dallas County,37.683583,-93.033812,,16508,4,4875,1,4,40401,"83,858","9,545",5,"7,419","61,714","32,018",2,"6,150",,,"8,135,393",493,"194,355,458","11,773",
29,MO,"Daviess County, MO",29061,Daviess County,39.962839,-93.970053,,8257,3,1830,1,5,50301,"42,247","4,588",5,"4,101","31,091","43,521",5,"3,040",,,"8,510,434","1,031","242,928,810","29,421",
29,MO,"DeKalb County, MO",29063,DeKalb County,39.894665,-94.40719,,12706,4,3837,1,5,50401,"52,857","5,729",4,"4,218","38,899","51,208",4,"3,774",,,"8,632,833",679,"214,595,166","16,889",
29,MO,"Dent County, MO",29065,Dent County,37.603075,-91.489716,,15578,4,6714,2,4,40402,"84,707","8,905",5,"7,080","62,339","49,878",3,"5,889",,,"7,199,704",462,"170,818,031","10,965",
29,MO,"Douglas County, MO",29067,Douglas County,36.946517,-92.515892,,13467,4,4055,1,4,40401,"57,704","6,812",4,"6,313","42,467","58,506",4,"5,110",,,"6,404,546",476,"150,092,731","11,145",
29,MO,"Dunklin County, MO",29069,Dunklin County,36.153025,-90.062254,,31271,6,14273,4,4,40604,"184,187","19,525",6,"14,028","135,550","290,251",9,"12,680",,,"13,699,393",438,"314,461,418","10,056",
29,MO,"Franklin County, MO",29071,Franklin County,38.408313,-91.07341,,102063,9,70452,8,4,40908,"614,825","65,774",6,"42,977","452,472","506,111",5,"40,197",,,"52,747,719",517,"1,390,451,248","13,623",
29,MO,"Gasconade County, MO",29073,Gasconade County,38.441183,-91.50578,,14875,4,8459,3,4,40403,"90,560","9,700",6,"7,956","66,646","53,431",4,"6,168",,,"7,539,490",507,"177,258,310","11,917",
29,MO,"Gentry County, MO",29075,Gentry County,40.208127,-94.405321,,6745,2,3345,1,5,50201,"35,145","3,928",5,"3,123","25,865","49,601",7,"2,677",,,"4,006,012",594,"94,255,879","13,974",
29,MO,"Greene County, MO",29077,Greene County,37.258196,-93.340641,,285449,11,309220,12,4,41112,"1,275,468","131,337",4,"126,410","938,663","4,465,016",16,"119,141",,,"129,862,759",455,"3,129,107,964","10,962",
29,MO,"Grundy County, MO",29079,Grundy County,40.112541,-93.565054,,10231,3,5218,2,5,50302,"51,259","5,934",5,"4,883","37,724","89,632",9,"4,056",,,"5,532,545",541,"127,916,144","12,503",
29,MO,"Harrison County, MO",29081,Harrison County,40.34562,-93.992582,,8649,3,3991,1,5,50301,"43,046","5,011",5,"4,290","31,679","70,304",8,"3,586",,,"10,031,657","1,160","274,788,247","31,771",
29,MO,"Henry County, MO",29083,Henry County,38.386491,-93.792628,,21930,5,13582,4,4,40504,"129,946","14,703",6,"10,640","95,632","198,996",9,"9,420",,,"14,653,247",668,"349,163,059","15,922",
29,MO,"Hickory County, MO",29085,Hickory County,37.9367,-93.322834,,9267,3,1630,1,4,40301,"47,506","5,988",5,"6,584","34,962","16,458",2,"3,962",,,"3,997,115",431,"93,661,565","10,107",
29,MO,"Holt County, MO",29087,Holt County,40.095724,-95.219072,,4537,1,1810,1,5,50101,"26,753","3,074",6,"2,712","19,688","49,931",11,"2,109",,,"8,359,206","1,842","263,053,472","57,980",
29,MO,"Howard County, MO",29089,Howard County,39.143365,-92.695926,,10148,3,4038,1,4,40301,"52,169","5,862",5,"4,441","33,654","75,106",7,"3,760",,,"4,831,246",476,"114,618,522","11,295",
29,MO,"Howell County, MO",29091,Howell County,36.774369,-91.887368,,40265,7,24728,5,4,40705,"215,142","21,845",5,"17,660","158,331","223,989",6,"16,214",,,"20,047,688",498,"466,709,846","11,591",
29,MO,"Iron County, MO",29093,Iron County,37.625971,-90.699587,,10220,3,3598,1,4,40301,"58,068","6,187",6,"5,158","42,734","41,591",4,"4,050",,,"5,470,578",535,"129,216,056","12,643",
29,MO,"Jackson County, MO",29095,Jackson County,39.005441,-94.343326,,683643,14,675036,14,4,41414,"3,021,070","394,152",4,"308,398","1,948,847","12,741,497",19,"276,857",,,"323,907,575",474,"7,746,092,196","11,331",
29,MO,"Jasper County, MO",29097,Jasper County,37.205197,-94.337259,,117376,9,95962,9,4,40909,"625,216","81,015",5,"50,222","403,317","1,070,348",9,"45,731",,,"50,562,816",431,"1,282,733,255","10,928",
29,MO,"Jefferson County, MO",29099,Jefferson County,38.257599,-90.543542,,222453,11,82656,8,4,41108,"1,228,751","131,737",6,"86,841","904,283","1,542,662",7,"82,308",,,"82,570,882",371,"2,141,897,914","9,629",
29,MO,"Johnson County, MO",29101,Johnson County,38.741528,-93.811863,,54229,7,20974,5,4,40705,"241,606","27,231",4,"21,314","177,807","427,603",8,"19,934",,,"23,000,890",424,"556,861,764","10,269",
29,MO,"Knox County, MO",29103,Knox County,40.136776,-92.146809,,3997,1,1130,1,5,50101,"23,621","2,540",6,"2,221","17,384","20,519",5,"1,653",,,"3,252,879",814,"76,994,220","19,263",
29,MO,"Laclede County, MO",29105,Laclede County,37.659688,-92.59484,,35505,6,23262,5,4,40605,"204,174","20,164",6,"15,420","150,259","111,201",3,"13,740",,,"22,878,568",644,"641,538,047","18,069",
29,MO,"Lafayette County, MO",29107,Lafayette County,39.068705,-93.802639,,32789,6,12683,4,4,40604,"171,387","20,028",5,"14,367","110,559","383,441",12,"13,301",,,"24,461,534",746,"713,490,376","21,760",
29,MO,"Lawrence County, MO",29109,Lawrence County,37.10659,-93.830551,,38204,7,14203,4,4,40704,"184,628","23,887",5,"16,202","135,874","310,481",8,"14,574",,,"23,586,179",617,"667,074,836","17,461",
29,MO,"Lewis County, MO",29111,Lewis County,40.084559,-91.728803,,10146,3,3526,1,5,50301,"52,064","5,594",5,"4,393","38,316","66,135",7,"3,807",,,"7,528,465",742,"179,176,049","17,660",
29,MO,"Lincoln County, MO",29113,Lincoln County,39.062255,-90.962916,,54286,7,17876,5,4,40705,"289,697","30,767",5,"20,637","213,199","227,166",4,"18,415",,,"21,639,159",399,"520,218,913","9,583",
29,MO,"Linn County, MO",29115,Linn County,39.86444,-93.108019,,12319,4,6397,2,5,50402,"68,227","7,413",6,"6,238","50,211","106,139",9,"4,936",,,"8,261,774",671,"197,507,551","16,033",
29,MO,"Livingston County, MO",29117,Livingston County,39.778587,-93.548201,,15057,4,9844,3,5,50403,"75,637","8,871",5,"6,588","55,664","144,118",10,"5,737",,,"8,717,904",579,"207,980,650","13,813",
29,MO,"McDonald County, MO",29119,McDonald County,36.630218,-94.343956,,22720,5,10293,3,4,40503,"105,027","13,613",5,"9,621","77,293","108,006",5,"8,294",,,"12,283,710",541,"299,954,936","13,202",
29,MO,"Macon County, MO",29121,Macon County,39.829795,-92.56434,,15399,4,7367,2,5,50402,"73,560","9,562",5,"7,462","54,136","80,719",5,"6,097",,,"11,879,197",771,"284,779,877","18,493",
29,MO,"Madison County, MO",29123,Madison County,37.473235,-90.345453,,12403,4,6539,2,4,40402,"64,447","6,759",5,"5,810","47,429","66,830",5,"4,685",,,"6,386,683",515,"151,231,576","12,193",
29,MO,"Maries County, MO",29125,Maries County,38.162615,-91.923601,,8987,3,2121,1,4,40301,"55,461","5,938",6,"4,473","40,816","21,853",2,"3,642",,,"5,685,987",633,"138,286,249","15,387",
29,MO,"Marion County, MO",29127,Marion County,39.807538,-91.635379,,28858,6,24023,5,5,50605,"138,818","15,697",5,"12,604","102,162","338,987",12,"11,286",,,"17,651,932",612,"416,541,836","14,434",
29,MO,"Mercer County, MO",29129,Mercer County,40.421413,-93.567631,,3702,1,765,1,5,50101,"17,130","2,011",5,"2,067","12,607","26,970",7,"1,425",,,"2,497,472",675,"58,789,631","15,881",
29,MO,"Miller County, MO",29131,Miller County,38.21668,-92.429876,,25011,5,12584,4,4,40504,"131,637","14,103",5,"12,479","96,876","76,190",3,"9,408",,,"15,621,222",625,"372,504,502","14,894",
29,MO,"Mississippi County, MO",29133,Mississippi County,36.826264,-89.295929,,14112,4,4538,1,4,40401,"74,897","8,031",5,"5,585","55,119","130,918",9,"5,125",,,"9,002,525",638,"242,033,522","17,151",
29,MO,"Moniteau County, MO",29135,Moniteau County,38.633037,-92.583642,,15840,4,5449,2,4,40402,"72,690","7,815",5,"6,003","53,495","102,019",6,"5,492",,,"6,399,672",404,"156,857,431","9,903",
29,MO,"Monroe County, MO",29137,Monroe County,39.49827,-92.006458,,8642,3,3059,1,4,40301,"50,174","5,644",6,"4,700","36,925","65,435",8,"3,524",,,"5,752,434",666,"135,683,230","15,700",
29,MO,"Montgomery County, MO",29139,Montgomery County,38.935184,-91.465427,,11820,4,4355,1,4,40401,"70,909","7,557",6,"6,021","52,184","66,959",6,"4,876",,,"15,009,905","1,270","439,003,772","37,141",
29,MO,"Morgan County, MO",29141,Morgan County,38.420807,-92.874835,,20182,5,6641,2,4,40502,"106,950","11,496",5,"15,070","78,709","57,500",3,"7,883",,,"10,774,868",534,"255,216,614","12,646",
29,MO,"New Madrid County, MO",29143,New Madrid County,36.594261,-89.655948,,18229,5,12385,4,4,40504,"107,392","11,509",6,"8,358","79,034","151,202",8,"7,305",,,"17,564,757",964,"481,519,679","26,415",
29,MO,"Newton County, MO",29145,Newton County,36.908364,-94.335021,,58741,8,42056,7,4,40807,"312,665","40,534",5,"23,813","201,696","376,788",6,"22,023",,,"31,605,695",538,"806,130,555","13,723",
29,MO,"Nodaway County, MO",29147,Nodaway County,40.361136,-94.883146,,23026,5,12122,4,5,50504,"103,166","11,807",4,"9,412","75,923","168,389",7,"8,465",,,"10,808,769",469,"256,455,449","11,138",
29,MO,"Oregon County, MO",29149,Oregon County,36.68531,-91.401827,,10922,3,3436,1,4,40301,"56,450","5,739",5,"5,313","41,544","31,774",3,"4,339",,,"6,000,587",549,"142,147,328","13,015",
29,MO,"Osage County, MO",29151,Osage County,38.464253,-91.859504,,13704,4,6594,2,4,40402,"69,689","7,469",5,"6,401","51,287","25,510",2,"5,046",,,"7,557,397",551,"185,375,157","13,527",
29,MO,"Ozark County, MO",29153,Ozark County,36.64959,-92.458549,,9450,3,1925,1,4,40301,"49,675","5,909",5,"5,488","36,558","24,244",3,"4,267",,,"5,120,077",542,"119,023,904","12,595",
29,MO,"Pemiscot County, MO",29155,Pemiscot County,36.209916,-89.785942,,17599,5,7735,3,4,40503,"98,444","10,565",6,"7,941","72,448","184,682",10,"6,939",,,"15,601,862",887,"439,536,811","24,975",
29,MO,"Perry County, MO",29157,Perry County,37.71113,-89.802125,,19152,5,19846,5,4,40505,"82,252","11,496",4,"8,414","60,532","139,977",7,"7,438",,,"11,443,643",598,"313,447,311","16,366",
29,MO,"Pettis County, MO",29159,Pettis County,38.727367,-93.285207,,42193,7,34954,6,4,40706,"199,384","22,807",5,"17,796","146,734","454,547",11,"16,004",,,"19,375,808",459,"456,069,058","10,809",
29,MO,"Phelps County, MO",29161,Phelps County,37.866326,-91.790349,,44833,7,27734,6,4,40706,"242,873","25,369",5,"19,344","178,739","172,971",4,"16,838",,,"29,132,742",650,"749,951,636","16,728",
29,MO,"Pike County, MO",29163,Pike County,39.339959,-91.171607,,18475,5,8891,3,5,50503,"93,105","9,923",5,"7,652","68,519","97,000",5,"6,653",,,"13,210,699",715,"318,743,001","17,253",
29,MO,"Platte County, MO",29165,Platte County,39.378696,-94.761472,,94970,9,79342,8,4,40908,"436,504","57,294",5,"39,327","321,240","1,356,820",14,"37,699",,,"58,332,596",614,"1,556,204,989","16,386",
29,MO,"Polk County, MO",29167,Polk County,37.616761,-93.400817,,31113,6,14707,4,4,40604,"150,975","19,035",5,"13,060","111,108","52,572",2,"11,864",,,"15,874,315",510,"376,500,062","12,101",
29,MO,"Pulaski County, MO",29169,Pulaski County,37.824835,-92.207022,,53302,7,17068,5,4,40705,"214,519","20,727",4,"18,145","157,872","58,571",1,"15,298",,,"21,230,617",398,"564,310,736","10,587",
29,MO,"Putnam County, MO",29171,Putnam County,40.478606,-93.014531,,4877,1,1204,1,5,50101,"23,927","3,265",5,"2,902","17,609","33,111",7,"2,121",,,"3,292,764",675,"78,545,387","16,105",
29,MO,"Ralls County, MO",29173,Ralls County,39.553455,-91.524787,,10225,3,4886,1,5,50301,"60,646","6,520",6,"5,033","44,632","42,110",4,"3,967",,,"9,150,254",895,"221,402,350","21,653",
29,MO,"Randolph County, MO",29175,Randolph County,39.439249,-92.492959,,25081,5,14930,4,4,40504,"121,132","13,283",5,"10,426","89,145","221,925",9,"8,471",,,"13,797,199",550,"322,486,595","12,858",
29,MO,"Ray County, MO",29177,Ray County,39.308401,-93.995746,,22921,5,5879,2,4,40502,"113,214","12,492",5,"9,744","73,033","168,222",7,"8,670",,,"9,388,657",410,"220,856,897","9,636",
29,MO,"Reynolds County, MO",29179,Reynolds County,37.360857,-90.969516,,6530,2,2259,1,4,40201,"38,642","4,143",6,"3,911","28,438","12,932",2,"2,652",,,"4,781,529",732,"111,953,378","17,144",
29,MO,"Ripley County, MO",29181,Ripley County,36.648902,-90.86706,,13936,4,5070,2,4,40402,"83,533","8,176",6,"6,391","61,475","52,360",4,"5,353",,,"5,000,754",359,"119,610,935","8,583",
29,MO,"St. Charles County, MO",29183,St. Charles County,38.781102,-90.674915,,379856,12,268848,11,4,41211,"1,708,181","181,709",4,"144,239","1,257,113","10,245,084",27,"140,664",,,"174,603,240",460,"4,299,379,572","11,318",
29,MO,"St. Clair County, MO",29185,St. Clair County,38.039069,-93.773076,,9444,3,2683,1,4,40301,"50,269","5,904",5,"5,460","36,995","37,541",4,"3,990",,,"8,457,808",896,"202,505,694","21,443",
29,MO,"Ste. Genevieve County, MO",29186,Ste. Genevieve County,37.885845,-90.161531,,17937,5,9875,3,4,40503,"94,306","11,910",5,"8,446","69,403","82,201",5,"7,176",,,"12,180,708",679,"355,666,347","19,829",
29,MO,"St. Francois County, MO",29187,St. Francois County,37.810707,-90.473868,,66230,8,37406,6,4,40806,"378,053","40,632",6,"28,655","278,223","296,170",4,"24,759",,,"24,067,195",363,"564,376,629","8,521",
29,MO,"St. Louis County, MO",29189,St. Louis County,38.640702,-90.445954,,1000560,15,1177852,15,4,41515,"4,655,578","499,249",5,"428,710","3,426,211","36,882,495",37,"401,716",,,"496,539,851",496,"12,712,764,102","12,706",
29,MO,"Saline County, MO",29195,Saline County,39.13584,-93.204164,,23214,5,14814,4,4,40504,"105,715","14,077",5,"11,150","68,195","280,505",12,"8,785",,,"19,261,262",830,"549,788,965","23,684",
29,MO,"Schuyler County, MO",29197,Schuyler County,40.469361,-92.519016,,4396,1,549,1,5,50101,"23,540","2,531",5,"2,033","17,324","25,440",6,"1,726",,,"3,211,162",730,"74,834,888","17,023",
29,MO,"Scotland County, MO",29199,Scotland County,40.447686,-92.142824,,4893,1,1436,1,5,50101,"22,649","2,897",5,"2,300","16,668","32,158",7,"1,786",,,"2,914,154",596,"68,360,309","13,971",
29,MO,"Scott County, MO",29201,Scott County,37.047793,-89.568098,,38994,7,27845,6,4,40706,"226,809","24,277",6,"16,848","166,917","276,051",7,"15,267",,,"18,936,040",486,"490,952,030","12,590",
29,MO,"Shannon County, MO",29203,Shannon County,37.152498,-91.391328,,8256,3,2326,1,4,40301,"41,090","4,180",5,"4,035","30,239","18,274",2,"3,176",,,"6,477,042",785,"150,772,660","18,262",
29,MO,"Shelby County, MO",29205,Shelby County,39.797531,-92.088719,,6148,2,1867,1,5,50201,"32,946","4,027",5,"3,119","24,246","33,721",5,"2,480",,,"6,465,350","1,052","152,770,269","24,849",
29,MO,"Stoddard County, MO",29207,Stoddard County,36.851557,-89.947481,,29788,6,17321,5,4,40605,"174,318","18,466",6,"13,309","128,287","248,781",8,"11,855",,,"16,877,459",567,"398,973,213","13,394",
29,MO,"Stone County, MO",29209,Stone County,36.751004,-93.473701,,31197,6,8282,3,4,40603,"159,545","19,941",5,"20,092","90,812","80,489",3,"12,667",,,"15,879,611",509,"367,371,452","11,776",
29,MO,"Sullivan County, MO",29211,Sullivan County,40.209587,-93.109783,,6416,2,2691,1,5,50201,"29,126","3,428",5,"3,263","21,435","34,024",5,"2,384",,,"4,079,368",636,"94,583,937","14,742",
29,MO,"Taney County, MO",29213,Taney County,36.649827,-93.042819,,53853,7,50006,7,4,40707,"273,213","35,037",5,"29,365","201,068","123,431",2,"21,769",,,"25,866,118",480,"598,760,001","11,118",
29,MO,"Texas County, MO",29215,Texas County,37.314257,-91.964478,,25690,6,8338,3,4,40603,"125,543","13,141",5,"11,340","92,392","85,880",3,"9,239",,,"16,008,841",623,"380,829,499","14,824",
29,MO,"Vernon County, MO",29217,Vernon County,37.850196,-94.341597,,20836,5,11349,4,4,40504,"106,004","12,060",5,"9,275","78,013","154,219",7,"8,204",,,"13,490,445",647,"349,287,419","16,764",
29,MO,"Warren County, MO",29219,Warren County,38.761902,-91.159306,,33290,6,12348,4,4,40604,"189,633","20,140",6,"14,581","139,558","123,817",4,"11,823",,,"20,837,379",626,"533,030,417","16,012",
29,MO,"Washington County, MO",29221,Washington County,37.942611,-90.897018,,25002,5,6549,2,4,40502,"147,746","15,879",6,"10,627","108,732","49,556",2,"9,045",,,"10,516,471",421,"248,766,395","9,950",
29,MO,"Wayne County, MO",29223,Wayne County,37.112319,-90.452378,,13341,4,3352,1,4,40401,"81,291","8,234",6,"7,812","59,825","50,602",4,"5,612",,,"7,576,554",568,"179,888,610","13,484",
29,MO,"Webster County, MO",29225,Webster County,37.280804,-92.87608,,37075,6,10620,3,4,40603,"194,739","17,293",5,"13,999","143,315","196,361",5,"13,122",,,"23,500,495",634,"629,764,311","16,986",
29,MO,"Worth County, MO",29227,Worth County,40.480192,-94.418748,,2061,1,401,1,5,50101,"11,637","1,336",6,"1,244","8,564","15,676",8,917,,,"1,634,291",793,"37,628,742","18,258",
29,MO,"Wright County, MO",29229,Wright County,37.267636,-92.48001,,18378,5,6890,2,4,40502,"105,061","9,687",6,"7,878","77,318","115,865",6,"7,395",,,"11,615,676",632,"276,779,314","15,060",
29,MO,"St. Louis city, MO",29510,St. Louis city,38.635699,-90.244582,,316030,12,443086,13,4,41213,"1,616,086","173,360",5,"171,604","1,189,337","13,264,188",42,"140,116",,,"121,128,781",383,"2,973,784,969","9,410",
30,MT,"Beaverhead County, MT",30001,Beaverhead County,45.133863,-112.892869,,9317,3,4982,1,6,60301,"34,224","3,980",4,"5,219","10,174","177,837",19,"4,008",,,"7,729,251",830,"219,398,704","23,548",
30,MT,"Big Horn County, MT",30003,Big Horn County,45.407869,-107.518163,,13214,4,4712,1,6,60401,"40,743","4,811",3,"4,635","12,113","122,696",9,"3,602",,,"12,190,111",923,"337,713,420","25,557",
30,MT,"Blaine County, MT",30005,Blaine County,48.428282,-108.967648,,6609,2,1779,1,6,60201,"21,089","2,583",3,"2,796","6,269","87,498",13,"2,273",,,"4,349,140",658,"108,430,108","16,406",
30,MT,"Broadwater County, MT",30007,Broadwater County,46.329849,-111.497873,,5692,2,1591,1,6,60201,"21,676","2,521",4,"2,672","6,444","29,916",5,"2,417",,,"5,772,567","1,014","155,564,962","27,330",
30,MT,"Carbon County, MT",30009,Carbon County,45.224475,-109.028551,,10340,3,4326,1,6,60301,"39,400","4,669",4,"6,414","11,713","235,364",23,"4,385",,,"6,244,599",604,"160,083,390","15,482",
30,MT,"Carter County, MT",30011,Carter County,45.516825,-104.515324,,1295,1,209,1,6,60101,"5,528",548,4,783,"3,128","8,809",7,535,,,"2,216,191","1,711","56,897,501","43,936",
30,MT,"Cascade County, MT",30013,Cascade County,47.316443,-111.350571,,82049,8,61650,8,6,60808,"253,047","29,864",3,"37,449","75,228","1,910,532",23,"34,138",,,"25,054,232",305,"616,576,358","7,515",
30,MT,"Chouteau County, MT",30015,Chouteau County,47.886837,-110.436189,,5837,2,1374,1,6,60201,"21,010","2,497",4,"2,843","6,246","69,359",12,"2,263",,,"5,005,166",857,"125,378,326","21,480",
30,MT,"Custer County, MT",30017,Custer County,46.261481,-105.550508,,11980,4,8637,3,6,60403,"42,108","3,833",4,"5,567","12,518","279,293",23,"4,872",,,"6,510,346",543,"179,085,152","14,949",
30,MT,"Daniels County, MT",30019,Daniels County,48.794429,-105.541739,,1787,1,1000,1,6,60101,"15,028","1,425",8,939,"4,468","12,697",7,894,,,"1,162,201",650,"29,006,320","16,232",
30,MT,"Dawson County, MT",30021,Dawson County,47.272425,-104.901027,,9431,3,5427,2,6,60302,"35,349","3,141",4,"4,315","20,001","224,424",24,"3,997",,,"6,363,797",675,"173,725,449","18,421",
30,MT,"Deer Lodge County, MT",30023,Deer Lodge County,46.094612,-113.141624,Y,9176,3,5385,2,6,60302,"28,235","3,298",3,"5,086","8,394","257,028",28,"3,889",,,"7,993,443",871,"179,694,786","19,583",
30,MT,"Fallon County, MT",30025,Fallon County,46.318184,-104.405718,,2913,1,2055,1,6,60101,"10,947",957,4,"1,473","6,194","57,603",20,"1,194",,,"1,974,944",678,"50,518,362","17,342",
30,MT,"Fergus County, MT",30027,Fergus County,47.223641,-109.223714,,11429,4,6483,2,6,60402,"42,741","5,076",4,"5,769","12,706","229,312",20,"4,924",,,"5,697,677",499,"142,090,828","12,432",
30,MT,"Flathead County, MT",30029,Flathead County,48.314575,-114.054533,,94696,9,76005,8,6,60908,"464,380","43,832",5,"50,299","138,054","1,366,087",14,"37,622",,,"37,305,061",394,"898,044,917","9,483",
30,MT,"Gallatin County, MT",30031,Gallatin County,45.518054,-111.163921,,97958,9,91423,9,6,60909,"339,715","39,901",3,"44,616","100,993","2,080,051",21,"38,781",,,"39,940,183",408,"1,022,689,811","10,440",
30,MT,"Garfield County, MT",30033,Garfield County,47.280033,-106.986706,,1061,1,216,1,6,60101,"4,839",681,5,836,"1,438","7,271",7,447,,,"1,809,978","1,706","47,401,097","44,676",
30,MT,"Glacier County, MT",30035,Glacier County,48.705671,-112.990502,,13695,4,4289,1,6,60401,"43,484","4,722",3,"5,272","12,927","125,303",9,"4,188",,,"7,263,633",530,"174,664,837","12,754",
30,MT,"Golden Valley County, MT",30037,Golden Valley County,46.380624,-109.174586,,730,1,97,1,6,60101,"3,476",412,5,450,"1,034", -   , -   ,330,,,"1,568,641","2,149","42,150,078","57,740",
30,MT,"Granite County, MT",30039,Granite County,46.395955,-113.427356,,3212,1,1074,1,6,60101,"10,847","1,263",3,"2,762","3,225","52,883",16,"1,300",,,"5,531,283","1,722","161,219,457","50,193",
30,MT,"Hill County, MT",30041,Hill County,48.631959,-110.106321,,16529,4,10245,3,6,60403,"49,049","5,787",3,"7,161","14,582","306,446",19,"6,119",,,"6,829,517",413,"164,249,815","9,937",
30,MT,"Jefferson County, MT",30043,Jefferson County,46.124246,-112.059424,,11601,4,3852,1,6,60401,"40,097","4,663",3,"5,007","11,920","255,108",22,"4,468",,,"10,091,283",870,"311,958,802","26,891",
30,MT,"Judith Basin County, MT",30045,Judith Basin County,47.032558,-110.30532,,1981,1,372,1,6,60101,"9,560","1,137",5,"1,329","2,842","14,556",7,915,,,"3,201,428","1,616","81,567,227","41,175",
30,MT,"Lake County, MT",30047,Lake County,47.642901,-114.083687,,29311,6,10711,3,6,60603,"171,338","11,780",6,"16,468","50,937","185,023",6,"11,952",,,"12,065,322",412,"299,330,980","10,212",
30,MT,"Lewis and Clark County, MT",30049,Lewis and Clark County,47.122034,-112.382924,,65989,8,51070,7,6,60807,"220,029","24,996",3,"30,430","65,412","1,559,201",24,"26,765",,,"22,198,959",336,"546,336,051","8,279",
30,MT,"Liberty County, MT",30051,Liberty County,48.559654,-111.036924,,2292,1,571,1,6,60101,"6,727",791,3,"1,073","2,000","37,707",16,833,,,"1,694,035",739,"41,724,488","18,204",
30,MT,"Lincoln County, MT",30053,Lincoln County,48.552385,-115.463185,,19268,5,7835,3,6,60503,"111,854","11,521",6,"12,092","33,253","99,551",5,"8,539",,,"8,403,499",436,"201,153,941","10,440",
30,MT,"McCone County, MT",30055,McCone County,47.629628,-105.757222,,1678,1,505,1,6,60101,"8,189",800,5,"1,015","2,434","16,367",10,727,,,"1,985,726","1,183","51,217,792","30,523",
30,MT,"Madison County, MT",30057,Madison County,45.325278,-111.913781,,7810,3,2859,1,6,60301,"29,102","3,401",4,"6,857","8,652","78,439",10,"3,365",,,"6,311,957",808,"162,662,465","20,827",
30,MT,"Meagher County, MT",30059,Meagher County,46.5857,-110.92174,,1960,1,470,1,6,60101,"7,436",868,4,"1,368","2,211","12,985",7,786,,,"1,674,244",854,"40,170,425","20,495",
30,MT,"Mineral County, MT",30061,Mineral County,47.154909,-115.064849,,4223,1,1407,1,6,60101,"14,171","1,658",3,"2,431","4,213","20,971",5,"1,618",,,"8,699,083","2,060","269,162,409","63,737",
30,MT,"Missoula County, MT",30063,Missoula County,47.027263,-113.892681,,113101,9,99170,9,6,60909,"384,103","43,547",3,"51,101","114,189","2,096,616",19,"47,116",,,"39,742,882",351,"1,012,635,177","8,953",
30,MT,"Musselshell County, MT",30065,Musselshell County,46.505281,-108.439763,,4778,1,1567,1,6,60101,"21,184","2,513",4,"2,676","6,298","19,528",4,"2,001",,,"2,565,906",537,"65,121,373","13,629",
30,MT,"Park County, MT",30067,Park County,45.421905,-110.532798,,15843,4,10160,3,6,60403,"64,639","7,569",4,"9,303","19,216","301,029",19,"7,131",,,"10,970,437",692,"302,417,593","19,088",
30,MT,"Petroleum County, MT",30069,Petroleum County,47.141917,-108.226575,,445,1,34,1,6,60101,"1,897",285,4,316,564, -   , -   ,212,,,"780,668","1,754","19,610,680","44,069",
30,MT,"Phillips County, MT",30071,Phillips County,48.250143,-107.928897,,4150,1,1554,1,6,60101,"16,686","1,963",4,"2,294","4,961","88,111",21,"1,801",,,"3,878,661",935,"93,407,030","22,508",
30,MT,"Pondera County, MT",30073,Pondera County,48.230312,-112.219928,,6166,2,2615,1,6,60201,"18,830","2,219",3,"2,620","5,598","96,857",16,"2,242",,,"3,330,095",540,"89,891,895","14,579",
30,MT,"Powder River County, MT",30075,Powder River County,45.408926,-105.555344,,1648,1,544,1,6,60101,"8,344","1,169",5,"1,028","2,481","8,590",5,748,,,"3,324,631","2,017","87,214,466","52,921",
30,MT,"Powell County, MT",30077,Powell County,46.844225,-112.9311,,6928,2,1880,1,6,60201,"18,096","2,123",3,"3,068","5,380","136,789",20,"2,357",,,"7,007,744","1,012","205,337,387","29,639",
30,MT,"Prairie County, MT",30079,Prairie County,46.812384,-105.503994,,1414,1,239,1,6,60101,"5,780",611,4,659,"1,718","25,835",18,552,,,"2,303,718","1,629","69,123,273","48,885",
30,MT,"Ravalli County, MT",30081,Ravalli County,46.079298,-114.119065,,41130,7,18320,5,6,60705,"148,768","17,284",4,"19,405","44,227","599,023",15,"16,752",,,"10,257,670",249,"250,688,808","6,095",
30,MT,"Richland County, MT",30083,Richland County,47.785513,-104.563387,,11392,4,11666,4,6,60404,"45,280","3,884",4,"4,997","25,620","242,494",21,"4,546",,,"5,519,618",485,"134,576,552","11,813",
30,MT,"Roosevelt County, MT",30085,Roosevelt County,48.282747,-104.99517,,11230,3,3426,1,6,60301,"32,608","2,854",3,"4,053","18,450","149,908",13,"3,172",,,"5,355,183",477,"131,194,130","11,682",
30,MT,"Rosebud County, MT",30087,Rosebud County,46.17336,-106.66641,,9348,3,3586,1,6,60301,"38,287","4,736",4,"4,075","11,382","83,151",9,"3,239",,,"6,939,184",742,"197,265,371","21,102",
30,MT,"Sanders County, MT",30089,Sanders County,47.7565,-115.180295,,11375,4,4181,1,6,60401,"49,494","5,679",4,"6,788","14,714","45,677",4,"5,035",,,"6,313,971",555,"158,645,432","13,947",
30,MT,"Sheridan County, MT",30091,Sheridan County,48.705523,-104.533913,,3645,1,1848,1,6,60101,"25,658","2,394",7,"1,840","14,518","24,604",7,"1,624",,,"2,479,700",680,"60,499,143","16,598",
30,MT,"Silver Bow County, MT",30093,Silver Bow County,45.895959,-112.660222,Y,34560,6,24868,5,6,60605,"106,395","12,472",3,"16,694","31,630","1,062,716",31,"14,881",,,"18,688,242",541,"443,894,938","12,844",
30,MT,"Stillwater County, MT",30095,Stillwater County,45.658903,-109.382098,,9342,3,4170,1,6,60301,"36,392","4,321",4,"4,777","10,819","184,186",20,"3,784",,,"8,350,329",894,"254,879,793","27,283",
30,MT,"Sweet Grass County, MT",30097,Sweet Grass County,45.811292,-109.944796,,3634,1,1821,1,6,60101,"14,037","1,665",4,"2,002","4,173","69,150",19,"1,447",,,"6,317,674","1,738","198,221,771","54,546",
30,MT,"Teton County, MT",30099,Teton County,47.819035,-112.281725,,6067,2,2012,1,6,60201,"21,480","2,534",4,"2,862","6,386","91,307",15,"2,391",,,"3,743,049",617,"96,970,755","15,983",
30,MT,"Toole County, MT",30101,Toole County,48.645052,-111.733493,,5114,2,2886,1,6,60201,"21,511","2,244",4,"2,330","6,395","79,807",16,"1,930",,,"3,936,166",770,"100,958,275","19,742",
30,MT,"Treasure County, MT",30103,Treasure County,46.209558,-107.280369,,846,1,62,1,6,60101,"5,202",704,6,449,"1,546","6,024",7,372,,,"1,846,406","2,183","62,857,767","74,300",
30,MT,"Valley County, MT",30105,Valley County,48.34985,-106.670424,,7576,3,4626,1,6,60301,"31,550","3,684",4,"4,799","17,852","185,103",24,"3,350",,,"4,990,735",659,"121,118,670","15,987",
30,MT,"Wheatland County, MT",30107,Wheatland County,46.497047,-109.857147,,2109,1,583,1,6,60101,"7,248",860,3,"1,288","2,155","33,696",16,869,,,"2,087,372",990,"52,171,744","24,738",
30,MT,"Wibaux County, MT",30109,Wibaux County,46.962966,-104.274518,,1143,1,211,1,6,60101,"5,444",467,5,553,"3,080","20,425",18,496,,,"1,490,035","1,304","42,932,532","37,561",
30,MT,"Yellowstone County, MT",30111,Yellowstone County,45.936987,-108.276656,,155344,10,140744,10,6,61010,"518,070","61,956",3,"66,239","154,016","3,243,866",21,"62,459",,,"53,234,427",343,"1,343,187,185","8,647",
31,NE,"Adams County, NE",31001,Adams County,40.520632,-98.500044,,31536,6,27194,6,5,50606,"161,790","16,318",5,"11,758","91,544","933,992",30,"12,719",,,"10,700,573",339,"244,163,533","7,742",
31,NE,"Antelope County, NE",31003,Antelope County,42.183225,-98.058037,,6421,2,2972,1,5,50201,"44,614","4,509",7,"2,210","25,244","120,642",19,"2,747",,,"4,570,512",712,"110,524,699","17,213",
31,NE,"Arthur County, NE",31005,Arthur County,41.571944,-101.695898,,437,1,68,1,5,50101,"2,262",299,5,170,"1,413","3,940",9,183,,,"345,434",790,"8,850,714","20,253",
31,NE,"Banner County, NE",31007,Banner County,41.53975,-103.726263,,793,1,33,1,5,50101,"3,700",503,5,251,"2,311","7,026",9,314,,,"1,295,728","1,634","33,283,661","41,972",
31,NE,"Blaine County, NE",31009,Blaine County,41.92523,-99.990771,,580,1,13,1,5,50101,"3,874",458,7,248,"2,192","11,202",19,251,,,"733,949","1,265","19,044,190","32,835",
31,NE,"Boone County, NE",31011,Boone County,41.703934,-98.070476,,5353,2,2810,1,5,50201,"34,457","3,579",6,"3,898","19,496","26,198",5,"2,236",,,"3,125,198",584,"74,673,909","13,950",
31,NE,"Box Butte County, NE",31013,Box Butte County,42.21038,-103.081779,,11279,4,5563,2,5,50402,"44,604","5,752",4,"4,239","27,855","615,849",55,"4,722",,,"4,111,884",365,"98,488,046","8,732",
31,NE,"Boyd County, NE",31015,Boyd County,42.894448,-98.773022,,2006,1,750,1,5,50101,"10,886","1,260",5,"1,027","6,160","33,825",17,909,,,"1,276,840",637,"30,235,817","15,073",
31,NE,"Brown County, NE",31017,Brown County,42.359562,-99.92392,,3022,1,1632,1,5,50101,"18,421","2,271",6,"1,551","10,423","168,276",56,"1,498",,,"1,760,613",583,"43,260,208","14,315",
31,NE,"Buffalo County, NE",31019,Buffalo County,40.855226,-99.074983,,48402,7,46035,7,5,50707,"273,155","28,671",6,"13,886","154,557","2,362,998",49,"18,512",,,"25,181,666",520,"672,674,593","13,898",
31,NE,"Burt County, NE",31021,Burt County,41.854179,-96.337746,,6594,2,2290,1,5,50201,"43,500","5,022",7,"1,970","24,613","38,023",6,"2,823",,,"3,495,839",530,"85,833,826","13,017",
31,NE,"Butler County, NE",31023,Butler County,41.226072,-97.132039,,8205,3,4096,1,5,50301,"47,042","5,237",6,"2,613","26,617","34,388",4,"3,479",,,"5,505,988",671,"134,125,783","16,347",
31,NE,"Cass County, NE",31025,Cass County,40.909878,-96.140609,,25463,6,7689,3,5,50603,"125,586","13,548",5,"6,225","71,059","126,292",5,"9,706",,,"16,106,809",633,"458,128,875","17,992",
31,NE,"Cedar County, NE",31027,Cedar County,42.604511,-97.256824,,8657,3,3738,1,5,50301,"62,879","5,451",7,"3,064","35,578","43,963",5,"3,571",,,"5,452,494",630,"132,988,739","15,362",
31,NE,"Chase County, NE",31029,Chase County,40.53039,-101.694192,,4061,1,2153,1,5,50101,"20,773","2,328",5,"1,364","12,973","186,582",46,"1,693",,,"2,314,167",570,"56,438,484","13,898",
31,NE,"Cherry County, NE",31031,Cherry County,42.571323,-101.047653,,5781,2,3133,1,5,50201,"36,235","4,528",6,"2,551","22,629","111,524",19,"2,691",,,"4,592,315",794,"116,737,871","20,193",
31,NE,"Cheyenne County, NE",31033,Cheyenne County,41.214236,-103.011929,,10090,3,8512,3,5,50303,"33,173","4,248",3,"5,058","20,716","663,041",66,"4,462",,,"8,298,257",822,"235,434,041","23,333",
31,NE,"Clay County, NE",31035,Clay County,40.523669,-98.05105,,6313,2,2189,1,5,50201,"41,557","4,129",7,"2,103","23,514","338,461",54,"2,600",,,"3,735,832",592,"89,564,143","14,187",
31,NE,"Colfax County, NE",31037,Colfax County,41.57496,-97.088945,,10499,3,5245,2,5,50302,"54,940","5,940",5,"3,208","31,086","34,947",3,"3,659",,,"5,542,534",528,"136,175,296","12,970",
31,NE,"Cuming County, NE",31039,Cuming County,41.915865,-96.788517,,9055,3,5094,2,5,50302,"59,794","6,530",7,"2,794","33,833","49,940",6,"3,783",,,"5,619,616",621,"135,120,385","14,922",
31,NE,"Custer County, NE",31041,Custer County,41.393893,-99.726866,,10784,3,5356,2,5,50302,"65,856","7,275",6,"4,790","37,263","467,593",43,"4,781",,,"7,124,924",661,"173,452,928","16,084",
31,NE,"Dakota County, NE",31043,Dakota County,42.391645,-96.561356,,20697,5,22761,5,5,50505,"108,079","11,322",5,"5,825","61,153","104,152",5,"7,314",,,"8,353,635",404,"200,895,780","9,707",
31,NE,"Dawes County, NE",31045,Dawes County,42.711214,-103.134872,,9082,3,4253,1,5,50301,"43,158","6,045",5,"1,748","26,952","481,302",53,"3,676",,,"4,022,594",443,"97,860,570","10,775",
31,NE,"Dawson County, NE",31047,Dawson County,40.867378,-99.815154,,23924,5,19564,5,5,50505,"139,220","14,598",6,"8,665","78,774","952,490",40,"8,791",,,"18,335,807",766,"531,753,465","22,227",
31,NE,"Deuel County, NE",31049,Deuel County,41.111903,-102.332609,,1932,1,558,1,5,50101,"8,097","1,041",4,651,"5,057","133,907",69,850,,,"4,706,799","2,436","148,122,556","76,668",
31,NE,"Dixon County, NE",31051,Dixon County,42.48528,-96.855862,,5809,2,1593,1,5,50201,"38,720","3,717",7,"1,987","21,909","26,242",5,"2,290",,,"2,891,786",498,"70,073,908","12,063",
31,NE,"Dodge County, NE",31053,Dodge County,41.577008,-96.645853,,36679,6,31006,6,5,50606,"174,625","18,337",5,"14,538","98,807","239,327",7,"15,063",,,"14,445,305",394,"344,743,258","9,399",
31,NE,"Douglas County, NE",31055,Douglas County,41.297091,-96.154066,,543253,13,622032,13,5,51313,"2,346,765","265,231",4,"314,562","1,327,852","5,712,623",11,"210,931",,,"202,039,929",372,"4,596,616,962","8,461",
31,NE,"Dundy County, NE",31057,Dundy County,40.180165,-101.681133,,1823,1,543,1,5,50101,"12,015","1,211",7,775,"6,799","84,963",47,815,,,"1,541,230",845,"38,206,071","20,958",
31,NE,"Fillmore County, NE",31059,Fillmore County,40.52504,-97.596705,,5676,2,3413,1,5,50201,"47,892","4,584",8,"1,873","27,098","35,858",6,"2,460",,,"4,311,926",760,"103,351,480","18,209",
31,NE,"Franklin County, NE",31061,Franklin County,40.183203,-98.96208,,3076,1,812,1,5,50101,"21,267","2,141",7,"1,210","12,033","195,076",63,"1,389",,,"1,861,562",605,"44,804,095","14,566",
31,NE,"Frontier County, NE",31063,Frontier County,40.530947,-100.406683,,2599,1,838,1,5,50101,"15,511","1,693",6,"1,084","8,776","96,632",37,"1,097",,,"1,964,451",756,"49,164,579","18,917",
31,NE,"Furnas County, NE",31065,Furnas County,40.191865,-99.909663,,4850,1,2681,1,5,50101,"19,801","2,329",4,"1,906","11,204","296,609",61,"2,227",,,"3,133,831",646,"75,711,801","15,611",
31,NE,"Gage County, NE",31067,Gage County,40.255234,-96.683453,,21778,5,14974,4,5,50504,"161,808","15,675",7,"6,787","91,555","129,925",6,"9,251",,,"9,545,969",438,"226,109,356","10,382",
31,NE,"Garden County, NE",31069,Garden County,41.633364,-102.302985,,1930,1,405,1,5,50101,"10,919","1,442",6,881,"6,819","102,314",53,867,,,"1,774,766",920,"44,094,696","22,847",
31,NE,"Garfield County, NE",31071,Garfield County,41.906868,-98.951231,,1968,1,1179,1,5,50101,"11,698","1,374",6,904,"6,619","82,692",42,920,,,"1,022,830",520,"25,425,893","12,920",
31,NE,"Gosper County, NE",31073,Gosper County,40.509095,-99.823206,,1977,1,358,1,5,50101,"11,621","1,279",6,880,"6,575","80,817",41,811,,,"1,468,925",743,"35,508,671","17,961",
31,NE,"Grant County, NE",31075,Grant County,41.913957,-101.755965,,647,1,178,1,5,50101,"4,215",520,7,271,"2,632","8,109",13,272,,,"577,668",893,"15,647,518","24,185",
31,NE,"Greeley County, NE",31077,Greeley County,41.567571,-98.530565,,2447,1,593,1,5,50101,"15,337","1,557",6,"2,606","8,678","108,300",44,"1,025",,,"1,660,306",679,"39,935,495","16,320",
31,NE,"Hall County, NE",31079,Hall County,40.866027,-98.502664,,61105,8,60751,8,5,50808,"267,386","26,704",4,"25,200","151,293","3,282,181",54,"22,572",,,"28,400,443",465,"714,199,107","11,688",
31,NE,"Hamilton County, NE",31081,Hamilton County,40.872817,-98.022329,,9118,3,5453,2,5,50302,"58,588","5,897",6,"2,840","33,150","382,368",42,"3,705",,,"12,186,359","1,337","360,094,852","39,493",
31,NE,"Harlan County, NE",31083,Harlan County,40.178766,-99.403418,,3465,1,1138,1,5,50101,"21,784","2,247",6,"1,683","12,326","24,527",7,"1,590",,,"2,702,925",780,"66,708,163","19,252",
31,NE,"Hayes County, NE",31085,Hayes County,40.537234,-101.047963,,1013,1,68,1,5,50101,"5,795",670,6,371,"3,279","11,395",11,441,,,"921,903",910,"23,327,088","23,028",
31,NE,"Hitchcock County, NE",31087,Hitchcock County,40.176896,-101.044217,,2866,1,858,1,5,50101,"16,775","1,939",6,"1,215","9,491","36,549",13,"1,288",,,"2,143,783",748,"52,631,483","18,364",
31,NE,"Holt County, NE",31089,Holt County,42.459287,-98.784766,,10360,3,6809,2,5,50302,"52,217","5,901",5,"3,869","29,545","433,816",42,"4,569",,,"6,586,656",636,"156,906,956","15,145",
31,NE,"Hooker County, NE",31091,Hooker County,41.9187,-101.11681,,669,1,154,1,5,50101,"4,435",524,7,300,"2,510","5,790",9,301,,,"559,939",837,"14,100,310","21,077",
31,NE,"Howard County, NE",31093,Howard County,41.216851,-98.513342,,6365,2,2109,1,5,50201,"42,168","4,424",7,"2,245","23,860","236,858",37,"2,601",,,"3,455,226",543,"83,425,726","13,107",
31,NE,"Jefferson County, NE",31095,Jefferson County,40.175736,-97.143103,,7354,2,5205,2,5,50202,"64,973","6,431",9,"2,727","36,763","43,401",6,"3,303",,,"3,485,552",474,"83,296,949","11,327",
31,NE,"Johnson County, NE",31097,Johnson County,40.39501,-96.265367,,5167,2,1593,1,5,50201,"23,732","2,561",5,"1,341","13,428","23,395",5,"1,880",,,"2,277,716",441,"55,813,333","10,802",
31,NE,"Kearney County, NE",31099,Kearney County,40.50912,-98.947602,,6548,2,3314,1,5,50201,"41,793","4,239",6,"2,453","23,647","377,300",58,"2,752",,,"4,084,391",624,"98,963,120","15,113",
31,NE,"Keith County, NE",31101,Keith County,41.194245,-101.644449,,8103,3,5222,2,5,50302,"40,892","5,041",5,"3,511","25,537","392,724",48,"3,926",,,"13,560,375","1,674","405,999,367","50,105",
31,NE,"Keya Paha County, NE",31103,Keya Paha County,42.87548,-99.718351,,736,1,94,1,5,50101,"3,714",496,5,419,"2,101","10,068",14,338,,,"816,660","1,110","20,054,864","27,248",
31,NE,"Kimball County, NE",31105,Kimball County,41.199274,-103.703153,,3713,1,1620,1,5,50101,"12,124","1,517",3,"1,464","7,571","245,479",66,"1,591",,,"5,488,474","1,478","167,072,972","44,997",
31,NE,"Knox County, NE",31107,Knox County,42.634404,-97.891349,,8551,3,3180,1,5,50301,"53,136","5,202",6,"3,589","30,066","35,614",4,"3,648",,,"3,933,845",460,"92,388,093","10,804",
31,NE,"Lancaster County, NE",31109,Lancaster County,40.783547,-96.688658,,301707,12,272563,11,5,51211,"1,535,204","146,398",5,"133,542","868,653","1,895,485",6,"119,254",,,"102,833,066",341,"2,471,499,951","8,192",
31,NE,"Lincoln County, NE",31111,Lincoln County,41.050322,-100.744481,,35777,6,23893,5,5,50605,"178,806","18,709",5,"13,586","101,172","1,928,648",54,"14,965",,,"25,089,471",701,"707,621,292","19,779",
31,NE,"Logan County, NE",31113,Logan County,41.542155,-100.443665,,830,1,103,1,5,50101,"5,394",638,6,296,"3,052","9,455",11,352,,,"933,458","1,125","25,474,630","30,692",
31,NE,"Loup County, NE",31115,Loup County,41.897665,-99.509776,,542,1,29,1,5,50101,"3,759",463,7,345,"2,127","4,594",8,248,,,"675,973","1,247","16,821,423","31,036",
31,NE,"McPherson County, NE",31117,McPherson County,41.648414,-101.120851,,425,1,22,1,5,50101,"2,871",339,7,169,"1,624","5,854",14,195,,,"423,154",996,"10,682,484","25,135",
31,NE,"Madison County, NE",31119,Madison County,41.909929,-97.606856,,35125,6,36052,6,5,50606,"250,378","24,655",7,"6,610","141,669","219,709",6,"14,056",,,"12,718,047",362,"292,972,793","8,341",
31,NE,"Merrick County, NE",31121,Merrick County,41.169801,-98.031051,,7793,3,3198,1,5,50301,"51,397","5,230",7,"5,490","29,081","47,195",6,"3,311",,,"5,889,555",756,"142,421,545","18,276",
31,NE,"Morrill County, NE",31123,Morrill County,41.732204,-102.990594,,4843,1,1205,1,5,50101,"23,264","3,146",5,"1,585","14,528","267,880",55,"2,008",,,"4,731,922",977,"120,397,717","24,860",
31,NE,"Nance County, NE",31125,Nance County,41.402385,-97.991408,,3607,1,970,1,5,50101,"22,609","2,260",6,"3,684","12,792","24,772",7,"1,568",,,"1,784,353",495,"42,894,358","11,892",
31,NE,"Nemaha County, NE",31127,Nemaha County,40.385236,-95.853056,,7101,2,2752,1,5,50201,"37,530","4,042",5,"2,846","21,236","36,553",5,"2,873",,,"3,399,215",479,"82,941,454","11,680",
31,NE,"Nuckolls County, NE",31129,Nuckolls County,40.176492,-98.046842,,4352,1,2208,1,5,50101,"26,750","2,743",6,"1,943","15,136","148,902",34,"2,042",,,"2,030,726",467,"48,486,606","11,141",
31,NE,"Otoe County, NE",31131,Otoe County,40.637992,-96.131027,,15890,4,9982,3,5,50403,"79,876","8,682",5,"7,029","45,196","101,453",6,"6,463",,,"10,930,307",688,"270,592,758","17,029",
31,NE,"Pawnee County, NE",31133,Pawnee County,40.13785,-96.245225,,2695,1,828,1,5,50101,"15,734","1,697",6,884,"8,903","13,796",5,"1,249",,,"1,608,318",597,"38,992,927","14,469",
31,NE,"Perkins County, NE",31135,Perkins County,40.857646,-101.627468,,2911,1,1727,1,5,50101,"13,180","1,626",5,945,"8,231","119,215",41,"1,241",,,"2,024,116",695,"51,386,852","17,653",
31,NE,"Phelps County, NE",31137,Phelps County,40.516365,-99.406557,,9236,3,6948,2,5,50302,"55,242","5,607",6,"3,545","31,257","520,733",56,"3,773",,,"4,904,387",531,"116,272,556","12,589",
31,NE,"Pierce County, NE",31139,Pierce County,42.271413,-97.610992,,7179,2,3022,1,5,50201,"49,865","4,869",7,"2,391","28,215","36,464",5,"2,949",,,"4,610,276",642,"112,967,616","15,736",
31,NE,"Platte County, NE",31141,Platte County,41.576866,-97.513467,,32703,6,31681,6,5,50606,"217,932","24,011",7,"6,652","123,311","126,371",4,"12,737",,,"13,929,006",426,"329,178,199","10,066",
31,NE,"Polk County, NE",31143,Polk County,41.187925,-97.570663,,5242,2,2028,1,5,50201,"30,662","3,389",6,"1,929","17,349","30,410",6,"2,112",,,"2,986,675",570,"71,982,823","13,732",
31,NE,"Red Willow County, NE",31145,Red Willow County,40.16942,-100.468576,,10884,3,7524,3,5,50303,"49,617","5,933",5,"3,710","28,075","615,343",57,"4,572",,,"4,690,018",431,"111,436,051","10,239",
31,NE,"Richardson County, NE",31147,Richardson County,40.123743,-95.718603,,8149,3,3713,1,5,50301,"45,540","4,897",6,"3,311","25,767","57,516",7,"3,768",,,"3,347,801",411,"80,880,828","9,925",
31,NE,"Rock County, NE",31149,Rock County,42.394749,-99.420851,,1407,1,497,1,5,50101,"7,508","1,003",5,727,"4,248","69,353",49,695,,,"1,526,519","1,085","38,041,153","27,037",
31,NE,"Saline County, NE",31151,Saline County,40.516802,-97.131755,,14356,4,11621,4,5,50404,"119,037","11,380",8,"3,566","67,354","78,286",5,"5,119",,,"4,942,710",344,"117,526,114","8,187",
31,NE,"Sarpy County, NE",31153,Sarpy County,41.115064,-96.109125,,172460,10,105251,9,5,51009,"675,097","74,587",4,"61,798","381,985","1,328,562",8,"62,907",,,"48,310,886",280,"1,260,193,546","7,307",
31,NE,"Saunders County, NE",31155,Saunders County,41.223152,-96.640923,,20946,5,7885,3,5,50503,"103,543","11,183",5,"5,951","58,587","78,222",4,"7,991",,,"9,007,506",430,"221,994,051","10,598",
31,NE,"Scotts Bluff County, NE",31157,Scotts Bluff County,41.850331,-103.701549,,36599,6,26183,6,5,50606,"174,371","23,863",5,"7,765","98,663","2,168,024",59,"14,544",,,"13,107,055",358,"304,013,991","8,307",
31,NE,"Seward County, NE",31159,Seward County,40.871944,-97.140383,,17113,5,11321,4,5,50504,"89,317","9,880",5,"5,373","50,538","89,128",5,"6,348",,,"15,558,026",909,"462,721,254","27,039",
31,NE,"Sheridan County, NE",31161,Sheridan County,42.512289,-102.36828,,5259,2,1889,1,5,50201,"30,314","4,220",6,"1,625","18,931","254,900",48,"2,227",,,"3,820,450",726,"96,826,998","18,412",
31,NE,"Sherman County, NE",31163,Sherman County,41.218743,-98.972849,,3090,1,1097,1,5,50101,"21,242","2,325",7,"1,448","12,019","147,945",48,"1,367",,,"2,189,083",708,"53,994,136","17,474",
31,NE,"Sioux County, NE",31165,Sioux County,42.470612,-103.732111,,1274,1,35,1,5,50101,"7,878","1,065",6,510,"4,920","17,667",14,544,,,"1,523,041","1,195","38,046,903","29,864",
31,NE,"Stanton County, NE",31167,Stanton County,41.905045,-97.177109,,6022,2,2400,1,5,50201,"41,978","4,341",7,"1,828","23,752","30,226",5,"2,342",,,"3,676,303",610,"89,917,981","14,932",
31,NE,"Thayer County, NE",31169,Thayer County,40.173845,-97.596263,,5163,2,3344,1,5,50201,"54,288","5,154",11,"1,724","30,717","31,861",6,"2,375",,,"3,491,324",676,"85,867,543","16,631",
31,NE,"Thomas County, NE",31171,Thomas County,41.84862,-100.506911,,675,1,238,1,5,50101,"4,537",536,7,275,"2,567","11,366",17,298,,,"898,935","1,332","24,392,413","36,137",
31,NE,"Thurston County, NE",31173,Thurston County,42.154061,-96.533943,,6989,2,2359,1,5,50201,"35,745","3,998",5,"1,786","20,225","25,389",4,"2,096",,,"3,041,887",435,"72,265,273","10,340",
31,NE,"Valley County, NE",31175,Valley County,41.564094,-98.983484,,4240,1,2568,1,5,50101,"28,016","3,060",7,"1,716","15,852","190,673",45,"1,916",,,"2,388,711",563,"57,404,790","13,539",
31,NE,"Washington County, NE",31177,Washington County,41.533973,-96.224577,,20338,5,13536,4,5,50504,"105,767","11,452",5,"4,682","59,845","86,786",4,"8,022",,,"7,356,609",362,"180,870,851","8,893",
31,NE,"Wayne County, NE",31179,Wayne County,42.210746,-97.126243,,9414,3,6358,2,5,50302,"45,313","4,834",5,"3,163","25,639","44,345",5,"3,567",,,"3,635,553",386,"87,417,880","9,286",
31,NE,"Webster County, NE",31181,Webster County,40.180646,-98.49859,,3665,1,1186,1,5,50101,"22,854","2,271",6,"1,339","12,931","201,481",55,"1,551",,,"1,902,699",519,"45,238,240","12,343",
31,NE,"Wheeler County, NE",31183,Wheeler County,41.922578,-98.520851,,805,1,224,1,5,50101,"5,991",599,7,"1,094","3,390","8,892",11,373,,,"844,082","1,049","21,898,665","27,203",
31,NE,"York County, NE",31185,York County,40.873056,-97.596742,,13842,4,12753,4,5,50404,"104,439","10,269",8,"3,698","59,094","79,246",6,"5,670",,,"14,706,327","1,062","425,265,076","30,723",
32,NV,"Churchill County, NV",32001,Churchill County,39.53771,-118.264165,,24148,5,10920,3,5,50503,"81,783","8,406",3,"10,241","24,313","415,547",17,"9,491",,,"12,257,600",508,"327,908,382","13,579",
32,NV,"Clark County, NV",32003,Clark County,36.214257,-115.013812,,2070153,16,1694406,16,3,31616,"8,912,927","1,044,635",4,"818,713","4,241,125","24,774,814",12,"735,475",,,"756,394,557",365,"18,442,277,582","8,909",
32,NV,"Douglas County, NV",32005,Douglas County,38.905129,-119.609019,,47426,7,33671,6,5,50706,"148,973","15,312",3,"22,825","70,887","1,148,949",24,"19,928",,,"17,231,232",363,"427,480,942","9,014",
32,NV,"Elko County, NV",32007,Elko County,41.141133,-115.351424,,52029,7,40615,7,5,50707,"176,153","17,490",3,"19,580","52,368","582,408",11,"17,618",,,"29,685,871",571,"841,769,164","16,179",
32,NV,"Esmeralda County, NV",32009,Esmeralda County,37.778966,-117.632382,,1069,1,201,1,5,50101,"3,916",413,4,929,"1,164","1,754",2,454,,,"3,317,352","3,103","88,003,690","82,323",
32,NV,"Eureka County, NV",32011,Eureka County,39.977788,-116.272208,,1730,1,51,1,5,50101,"7,311",743,4,"1,099","2,173", -   , -   ,766,,,"3,840,999","2,220","121,594,442","70,286",
32,NV,"Humboldt County, NV",32013,Humboldt County,41.407914,-118.127591,,17091,5,11035,3,5,50503,"55,824","5,736",3,"6,924","16,596","271,371",16,"6,174",,,"14,022,379",820,"396,310,391","23,188",
32,NV,"Lander County, NV",32015,Lander County,39.90021,-117.04724,,5907,2,2058,1,5,50201,"18,403","1,892",3,"2,401","5,471","84,578",14,"2,102",,,"4,169,556",706,"129,486,285","21,921",
32,NV,"Lincoln County, NV",32017,Lincoln County,37.634605,-114.863037,,5155,2,1152,1,5,50201,"26,730","2,265",5,"2,315","12,719","3,605",1,"1,835",,,"5,476,486","1,062","145,258,966","28,178",
32,NV,"Lyon County, NV",32019,Lyon County,39.022213,-119.197425,,51897,7,20421,5,5,50705,"148,871","15,302",3,"21,500","44,258","1,079,585",21,"19,586",,,"27,118,340",523,"629,948,782","12,138",
32,NV,"Mineral County, NV",32021,Mineral County,38.516647,-118.416279,,4519,1,1412,1,5,50101,"17,208","1,785",4,"2,660","5,116","16,138",4,"2,065",,,"4,771,848","1,056","122,621,085","27,135",
32,NV,"Nye County, NV",32023,Nye County,37.965864,-116.459011,,43198,7,16014,4,5,50704,"232,461","28,881",5,"20,686","69,108","64,914",2,"17,464",,,"14,917,452",345,"383,725,465","8,883",
32,NV,"Pershing County, NV",32027,Pershing County,40.439639,-118.409477,,6690,2,1750,1,5,50201,"17,849","1,838",3,"2,304","5,306","75,543",11,"2,016",,,"8,004,677","1,197","257,645,623","38,512",
32,NV,"Storey County, NV",32029,Storey County,39.438385,-119.524646,,3941,1,1213,1,5,50101,"14,129","1,452",4,"1,918","4,200","53,008",13,"1,752",,,"1,877,324",476,"47,535,082","12,062",
32,NV,"Washoe County, NV",32031,Washoe County,40.734015,-119.662272,,439914,13,373256,12,5,51312,"1,444,585","148,483",3,"179,953","429,457","9,316,183",21,"169,015",,,"191,301,936",435,"4,421,373,341","10,051",
32,NV,"White Pine County, NV",32033,White Pine County,39.418234,-114.900605,,9893,3,5399,2,5,50302,"55,465","3,822",6,"3,777","16,489","9,636",1,"3,158",,,"7,704,893",779,"189,925,667","19,198",
32,NV,"Carson City, NV",32510,Carson City,39.15306,-119.747379,,54412,7,43718,7,5,50707,"148,266","15,239",3,"22,489","44,078","1,249,570",23,"21,802",,,"29,326,687",539,"614,155,108","11,287",
33,NH,"Belknap County, NH",33001,Belknap County,43.519109,-71.425366,,60392,8,42620,7,6,60807,"179,580","33,986",3,"37,749","45,918","258,697",4,"24,464",,,"32,234,417",534,"655,459,624","10,853",
33,NH,"Carroll County, NH",33003,Carroll County,43.867774,-71.20156,,47416,7,32961,6,6,60706,"150,005","28,381",3,"40,323","38,356","66,280",1,"20,783",,,"25,758,844",543,"510,579,074","10,768",
33,NH,"Cheshire County, NH",33005,Cheshire County,42.925455,-72.248217,,76320,8,54468,7,5,50807,"216,373","40,783",3,"34,995","55,326","50,773",1,"30,473",,,"32,919,632",431,"672,490,468","8,811",
33,NH,"Coos County, NH",33007,Coos County,44.652548,-71.289431,,32219,6,18100,5,6,60605,"88,961","16,797",3,"21,296","22,747","94,852",3,"13,917",,,"30,141,637",936,"623,850,585","19,363",
33,NH,"Grafton County, NH",33009,Grafton County,43.926439,-71.842422,,89164,9,98160,9,6,60909,"220,759","40,345",2,"51,819","56,448","61,563",1,"34,903",,,"49,616,492",556,"1,032,001,057","11,574",
33,NH,"Hillsborough County, NH",33011,Hillsborough County,42.911532,-71.723055,,404948,12,369354,12,5,51212,"1,169,500","220,061",3,"167,756","299,038","3,603,787",9,"156,114",,,"158,065,678",390,"3,256,567,398","8,042",
33,NH,"Merrimack County, NH",33013,Merrimack County,43.299579,-71.680041,,147715,10,129152,10,6,61010,"400,869","73,097",3,"63,768","102,501","1,082,979",7,"56,790",,,"96,098,252",651,"1,997,950,675","13,526",
33,NH,"Rockingham County, NH",33015,Rockingham County,42.988599,-71.099072,,300365,12,278898,11,5,51211,"941,502","170,570",3,"128,752","240,740","1,320,338",4,"118,672",,,"171,497,279",571,"3,515,119,833","11,703",
33,NH,"Strafford County, NH",33017,Strafford County,43.293272,-71.035589,,125913,9,77383,8,5,50908,"329,720","62,253",3,"52,443","84,309","534,943",4,"47,779",,,"52,062,646",413,"1,068,412,367","8,485",
33,NH,"Sullivan County, NH",33019,Sullivan County,43.361188,-72.222084,,43051,7,23607,5,6,60705,"121,454","22,930",3,"22,383","31,056","32,349",1,"17,478",,,"16,986,123",395,"348,968,919","8,106",
34,NJ,"Atlantic County, NJ",34001,Atlantic County,39.469354,-74.633758,,274026,11,211844,11,4,41111,"835,392","147,653",3,"124,672","288,785","6,369,712",23,"101,083",,,"151,432,283",553,"2,975,582,995","10,859",
34,NJ,"Bergen County, NJ",34003,Bergen County,40.959698,-74.074727,,930310,14,875196,14,5,51414,"2,790,598","458,092",3,"346,585","374,601","26,944,507",29,"337,069",,,"365,353,514",393,"7,376,443,873","7,929",
34,NJ,"Burlington County, NJ",34005,Burlington County,39.875786,-74.663006,,450236,13,364438,12,4,41312,"1,513,441","243,556",3,"173,524","523,179","10,681,517",24,"164,623",,,"247,695,617",550,"4,963,664,617","11,025",
34,NJ,"Camden County, NJ",34007,Camden County,39.802352,-74.961251,,511145,13,357464,12,4,41312,"1,551,379","259,652",3,"201,051","536,294","12,507,044",24,"185,722",,,"213,487,466",418,"4,241,697,680","8,298",
34,NJ,"Cape May County, NJ",34009,Cape May County,39.086142,-74.847716,,95404,9,54982,7,4,40907,"339,205","59,960",4,"96,618","117,259","1,945,888",20,"40,073",,,"63,157,465",662,"1,239,437,822","12,991",
34,NJ,"Cumberland County, NJ",34011,Cumberland County,39.328434,-75.121628,,155744,10,92194,9,4,41009,"484,122","81,620",3,"55,000","167,355","2,585,606",17,"50,718",,,"63,633,168",409,"1,239,374,588","7,958",
34,NJ,"Essex County, NJ",34013,Essex County,40.7874,-74.246292,,792586,14,575461,13,4,41413,"1,984,821","321,605",3,"307,129","686,130","20,482,443",26,"279,480",,,"249,725,514",315,"5,069,136,476","6,396",
34,NJ,"Gloucester County, NJ",34015,Gloucester County,39.722875,-75.145679,,291286,12,186680,10,4,41210,"972,716","168,122",3,"109,519","336,257","6,611,926",23,"104,762",,,"150,935,177",518,"3,016,822,568","10,357",
34,NJ,"Hudson County, NJ",34017,Hudson County,40.731375,-74.078601,,668526,14,438655,13,4,41413,"1,454,406","237,912",2,"269,716","502,771","12,334,441",18,"251,693",,,"112,695,055",169,"2,287,958,156","3,422",
34,NJ,"Hunterdon County, NJ",34019,Hunterdon County,40.565283,-74.911969,,125708,9,87484,9,5,50909,"481,485","67,145",4,"48,724","166,444","2,038,549",16,"46,935",,,"102,310,048",814,"2,051,301,466","16,318",
34,NJ,"Mercer County, NJ",34021,Mercer County,40.282503,-74.703724,,371101,12,381387,12,5,51212,"1,039,322","166,479",3,"140,844","359,282","8,957,078",24,"130,129",,,"193,349,677",521,"3,906,413,876","10,527",
34,NJ,"Middlesex County, NJ",34023,Middlesex County,40.439613,-74.407579,,831852,14,775214,14,4,41414,"2,150,451","336,323",3,"291,936","743,386","19,344,591",23,"283,279",,,"417,762,374",502,"8,533,232,471","10,258",
34,NJ,"Monmouth County, NJ",34025,Monmouth County,40.287048,-74.152446,,627532,13,482734,13,4,41313,"2,313,459","322,094",4,"254,217","799,736","19,122,676",30,"232,868",,,"317,551,790",506,"6,338,555,283","10,101",
34,NJ,"Morris County, NJ",34027,Morris County,40.858581,-74.547427,,498215,13,593160,13,5,51313,"1,679,829","234,550",3,"186,825","580,697","12,469,343",25,"179,734",,,"263,959,415",530,"5,360,712,497","10,760",
34,NJ,"Ocean County, NJ",34029,Ocean County,39.865669,-74.258864,,586166,13,285460,11,4,41311,"2,173,320","310,908",4,"274,035","751,291","15,493,404",26,"222,609",,,"223,456,576",381,"4,496,149,747","7,670",
34,NJ,"Passaic County, NJ",34031,Passaic County,41.03789,-74.29828,,507204,13,292198,12,5,51312,"1,226,818","194,733",2,"172,563","424,097","11,533,241",23,"161,534",,,"146,481,623",289,"2,944,756,865","5,806",
34,NJ,"Salem County, NJ",34033,Salem County,39.573828,-75.357356,,64504,8,33154,6,4,40806,"230,822","40,801",4,"26,992","79,793","835,623",13,"24,255",,,"41,140,442",638,"803,667,959","12,459",
34,NJ,"Somerset County, NJ",34035,Somerset County,40.565527,-74.619938,,331686,12,381600,12,5,51212,"1,011,304","158,203",3,"122,342","349,596","9,079,666",27,"116,456",,,"177,241,799",534,"3,571,425,035","10,767",
34,NJ,"Sussex County, NJ",34037,Sussex County,41.137461,-74.691914,,144694,10,64435,8,5,51008,"564,477","78,472",4,"60,800","195,133","1,204,672",8,"53,648",,,"63,726,207",440,"1,273,117,944","8,799",
34,NJ,"Union County, NJ",34039,Union County,40.659871,-74.308696,,550436,13,402593,12,4,41312,"1,299,218","207,549",2,"196,466","449,124","14,360,966",26,"186,890",,,"214,491,466",390,"4,300,371,029","7,813",
34,NJ,"Warren County, NJ",34041,Warren County,40.853491,-75.009498,,107095,9,56076,7,5,50907,"392,210","54,527",4,"44,275","135,582","1,756,601",16,"41,454",,,"74,730,322",698,"1,518,777,055","14,182",
35,NM,"Bernalillo County, NM",35001,Bernalillo County,35.054002,-106.669064,,674777,14,536319,13,4,41413,"1,761,276","218,156",3,"276,454","838,085","12,273,246",18,"262,520",,,"227,184,147",337,"6,779,248,542","10,047",
35,NM,"Catron County, NM",35003,Catron County,33.901858,-108.392088,,3547,1,568,1,5,50101,"10,898","1,354",3,"3,788","5,186","20,910",6,"1,425",,,"5,203,413","1,467","150,484,666","42,426",
35,NM,"Chaves County, NM",35005,Chaves County,33.361604,-104.469837,,65610,8,33241,6,3,30806,"253,886","24,102",4,"28,016","144,510","778,208",12,"23,153",,,"29,668,491",452,"842,743,677","12,845",
35,NM,"Cibola County, NM",35006,Cibola County,34.93205,-108.000374,,27373,6,8939,3,4,40603,"60,629","7,988",2,"9,371","28,850","372,367",14,"8,787",,,"26,087,547",953,"945,086,570","34,526",
35,NM,"Colfax County, NM",35007,Colfax County,36.612962,-104.640126,,12716,4,6966,2,5,50402,"35,394","5,196",3,"8,494","16,842","264,184",21,"5,383",,,"15,865,280","1,248","480,405,858","37,780",
35,NM,"Curry County, NM",35009,Curry County,34.572984,-103.346055,,50544,7,25880,6,4,40706,"201,552","19,392",4,"21,696","114,722","604,886",12,"18,297",,,"15,337,097",303,"430,629,302","8,520",
35,NM,"De Baca County, NM",35011,De Baca County,34.359273,-104.368696,,1977,1,414,1,4,40101,"4,376",619,2,"1,074","2,082","37,991",19,563,,,"4,266,472","2,158","124,229,812","62,838",
35,NM,"Dona Ana County, NM",35013,Dona Ana County,32.350912,-106.832182,,213825,11,102450,9,3,31109,"604,489","71,940",3,"81,079","287,640","2,036,509",10,"74,989",,,"81,833,820",383,"2,562,193,863","11,983",
35,NM,"Eddy County, NM",35015,Eddy County,32.457835,-104.306434,,56369,7,45434,7,3,30707,"255,802","24,443",5,"24,573","145,601","629,174",11,"20,941",,,"30,220,370",536,"873,565,660","15,497",
35,NM,"Grant County, NM",35017,Grant County,32.732087,-108.381504,,28879,6,12388,4,4,40604,"91,833","11,351",3,"14,147","43,698","464,637",16,"11,941",,,"12,669,359",439,"401,129,760","13,890",
35,NM,"Guadalupe County, NM",35019,Guadalupe County,34.869782,-104.784968,,4469,1,1823,1,4,40101,"8,473","1,265",2,"2,459","4,032","7,175",2,"1,168",,,"13,872,517","3,104","584,812,043","130,860",
35,NM,"Harding County, NM",35021,Harding County,35.85958,-103.851495,,565,1,47,1,5,50101,"1,547",201,3,539,736,"2,095",4,193,,,"2,150,720","3,807","59,030,943","104,480",
35,NM,"Hidalgo County, NM",35023,Hidalgo County,31.898052,-108.751929,,4531,1,1719,1,3,30101,"14,196","1,756",3,"2,312","6,755","45,100",10,"1,763",,,"7,313,572","1,614","274,656,237","60,617",
35,NM,"Lea County, NM",35025,Lea County,32.795687,-103.413271,,68930,8,46186,7,3,30807,"271,219","25,306",4,"26,579","154,376","621,559",9,"21,542",,,"33,963,389",493,"979,248,866","14,206",
35,NM,"Lincoln County, NM",35027,Lincoln County,33.740941,-105.449083,,19726,5,10135,3,4,40503,"60,583","7,781",3,"17,032","28,828","165,457",8,"8,016",,,"14,596,542",740,"411,260,874","20,849",
35,NM,"Los Alamos County, NM",35028,Los Alamos County,35.870047,-106.307968,,17895,5,26153,6,5,50506,"50,455","6,698",3,"8,032","24,009","544,170",30,"7,586",,,"4,493,252",251,"136,679,560","7,638",
35,NM,"Luna County, NM",35029,Luna County,32.184523,-107.747191,,24627,5,8858,3,3,30503,"65,493","8,110",3,"10,562","31,164","312,992",13,"8,728",,,"18,449,492",749,"648,009,158","26,313",
35,NM,"McKinley County, NM",35031,McKinley County,35.583878,-108.253266,,74346,8,32570,6,5,50806,"116,607","13,764",2,"18,889","34,666","822,065",11,"18,968",,,"44,440,652",598,"1,492,744,470","20,078",
35,NM,"Mora County, NM",35033,Mora County,35.982841,-104.921898,,4598,1,574,1,5,50101,"7,339","1,291",2,"2,840","3,492","3,663",1,"1,540",,,"5,202,614","1,131","179,817,658","39,108",
35,NM,"Otero County, NM",35035,Otero County,32.588776,-105.781079,,65333,8,24434,5,3,30805,"183,595","23,357",3,"29,856","87,362","824,422",13,"23,043",,,"25,535,258",391,"742,660,279","11,367",
35,NM,"Quay County, NM",35037,Quay County,35.107018,-103.548071,,8555,3,3800,1,4,40301,"33,110","3,207",4,"5,820","18,846","95,742",11,"3,174",,,"14,419,338","1,685","554,737,117","64,844",
35,NM,"Rio Arriba County, NM",35039,Rio Arriba County,36.509669,-106.693983,,39924,7,11796,4,5,50704,"79,647","11,159",2,"16,709","37,899","744,316",19,"13,343",,,"23,016,737",577,"672,903,020","16,855",
35,NM,"Roosevelt County, NM",35041,Roosevelt County,34.021457,-103.482725,,19618,5,6964,2,4,40502,"90,323","8,816",5,"6,952","51,411","196,210",10,"7,110",,,"8,929,082",455,"260,025,498","13,254",
35,NM,"Sandoval County, NM",35043,Sandoval County,35.685091,-106.883119,,138117,10,51637,7,5,51007,"380,989","47,702",3,"51,450","181,290","2,337,535",17,"48,534",,,"66,478,346",481,"1,984,018,542","14,365",
35,NM,"San Juan County, NM",35045,San Juan County,36.511624,-108.324578,,122537,9,73990,8,5,50908,"304,778","32,269",2,"47,122","145,026","1,939,271",16,"41,036",,,"58,215,508",475,"1,722,151,214","14,054",
35,NM,"San Miguel County, NM",35047,San Miguel County,35.476859,-104.803519,,28350,6,12363,4,5,50604,"70,263","8,853",2,"15,255","33,434","309,399",11,"10,630",,,"14,831,421",523,"484,961,921","17,106",
35,NM,"Santa Fe County, NM",35049,Santa Fe County,35.514324,-105.965771,,147320,10,93256,9,5,51009,"388,472","48,649",3,"68,426","184,850","3,113,513",21,"61,286",,,"76,097,345",517,"2,256,563,834","15,317",
35,NM,"Sierra County, NM",35051,Sierra County,33.119461,-107.188153,,11442,4,4752,1,4,40401,"35,754","5,179",3,"7,040","17,013","214,608",19,"5,341",,,"8,750,734",765,"284,499,980","24,865",
35,NM,"Socorro County, NM",35053,Socorro County,33.991658,-106.939136,,17324,5,5740,2,4,40502,"30,431","4,725",2,"7,699","14,481","159,465",9,"4,786",,,"14,244,619",822,"500,178,402","28,872",
35,NM,"Taos County, NM",35055,Taos County,36.576529,-105.637986,,32961,6,17056,5,5,50605,"69,533","11,101",2,"17,192","33,087","646,236",20,"13,006",,,"14,559,910",442,"400,559,345","12,153",
35,NM,"Torrance County, NM",35057,Torrance County,34.554979,-105.890558,,15599,4,3111,1,5,50401,"38,263","5,866",2,"7,473","18,207","156,444",10,"5,373",,,"19,424,227","1,245","694,016,578","44,491",
35,NM,"Union County, NM",35059,Union County,36.488085,-103.475723,,4292,1,1656,1,4,40101,"12,313","1,525",3,"2,223","5,859","60,451",14,"1,545",,,"6,996,565","1,630","207,167,169","48,268",
35,NM,"Valencia County, NM",35061,Valencia County,34.71684,-106.806582,,75993,8,21401,5,4,40805,"204,465","25,367",3,"29,162","97,293","1,171,685",15,"26,841",,,"18,437,163",243,"559,749,585","7,366",
36,NY,"Albany County, NY",36001,Albany County,42.58824,-73.97401,,307891,12,361467,12,5,51212,"1,049,936","137,478",3,"130,101","140,940","7,358,684",24,"124,108",,,"164,581,514",535,"3,921,749,703","12,737",
36,NY,"Allegany County, NY",36003,Allegany County,42.247853,-78.026153,,47700,7,23547,5,6,60705,"137,188","17,889",3,"24,424","18,416","1,122,409",24,"18,032",,,"19,723,366",413,"438,812,202","9,199",
36,NY,"Bronx County, NY",36005,Bronx County,40.848711,-73.852939,Y,1436785,15,519275,13,4,41513,"2,253,423","562,248",2,"403,960","651,179","21,315,625",15,"490,740",,,"183,201,599",128,"4,226,696,196","2,942",
36,NY,"Broome County, NY",36007,Broome County,42.161977,-75.830283,,197381,11,141436,10,6,61110,"312,868","38,878",2,"42,249","41,998","1,979,451",10,"39,369",,,"94,081,906",477,"2,172,747,402","11,008",
36,NY,"Cattaraugus County, NY",36009,Cattaraugus County,42.239099,-78.662332,,78506,8,44755,7,6,60807,"116,266","15,084",1,"19,249","15,607","903,467",12,"15,751",,,"36,134,914",460,"812,486,742","10,349",
36,NY,"Cayuga County, NY",36011,Cayuga County,43.008546,-76.574587,,78783,8,39909,7,5,50807,"132,307","16,765",2,"17,111","17,760","709,578",9,"15,520",,,"31,041,009",394,"715,689,892","9,084",
36,NY,"Chautauqua County, NY",36013,Chautauqua County,42.304216,-79.407595,,131748,10,81922,8,5,51008,"178,979","23,243",1,"31,350","24,026","1,814,219",14,"26,359",,,"66,706,743",506,"1,523,356,928","11,563",
36,NY,"Chemung County, NY",36015,Chemung County,42.15528,-76.747179,,87742,9,61828,8,5,50908,"137,055","17,063",2,"18,024","18,398","1,066,280",12,"17,443",,,"38,324,055",437,"886,316,735","10,101",
36,NY,"Chenango County, NY",36017,Chenango County,42.478024,-75.602241,,49286,7,27729,6,6,60706,"84,567","10,536",2,"11,660","11,352","232,275",5,"9,919",,,"18,391,757",373,"413,755,188","8,395",
36,NY,"Clinton County, NY",36019,Clinton County,44.752712,-73.705643,,81505,8,49344,7,6,60807,"139,422","16,599",2,"16,890","18,716","246,188",3,"15,824",,,"30,382,886",373,"707,879,067","8,685",
36,NY,"Columbia County, NY",36021,Columbia County,42.247729,-73.626806,,61860,8,32242,6,5,50806,"122,272","16,067",2,"15,441","16,413","247,087",4,"12,648",,,"29,663,168",480,"680,894,809","11,007",
36,NY,"Cortland County, NY",36023,Cortland County,42.594039,-76.07624,,48713,7,30845,6,5,50706,"71,414","9,271",1,"9,628","9,586","409,584",8,"8,842",,,"25,935,007",532,"609,283,636","12,508",
36,NY,"Delaware County, NY",36025,Delaware County,42.193986,-74.966728,,46480,7,21118,5,6,60705,"78,245","9,810",2,"14,640","10,503","173,726",4,"9,408",,,"24,011,302",517,"540,937,126","11,638",
36,NY,"Dutchess County, NY",36027,Dutchess County,41.75477,-73.740041,,295905,12,191527,10,5,51210,"471,598","76,418",2,"55,923","63,306","1,369,537",5,"53,475",,,"103,894,529",351,"2,403,172,488","8,121",
36,NY,"Erie County, NY",36029,Erie County,42.752759,-78.778192,,922129,14,835402,14,5,51414,"1,244,023","160,324",1,"197,978","166,994","16,574,189",18,"191,411",,,"331,496,417",359,"7,740,325,774","8,394",
36,NY,"Essex County, NY",36031,Essex County,44.109601,-73.778431,,38598,7,19658,5,6,60705,"60,350","7,768",2,"12,102","8,101","75,638",2,"7,649",,,"27,337,465",708,"635,840,678","16,473",
36,NY,"Franklin County, NY",36033,Franklin County,44.594376,-74.31067,,51007,7,21431,5,6,60705,"76,071","9,911",1,"11,899","10,211","107,734",2,"9,649",,,"19,067,273",374,"420,660,248","8,247",
36,NY,"Fulton County, NY",36035,Fulton County,43.115609,-74.423678,,54297,7,28102,6,6,60706,"106,427","13,860",2,"13,453","14,286","525,522",10,"11,225",,,"13,427,316",247,"298,110,537","5,490",
36,NY,"Genesee County, NY",36037,Genesee County,43.00091,-78.192778,,59053,8,33053,6,5,50806,"93,602","12,190",2,"12,055","12,565","727,152",12,"11,913",,,"51,437,036",871,"1,210,303,037","20,495",
36,NY,"Greene County, NY",36039,Greene County,42.28697,-74.149542,,48069,7,20847,5,5,50705,"74,112","10,728",2,"13,758","9,949","138,952",3,"8,563",,,"34,336,622",714,"802,459,074","16,694",
36,NY,"Hamilton County, NY",36041,Hamilton County,43.657879,-74.502456,,4697,1,1693,1,6,60101,"4,565",590,1,"4,123",613,"6,418",1,619,,,"5,265,923","1,121","116,334,813","24,768",
36,NY,"Herkimer County, NY",36043,Herkimer County,43.571009,-74.841097,,63558,8,24877,5,6,60805,"99,171","12,886",2,"15,678","13,312","547,883",9,"12,835",,,"34,329,361",540,"807,960,766","12,712",
36,NY,"Jefferson County, NY",36045,Jefferson County,43.996389,-76.052968,,117966,9,60366,8,6,60908,"170,742","22,237",1,"27,594","22,920","786,730",7,"21,714",,,"48,253,236",409,"1,116,802,077","9,467",
36,NY,"Kings County, NY",36047,Kings County,40.635045,-73.95064,Y,2606852,17,1213470,15,4,41715,"4,353,245","1,086,197",2,"790,075","1,257,972","62,234,174",24,"938,803",,,"191,887,108",74,"4,302,821,208","1,651",
36,NY,"Lewis County, NY",36049,Lewis County,43.782681,-75.44414,,27107,6,9585,3,6,60603,"43,332","5,643",2,"7,183","5,817","120,873",4,"5,153",,,"10,193,450",376,"225,642,282","8,324",
36,NY,"Livingston County, NY",36051,Livingston County,42.727485,-77.769779,,64622,8,27779,6,5,50806,"88,897","11,458",1,"12,833","11,933","561,003",9,"12,108",,,"27,798,977",430,"641,853,297","9,932",
36,NY,"Madison County, NY",36053,Madison County,42.910026,-75.663575,,72089,8,31972,6,6,60806,"110,938","14,316",2,"14,929","14,892","577,772",8,"13,061",,,"35,979,428",499,"836,115,290","11,598",
36,NY,"Monroe County, NY",36055,Monroe County,43.464475,-77.664656,,749236,14,716209,14,5,51414,"1,214,775","164,238",2,"153,733","163,068","10,688,806",14,"150,145",,,"274,042,200",366,"6,429,950,869","8,582",
36,NY,"Montgomery County, NY",36057,Montgomery County,42.900891,-74.435357,,49667,7,30395,6,6,60706,"92,559","12,054",2,"10,904","12,425","510,071",10,"9,770",,,"38,067,655",766,"903,459,393","18,190",
36,NY,"Nassau County, NY",36059,Nassau County,40.729612,-73.589414,,1356801,15,1114318,15,4,41515,"1,996,571","380,619",1,"226,112","1,074,068","14,285,058",11,"220,115",,,"404,543,506",298,"9,090,207,693","6,700",
36,NY,"New York County, NY",36061,New York County,40.776642,-73.970187,Y,1634989,16,4491806,18,4,41618,"3,031,650","756,442",2,"670,140","406,959","16,068,495",10,"753,385",,,"118,299,151",72,"2,560,331,461","1,566",
36,NY,"Niagara County, NY",36063,Niagara County,43.456731,-78.792142,,213374,11,121806,9,5,51109,"326,003","42,098",2,"46,592","43,762","3,276,696",15,"43,819",,,"49,958,516",234,"1,123,346,614","5,265",
36,NY,"Oneida County, NY",36065,Oneida County,43.242727,-75.434282,,232858,11,175750,10,6,61110,"377,867","49,165",2,"48,845","50,724","2,577,795",11,"45,130",,,"81,346,350",349,"1,879,065,658","8,070",
36,NY,"Onondaga County, NY",36067,Onondaga County,43.006516,-76.196134,,468050,13,435481,13,5,51313,"727,634","94,602",2,"96,087","97,675","5,944,829",13,"92,462",,,"209,634,581",448,"4,943,888,301","10,563",
36,NY,"Ontario County, NY",36069,Ontario County,42.856357,-77.303497,,109450,9,92628,9,5,50909,"180,897","23,756",2,"23,348","24,283","1,173,062",11,"22,090",,,"62,077,808",567,"1,457,437,727","13,316",
36,NY,"Orange County, NY",36071,Orange County,41.40241,-74.306252,,376242,12,235140,11,5,51211,"532,269","97,758",1,"65,665","71,450","2,904,403",8,"62,572",,,"193,437,299",514,"4,534,634,852","12,052",
36,NY,"Orleans County, NY",36073,Orleans County,43.502287,-78.229726,,41938,7,16176,4,5,50704,"65,808","8,570",2,"8,697","8,834","353,250",8,"8,066",,,"8,502,825",203,"187,266,057","4,465",
36,NY,"Oswego County, NY",36075,Oswego County,43.461443,-76.209262,,120513,9,48873,7,5,50907,"207,201","27,005",2,"25,225","27,814","1,047,824",9,"22,687",,,"38,563,475",320,"879,154,637","7,295",
36,NY,"Otsego County, NY",36077,Otsego County,42.629776,-75.028841,,60979,8,38838,7,6,60807,"102,903","12,878",2,"14,417","13,813","286,681",5,"11,770",,,"28,886,397",474,"670,139,251","10,990",
36,NY,"Putnam County, NY",36079,Putnam County,41.427904,-73.743882,,99408,9,41809,7,5,50907,"179,807","25,065",2,"18,005","24,137","319,225",3,"17,051",,,"54,529,832",549,"1,279,711,662","12,873",
36,NY,"Queens County, NY",36081,Queens County,40.658566,-73.838017,Y,2310011,17,1126678,15,4,41715,"4,051,410","1,007,271",2,"659,679","1,170,750","61,544,912",27,"779,304",,,"382,957,845",166,"8,721,257,224","3,775",
36,NY,"Rensselaer County, NY",36083,Rensselaer County,42.710421,-73.513845,,159959,10,86610,9,5,51009,"276,015","35,862",2,"33,717","37,051","1,375,368",9,"31,776",,,"51,619,168",323,"1,199,662,028","7,500",
36,NY,"Richmond County, NY",36085,Richmond County,40.561263,-74.1399,Y,473324,13,202109,11,4,41311,"1,183,232","295,234",2,"138,106","158,833","18,261,862",39,"166,014",,,"103,291,297",218,"2,396,806,796","5,064",
36,NY,"Rockland County, NY",36087,Rockland County,41.154639,-74.024645,,322642,12,221856,11,5,51211,"920,528","184,152",3,"98,341","123,569","7,507,756",23,"99,038",,,"127,435,273",395,"2,986,319,317","9,256",
36,NY,"St. Lawrence County, NY",36089,St. Lawrence County,44.488112,-75.074311,,111529,9,49680,7,6,60907,"314,473","40,944",3,"51,748","42,214","1,274,730",11,"41,466",,,"34,386,314",308,"756,684,911","6,785",
36,NY,"Saratoga County, NY",36091,Saratoga County,43.106135,-73.855387,,224929,11,139330,10,5,51110,"827,998","107,125",4,"95,836","111,148","4,777,464",21,"90,896",,,"103,771,006",461,"2,465,301,290","10,960",
36,NY,"Schenectady County, NY",36093,Schenectady County,42.817539,-74.043548,,154845,10,104713,9,5,51009,"494,499","64,399",3,"64,122","66,380","4,041,202",26,"55,027",,,"50,804,827",328,"1,197,976,327","7,737",
36,NY,"Schoharie County, NY",36095,Schoharie County,42.591294,-74.438172,,31667,6,10641,3,6,60603,"101,493","13,236",3,"16,190","13,624","198,653",6,"12,373",,,"16,755,925",529,"387,091,045","12,224",
36,NY,"Schuyler County, NY",36097,Schuyler County,42.419776,-76.938603,,18336,5,7203,2,6,60502,"61,239","7,610",3,"8,969","8,221","204,293",11,"7,376",,,"6,268,014",342,"136,831,292","7,462",
36,NY,"Seneca County, NY",36099,Seneca County,42.782294,-76.827088,,35036,6,16761,4,5,50604,"119,748","14,909",3,"15,251","16,075","549,514",16,"13,672",,,"24,337,256",695,"564,120,005","16,101",
36,NY,"Steuben County, NY",36101,Steuben County,42.266725,-77.385525,,98151,9,50631,7,6,60907,"316,079","39,315",3,"45,870","42,429","2,270,249",23,"40,438",,,"64,015,203",652,"1,474,040,966","15,018",
36,NY,"Suffolk County, NY",36103,Suffolk County,40.943554,-72.692218,,1498130,16,1156836,15,4,41615,"4,778,430","904,173",3,"552,265","2,570,587","20,655,961",14,"489,758",,,"556,753,725",372,"12,451,743,732","8,312",
36,NY,"Sullivan County, NY",36105,Sullivan County,41.719993,-74.771577,,75818,8,40362,7,6,60807,"250,804","33,793",3,"46,652","33,667","339,710",4,"28,007",,,"33,209,194",438,"732,618,932","9,663",
36,NY,"Tioga County, NY",36107,Tioga County,42.178057,-76.297456,,49649,7,15363,4,5,50704,"166,880","20,812",3,"20,833","22,401","622,714",13,"19,705",,,"19,467,360",392,"429,621,983","8,653",
36,NY,"Tompkins County, NY",36109,Tompkins County,42.453006,-76.473483,,104268,9,78531,8,6,60908,"281,356","35,178",3,"39,579","37,768","1,455,127",14,"38,269",,,"25,452,956",244,"570,698,964","5,473",
36,NY,"Ulster County, NY",36111,Ulster County,41.947212,-74.265458,,180505,10,92934,9,6,61009,"544,274","89,833",3,"78,712","73,062","1,554,352",9,"69,335",,,"86,593,271",480,"2,006,261,801","11,115",
36,NY,"Warren County, NY",36113,Warren County,43.555105,-73.838139,,64911,8,63158,8,6,60808,"242,206","31,543",4,"36,691","32,513","1,080,783",17,"26,944",,,"38,600,882",595,"902,619,686","13,905",
36,NY,"Washington County, NY",36115,Washington County,43.312377,-73.439428,,62465,8,20522,5,5,50805,"227,070","29,385",4,"27,248","30,481","634,874",10,"24,027",,,"17,315,685",277,"385,641,713","6,174",
36,NY,"Wayne County, NY",36117,Wayne County,43.458758,-77.063164,,91874,9,39429,7,5,50907,"322,696","42,342",4,"38,924","43,318","1,871,075",20,"36,576",,,"20,551,585",224,"455,025,878","4,953",
36,NY,"Westchester County, NY",36119,Westchester County,41.15277,-73.745912,,969229,14,779264,14,4,41414,"2,542,681","603,255",3,"291,905","734,767","26,955,849",28,"341,762",,,"350,725,698",362,"8,033,497,122","8,289",
36,NY,"Wyoming County, NY",36121,Wyoming County,42.701363,-78.228567,,41239,7,17461,5,6,60705,"119,113","15,263",3,"18,697","15,989","818,971",20,"15,780",,,"8,800,342",213,"194,680,195","4,721",
36,NY,"Yates County, NY",36123,Yates County,42.638237,-77.104324,,25106,5,9174,3,5,50503,"83,885","10,486",3,"12,901","11,260","314,927",13,"9,532",,,"6,225,212",248,"135,737,425","5,407",
37,NC,"Alamance County, NC",37001,Alamance County,36.043954,-79.400573,,156372,10,118199,9,4,41009,"796,364","83,092",5,"65,817","292,639","1,611,050",10,"62,053",,,"84,702,985",542,"2,281,682,225","14,591",
37,NC,"Alexander County, NC",37003,Alexander County,35.920951,-81.177467,,37211,6,15145,4,4,40604,"200,566","20,992",5,"15,611","73,702","75,101",2,"13,796",,,"9,673,387",260,"255,648,902","6,870",
37,NC,"Alleghany County, NC",37005,Alleghany County,36.489356,-81.132299,,10868,3,4232,1,5,50301,"61,100","6,511",6,"7,823","22,452","5,521",1,"4,798",,,"6,322,516",582,"164,794,852","15,163",
37,NC,"Anson County, NC",37007,Anson County,34.974996,-80.109959,,25883,6,10493,3,3,30603,"142,973","15,272",6,"11,108","52,538","92,829",4,"9,511",,,"11,069,837",428,"283,770,487","10,964",
37,NC,"Ashe County, NC",37009,Ashe County,36.443469,-81.499334,,26992,6,11280,4,5,50604,"134,918","14,574",5,"16,809","49,578","14,007",1,"11,905",,,"11,257,321",417,"289,558,132","10,728",
37,NC,"Avery County, NC",37011,Avery County,36.07209,-81.920285,,17633,5,8792,3,5,50503,"76,925","8,199",4,"13,516","28,268","44,108",3,"6,756",,,"7,614,802",432,"191,545,144","10,863",
37,NC,"Beaufort County, NC",37013,Beaufort County,35.482313,-76.842014,,47513,7,26935,6,3,30706,"276,667","29,862",6,"27,305","101,667","188,696",4,"19,021",,,"18,671,020",393,"480,474,328","10,112",
37,NC,"Bertie County, NC",37015,Bertie County,36.059043,-76.962364,,20324,5,8824,3,4,40503,"112,217","12,150",6,"9,416","41,236","59,630",3,"7,673",,,"10,552,922",519,"270,158,320","13,293",
37,NC,"Bladen County, NC",37017,Bladen County,34.591938,-78.539489,,34454,6,20575,5,3,30605,"221,250","24,107",6,"17,020","81,302","139,151",4,"14,110",,,"18,951,104",550,"488,534,922","14,179",
37,NC,"Brunswick County, NC",37019,Brunswick County,34.038754,-78.227765,,119167,9,49390,7,3,30907,"748,319","81,385",6,"78,858","274,984","278,213",2,"50,562",,,"59,105,476",496,"1,502,640,701","12,610",
37,NC,"Buncombe County, NC",37021,Buncombe County,35.609371,-82.530426,,250112,11,233320,11,4,41111,"1,137,654","122,306",5,"111,913","418,053","1,478,809",6,"102,118",,,"131,315,395",525,"3,518,151,059","14,066",
37,NC,"Burke County, NC",37023,Burke County,35.746182,-81.70618,,89082,9,45174,7,4,40907,"477,950","49,923",5,"39,192","175,632","311,189",3,"34,199",,,"45,767,994",514,"1,254,133,056","14,078",
37,NC,"Cabarrus County, NC",37025,Cabarrus County,35.388369,-80.552694,,192296,11,123581,9,3,31109,"974,414","101,697",5,"79,195","358,067","1,902,602",10,"68,289",,,"80,204,441",417,"2,097,943,481","10,910",
37,NC,"Caldwell County, NC",37027,Caldwell County,35.957915,-81.530002,,81623,8,38056,7,4,40807,"443,468","46,356",5,"36,336","162,961","245,764",3,"31,912",,,"21,081,367",258,"534,277,110","6,546",
37,NC,"Camden County, NC",37029,Camden County,36.342344,-76.162488,,10228,3,1201,1,3,30301,"64,270","6,891",6,"3,997","23,617","40,869",4,"3,804",,,"4,273,696",418,"113,797,579","11,126",
37,NC,"Carteret County, NC",37031,Carteret County,34.858343,-76.53586,,68537,8,37236,6,3,30806,"436,686","47,113",6,"47,214","160,468","213,667",3,"29,563",,,"18,994,103",277,"478,798,298","6,986",
37,NC,"Caswell County, NC",37033,Caswell County,36.394298,-79.339609,,23094,5,3080,1,4,40501,"135,311","14,265",6,"10,253","49,722","98,777",4,"8,874",,,"9,571,973",414,"250,700,803","10,856",
37,NC,"Catawba County, NC",37035,Catawba County,35.661883,-81.214906,,155461,10,164945,10,4,41010,"840,124","87,789",5,"65,686","308,719","718,319",5,"59,710",,,"66,859,915",430,"1,761,350,384","11,330",
37,NC,"Chatham County, NC",37037,Chatham County,35.704994,-79.251454,,68778,8,27843,6,4,40806,"366,434","39,276",5,"29,001","134,653","505,577",7,"27,397",,,"27,029,230",393,"714,853,257","10,394",
37,NC,"Cherokee County, NC",37039,Cherokee County,35.136232,-84.061309,,27226,6,12880,4,4,40604,"135,584","14,795",5,"14,734","73,347","84,000",3,"10,857",,,"10,650,383",391,"272,466,640","10,008",
37,NC,"Chowan County, NC",37041,Chowan County,36.128979,-76.602752,,14556,4,7476,2,3,30402,"86,502","10,336",6,"7,001","31,787","56,465",4,"5,931",,,"5,605,626",385,"144,196,572","9,906",
37,NC,"Clay County, NC",37043,Clay County,35.052997,-83.752264,,10730,3,3224,1,4,40301,"63,114","6,581",6,"8,582","34,143","37,880",4,"4,666",,,"5,554,734",518,"143,332,255","13,358",
37,NC,"Cleveland County, NC",37045,Cleveland County,35.33463,-81.557114,,97113,9,57185,8,4,40908,"563,772","58,864",6,"41,766","207,169","569,439",6,"37,178",,,"41,562,713",428,"1,087,445,805","11,198",
37,NC,"Columbus County, NC",37047,Columbus County,34.261602,-78.639308,,57015,8,22884,5,3,30805,"340,896","37,093",6,"25,025","125,269","139,330",2,"22,108",,,"34,733,356",609,"890,614,019","15,621",
37,NC,"Craven County, NC",37049,Craven County,35.116829,-77.08132,,104190,9,56011,7,3,30907,"628,754","67,821",6,"50,197","231,048","345,133",3,"40,609",,,"34,070,912",327,"876,672,435","8,414",
37,NC,"Cumberland County, NC",37051,Cumberland County,35.050192,-78.828719,,325841,12,187795,10,3,31210,"1,829,300","197,599",6,"138,378","672,211","1,399,004",4,"123,178",,,"114,523,978",351,"3,049,842,461","9,360",
37,NC,"Currituck County, NC",37053,Currituck County,36.372174,-75.941224,,24864,5,8412,3,3,30503,"158,351","16,938",6,"14,490","58,189","98,250",4,"9,582",,,"10,524,143",423,"278,605,637","11,205",
37,NC,"Dare County, NC",37055,Dare County,35.606269,-75.767536,,35187,6,28384,6,3,30606,"208,853","22,480",6,"33,667","76,747","176,686",5,"14,706",,,"15,377,208",437,"381,641,516","10,846",
37,NC,"Davidson County, NC",37057,Davidson County,35.795131,-80.207107,,164058,10,100022,9,3,31009,"985,017","103,040",6,"78,230","361,963","665,123",4,"64,064",,,"84,857,775",517,"2,262,937,614","13,794",
37,NC,"Davie County, NC",37059,Davie County,35.929355,-80.542552,,41568,7,18462,5,4,40705,"237,446","24,858",6,"17,601","87,254","179,966",4,"15,646",,,"23,501,727",565,"659,690,799","15,870",
37,NC,"Duplin County, NC",37061,Duplin County,34.934403,-77.933543,,59121,8,26730,6,3,30806,"353,816","38,315",6,"24,622","130,016","167,575",3,"21,770",,,"32,757,638",554,"872,645,645","14,760",
37,NC,"Durham County, NC",37063,Durham County,36.033822,-78.87812,,294618,12,370336,12,4,41212,"1,341,805","140,182",5,"123,661","493,072","3,005,120",10,"118,681",,,"151,587,083",515,"4,031,326,333","13,683",
37,NC,"Edgecombe County, NC",37065,Edgecombe County,35.917051,-77.602662,,54669,7,24036,5,3,30705,"359,043","38,763",7,"24,484","131,937","420,345",8,"21,103",,,"31,337,310",573,"803,949,045","14,706",
37,NC,"Forsyth County, NC",37067,Forsyth County,36.132466,-80.256961,,364691,12,323886,12,4,41212,"1,850,596","193,093",5,"155,176","680,037","2,461,616",7,"144,898",,,"221,324,018",607,"5,661,383,383","15,524",
37,NC,"Franklin County, NC",37069,Franklin County,36.088241,-78.28309,,62989,8,19103,5,4,40805,"353,264","38,256",6,"25,989","129,813","273,876",4,"23,719",,,"13,904,559",221,"362,583,423","5,756",
37,NC,"Gaston County, NC",37071,Gaston County,35.293344,-81.177256,,211753,11,133190,10,3,31110,"1,170,716","122,330",6,"87,045","430,202","2,070,252",10,"79,904",,,"92,766,919",438,"2,456,067,349","11,599",
37,NC,"Gates County, NC",37073,Gates County,36.442135,-76.702355,,11615,4,1559,1,4,40401,"73,075","7,962",6,"5,044","26,853","38,864",3,"4,524",,,"3,217,497",277,"84,264,626","7,255",
37,NC,"Graham County, NC",37075,Graham County,35.348364,-83.830915,,8651,3,2904,1,4,40301,"42,714","4,450",5,"5,731","23,107","26,694",3,"3,252",,,"3,907,749",452,"102,022,481","11,793",
37,NC,"Granville County, NC",37077,Granville County,36.299884,-78.657634,,58341,8,25297,5,4,40805,"309,320","33,061",5,"22,470","113,665","325,662",6,"20,527",,,"33,663,444",577,"925,845,320","15,870",
37,NC,"Greene County, NC",37079,Greene County,35.481959,-77.681688,,21241,5,4098,1,3,30501,"128,761","13,892",6,"7,865","47,316","63,601",3,"7,215",,,"11,387,590",536,"296,150,385","13,942",
37,NC,"Guilford County, NC",37081,Guilford County,36.079065,-79.788665,,511815,13,509599,13,4,41313,"2,521,859","263,048",5,"217,286","926,705","4,840,203",9,"200,298",,,"279,705,359",546,"7,405,311,523","14,469",
37,NC,"Halifax County, NC",37083,Halifax County,36.251438,-77.644842,,52849,7,25260,5,4,40705,"340,288","36,464",6,"24,794","125,045","413,414",8,"21,354",,,"33,352,860",631,"914,992,312","17,313",
37,NC,"Harnett County, NC",37085,Harnett County,35.368635,-78.87161,,126620,9,41014,7,4,40907,"654,856","70,939",5,"47,553","240,639","356,383",3,"43,036",,,"35,460,595",280,"949,439,906","7,498",
37,NC,"Haywood County, NC",37087,Haywood County,35.557099,-82.972823,,59577,8,29840,6,4,40806,"325,762","35,008",5,"33,866","176,228","161,930",3,"26,296",,,"42,543,882",714,"1,177,384,674","19,762",
37,NC,"Henderson County, NC",37089,Henderson County,35.336415,-82.479741,,110905,9,66674,8,4,40908,"555,373","58,008",5,"53,597","204,082","894,964",8,"46,985",,,"45,403,067",409,"1,226,041,987","11,055",
37,NC,"Hertford County, NC",37091,Hertford County,36.363517,-76.981616,,24285,5,14544,4,4,40504,"133,767","14,402",6,"10,177","49,155","121,218",5,"8,706",,,"10,985,938",452,"278,772,083","11,479",
37,NC,"Hoke County, NC",37093,Hoke County,35.017233,-79.241964,,51853,7,10776,3,3,30703,"282,920","30,483",5,"19,121","103,964","117,020",2,"17,343",,,"11,338,541",219,"299,133,167","5,769",
37,NC,"Hyde County, NC",37095,Hyde County,35.408157,-76.153687,,5629,2,1605,1,3,30201,"24,744","3,189",4,"3,244","9,093","12,777",2,"1,936",,,"4,049,820",719,"105,056,358","18,663",
37,NC,"Iredell County, NC",37097,Iredell County,35.806355,-80.874539,,167493,10,134442,10,4,41010,"920,603","96,320",5,"67,975","338,293","1,248,458",7,"61,716",,,"96,710,775",577,"2,671,306,067","15,949",
37,NC,"Jackson County, NC",37099,Jackson County,35.279929,-83.122478,,41227,7,26252,6,4,40706,"213,227","22,329",5,"25,578","115,350","141,610",3,"16,048",,,"14,922,322",362,"388,302,523","9,419",
37,NC,"Johnston County, NC",37101,Johnston County,35.5134,-78.367311,,182155,10,82920,8,3,31008,"970,778","104,717",5,"67,805","356,731","577,576",3,"63,219",,,"91,001,724",500,"2,501,516,312","13,733",
37,NC,"Jones County, NC",37103,Jones County,35.032268,-77.356195,,10074,3,1664,1,3,30301,"66,996","7,233",7,"4,692","24,619","30,257",3,"4,141",,,"8,210,815",815,"213,515,009","21,195",
37,NC,"Lee County, NC",37105,Lee County,35.476336,-79.172117,,59540,8,46736,7,4,40807,"291,075","31,443",5,"23,383","106,961","263,689",4,"21,349",,,"26,600,211",447,"688,706,582","11,567",
37,NC,"Lenoir County, NC",37107,Lenoir County,35.240068,-77.63551,,58343,8,47415,7,3,30807,"386,996","41,767",7,"26,360","142,209","321,353",6,"23,015",,,"19,415,520",333,"494,810,987","8,481",
37,NC,"Lincoln County, NC",37109,Lincoln County,35.488491,-81.226892,,79783,8,35972,6,4,40806,"480,621","50,280",6,"32,755","176,613","355,764",4,"30,612",,,"20,385,944",256,"534,823,924","6,703",
37,NC,"McDowell County, NC",37111,McDowell County,35.682232,-82.048029,,45013,7,27078,6,4,40706,"244,600","25,671",5,"20,188","89,883","92,108",2,"17,581",,,"29,232,066",649,"817,504,025","18,162",
37,NC,"Macon County, NC",37113,Macon County,35.152959,-83.421901,,33991,6,18409,5,4,40605,"207,332","21,630",6,"25,830","112,160","133,421",4,"15,215",,,"15,214,010",448,"385,290,095","11,335",
37,NC,"Madison County, NC",37115,Madison County,35.864078,-82.712731,,21130,5,5000,2,4,40502,"98,053","10,634",5,"10,322","53,044","59,689",3,"8,400",,,"12,540,152",593,"337,809,133","15,987",
37,NC,"Martin County, NC",37117,Martin County,35.847301,-77.119602,,23510,5,10447,3,3,30503,"136,560","14,748",6,"11,155","50,182","84,540",4,"9,416",,,"8,884,679",378,"225,897,988","9,609",
37,NC,"Mecklenburg County, NC",37119,Mecklenburg County,35.246862,-80.833832,,1011774,15,1215110,15,3,31515,"4,556,785","475,237",5,"404,606","1,674,477","11,025,128",11,"386,804",,,"489,353,344",484,"13,148,391,213","12,995",
37,NC,"Mitchell County, NC",37121,Mitchell County,36.013102,-82.163554,,15263,4,7549,3,5,50403,"75,208","8,042",5,"8,444","27,637","50,370",3,"6,422",,,"6,179,302",405,"157,412,870","10,313",
37,NC,"Montgomery County, NC",37123,Montgomery County,35.334415,-79.906602,,27475,6,14031,4,3,30604,"157,970","16,960",6,"15,450","58,049","72,032",3,"10,781",,,"16,775,535",611,"453,537,168","16,507",
37,NC,"Moore County, NC",37125,Moore County,35.308272,-79.492725,,93070,9,61126,8,3,30908,"554,908","59,912",6,"43,732","203,911","311,819",3,"37,766",,,"36,480,856",392,"936,541,585","10,063",
37,NC,"Nash County, NC",37127,Nash County,35.965945,-77.987555,,94385,9,73042,8,4,40908,"628,740","67,858",7,"42,156","231,042","653,000",7,"36,678",,,"69,949,009",741,"1,869,647,384","19,809",
37,NC,"New Hanover County, NC",37129,New Hanover County,34.177875,-77.869674,,216430,11,191391,10,3,31110,"1,166,039","125,782",5,"101,873","428,483","600,602",3,"89,599",,,"40,971,038",189,"1,059,585,530","4,896",
37,NC,"Northampton County, NC",37131,Northampton County,36.421774,-77.398352,,20628,5,8148,3,4,40503,"139,966","15,126",7,"11,137","51,433","88,587",4,"8,670",,,"13,440,771",652,"365,360,383","17,712",
37,NC,"Onslow County, NC",37133,Onslow County,34.763109,-77.499469,,185755,10,71414,8,3,31008,"849,062","91,636",5,"72,935","312,004","245,206",1,"62,633",,,"40,930,082",220,"1,059,845,255","5,706",
37,NC,"Orange County, NC",37135,Orange County,36.062526,-79.120034,,139807,10,87767,9,4,41009,"643,568","67,341",5,"54,492","236,491","1,142,295",8,"51,728",,,"83,556,568",598,"2,323,715,079","16,621",
37,NC,"Pamlico County, NC",37137,Pamlico County,35.147575,-76.665268,,12892,4,5226,2,3,30402,"78,469","8,480",6,"7,315","28,835","31,627",2,"5,308",,,"6,288,498",488,"159,421,804","12,366",
37,NC,"Pasquotank County, NC",37139,Pasquotank County,36.265184,-76.260696,,39909,7,22457,5,3,30705,"224,444","25,189",6,"18,372","82,476","146,149",4,"14,590",,,"9,824,701",246,"253,074,411","6,341",
37,NC,"Pender County, NC",37141,Pender County,34.512556,-77.888106,,56358,7,16681,4,3,30704,"307,330","33,238",5,"26,402","112,934","87,253",2,"20,534",,,"25,892,953",459,"701,207,200","12,442",
37,NC,"Perquimans County, NC",37143,Perquimans County,36.180897,-76.403244,,13470,4,2574,1,3,30401,"90,984","10,366",7,"6,778","33,434","51,073",4,"5,710",,,"3,011,635",224,"77,238,436","5,734",
37,NC,"Person County, NC",37145,Person County,36.386336,-78.965644,,39196,7,16405,4,4,40704,"226,454","24,519",6,"17,566","83,215","253,184",6,"15,474",,,"9,754,103",249,"250,266,896","6,385",
37,NC,"Pitt County, NC",37147,Pitt County,35.592965,-77.373138,,175150,10,122454,9,3,31009,"1,124,018","121,922",6,"97,797","413,042","734,626",4,"68,804",,,"54,230,986",310,"1,393,204,810","7,954",
37,NC,"Polk County, NC",37149,Polk County,35.277901,-82.167621,,20324,5,7789,3,4,40503,"124,109","12,968",6,"11,093","45,606","74,402",4,"8,662",,,"19,279,905",949,"531,840,450","26,168",
37,NC,"Randolph County, NC",37151,Randolph County,35.709915,-79.806215,,142588,10,78144,8,3,31008,"743,905","78,917",5,"59,244","273,362","586,842",4,"54,884",,,"62,731,669",440,"1,683,842,539","11,809",
37,NC,"Richmond County, NC",37153,Richmond County,35.004636,-79.755695,,45710,7,23984,5,3,30705,"278,357","30,044",6,"20,262","102,288","245,530",5,"18,458",,,"18,809,349",411,"491,463,413","10,752",
37,NC,"Robeson County, NC",37155,Robeson County,34.63921,-79.100881,,134576,10,63312,8,3,31008,"739,558","79,832",5,"51,415","271,765","461,557",3,"45,914",,,"84,038,586",624,"2,300,113,785","17,092",
37,NC,"Rockingham County, NC",37157,Rockingham County,36.381806,-79.782754,,91898,9,44322,7,4,40907,"514,462","53,711",6,"42,061","189,049","573,070",6,"37,503",,,"31,024,683",338,"796,077,485","8,663",
37,NC,"Rowan County, NC",37159,Rowan County,35.641329,-80.521722,,138694,10,86430,9,3,31009,"745,018","77,770",5,"58,349","273,771","890,285",6,"51,454",,,"60,795,385",438,"1,664,185,200","11,999",
37,NC,"Rutherford County, NC",37161,Rutherford County,35.402747,-81.919582,,66701,8,31454,6,4,40806,"392,938","41,033",6,"32,718","144,393","259,569",4,"26,490",,,"28,150,374",422,"727,264,041","10,903",
37,NC,"Sampson County, NC",37163,Sampson County,34.989298,-78.371174,,63713,8,27793,6,3,30806,"378,681","41,130",6,"26,201","139,153","230,511",4,"23,451",,,"28,962,582",455,"768,671,988","12,065",
37,NC,"Scotland County, NC",37165,Scotland County,34.840023,-79.477337,,35711,6,19278,5,3,30605,"199,795","21,547",6,"14,640","73,418","151,817",4,"13,120",,,"18,600,470",521,"483,743,009","13,546",
37,NC,"Stanly County, NC",37167,Stanly County,35.310449,-80.254374,,60610,8,32055,6,3,30806,"376,198","39,465",6,"28,540","138,241","177,915",3,"23,588",,,"20,394,760",336,"524,014,250","8,646",
37,NC,"Stokes County, NC",37169,Stokes County,36.393506,-80.266199,,46453,7,11052,3,4,40703,"277,216","29,078",6,"21,100","101,868","137,723",3,"19,190",,,"16,547,881",356,"433,288,525","9,327",
37,NC,"Surry County, NC",37171,Surry County,36.415416,-80.686463,,72767,8,54998,7,4,40807,"422,679","44,253",6,"32,445","155,322","60,813",1,"28,837",,,"42,756,962",588,"1,169,734,945","16,075",
37,NC,"Swain County, NC",37173,Swain County,35.568849,-83.465614,,14234,4,6890,2,4,40402,"70,034","7,296",5,"8,488","37,886","34,227",2,"5,425",,,"9,685,199",680,"252,698,062","17,753",
37,NC,"Transylvania County, NC",37175,Transylvania County,35.210079,-82.816653,,33062,6,15099,4,4,40604,"170,251","17,818",5,"18,686","62,562","196,320",6,"13,841",,,"10,777,003",326,"276,335,988","8,358",
37,NC,"Tyrrell County, NC",37177,Tyrrell County,35.87042,-76.165345,,4128,1,897,1,3,30101,"21,048","2,270",5,"1,976","7,735","12,777",3,"1,457",,,"2,786,967",675,"72,299,713","17,514",
37,NC,"Union County, NC",37179,Union County,34.991817,-80.530435,,217614,11,107575,9,3,31109,"1,136,707","119,023",5,"73,862","417,704","2,052,012",9,"72,304",,,"67,903,948",312,"1,729,522,003","7,948",
37,NC,"Vance County, NC",37181,Vance County,36.365481,-78.405434,,44508,7,25971,6,4,40706,"230,277","24,865",5,"19,263","84,620","269,395",6,"16,653",,,"21,378,352",480,"572,777,800","12,869",
37,NC,"Wake County, NC",37183,Wake County,35.789846,-78.650624,,998576,15,906666,14,4,41514,"4,342,904","465,511",4,"394,232","1,595,882","9,945,212",10,"373,245",,,"435,143,039",436,"11,576,502,704","11,593",
37,NC,"Warren County, NC",37185,Warren County,36.398105,-78.099899,,20324,5,4413,1,4,40501,"116,801","12,614",6,"11,358","42,921","75,982",4,"7,753",,,"11,724,731",577,"319,295,463","15,710",
37,NC,"Washington County, NC",37187,Washington County,35.844713,-76.572291,,12503,4,5833,2,3,30402,"74,626","8,235",6,"6,195","27,423","38,397",3,"5,203",,,"9,345,882",747,"239,559,443","19,160",
37,NC,"Watauga County, NC",37189,Watauga County,36.235372,-81.709923,,52745,7,35348,6,5,50706,"202,594","22,003",4,"31,825","74,447","58,177",1,"20,320",,,"13,504,202",256,"340,500,696","6,456",
37,NC,"Wayne County, NC",37191,Wayne County,35.35419,-78.00867,,124447,9,68377,8,3,30908,"695,696","75,001",6,"51,334","255,647","375,459",3,"47,013",,,"41,850,436",336,"1,096,511,235","8,811",
37,NC,"Wilkes County, NC",37193,Wilkes County,36.208883,-81.166095,,68888,8,35141,6,4,40806,"399,301","41,866",6,"31,886","146,731","97,098",1,"27,583",,,"27,578,975",400,"721,192,247","10,469",
37,NC,"Wilson County, NC",37195,Wilson County,35.700357,-77.921598,,81617,8,63702,8,3,30808,"550,891","59,481",7,"45,797","202,435","671,200",8,"31,942",,,"44,691,844",548,"1,204,312,481","14,756",
37,NC,"Yadkin County, NC",37197,Yadkin County,36.158765,-80.665164,,37819,6,17209,5,4,40605,"231,125","24,240",6,"16,637","84,931","47,933",1,"15,287",,,"24,498,229",648,"675,258,049","17,855",
37,NC,"Yancey County, NC",37199,Yancey County,35.889455,-82.304119,,17599,5,6777,2,5,50502,"86,330","9,299",5,"10,683","31,724","48,516",3,"7,479",,,"4,811,084",273,"124,803,022","7,091",
38,ND,"Adams County, ND",38001,Adams County,46.096815,-102.533198,,2348,1,1593,1,6,60101,"12,403","1,317",5,"1,576","7,018","15,513",7,"1,030",,,"1,906,470",812,"44,709,061","19,041",
38,ND,"Barnes County, ND",38003,Barnes County,46.94255,-98.070195,,11033,3,7902,3,7,70303,"63,180","6,831",6,"8,220","35,749","168,717",15,"5,070",,,"10,033,182",909,"274,882,566","24,915",
38,ND,"Benson County, ND",38005,Benson County,48.071743,-99.351152,,6802,2,1360,1,7,70201,"38,801","3,724",6,"3,441","21,955","23,040",3,"2,257",,,"4,717,334",694,"109,802,447","16,143",
38,ND,"Billings County, ND",38007,Billings County,47.007044,-103.364016,,936,1,564,1,6,60101,"5,498",570,6,603,"3,111","7,320",8,405,,,"2,978,600","3,182","85,277,680","91,109",
38,ND,"Bottineau County, ND",38009,Bottineau County,48.794412,-100.831257,,6650,2,3431,1,7,70201,"48,938","4,516",7,"5,051","27,690","41,462",6,"3,047",,,"4,885,213",735,"114,949,315","17,286",
38,ND,"Bowman County, ND",38011,Bowman County,46.110144,-103.505943,,3238,1,2345,1,6,60101,"14,802","1,572",5,"1,992","8,375","54,401",17,"1,404",,,"2,524,488",780,"59,354,382","18,331",
38,ND,"Burke County, ND",38013,Burke County,48.786453,-102.520087,,2239,1,782,1,7,70101,"12,844","1,357",6,"1,616","7,268","13,598",6,"1,001",,,"2,434,201","1,087","57,311,391","25,597",
38,ND,"Burleigh County, ND",38015,Burleigh County,46.971843,-100.462001,,90560,9,94182,9,6,60909,"343,138","36,248",4,"45,793","194,155","1,961,880",22,"38,005",,,"30,391,648",336,"706,261,723","7,799",
38,ND,"Cass County, ND",38017,Cass County,46.927003,-97.252375,,166852,10,206782,11,7,71011,"707,263","74,981",4,"107,720","400,185","2,887,031",17,"70,841",,,"62,798,129",376,"1,483,843,178","8,893",
38,ND,"Cavalier County, ND",38019,Cavalier County,48.768439,-98.46379,,3867,1,2372,1,7,70101,"25,531","2,282",7,"2,667","14,446","58,880",15,"1,788",,,"3,109,197",804,"70,551,202","18,244",
38,ND,"Dickey County, ND",38021,Dickey County,46.107756,-98.496518,,5160,2,3232,1,6,60201,"31,218","3,054",6,"3,057","17,664","24,021",5,"2,192",,,"2,583,744",501,"59,165,719","11,466",
38,ND,"Divide County, ND",38023,Divide County,48.814754,-103.509326,,2369,1,837,1,7,70101,"13,632","1,439",6,"1,689","7,713","13,666",6,"1,059",,,"2,350,419",992,"56,547,806","23,870",
38,ND,"Dunn County, ND",38025,Dunn County,47.354548,-102.612366,,4284,1,5038,2,6,60102,"21,868","2,207",5,"2,821","12,374","24,239",6,"1,548",,,"6,112,347","1,427","150,776,363","35,195",
38,ND,"Eddy County, ND",38027,Eddy County,47.723436,-98.900474,,2370,1,956,1,7,70101,"12,664","1,168",5,"1,520","7,166","48,251",20,"1,043",,,"1,295,664",547,"30,339,882","12,802",
38,ND,"Emmons County, ND",38029,Emmons County,46.284255,-100.237842,,3426,1,1346,1,6,60101,"17,819","1,915",5,"2,398","10,082","41,055",12,"1,520",,,"3,074,083",897,"71,704,348","20,929",
38,ND,"Foster County, ND",38031,Foster County,47.471431,-98.872876,,3345,1,2426,1,7,70101,"19,634","1,811",6,"2,083","11,110","56,432",17,"1,500",,,"2,194,124",656,"51,435,192","15,377",
38,ND,"Golden Valley County, ND",38033,Golden Valley County,46.938924,-103.844612,,1895,1,851,1,6,60101,"7,531",803,4,"1,158","4,261","37,851",20,836,,,"2,097,709","1,107","59,794,605","31,554",
38,ND,"Grand Forks County, ND",38035,Grand Forks County,47.926003,-97.450851,,69793,8,68042,8,7,70808,"411,116","42,532",6,"29,558","232,619","833,414",12,"28,991",,,"25,201,160",361,"589,596,963","8,448",
38,ND,"Grant County, ND",38037,Grant County,46.357827,-101.639049,,2369,1,804,1,6,60101,"13,524","1,490",6,"1,964","7,652","12,015",5,"1,108",,,"1,878,474",793,"44,302,197","18,701",
38,ND,"Griggs County, ND",38039,Griggs County,47.456334,-98.232286,,2311,1,1086,1,7,70101,"18,469","1,704",8,"1,623","10,450","12,039",5,"1,045",,,"1,440,528",623,"33,685,135","14,576",
38,ND,"Hettinger County, ND",38041,Hettinger County,46.435704,-102.454238,,2639,1,847,1,6,60101,"12,109","1,286",5,"1,684","6,851","46,241",18,"1,109",,,"2,093,429",793,"49,645,121","18,812",
38,ND,"Kidder County, ND",38043,Kidder County,46.938273,-99.731198,,2419,1,861,1,7,70101,"12,976","1,292",5,"1,964","7,342","41,526",17,"1,083",,,"4,677,509","1,934","135,885,778","56,174",
38,ND,"LaMoure County, ND",38045,LaMoure County,46.464195,-98.526057,,4111,1,2003,1,6,60101,"28,079","2,922",7,"2,782","15,888","23,249",6,"1,810",,,"2,826,479",688,"65,966,171","16,046",
38,ND,"Logan County, ND",38047,Logan County,46.469278,-99.504585,,1939,1,895,1,6,60101,"11,985","1,200",6,"1,360","6,781","17,012",9,878,,,"1,199,188",618,"27,673,654","14,272",
38,ND,"McHenry County, ND",38049,McHenry County,48.233842,-100.633267,,5912,2,1418,1,7,70201,"36,773","3,418",6,"3,525","20,807","32,874",6,"2,614",,,"6,369,006","1,077","149,319,180","25,257",
38,ND,"McIntosh County, ND",38051,McIntosh County,46.117034,-99.443041,,2737,1,1596,1,6,60101,"17,037","1,824",6,"2,139","9,640","22,551",8,"1,303",,,"1,502,771",549,"34,299,438","12,532",
38,ND,"McKenzie County, ND",38053,McKenzie County,47.742475,-103.403215,,10718,3,10773,3,6,60303,"44,334","4,323",4,"5,321","25,085","112,139",10,"3,617",,,"18,168,047","1,695","441,419,311","41,185",
38,ND,"McLean County, ND",38055,McLean County,47.653055,-101.421794,,9576,3,4275,1,7,70301,"50,392","4,665",5,"6,802","28,513","155,771",16,"4,292",,,"9,271,237",968,"216,132,800","22,570",
38,ND,"Mercer County, ND",38057,Mercer County,47.307147,-101.833328,,8671,3,8609,3,6,60303,"48,366","5,011",6,"5,373","27,367","35,260",4,"3,675",,,"4,994,259",576,"116,446,114","13,429",
38,ND,"Morton County, ND",38059,Morton County,46.710819,-101.298265,,29633,6,20221,5,6,60605,"120,886","13,116",4,"15,811","68,400","612,480",21,"12,673",,,"19,913,446",672,"528,005,858","17,818",
38,ND,"Mountrail County, ND",38061,Mountrail County,48.210291,-102.364756,,9675,3,8030,3,7,70303,"43,699","3,780",5,"5,437","24,726","81,188",8,"3,161",,,"11,954,980","1,236","287,271,180","29,692",
38,ND,"Nelson County, ND",38063,Nelson County,47.918667,-98.204428,,3032,1,1494,1,7,70101,"27,365","2,696",9,"2,200","15,483","24,938",8,"1,517",,,"3,513,793","1,159","82,007,167","27,047",
38,ND,"Oliver County, ND",38065,Oliver County,47.118079,-101.33142,,1768,1,637,1,6,60101,"9,803",961,6,"1,098","5,547","5,482",3,760,,,"1,945,105","1,100","46,002,400","26,019",
38,ND,"Pembina County, ND",38067,Pembina County,48.766896,-97.545405,,7136,2,4778,1,7,70201,"53,947","5,447",8,"4,452","30,525","97,499",14,"3,273",,,"4,805,040",673,"116,711,472","16,355",
38,ND,"Pierce County, ND",38069,Pierce County,48.238883,-99.966497,,4373,1,2427,1,7,70101,"32,527","3,044",7,"2,691","18,404","22,259",5,"2,032",,,"2,932,536",671,"67,581,085","15,454",
38,ND,"Ramsey County, ND",38071,Ramsey County,48.266163,-98.739031,,11578,4,8998,3,7,70403,"58,500","5,760",5,"6,646","33,101","179,599",16,"5,004",,,"7,161,088",619,"161,393,124","13,940",
38,ND,"Ransom County, ND",38073,Ransom County,46.449276,-97.647554,,5457,2,2882,1,6,60201,"33,409","3,634",6,"3,812","18,904","32,688",6,"2,350",,,"2,207,689",405,"50,620,452","9,276",
38,ND,"Renville County, ND",38075,Renville County,48.712781,-101.658152,,2573,1,1081,1,7,70101,"14,017","1,384",5,"1,473","7,931","8,099",3,"1,011",,,"2,123,441",825,"50,319,432","19,557",
38,ND,"Richland County, ND",38077,Richland County,46.265219,-96.93796,,16329,4,11852,4,6,60404,"86,577","8,488",5,"9,282","48,987","161,304",10,"6,677",,,"10,152,052",622,"252,523,588","15,465",
38,ND,"Rolette County, ND",38079,Rolette County,48.768271,-99.840463,,14607,4,4638,1,7,70401,"88,831","8,187",6,"6,323","50,262","28,234",2,"4,786",,,"4,185,434",287,"97,588,393","6,681",
38,ND,"Sargent County, ND",38081,Sargent County,46.108206,-97.63003,,3889,1,2907,1,6,60101,"26,392","2,632",7,"2,578","14,933","20,324",5,"1,775",,,"2,998,004",771,"68,824,488","17,697",
38,ND,"Sheridan County, ND",38083,Sheridan County,47.581359,-100.330986,,1395,1,267,1,7,70101,"10,033",944,7,"1,001","5,677","7,713",6,686,,,"1,191,998",854,"27,649,317","19,820",
38,ND,"Sioux County, ND",38085,Sioux County,46.110618,-101.061284,,4431,1,760,1,6,60101,"13,706","1,510",3,"1,535","7,755","6,716",2,"1,101",,,"2,094,025",473,"48,842,713","11,023",
38,ND,"Slope County, ND",38087,Slope County,46.445834,-103.462462,,665,1,90,1,6,60101,"3,776",401,6,507,"2,137","6,800",10,306,,,"1,528,925","2,299","37,982,512","57,117",
38,ND,"Stark County, ND",38089,Stark County,46.817031,-102.662026,,29837,6,29513,6,6,60606,"120,512","12,485",4,"15,442","68,188","456,623",15,"11,570",,,"15,802,808",530,"420,821,032","14,104",
38,ND,"Steele County, ND",38091,Steele County,47.451062,-97.71892,,1969,1,901,1,7,70101,"17,368","1,713",9,"1,432","9,827","10,959",6,943,,,"1,435,176",729,"33,322,984","16,924",
38,ND,"Stutsman County, ND",38093,Stutsman County,46.972223,-98.956123,,21108,5,18813,5,7,70505,"94,969","8,661",4,"11,588","53,736","384,004",18,"9,146",,,"14,784,829",700,"383,804,497","18,183",
38,ND,"Towner County, ND",38095,Towner County,48.682183,-99.248158,,2292,1,826,1,7,70101,"17,548","1,619",8,"1,532","9,929","11,021",5,982,,,"1,780,916",777,"41,565,949","18,135",
38,ND,"Traill County, ND",38097,Traill County,47.446215,-97.164754,,8075,3,5502,2,7,70302,"67,714","7,449",8,"4,274","38,314","32,149",4,"3,310",,,"7,204,529",892,"192,390,980","23,826",
38,ND,"Walsh County, ND",38099,Walsh County,48.376979,-97.72223,,10995,3,6615,2,7,70302,"85,447","9,016",8,"6,412","48,348","151,302",14,"4,841",,,"6,630,506",603,"158,735,738","14,437",
38,ND,"Ward County, ND",38101,Ward County,48.216686,-101.540537,,68954,8,54217,7,7,70807,"316,658","31,993",5,"29,841","179,172","1,017,418",15,"26,772",,,"27,822,663",403,"632,527,478","9,173",
38,ND,"Wells County, ND",38103,Wells County,47.580881,-99.682254,,4179,1,2544,1,7,70101,"30,089","2,783",7,"2,897","17,025","18,849",5,"2,026",,,"3,471,675",831,"81,850,636","19,586",
38,ND,"Williams County, ND",38105,Williams County,48.355765,-103.501333,,31643,6,40932,7,7,70607,"127,048","13,056",4,"18,809","71,886","532,740",17,"12,390",,,"19,922,704",630,"457,408,802","14,455",
39,OH,"Adams County, OH",39001,Adams County,38.834468,-83.478082,,28111,6,8520,3,4,40603,"156,824","21,154",6,"12,254","89,023","211,987",8,"10,885",,,"11,549,895",411,"272,587,982","9,697",
39,OH,"Allen County, OH",39003,Allen County,40.771627,-84.106103,,104664,9,93949,9,5,50909,"459,636","62,172",4,"42,998","260,916","2,261,216",22,"40,039",,,"44,320,503",423,"1,093,574,274","10,448",
39,OH,"Ashland County, OH",39005,Ashland County,40.843273,-82.270127,,53343,7,32255,6,5,50706,"232,247","28,575",4,"21,191","131,837","874,616",16,"20,391",,,"29,016,662",544,"768,340,852","14,404",
39,OH,"Ashtabula County, OH",39007,Ashtabula County,41.906637,-80.745592,,99175,9,49682,7,5,50907,"372,486","44,961",4,"44,869","211,445","2,098,551",21,"38,800",,,"40,931,160",413,"1,024,060,571","10,326",
39,OH,"Athens County, OH",39009,Athens County,39.332604,-82.045844,,65103,8,25703,6,5,50806,"277,919","37,656",4,"25,281","157,763","626,291",10,"22,328",,,"22,466,731",345,"542,740,213","8,337",
39,OH,"Auglaize County, OH",39011,Auglaize County,40.561309,-84.224018,,45871,7,40854,7,5,50707,"226,468","28,715",5,"19,362","128,556","772,683",17,"18,231",,,"23,637,179",515,"584,037,833","12,732",
39,OH,"Belmont County, OH",39013,Belmont County,40.017682,-80.967727,,69228,8,39860,7,5,50807,"354,210","47,531",5,"30,793","201,070","1,105,306",16,"27,732",,,"41,075,400",593,"1,086,831,821","15,699",
39,OH,"Brown County, OH",39015,Brown County,38.931377,-83.866772,,44059,7,11678,4,4,40704,"260,966","31,639",6,"18,790","148,139","169,098",4,"17,047",,,"17,137,745",389,"410,301,839","9,313",
39,OH,"Butler County, OH",39017,Butler County,39.439747,-84.565734,,373638,12,269986,11,5,51211,"1,728,972","203,771",5,"143,247","981,464","5,448,597",15,"135,100",,,"124,180,822",332,"3,034,047,539","8,120",
39,OH,"Carroll County, OH",39019,Carroll County,40.579884,-81.090787,,28108,6,10902,3,5,50603,"138,400","18,491",5,"12,984","78,564","370,786",13,"10,871",,,"9,063,596",322,"214,153,765","7,619",
39,OH,"Champaign County, OH",39021,Champaign County,40.132759,-83.767542,,39175,7,18959,5,5,50705,"198,421","23,698",5,"15,995","112,635","528,980",14,"15,162",,,"13,982,138",357,"331,160,382","8,453",
39,OH,"Clark County, OH",39023,Clark County,39.917032,-83.783676,,136175,10,83721,8,5,51008,"579,246","69,035",4,"58,618","328,814","3,087,192",23,"54,681",,,"61,522,249",452,"1,603,189,980","11,773",
39,OH,"Clermont County, OH",39025,Clermont County,39.052084,-84.149614,,201092,11,102790,9,4,41109,"1,023,186","120,194",5,"78,337","580,820","1,822,973",9,"75,236",,,"64,246,580",319,"1,651,543,115","8,213",
39,OH,"Clinton County, OH",39027,Clinton County,39.429004,-83.795048,,41854,7,28861,6,5,50706,"212,761","25,184",5,"17,314","120,775","422,191",10,"16,077",,,"23,781,848",568,"652,644,889","15,593",
39,OH,"Columbiana County, OH",39029,Columbiana County,40.770073,-80.778455,,105230,9,53329,7,5,50907,"507,581","63,648",5,"44,667","288,132","1,802,007",17,"41,782",,,"32,675,476",311,"762,648,693","7,247",
39,OH,"Coshocton County, OH",39031,Coshocton County,40.29671,-81.930109,,36665,6,17420,5,5,50605,"162,376","21,973",4,"15,682","92,174","537,031",15,"14,397",,,"11,934,188",325,"278,813,655","7,604",
39,OH,"Crawford County, OH",39033,Crawford County,40.848524,-82.924783,,42485,7,24751,5,5,50705,"195,954","25,484",5,"19,187","111,235","820,272",19,"17,657",,,"17,531,660",413,"411,293,111","9,681",
39,OH,"Cuyahoga County, OH",39035,Cuyahoga County,41.760392,-81.724217,,1258710,15,1332892,15,5,51515,"4,048,408","500,071",3,"500,656","2,298,110","43,793,185",35,"534,559",,,"498,897,344",396,"11,934,174,581","9,481",
39,OH,"Darke County, OH",39037,Darke County,40.131542,-84.621248,,52185,7,32521,6,5,50706,"272,758","32,884",5,"21,778","154,833","600,157",12,"20,831",,,"19,557,886",375,"452,286,391","8,667",
39,OH,"Defiance County, OH",39039,Defiance County,41.321679,-84.486433,,38488,7,27530,6,5,50706,"190,224","24,553",5,"16,022","107,982","493,535",13,"15,378",,,"18,709,939",486,"427,125,076","11,098",
39,OH,"Delaware County, OH",39041,Delaware County,40.278941,-83.007462,,188996,10,158096,10,5,51010,"841,656","112,309",4,"66,685","477,772","3,881,718",21,"66,544",,,"79,946,210",423,"2,032,618,876","10,755",
39,OH,"Erie County, OH",39043,Erie County,41.554006,-82.525897,,75808,8,63042,8,5,50808,"333,691","39,794",4,"36,157","189,422","1,726,769",23,"31,731",,,"49,133,382",648,"1,287,613,257","16,985",
39,OH,"Fairfield County, OH",39045,Fairfield County,39.75262,-82.627329,,150163,10,70596,8,5,51008,"674,770","87,843",4,"57,147","383,038","2,326,049",15,"55,138",,,"46,947,714",313,"1,140,000,562","7,592",
39,OH,"Fayette County, OH",39047,Fayette County,39.555274,-83.461953,,28719,6,19482,5,5,50605,"152,159","18,494",5,"12,148","86,374","373,594",13,"11,666",,,"21,504,171",749,"567,959,606","19,776",
39,OH,"Franklin County, OH",39049,Franklin County,39.969575,-83.006865,,1232118,15,1265502,15,5,51515,"4,960,765","668,460",4,"518,446","2,816,016","26,103,187",21,"489,010",,,"535,084,572",434,"13,065,771,552","10,604",
39,OH,"Fulton County, OH",39051,Fulton County,41.597264,-84.124267,,42466,7,31070,6,5,50706,"178,023","22,240",4,"16,650","101,056","1,493,711",35,"16,240",,,"24,752,225",583,"634,511,923","14,942",
39,OH,"Gallia County, OH",39053,Gallia County,38.817046,-82.301746,,30376,6,18412,5,4,40605,"171,547","23,273",6,"13,160","97,380","207,545",7,"11,495",,,"13,508,495",445,"323,282,552","10,643",
39,OH,"Geauga County, OH",39055,Geauga County,41.499322,-81.173505,,94020,9,59709,8,5,50908,"402,606","48,592",4,"35,947","228,542","2,224,949",24,"34,890",,,"31,645,640",337,"777,665,863","8,271",
39,OH,"Greene County, OH",39057,Greene County,39.687479,-83.894894,,164325,10,105592,9,5,51009,"756,073","89,718",5,"66,284","429,191","2,684,783",16,"64,279",,,"72,627,955",442,"1,756,785,771","10,691",
39,OH,"Guernsey County, OH",39059,Guernsey County,40.056665,-81.497875,,39478,7,27490,6,5,50706,"181,990","24,644",5,"18,321","103,308","545,459",14,"15,863",,,"31,096,005",788,"856,954,729","21,707",
39,OH,"Hamilton County, OH",39061,Hamilton County,39.196927,-84.544187,,805965,14,944820,14,4,41414,"3,576,862","420,207",4,"361,688","2,030,433","16,862,532",21,"335,334",,,"382,505,298",475,"9,379,686,057","11,638",
39,OH,"Hancock County, OH",39063,Hancock County,41.000471,-83.666034,,75672,8,86286,9,5,50809,"364,843","49,372",5,"32,183","207,106","1,465,381",19,"31,549",,,"42,346,262",560,"1,067,414,866","14,106",
39,OH,"Hardin County, OH",39065,Hardin County,40.660415,-83.664077,,31652,6,13210,4,5,50604,"140,597","18,832",4,"12,563","79,811","464,738",15,"11,588",,,"10,196,912",322,"237,945,108","7,518",
39,OH,"Harrison County, OH",39067,Harrison County,40.292318,-81.091565,,15521,4,6311,2,5,50402,"78,099","10,456",5,"7,732","44,333","181,706",12,"6,242",,,"9,319,649",600,"220,372,329","14,198",
39,OH,"Henry County, OH",39069,Henry County,41.331584,-84.0689,,27890,6,16708,4,5,50604,"133,729","16,862",5,"11,492","75,912","885,613",32,"11,035",,,"16,339,274",586,"385,058,864","13,806",
39,OH,"Highland County, OH",39071,Highland County,39.184422,-83.601359,,43109,7,17059,5,5,50705,"230,809","30,242",5,"18,375","131,021","410,728",10,"16,635",,,"13,304,997",309,"311,288,184","7,221",
39,OH,"Hocking County, OH",39073,Hocking County,39.490342,-82.483447,,28690,6,10589,3,5,50603,"156,281","20,982",5,"12,731","88,714","316,907",11,"11,326",,,"12,899,654",450,"308,252,688","10,744",
39,OH,"Holmes County, OH",39075,Holmes County,40.565561,-81.929988,,43702,7,37299,6,5,50706,"127,756","17,122",3,"12,990","72,522","515,755",12,"12,500",,,"11,177,649",256,"265,679,242","6,079",
39,OH,"Huron County, OH",39077,Huron County,41.14508,-82.594641,,58704,8,34503,6,5,50806,"259,211","31,975",4,"24,062","147,143","909,932",16,"22,521",,,"19,558,573",333,"458,605,729","7,812",
39,OH,"Jackson County, OH",39079,Jackson County,39.013477,-82.614142,,32717,6,16830,4,5,50604,"176,152","23,898",5,"13,964","99,994","360,051",11,"12,814",,,"16,355,419",500,"394,745,889","12,065",
39,OH,"Jefferson County, OH",39081,Jefferson County,40.399384,-80.763527,,67607,8,37706,6,5,50806,"348,019","47,063",5,"31,118","197,556","1,134,747",17,"27,776",,,"23,456,110",347,"551,282,646","8,154",
39,OH,"Knox County, OH",39083,Knox County,40.40362,-82.422393,,60878,8,38393,7,5,50807,"265,273","35,590",4,"24,410","150,584","948,540",16,"23,029",,,"18,470,494",303,"429,157,235","7,049",
39,OH,"Lake County, OH",39085,Lake County,41.924116,-81.392643,,229266,11,173392,10,5,51110,"822,954","99,602",4,"99,706","467,156","7,293,123",32,"95,249",,,"97,594,707",426,"2,395,857,762","10,450",
39,OH,"Lawrence County, OH",39087,Lawrence County,38.603866,-82.517186,,61503,8,21064,5,4,40805,"340,249","46,124",6,"26,185","193,145","682,223",11,"23,243",,,"19,891,843",323,"471,869,336","7,672",
39,OH,"Licking County, OH",39089,Licking County,40.093609,-82.481251,,169762,10,98726,9,5,51009,"773,182","104,413",5,"67,039","438,903","3,247,691",19,"64,034",,,"84,605,704",498,"2,108,940,415","12,423",
39,OH,"Logan County, OH",39091,Logan County,40.387553,-83.766343,,45388,7,32189,6,5,50706,"229,583","27,644",5,"22,217","130,324","721,952",16,"18,720",,,"19,720,141",434,"472,627,208","10,413",
39,OH,"Lorain County, OH",39093,Lorain County,41.438805,-82.179722,,304091,12,173026,10,5,51210,"1,181,908","141,469",4,"124,170","670,919","6,392,694",21,"117,609",,,"120,585,846",397,"2,942,040,151","9,675",
39,OH,"Lucas County, OH",39095,Lucas County,41.682321,-83.468903,,434800,13,414820,12,5,51312,"1,586,175","198,126",4,"193,952","900,404","11,439,734",26,"178,477",,,"162,387,231",373,"3,814,459,913","8,773",
39,OH,"Madison County, OH",39097,Madison County,39.896607,-83.400885,,43537,7,28402,6,5,50706,"191,326","23,606",4,"15,305","108,608","585,088",13,"14,809",,,"30,427,110",699,"860,928,387","19,775",
39,OH,"Mahoning County, OH",39099,Mahoning County,41.01088,-80.770396,,233015,11,174042,10,5,51110,"918,864","109,563",4,"106,680","521,600","7,658,846",33,"97,484",,,"87,789,700",377,"2,219,752,570","9,526",
39,OH,"Marion County, OH",39101,Marion County,40.588034,-83.168803,,65620,8,42167,7,5,50807,"280,778","35,019",4,"26,636","159,386","1,175,594",18,"24,418",,,"23,127,372",352,"553,310,918","8,432",
39,OH,"Medina County, OH",39103,Medina County,41.116174,-81.899764,,175543,10,105243,9,5,51009,"739,714","88,384",4,"69,062","419,904","3,823,353",22,"66,465",,,"66,654,737",380,"1,772,781,099","10,099",
39,OH,"Meigs County, OH",39105,Meigs County,39.089807,-82.028397,,23345,5,5137,2,5,50502,"131,284","17,795",6,"10,550","74,524","209,600",9,"9,204",,,"9,272,666",397,"222,238,376","9,520",
39,OH,"Mercer County, OH",39107,Mercer County,40.535333,-84.632059,,40886,7,32845,6,5,50706,"205,424","24,404",5,"16,981","116,611","672,211",16,"16,109",,,"15,168,932",371,"349,139,687","8,539",
39,OH,"Miami County, OH",39109,Miami County,40.053326,-84.228413,,103864,9,71143,8,5,50908,"492,920","58,778",5,"43,498","279,810","1,636,743",16,"41,106",,,"44,009,499",424,"1,078,190,541","10,381",
39,OH,"Monroe County, OH",39111,Monroe County,39.726253,-81.090987,,14442,4,4041,1,5,50401,"68,876","8,942",5,"7,149","39,098","257,992",18,"5,986",,,"6,792,148",470,"163,387,825","11,313",
39,OH,"Montgomery County, OH",39113,Montgomery County,39.753736,-84.290591,,532761,13,468125,13,5,51313,"2,399,644","284,542",5,"243,878","1,362,176","11,360,772",21,"222,677",,,"218,401,263",410,"5,189,350,011","9,740",
39,OH,"Morgan County, OH",39115,Morgan County,39.624946,-81.861697,,14857,4,4247,1,5,50401,"72,806","9,859",5,"7,510","41,329","180,140",12,"5,932",,,"5,524,488",372,"129,731,468","8,732",
39,OH,"Morrow County, OH",39117,Morrow County,40.525266,-82.797729,,35032,6,7846,3,5,50603,"174,689","22,186",5,"13,506","99,163","273,940",8,"12,606",,,"23,491,214",671,"646,021,101","18,441",
39,OH,"Muskingum County, OH",39119,Muskingum County,39.966046,-81.943506,,85991,9,57151,8,5,50908,"401,964","54,342",5,"36,214","228,178","1,435,643",17,"34,178",,,"37,849,840",440,"977,594,139","11,369",
39,OH,"Noble County, OH",39121,Noble County,39.767232,-81.452512,,14429,4,3851,1,5,50401,"55,454","7,482",4,"5,785","31,479","165,645",11,"4,863",,,"9,383,392",650,"247,421,705","17,148",
39,OH,"Ottawa County, OH",39123,Ottawa County,41.545495,-83.012613,,40981,7,19801,5,5,50705,"184,510","22,555",5,"26,855","104,739","879,897",21,"17,384",,,"20,520,470",501,"501,054,249","12,227",
39,OH,"Paulding County, OH",39125,Paulding County,41.118948,-84.582125,,19057,5,6911,2,5,50502,"101,854","13,768",5,"8,326","57,818","464,307",24,"7,659",,,"12,138,625",637,"283,586,933","14,881",
39,OH,"Perry County, OH",39127,Perry County,39.743187,-82.237952,,35947,6,8326,3,5,50603,"170,770","22,926",5,"14,481","96,939","493,383",14,"13,535",,,"9,653,093",269,"225,338,757","6,269",
39,OH,"Pickaway County, OH",39129,Pickaway County,39.648947,-83.052827,,56804,7,21428,5,5,50705,"243,149","32,231",4,"20,277","138,025","750,404",13,"19,173",,,"22,256,958",392,"549,990,671","9,682",
39,OH,"Pike County, OH",39131,Pike County,39.07136,-83.052909,,28298,6,15307,4,4,40604,"159,395","21,461",6,"12,015","90,482","223,968",8,"10,908",,,"12,600,926",445,"301,764,199","10,664",
39,OH,"Portage County, OH",39133,Portage County,41.168837,-81.197042,,161796,10,93605,9,5,51009,"634,221","75,668",4,"65,439","360,020","3,669,180",23,"61,585",,,"68,699,573",425,"1,793,803,064","11,087",
39,OH,"Preble County, OH",39135,Preble County,39.73881,-84.644758,,41561,7,17888,5,5,50705,"226,700","26,958",5,"17,121","128,688","406,447",10,"16,048",,,"20,905,052",503,"547,885,736","13,183",
39,OH,"Putnam County, OH",39137,Putnam County,41.024533,-84.129879,,34116,6,20146,5,5,50605,"184,666","24,870",5,"13,205","104,827","458,201",13,"13,092",,,"13,350,663",391,"303,149,777","8,886",
39,OH,"Richland County, OH",39139,Richland County,40.774159,-82.542781,,121888,9,80989,8,5,50908,"511,856","63,986",4,"51,971","290,559","2,477,961",20,"47,935",,,"56,459,810",463,"1,404,592,358","11,524",
39,OH,"Ross County, OH",39141,Ross County,39.323818,-83.059581,,77193,8,45970,7,5,50807,"391,928","52,145",5,"30,493","222,481","737,998",10,"28,308",,,"33,461,224",433,"814,234,694","10,548",
39,OH,"Sandusky County, OH",39143,Sandusky County,41.355291,-83.142735,,59870,8,46732,7,5,50807,"244,306","31,693",4,"25,146","138,682","1,249,777",21,"23,666",,,"40,206,993",672,"1,061,025,402","17,722",
39,OH,"Scioto County, OH",39145,Scioto County,38.814889,-82.998675,,77366,8,38230,7,4,40807,"413,407","55,933",5,"32,640","234,673","975,952",13,"29,778",,,"23,873,394",309,"561,139,017","7,253",
39,OH,"Seneca County, OH",39147,Seneca County,41.119992,-83.127547,,55711,7,34089,6,5,50706,"252,145","33,812",5,"22,981","143,132","864,668",16,"21,349",,,"18,771,186",337,"437,454,857","7,852",
39,OH,"Shelby County, OH",39149,Shelby County,40.33668,-84.204142,,48949,7,49315,7,5,50707,"241,383","28,820",5,"19,488","137,023","581,335",12,"18,428",,,"25,615,015",523,"643,231,598","13,141",
39,OH,"Stark County, OH",39151,Stark County,40.814131,-81.365667,,374762,12,285950,11,5,51211,"1,541,748","197,942",4,"158,688","875,185","9,606,871",26,"151,101",,,"117,892,476",315,"2,847,172,254","7,597",
39,OH,"Summit County, OH",39153,Summit County,41.121851,-81.534936,,541372,13,499679,13,5,51313,"1,950,359","233,029",4,"235,197","1,107,136","17,644,544",33,"221,887",,,"235,618,795",435,"5,720,718,352","10,567",
39,OH,"Trumbull County, OH",39155,Trumbull County,41.305911,-80.768701,,204908,11,134106,10,5,51110,"865,156","102,768",4,"91,586","491,112","5,485,507",27,"86,508",,,"75,811,531",370,"1,891,839,321","9,233",
39,OH,"Tuscarawas County, OH",39157,Tuscarawas County,40.447448,-81.471157,,92579,9,62253,8,5,50908,"418,578","56,364",5,"38,297","237,609","1,258,834",14,"36,325",,,"39,593,363",428,"989,843,056","10,692",
39,OH,"Union County, OH",39159,Union County,40.295901,-83.367042,,53955,7,46795,7,5,50707,"243,006","29,335",5,"19,203","137,944","740,905",14,"18,798",,,"32,922,814",610,"815,095,036","15,107",
39,OH,"Van Wert County, OH",39161,Van Wert County,40.85552,-84.585775,,28501,6,19702,5,5,50605,"145,644","19,621",5,"12,139","82,676","524,135",18,"11,427",,,"17,276,524",606,"403,656,632","14,163",
39,OH,"Vinton County, OH",39163,Vinton County,39.252014,-82.485961,,13128,4,3305,1,5,50401,"73,981","9,993",6,"5,919","41,996","92,385",7,"4,942",,,"5,315,648",405,"128,251,472","9,769",
39,OH,"Warren County, OH",39165,Warren County,39.425652,-84.169906,,222184,11,157664,10,5,51110,"1,072,513","126,045",5,"80,289","608,820","3,363,094",15,"79,466",,,"85,138,500",383,"2,149,719,026","9,675",
39,OH,"Washington County, OH",39167,Washington County,39.450684,-81.490653,,61154,8,45505,7,4,40807,"285,870","38,708",5,"26,923","162,276","1,176,127",19,"25,306",,,"25,099,616",410,"620,008,378","10,138",
39,OH,"Wayne County, OH",39169,Wayne County,40.829661,-81.887194,,115747,9,80355,8,5,50908,"450,703","57,813",4,"46,413","255,845","1,299,826",11,"43,037",,,"42,640,742",368,"1,052,937,056","9,097",
39,OH,"Williams County, OH",39171,Williams County,41.564958,-84.584323,,37270,6,31977,6,5,50606,"177,840","22,211",5,"16,716","100,953","1,902,459",51,"15,077",,,"20,458,499",549,"516,217,061","13,851",
39,OH,"Wood County, OH",39173,Wood County,41.360183,-83.622682,,129418,10,108446,9,5,51009,"487,051","61,968",4,"51,200","276,478","2,576,148",20,"50,025",,,"79,978,002",618,"2,040,802,447","15,769",
39,OH,"Wyandot County, OH",39175,Wyandot County,40.839782,-83.313681,,22359,5,16508,4,5,50504,"109,545","14,717",5,"9,473","62,184","333,680",15,"9,144",,,"16,031,014",717,"389,595,893","17,425",
40,OK,"Adair County, OK",40001,Adair County,35.898043,-94.651026,,22161,5,5989,2,3,30502,"91,025","9,927",4,"10,480","51,811","130,216",6,"7,876",,,"5,864,030",265,"169,373,693","7,643",
40,OK,"Alfalfa County, OK",40003,Alfalfa County,36.729703,-98.323445,,5784,2,2363,1,3,30201,"31,200","3,251",5,"2,705","17,759","78,802",14,"2,028",,,"5,651,229",977,"166,750,830","28,830",
40,OK,"Atoka County, OK",40005,Atoka County,34.392469,-96.036558,,13847,4,4283,1,3,30401,"80,505","7,317",6,"6,254","45,823","62,084",4,"5,198",,,"13,736,352",992,"409,053,814","29,541",
40,OK,"Beaver County, OK",40007,Beaver County,36.748334,-100.483056,,5479,2,2460,1,4,40201,"22,953","2,982",4,"3,096","13,065","85,405",16,"2,087",,,"7,314,378","1,335","229,680,854","41,920",
40,OK,"Beckham County, OK",40009,Beckham County,35.270601,-99.690057,,23290,5,16902,5,3,30505,"115,376","10,004",5,"9,773","65,671","292,247",13,"7,508",,,"14,556,007",625,"467,066,289","20,054",
40,OK,"Blaine County, OK",40011,Blaine County,35.877782,-98.428934,,9777,3,4140,1,3,30301,"56,644","5,835",6,"4,769","32,241","134,794",14,"3,709",,,"7,464,792",764,"220,619,097","22,565",
40,OK,"Bryan County, OK",40013,Bryan County,33.964004,-96.264137,,44529,7,21033,5,3,30705,"240,758","25,139",5,"19,645","137,038","291,605",7,"16,633",,,"22,899,796",514,"646,827,963","14,526",
40,OK,"Caddo County, OK",40015,Caddo County,35.16792,-98.381045,,29510,6,8790,3,3,30603,"170,521","15,268",6,"13,031","97,059","263,730",9,"10,368",,,"15,932,111",540,"504,445,855","17,094",
40,OK,"Canadian County, OK",40017,Canadian County,35.54341,-97.979844,,129571,10,52111,7,3,31007,"590,565","61,345",5,"46,496","336,145","1,802,554",14,"43,247",,,"56,421,606",435,"1,508,048,675","11,639",
40,OK,"Carter County, OK",40019,Carter County,34.251848,-97.287927,,48530,7,41961,7,3,30707,"265,908","27,750",5,"21,210","151,353","492,998",10,"18,071",,,"26,388,136",544,"735,943,967","15,165",
40,OK,"Cherokee County, OK",40021,Cherokee County,35.904367,-94.996796,,48267,7,18590,5,3,30705,"211,903","21,268",4,"23,801","120,614","625,923",13,"16,386",,,"13,272,842",275,"373,155,512","7,731",
40,OK,"Choctaw County, OK",40023,Choctaw County,34.027645,-95.554208,,15051,4,6130,2,3,30402,"90,881","7,986",6,"7,416","51,729","97,301",6,"5,927",,,"8,070,790",536,"238,283,400","15,832",
40,OK,"Cimarron County, OK",40025,Cimarron County,36.74839,-102.517698,,2269,1,600,1,4,40101,"9,002","1,245",4,"1,952","5,124","43,966",19,971,,,"4,068,267","1,793","125,800,473","55,443",
40,OK,"Cleveland County, OK",40027,Cleveland County,35.206376,-97.323088,,271818,11,138524,10,3,31110,"1,321,042","137,976",5,"108,860","751,927","3,548,641",13,"101,112",,,"83,877,587",309,"2,116,748,506","7,787",
40,OK,"Coal County, OK",40029,Coal County,34.582861,-96.288039,,5755,2,1585,1,3,30201,"33,626","3,032",6,"2,764","19,140","53,165",9,"2,252",,,"3,023,911",525,"93,563,411","16,258",
40,OK,"Comanche County, OK",40031,Comanche County,34.662628,-98.476597,,124583,9,65555,8,3,30908,"578,427","50,353",5,"50,921","329,237","1,117,872",9,"42,929",,,"40,158,981",322,"1,097,033,875","8,806",
40,OK,"Cotton County, OK",40033,Cotton County,34.290676,-98.373438,,6062,2,2272,1,3,30201,"40,644","3,551",7,"2,966","23,134","62,049",10,"2,368",,,"4,552,760",751,"148,891,165","24,561",
40,OK,"Craig County, OK",40035,Craig County,36.76389,-95.201553,,14683,4,8000,3,3,30403,"76,488","7,054",5,"6,640","43,537","137,926",9,"5,380",,,"11,401,384",777,"366,374,970","24,952",
40,OK,"Creek County, OK",40037,Creek County,35.907732,-96.379793,,70931,8,32760,6,3,30806,"359,892","36,879",5,"29,661","204,848","903,999",13,"26,264",,,"36,233,720",511,"1,106,999,821","15,607",
40,OK,"Custer County, OK",40039,Custer County,35.645601,-98.997386,,29248,6,19612,5,3,30605,"162,218","14,216",6,"12,276","92,333","387,429",13,"10,457",,,"16,992,247",581,"541,730,474","18,522",
40,OK,"Delaware County, OK",40041,Delaware County,36.393375,-94.808217,,41433,7,15090,4,3,30704,"252,716","22,304",6,"24,570","143,844","297,926",7,"16,502",,,"15,616,050",377,"442,370,847","10,677",
40,OK,"Dewey County, OK",40043,Dewey County,35.97796,-99.014385,,4862,1,1950,1,3,30101,"27,744","2,850",6,"2,409","15,792","53,397",11,"1,811",,,"5,102,997","1,050","160,060,370","32,921",
40,OK,"Ellis County, OK",40045,Ellis County,36.224258,-99.750139,,4123,1,1661,1,3,30101,"24,440","2,556",6,"2,243","13,911","58,425",14,"1,626",,,"4,448,032","1,079","134,257,853","32,563",
40,OK,"Garfield County, OK",40047,Garfield County,36.378273,-97.787729,,62481,8,42507,7,3,30807,"332,149","34,650",5,"26,490","189,057","1,080,657",17,"23,981",,,"23,090,682",370,"610,799,034","9,776",
40,OK,"Garvin County, OK",40049,Garvin County,34.70935,-97.312723,,27570,6,15755,4,3,30604,"156,252","16,335",6,"12,661","88,937","253,567",9,"10,447",,,"20,821,420",755,"660,123,981","23,944",
40,OK,"Grady County, OK",40051,Grady County,35.021058,-97.88689,,53955,7,22169,5,3,30705,"319,703","29,265",6,"22,181","181,973","518,178",10,"19,554",,,"26,990,122",500,"788,988,978","14,623",
40,OK,"Grant County, OK",40053,Grant County,36.788254,-97.788151,,4497,1,1826,1,3,30101,"28,738","2,998",6,"2,435","16,357","72,317",16,"1,967",,,"5,218,312","1,160","155,321,264","34,539",
40,OK,"Greer County, OK",40055,Greer County,34.933853,-99.552968,,6081,2,1250,1,3,30201,"26,960","2,751",4,"2,694","15,345","91,387",15,"2,107",,,"2,759,493",454,"82,745,272","13,607",
40,OK,"Harmon County, OK",40057,Harmon County,34.745971,-99.844194,,2813,1,774,1,3,30101,"18,100","1,561",6,"1,517","10,303","51,547",18,"1,170",,,"1,492,009",530,"42,922,878","15,259",
40,OK,"Harper County, OK",40059,Harper County,36.80035,-99.662805,,3785,1,982,1,3,30101,"13,659","1,827",4,"1,863","7,774","56,705",15,"1,361",,,"3,631,355",959,"113,600,853","30,013",
40,OK,"Haskell County, OK",40061,Haskell County,35.232294,-95.109578,,12835,4,4750,1,3,30401,"69,131","6,703",5,"5,959","39,349","101,013",8,"4,785",,,"4,809,011",375,"142,614,573","11,111",
40,OK,"Hughes County, OK",40063,Hughes County,35.052934,-96.251183,,13727,4,4211,1,3,30401,"62,330","6,224",5,"6,155","35,478","108,714",8,"4,224",,,"5,407,599",394,"155,874,805","11,355",
40,OK,"Jackson County, OK",40065,Jackson County,34.593949,-99.41221,,25864,6,12744,4,3,30604,"142,632","14,055",6,"11,973","81,185","354,531",14,"10,151",,,"10,197,308",394,"285,292,614","11,030",
40,OK,"Jefferson County, OK",40067,Jefferson County,34.105082,-97.83889,,6280,2,1315,1,3,30201,"38,293","3,546",6,"3,355","21,796","72,341",12,"2,424",,,"3,352,514",534,"96,914,527","15,432",
40,OK,"Johnston County, OK",40069,Johnston County,34.313455,-96.654254,,11027,3,4057,1,3,30301,"61,742","6,326",6,"5,069","35,143","65,088",6,"4,157",,,"4,957,066",450,"140,597,066","12,750",
40,OK,"Kay County, OK",40071,Kay County,36.814885,-97.143862,,45398,7,29779,6,3,30706,"248,778","25,800",5,"21,328","141,603","865,554",19,"18,132",,,"20,644,084",455,"614,140,954","13,528",
40,OK,"Kingfisher County, OK",40073,Kingfisher County,35.949431,-97.934568,,15392,4,10058,3,3,30403,"90,402","9,447",6,"6,385","51,456","209,371",14,"5,645",,,"9,424,340",612,"277,655,989","18,039",
40,OK,"Kiowa County, OK",40075,Kiowa County,34.921489,-98.981617,,9239,3,2815,1,3,30301,"60,219","5,255",7,"5,104","34,276","140,542",15,"3,956",,,"5,388,120",583,"161,239,860","17,452",
40,OK,"Latimer County, OK",40077,Latimer County,34.875137,-95.272262,,10643,3,2962,1,3,30301,"59,364","5,277",6,"4,910","33,789","78,481",7,"4,041",,,"4,173,571",392,"124,802,398","11,726",
40,OK,"Le Flore County, OK",40079,Le Flore County,34.897356,-94.695074,,49885,7,16425,4,3,30704,"257,291","26,455",5,"21,429","146,448","739,435",15,"18,313",,,"22,415,544",449,"611,630,457","12,261",
40,OK,"Lincoln County, OK",40081,Lincoln County,35.703117,-96.881392,,34640,6,10088,3,3,30603,"187,292","19,517",5,"15,057","106,606","285,555",8,"13,047",,,"21,470,674",620,"670,226,956","19,348",
40,OK,"Logan County, OK",40083,Logan County,35.914151,-97.450764,,45171,7,12615,4,3,30704,"224,950","23,432",5,"17,030","128,040","439,456",10,"15,273",,,"18,560,608",411,"551,350,729","12,206",
40,OK,"Love County, OK",40085,Love County,33.957775,-97.245124,,9768,3,7308,2,3,30302,"49,345","5,147",5,"4,473","28,087","53,086",5,"3,113",,,"11,187,772","1,145","381,219,103","39,027",
40,OK,"McClain County, OK",40087,McClain County,35.016436,-97.449803,,37222,6,15205,4,3,30604,"214,905","21,772",6,"14,563","122,322","380,606",10,"13,532",,,"30,588,817",822,"836,947,341","22,485",
40,OK,"McCurtain County, OK",40089,McCurtain County,34.117073,-94.766086,,33071,6,17875,5,3,30605,"194,652","17,875",6,"15,352","110,795","200,834",6,"12,973",,,"15,612,889",472,"448,925,172","13,575",
40,OK,"McIntosh County, OK",40091,McIntosh County,35.369108,-95.671787,,20161,5,6192,2,3,30502,"114,296","11,868",6,"13,247","65,056","170,783",8,"8,302",,,"16,094,119",798,"512,026,453","25,397",
40,OK,"Major County, OK",40093,Major County,36.313119,-98.542015,,7721,3,3700,1,3,30301,"46,101","4,818",6,"3,599","26,240","96,048",12,"2,975",,,"7,261,930",941,"218,786,278","28,337",
40,OK,"Marshall County, OK",40095,Marshall County,34.027007,-96.770533,,16079,4,7568,3,3,30403,"90,953","9,490",6,"9,904","51,770","126,879",8,"5,969",,,"6,192,442",385,"171,830,807","10,687",
40,OK,"Mayes County, OK",40097,Mayes County,36.303804,-95.235638,,40923,7,20231,5,3,30705,"239,635","21,197",6,"19,004","136,399","340,432",8,"15,735",,,"23,280,370",569,"697,895,061","17,054",
40,OK,"Murray County, OK",40099,Murray County,34.485766,-97.071557,,13792,4,6663,2,3,30402,"80,193","8,377",6,"6,695","45,645","126,222",9,"5,387",,,"8,823,278",640,"281,372,796","20,401",
40,OK,"Muskogee County, OK",40101,Muskogee County,35.617551,-95.383911,,69939,8,46461,7,3,30807,"351,053","36,776",5,"30,489","199,817","853,407",12,"26,168",,,"33,490,855",479,"939,776,457","13,437",
40,OK,"Noble County, OK",40103,Noble County,36.384901,-97.236335,,11470,4,5655,2,3,30402,"70,301","7,322",6,"5,234","40,015","151,808",13,"4,699",,,"13,992,287","1,220","463,319,987","40,394",
40,OK,"Nowata County, OK",40105,Nowata County,36.789615,-95.613312,,10510,3,2619,1,3,30301,"61,933","5,687",6,"4,752","35,252","125,293",12,"4,087",,,"4,621,891",440,"140,647,692","13,382",
40,OK,"Okfuskee County, OK",40107,Okfuskee County,35.466804,-96.327762,,12212,4,5008,2,3,30402,"58,194","5,550",5,"5,226","33,124","105,517",9,"3,959",,,"7,925,981",649,"258,102,581","21,135",
40,OK,"Oklahoma County, OK",40109,Oklahoma County,35.554611,-97.409401,,764698,14,749284,14,3,31414,"3,745,599","391,871",5,"348,727","2,131,967","13,001,400",17,"294,672",,,"335,225,045",438,"8,453,978,049","11,055",
40,OK,"Okmulgee County, OK",40111,Okmulgee County,35.646879,-95.96458,,39322,7,13352,4,3,30704,"206,975","19,353",5,"17,573","117,808","509,518",13,"14,835",,,"18,498,785",470,"533,691,928","13,572",
40,OK,"Osage County, OK",40113,Osage County,36.624299,-96.408112,,47923,7,10789,3,3,30703,"262,839","23,232",5,"21,151","149,606","549,331",11,"18,218",,,"16,505,525",344,"472,953,341","9,869",
40,OK,"Ottawa County, OK",40115,Ottawa County,36.835764,-94.802681,,32022,6,18942,5,3,30605,"150,726","15,574",5,"13,883","85,792","385,571",12,"11,982",,,"19,087,750",596,"602,094,830","18,803",
40,OK,"Pawnee County, OK",40117,Pawnee County,36.313704,-96.696669,,16444,4,4568,1,3,30401,"88,896","8,895",5,"7,635","50,599","170,630",10,"6,238",,,"9,583,228",583,"293,908,210","17,873",
40,OK,"Payne County, OK",40119,Payne County,36.079225,-96.975255,,79953,8,45782,7,3,30807,"405,515","42,171",5,"38,285","230,816","943,115",12,"30,164",,,"28,891,388",361,"842,707,951","10,540",
40,OK,"Pittsburg County, OK",40121,Pittsburg County,34.92554,-95.74813,,44643,7,21579,5,3,30705,"258,267","23,181",6,"22,594","147,004","415,481",9,"17,903",,,"26,203,206",587,"765,760,995","17,153",
40,OK,"Pontotoc County, OK",40123,Pontotoc County,34.721445,-96.69197,,38213,7,24980,5,3,30705,"205,488","21,236",5,"16,499","116,962","365,800",10,"14,625",,,"15,633,020",409,"447,801,087","11,719",
40,OK,"Pottawatomie County, OK",40125,Pottawatomie County,35.211393,-96.957007,,71551,8,36076,6,3,30806,"361,473","37,731",5,"29,237","205,748","808,671",11,"25,938",,,"34,309,707",480,"947,986,492","13,249",
40,OK,"Pushmataha County, OK",40127,Pushmataha County,34.377899,-95.408082,,11149,3,4336,1,3,30301,"70,023","6,143",6,"6,032","39,856","60,303",5,"4,655",,,"6,064,390",544,"184,296,301","16,530",
40,OK,"Roger Mills County, OK",40129,Roger Mills County,35.708554,-99.741572,,3732,1,741,1,3,30101,"20,796","2,019",6,"1,877","11,837","30,009",8,"1,324",,,"4,201,543","1,126","131,617,428","35,267",
40,OK,"Rogers County, OK",40131,Rogers County,36.377794,-95.601383,,89970,9,54008,7,3,30907,"505,476","49,403",6,"37,143","287,713","1,344,710",15,"33,570",,,"37,596,169",418,"1,117,613,357","12,422",
40,OK,"Seminole County, OK",40133,Seminole County,35.158366,-96.602857,,25403,6,10287,3,3,30603,"132,141","13,695",5,"11,504","75,214","257,227",10,"9,162",,,"13,810,700",544,"421,150,493","16,579",
40,OK,"Sequoyah County, OK",40135,Sequoyah County,35.502435,-94.750757,,41344,7,14602,4,3,30704,"220,592","23,116",5,"18,913","125,560","232,662",6,"15,467",,,"21,159,685",512,"638,681,810","15,448",
40,OK,"Stephens County, OK",40137,Stephens County,34.481361,-97.855607,,44631,7,23807,5,3,30705,"271,009","27,839",6,"20,419","154,256","525,241",12,"17,527",,,"18,540,759",415,"485,300,126","10,874",
40,OK,"Texas County, OK",40139,Texas County,36.746317,-101.483855,,21499,5,13388,4,4,40504,"73,164","9,604",3,"9,661","41,644","324,621",15,"7,038",,,"13,186,650",613,"381,620,602","17,751",
40,OK,"Tillman County, OK",40141,Tillman County,34.371085,-98.931701,,7611,3,1858,1,3,30301,"46,894","4,355",6,"3,988","26,692","111,739",15,"3,159",,,"3,598,680",473,"103,235,775","13,564",
40,OK,"Tulsa County, OK",40143,Tulsa County,36.120318,-95.941813,,629823,13,670164,14,3,31314,"3,003,996","264,438",5,"273,471","1,709,852","11,447,358",18,"248,811",,,"269,480,539",428,"6,824,304,298","10,835",
40,OK,"Wagoner County, OK",40145,Wagoner County,35.963479,-95.5141,,76190,8,17076,5,3,30805,"386,944","35,320",5,"30,445","220,246","1,126,466",15,"27,871",,,"34,145,660",448,"949,056,679","12,456",
40,OK,"Washington County, OK",40147,Washington County,36.70438,-95.906155,,51892,7,36568,6,3,30706,"275,829","24,012",5,"23,311","157,000","807,318",16,"20,810",,,"16,425,362",317,"440,427,454","8,487",
40,OK,"Washita County, OK",40149,Washita County,35.289497,-98.991436,,11626,4,2720,1,3,30401,"71,933","6,258",6,"5,385","40,944","166,941",14,"4,539",,,"8,436,103",726,"271,956,816","23,392",
40,OK,"Woods County, OK",40151,Woods County,36.726984,-98.863649,,9125,3,5784,2,3,30302,"47,490","4,949",5,"4,393","27,031","151,427",17,"3,347",,,"4,587,371",503,"137,117,474","15,027",
40,OK,"Woodward County, OK",40153,Woodward County,36.425619,-99.273661,,21111,5,14432,4,3,30504,"112,867","11,806",5,"8,813","64,243","285,550",14,"7,301",,,"10,644,263",504,"314,213,872","14,884",
41,OR,"Baker County, OR",41001,Baker County,44.703427,-117.691933,,16030,4,8198,3,5,50403,"75,662","7,497",5,"9,693","22,493","181,535",11,"7,011",,,"13,565,593",846,"376,966,013","23,516",
41,OR,"Benton County, OR",41003,Benton County,44.493882,-123.424664,,87455,9,54065,7,4,40907,"322,726","35,583",4,"40,907","95,942","833,628",10,"34,193",,,"22,699,712",260,"517,450,332","5,917",
41,OR,"Clackamas County, OR",41005,Clackamas County,45.160493,-122.195127,,394967,12,285485,11,4,41211,"1,690,163","192,615",4,"150,457","502,464","4,996,015",13,"151,150",,,"133,523,074",338,"3,220,890,414","8,155",
41,OR,"Clatsop County, OR",41007,Clatsop County,46.024509,-123.705014,,37660,6,29543,6,4,40606,"135,912","15,023",4,"24,003","40,405","379,649",10,"15,876",,,"20,818,258",553,"473,673,584","12,578",
41,OR,"Columbia County, OR",41009,Columbia County,45.941932,-123.081079,,49645,7,16468,4,4,40704,"194,355","19,981",4,"21,989","57,779","404,412",8,"18,941",,,"16,452,321",331,"384,032,187","7,736",
41,OR,"Coos County, OR",41011,Coos County,43.18591,-124.094133,,62944,8,35791,6,4,40806,"315,654","34,888",5,"33,456","93,840","198,712",3,"25,755",,,"21,193,185",337,"484,296,296","7,694",
41,OR,"Crook County, OR",41013,Crook County,44.163054,-120.371585,,21334,5,8067,3,5,50503,"103,187","11,205",5,"11,348","30,676","170,812",8,"9,155",,,"9,743,162",457,"232,710,856","10,908",
41,OR,"Curry County, OR",41015,Curry County,42.466439,-124.210929,,22364,5,10390,3,4,40503,"124,213","14,404",6,"13,853","36,927","20,927",1,"10,396",,,"8,672,196",388,"199,905,115","8,939",
41,OR,"Deschutes County, OR",41017,Deschutes County,43.915118,-121.225575,,170813,10,129072,10,5,51010,"754,190","81,094",4,"91,010","224,211","2,312,031",14,"67,880",,,"64,519,758",378,"1,450,009,862","8,489",
41,OR,"Douglas County, OR",41019,Douglas County,43.286328,-123.154476,,107375,9,59554,8,4,40908,"506,515","55,236",5,"53,872","150,580","672,294",6,"43,937",,,"61,346,339",571,"1,622,507,898","15,111",
41,OR,"Gilliam County, OR",41021,Gilliam County,45.382955,-120.276246,,1913,1,1343,1,5,50101,"9,010",993,5,"1,154","2,679","4,998",3,788,,,"6,427,481","3,360","202,278,590","105,739",
41,OR,"Grant County, OR",41023,Grant County,44.496326,-119.014057,,7227,2,2810,1,5,50201,"36,922","3,590",5,"4,731","10,977","5,217",1,"3,151",,,"6,147,068",851,"147,827,239","20,455",
41,OR,"Harney County, OR",41025,Harney County,43.064449,-118.987169,,7214,2,2815,1,5,50201,"38,267","3,822",5,"4,176","11,376","4,975",1,"3,059",,,"8,127,649","1,127","204,026,055","28,282",
41,OR,"Hood River County, OR",41027,Hood River County,45.511775,-121.655976,,22842,5,20743,5,5,50505,"100,718","9,967",4,"10,452","29,942","145,447",6,"8,213",,,"16,066,679",703,"423,646,387","18,547",
41,OR,"Jackson County, OR",41029,Jackson County,42.411628,-122.675685,,210916,11,144166,10,4,41110,"1,000,623","110,597",5,"101,270","297,473","1,981,159",9,"83,969",,,"70,363,682",334,"1,744,590,043","8,271",
41,OR,"Jefferson County, OR",41031,Jefferson County,44.645151,-121.178632,,22305,5,7947,3,5,50503,"94,028","10,292",4,"10,725","27,953","92,206",4,"7,577",,,"12,033,210",539,"282,061,961","12,646",
41,OR,"Josephine County, OR",41033,Josephine County,42.386981,-123.571626,,84063,8,44638,7,4,40807,"409,272","45,264",5,"41,806","121,671","498,009",6,"34,778",,,"28,330,398",337,"707,868,380","8,421",
41,OR,"Klamath County, OR",41035,Klamath County,42.683761,-121.646168,,65946,8,33738,6,5,50806,"299,297","33,050",5,"36,032","88,977","723,150",11,"27,084",,,"32,912,732",499,"761,540,541","11,548",
41,OR,"Lake County, OR",41037,Lake County,42.788401,-120.38979,,7799,3,2306,1,5,50301,"38,794","4,249",5,"4,845","11,533","5,574",1,"3,409",,,"8,841,102","1,134","213,294,055","27,349",
41,OR,"Lane County, OR",41039,Lane County,43.928329,-122.89769,,360273,12,250568,11,4,41211,"1,746,783","181,652",5,"171,970","519,297","1,871,229",5,"146,692",,,"124,500,762",346,"2,922,022,430","8,111",
41,OR,"Lincoln County, OR",41041,Lincoln County,44.641061,-123.911212,,46685,7,28229,6,4,40706,"209,337","20,850",4,"33,804","62,233","299,919",6,"20,434",,,"20,790,158",445,"472,175,583","10,114",
41,OR,"Linn County, OR",41043,Linn County,44.488898,-122.537208,,119862,9,72850,8,4,40908,"471,897","52,159",4,"53,888","140,289","1,042,588",9,"45,378",,,"59,128,769",493,"1,514,043,600","12,632",
41,OR,"Malheur County, OR",41045,Malheur County,43.188082,-117.604045,,30474,6,16918,5,5,50605,"138,916","13,963",5,"12,776","41,298","223,350",7,"10,294",,,"18,197,427",597,"453,843,843","14,893",
41,OR,"Marion County, OR",41047,Marion County,44.900898,-122.57626,,326527,12,209371,11,4,41211,"1,226,719","139,333",4,"116,933","364,688","3,157,982",10,"115,196",,,"122,421,316",375,"3,012,338,321","9,225",
41,OR,"Morrow County, OR",41049,Morrow County,45.425496,-119.602311,,11207,3,7806,3,5,50303,"47,874","5,259",4,"4,906","14,232","41,353",4,"3,848",,,"10,260,771",916,"288,433,308","25,737",
41,OR,"Multnomah County, OR",41051,Multnomah County,45.547693,-122.417173,,778193,14,868410,14,4,41414,"2,793,855","318,464",4,"309,859","830,578","9,461,779",12,"313,181",,,"284,705,189",366,"6,642,668,443","8,536",
41,OR,"Polk County, OR",41053,Polk County,44.900375,-123.398673,,78470,8,28433,6,4,40806,"309,354","34,543",4,"32,437","91,967","696,059",9,"28,725",,,"28,378,756",362,"656,508,854","8,366",
41,OR,"Sherman County, OR",41055,Sherman County,45.399216,-120.678512,,1705,1,758,1,5,50101,"9,430","1,040",6,"1,031","2,804","5,040",3,804,,,"4,886,146","2,866","139,623,935","81,891",
41,OR,"Tillamook County, OR",41057,Tillamook County,45.45589,-123.759299,,25552,6,14333,4,4,40604,"111,351","12,007",4,"20,327","33,103","50,581",2,"10,154",,,"15,419,474",603,"356,336,565","13,946",
41,OR,"Umatilla County, OR",41059,Umatilla County,45.5912,-118.73388,,76582,8,44900,7,5,50807,"299,665","32,955",4,"32,698","89,087","686,545",9,"26,669",,,"34,439,044",450,"918,800,922","11,998",
41,OR,"Union County, OR",41061,Union County,45.304081,-117.999149,,25758,6,14374,4,5,50604,"103,807","10,452",4,"12,633","30,861","283,025",11,"10,119",,,"13,854,143",538,"365,017,969","14,171",
41,OR,"Wallowa County, OR",41063,Wallowa County,45.593753,-117.18558,,6836,2,3749,1,5,50201,"34,213","3,761",5,"6,852","10,171","5,775",1,"3,039",,,"3,999,416",585,"96,090,406","14,057",
41,OR,"Wasco County, OR",41065,Wasco County,45.164536,-121.165069,,25657,6,13964,4,5,50604,"132,141","10,296",5,"12,524","39,284","101,493",4,"9,883",,,"19,986,961",779,"522,440,614","20,362",
41,OR,"Washington County, OR",41067,Washington County,45.553542,-123.097615,,564088,13,530636,13,4,41313,"2,047,350","233,285",4,"205,042","608,651","7,182,505",13,"209,309",,,"173,968,485",308,"4,008,874,344","7,107",
41,OR,"Wheeler County, OR",41069,Wheeler County,44.736415,-120.026861,,1369,1,210,1,5,50101,"7,754",777,6,"1,069","2,305","1,011",1,696,,,"1,782,049","1,302","43,209,269","31,563",
41,OR,"Yamhill County, OR",41071,Yamhill County,45.247827,-123.316399,,102217,9,58674,8,4,40908,"404,661","45,816",4,"35,972","120,300","656,512",6,"35,002",,,"30,131,534",295,"690,885,783","6,759",
42,PA,"Adams County, PA",42001,Adams County,39.869471,-77.21773,,101759,9,59980,8,5,50908,"448,721","59,594",4,"39,303","155,117","1,138,170",11,"38,263",,,"40,258,209",396,"820,681,517","8,065",
42,PA,"Allegheny County, PA",42003,Allegheny County,40.469757,-79.980451,,1230360,15,1390912,15,5,51515,"4,386,534","650,134",4,"561,021","2,490,050","43,012,347",35,"531,034",,,"449,845,396",366,"9,797,318,726","7,963",
42,PA,"Armstrong County, PA",42005,Armstrong County,40.81238,-79.464129,,67512,8,27808,6,5,50806,"288,921","34,425",4,"30,826","164,008","1,745,859",26,"28,250",,,"27,544,759",408,"562,123,994","8,326",
42,PA,"Beaver County, PA",42007,Beaver County,40.68414,-80.350721,,169205,10,95920,9,5,51009,"669,333","102,187",4,"74,439","379,952","4,119,666",24,"69,919",,,"56,243,779",332,"1,203,044,761","7,110",
42,PA,"Bedford County, PA",42009,Bedford County,39.99862,-78.494751,,48852,7,25712,6,5,50706,"229,568","31,861",5,"22,843","79,359","190,384",4,"19,757",,,"31,896,645",653,"655,311,226","13,414",
42,PA,"Berks County, PA",42011,Berks County,40.413957,-75.92686,,414097,12,313712,12,5,51212,"1,622,231","220,193",4,"156,716","560,786","4,217,417",10,"152,443",,,"174,255,511",421,"3,729,081,640","9,005",
42,PA,"Blair County, PA",42013,Blair County,40.497922,-78.310636,,125917,9,107326,9,5,50909,"450,053","67,335",4,"53,292","155,578","2,256,955",18,"50,952",,,"62,499,722",496,"1,335,241,851","10,604",
42,PA,"Bradford County, PA",42015,Bradford County,41.791495,-76.502124,,61808,8,36358,6,5,50806,"226,263","33,954",4,"28,621","78,217","841,605",14,"24,483",,,"23,959,590",388,"480,545,171","7,775",
42,PA,"Bucks County, PA",42017,Bucks County,40.336887,-75.10706,,626220,13,494982,13,4,41313,"2,729,983","397,605",4,"234,684","943,723","7,278,858",12,"233,503",,,"217,647,614",348,"4,608,511,444","7,359",
42,PA,"Butler County, PA",42019,Butler County,40.913847,-79.918978,,185974,10,165040,10,5,51010,"819,911","100,720",4,"76,211","465,429","4,605,362",25,"74,761",,,"88,874,248",478,"1,909,566,372","10,268",
42,PA,"Cambria County, PA",42021,Cambria County,40.510312,-78.710463,,137762,10,93940,9,5,51009,"492,165","72,509",4,"61,996","170,136","2,273,443",17,"57,214",,,"53,345,133",387,"1,095,911,150","7,955",
42,PA,"Cameron County, PA",42023,Cameron County,41.438288,-78.198314,,4807,1,3090,1,6,60101,"22,694","2,685",5,"4,186","12,882","115,298",24,"2,187",,,"2,387,370",497,"47,633,746","9,909",
42,PA,"Carbon County, PA",42025,Carbon County,40.918366,-75.705039,,64330,8,26866,6,5,50806,"311,235","42,581",5,"32,690","107,590","293,423",5,"25,813",,,"30,396,751",473,"646,667,460","10,052",
42,PA,"Centre County, PA",42027,Centre County,40.90916,-77.84783,,159178,10,90584,9,5,51009,"631,897","75,237",4,"61,728","358,701","1,065,822",7,"57,031",,,"72,471,331",455,"1,578,701,144","9,918",
42,PA,"Chester County, PA",42029,Chester County,39.973965,-75.749732,,512028,13,495534,13,4,41313,"2,228,174","327,986",4,"186,060","770,254","5,359,797",10,"186,656",,,"215,665,247",421,"4,543,360,721","8,873",
42,PA,"Clarion County, PA",42031,Clarion County,41.198159,-79.420369,,38939,7,22272,5,5,50705,"155,164","19,626",4,"19,045","53,639","1,037,750",27,"15,834",,,"28,120,542",722,"610,353,768","15,675",
42,PA,"Clearfield County, PA",42033,Clearfield County,41.000249,-78.473749,,81170,8,52826,7,6,60807,"275,362","40,832",3,"36,720","95,189","1,121,457",14,"31,303",,,"56,490,774",696,"1,215,596,536","14,976",
42,PA,"Clinton County, PA",42035,Clinton County,41.245301,-77.649141,,39536,7,20759,5,5,50705,"165,932","22,205",4,"18,048","94,193","251,953",6,"14,703",,,"28,821,608",729,"620,402,437","15,692",
42,PA,"Columbia County, PA",42037,Columbia County,41.045517,-76.40426,,66772,8,45374,7,5,50807,"288,112","39,396",4,"28,135","99,597","810,770",12,"26,347",,,"25,140,683",377,"535,937,376","8,026",
42,PA,"Crawford County, PA",42039,Crawford County,41.687876,-80.107795,,87027,9,55362,7,5,50907,"307,628","45,487",4,"42,195","106,343","1,692,373",19,"34,525",,,"37,669,651",433,"790,639,354","9,085",
42,PA,"Cumberland County, PA",42041,Cumberland County,40.164805,-77.263442,,243838,11,239667,11,5,51111,"1,099,533","150,891",5,"97,699","380,096","1,948,589",8,"96,483",,,"127,181,123",522,"2,769,803,190","11,359",
42,PA,"Dauphin County, PA",42043,Dauphin County,40.412565,-76.792634,,271962,11,293931,12,5,51112,"1,205,571","164,828",4,"115,873","416,752","2,749,650",10,"110,196",,,"146,415,984",538,"3,153,743,708","11,596",
42,PA,"Delaware County, PA",42045,Delaware County,39.91667,-75.398786,,562316,13,421906,12,4,41312,"2,059,551","304,528",4,"211,013","711,963","10,262,343",18,"203,580",,,"192,443,733",342,"4,155,682,113","7,390",
42,PA,"Elk County, PA",42047,Elk County,41.427334,-78.653938,,31111,6,27992,6,6,60606,"134,146","16,122",4,"16,670","76,149","974,528",31,"13,361",,,"11,263,169",362,"225,022,329","7,233",
42,PA,"Erie County, PA",42049,Erie County,42.117952,-80.096386,,279133,11,228952,11,5,51111,"845,287","127,191",3,"114,011","292,206","7,852,248",28,"110,035",,,"99,171,843",355,"2,122,462,221","7,604",
42,PA,"Fayette County, PA",42051,Fayette County,39.918907,-79.640119,,134229,10,71964,8,5,51008,"653,896","76,960",5,"59,698","371,189","2,102,339",16,"53,652",,,"41,489,204",309,"853,233,871","6,357",
42,PA,"Forest County, PA",42053,Forest County,41.513304,-79.249705,,7493,2,2051,1,5,50201,"15,373","2,179",2,"8,055","5,314","77,993",10,"1,816",,,"3,605,240",481,"72,306,704","9,650",
42,PA,"Franklin County, PA",42055,Franklin County,39.926685,-77.724497,,152707,10,99628,9,5,51009,"852,808","101,329",6,"61,010","484,103","882,245",6,"59,383",,,"42,330,497",277,"895,686,165","5,865",
42,PA,"Fulton County, PA",42057,Fulton County,39.91075,-78.122617,,14653,4,7916,3,5,50403,"88,031","10,355",6,"6,761","49,972","52,879",4,"5,987",,,"10,209,115",697,"220,745,947","15,065",
42,PA,"Greene County, PA",42059,Greene County,39.847707,-80.225655,,37669,6,22514,5,5,50605,"174,585","20,406",5,"15,656","99,105","680,249",18,"14,400",,,"22,176,934",589,"480,267,247","12,750",
42,PA,"Huntingdon County, PA",42061,Huntingdon County,40.422311,-77.968595,,45844,7,18955,5,5,50705,"188,360","26,685",4,"21,286","65,114","204,328",4,"16,971",,,"13,681,200",298,"278,564,323","6,076",
42,PA,"Indiana County, PA",42063,Indiana County,40.651432,-79.087545,,87491,9,51085,7,5,50907,"295,231","41,812",3,"36,552","102,058","1,501,592",17,"34,057",,,"34,883,471",399,"711,572,528","8,133",
42,PA,"Jefferson County, PA",42065,Jefferson County,41.138028,-79.012419,,44575,7,27623,6,5,50706,"149,237","22,006",3,"21,287","51,589","1,244,707",28,"18,358",,,"28,822,891",647,"619,989,098","13,909",
42,PA,"Juniata County, PA",42067,Juniata County,40.530673,-77.400438,,24811,5,11703,4,5,50504,"103,412","14,255",4,"10,445","35,748","77,280",3,"9,326",,,"9,874,202",398,"200,900,502","8,097",
42,PA,"Lackawanna County, PA",42069,Lackawanna County,41.440284,-75.609666,,213006,11,190869,10,5,51110,"785,258","107,435",4,"92,639","271,455","5,529,915",26,"85,155",,,"95,551,757",449,"2,080,337,896","9,767",
42,PA,"Lancaster County, PA",42071,Lancaster County,40.041992,-76.250198,,533110,13,456710,13,5,51313,"2,141,183","293,548",4,"196,125","740,182","4,038,744",8,"196,109",,,"199,261,547",374,"4,116,650,326","7,722",
42,PA,"Lawrence County, PA",42073,Lawrence County,40.992735,-80.334446,,88528,9,52758,7,5,50907,"456,521","60,048",5,"38,713","259,148","1,953,005",22,"36,298",,,"25,730,220",291,"549,359,697","6,205",
42,PA,"Lebanon County, PA",42075,Lebanon County,40.371559,-76.46487,,136950,10,88546,9,5,51009,"550,662","74,457",4,"53,403","190,357","929,655",7,"52,238",,,"277,987,322","2,030","5,879,337,090","42,931",
42,PA,"Lehigh County, PA",42077,Lehigh County,40.614241,-75.590627,,358792,12,345859,12,5,51212,"1,623,093","221,983",5,"136,453","561,085","3,163,959",9,"135,336",,,"119,175,763",332,"2,547,126,870","7,099",
42,PA,"Luzerne County, PA",42079,Luzerne County,41.172787,-75.976035,,318917,12,267271,11,5,51211,"1,257,828","163,712",4,"140,841","434,817","6,104,176",19,"127,502",,,"100,368,904",315,"2,164,136,045","6,786",
42,PA,"Lycoming County, PA",42081,Lycoming County,41.34362,-77.055225,,116313,9,90462,9,5,50909,"474,325","64,736",4,"50,046","163,969","1,574,585",14,"45,587",,,"45,203,302",389,"956,180,430","8,221",
42,PA,"McKean County, PA",42083,McKean County,41.81459,-78.572463,,42609,7,25013,5,6,60705,"135,794","19,171",3,"19,983","46,942","1,331,069",31,"17,258",,,"11,077,538",260,"223,323,618","5,241",
42,PA,"Mercer County, PA",42085,Mercer County,41.300014,-80.252786,,114598,9,89796,9,5,50909,"519,959","68,148",5,"49,057","295,159","2,599,707",23,"45,349",,,"49,612,863",433,"1,088,327,345","9,497",
42,PA,"Mifflin County, PA",42087,Mifflin County,40.601607,-77.651938,,46585,7,28322,6,5,50706,"191,234","27,681",4,"20,474","66,107","248,932",5,"18,688",,,"18,770,723",403,"380,585,115","8,170",
42,PA,"Monroe County, PA",42089,Monroe County,41.05624,-75.329065,,167126,10,94430,9,5,51009,"843,583","115,185",5,"76,693","291,617","893,011",5,"57,110",,,"83,725,280",501,"1,820,427,533","10,893",
42,PA,"Montgomery County, PA",42091,Montgomery County,40.209999,-75.370201,,815876,14,989512,15,4,41415,"3,341,098","489,164",4,"311,606","1,154,979","13,772,494",17,"309,831",,,"278,785,174",342,"5,975,303,860","7,324",
42,PA,"Montour County, PA",42093,Montour County,41.029291,-76.665195,,18404,5,26572,6,5,50506,"85,377","11,681",5,"7,651","29,514","182,572",10,"7,361",,,"13,918,181",756,"306,567,219","16,658",
42,PA,"Northampton County, PA",42095,Northampton County,40.752791,-75.307447,,300520,12,207517,11,5,51211,"1,295,655","176,805",4,"115,224","447,893","2,961,152",10,"112,798",,,"80,415,459",268,"1,706,225,456","5,678",
42,PA,"Northumberland County, PA",42097,Northumberland County,40.851524,-76.709877,,93590,9,46760,7,5,50907,"412,416","56,419",4,"42,712","142,567","1,017,895",11,"39,190",,,"26,980,132",288,"563,456,056","6,020",
42,PA,"Perry County, PA",42099,Perry County,40.39778,-77.266328,,45647,7,12468,4,5,50704,"217,283","29,769",5,"19,475","75,112","145,340",3,"17,883",,,"19,057,286",417,"388,393,176","8,509",
42,PA,"Philadelphia County, PA",42101,Philadelphia County,40.009376,-75.133346,Y,1559938,16,1243668,15,4,41615,"4,271,528","631,594",3,"638,000","1,476,617","33,972,181",22,"582,511",,,"226,141,177",145,"4,856,695,293","3,113",
42,PA,"Pike County, PA",42103,Pike County,41.325949,-75.031514,,56210,7,16892,5,5,50705,"290,612","39,827",5,"36,605","100,461","461,005",8,"21,135",,,"17,873,011",318,"385,854,619","6,865",
42,PA,"Potter County, PA",42105,Potter County,41.748587,-77.894436,,17239,5,8554,3,6,60503,"61,873","7,883",4,"12,199","21,389","366,924",21,"6,623",,,"7,707,097",447,"153,768,477","8,920",
42,PA,"Schuylkill County, PA",42107,Schuylkill County,40.703682,-76.217788,,145503,10,82252,8,5,51008,"602,896","82,448",4,"65,551","208,414","628,919",4,"58,335",,,"53,117,435",365,"1,132,663,333","7,784",
42,PA,"Snyder County, PA",42109,Snyder County,40.755407,-77.072929,,40246,7,29050,6,5,50706,"169,294","23,162",4,"15,344","58,523","216,895",5,"14,527",,,"17,051,262",424,"350,070,011","8,698",
42,PA,"Somerset County, PA",42111,Somerset County,39.981297,-79.028486,,76201,8,36532,6,5,50806,"307,509","44,549",4,"36,080","106,302","620,106",8,"29,629",,,"36,298,486",476,"793,267,306","10,410",
42,PA,"Sullivan County, PA",42113,Sullivan County,41.439285,-76.511717,,6302,2,2273,1,5,50201,"25,362","3,778",4,"5,986","8,767","32,733",5,"2,647",,,"3,487,678",553,"70,657,340","11,212",
42,PA,"Susquehanna County, PA",42115,Susquehanna County,41.819665,-75.800969,,41832,7,13993,4,6,60704,"184,685","27,218",4,"21,866","63,843","286,324",7,"17,364",,,"27,633,947",661,"600,264,994","14,349",
42,PA,"Tioga County, PA",42117,Tioga County,41.766859,-77.257288,,42031,7,21238,5,6,60705,"139,440","20,707",3,"20,388","48,203","816,630",19,"16,340",,,"19,196,132",457,"383,839,307","9,132",
42,PA,"Union County, PA",42119,Union County,40.962179,-77.055475,,45178,7,30273,6,5,50706,"177,935","24,133",4,"16,246","61,510","205,183",5,"14,649",,,"15,771,033",349,"333,110,323","7,373",
42,PA,"Venango County, PA",42121,Venango County,41.40198,-79.754418,,53460,7,31127,6,5,50706,"184,554","27,329",3,"25,953","63,798","1,348,894",25,"21,962",,,"22,151,329",414,"470,858,261","8,808",
42,PA,"Warren County, PA",42123,Warren County,41.843669,-79.313173,,40649,7,28012,6,5,50706,"132,992","20,011",3,"22,204","45,974","1,037,473",26,"16,903",,,"14,126,445",348,"284,640,515","7,002",
42,PA,"Washington County, PA",42125,Washington County,40.200005,-80.252132,,208269,11,164880,10,5,51110,"935,043","109,718",4,"89,262","530,784","4,806,124",23,"83,727",,,"87,425,582",420,"1,899,796,965","9,122",
42,PA,"Wayne County, PA",42127,Wayne County,41.647007,-75.293193,,51307,7,24836,5,6,60705,"225,188","30,870",4,"30,301","77,845","399,774",8,"19,173",,,"15,424,228",301,"319,982,400","6,237",
42,PA,"Westmoreland County, PA",42129,Westmoreland County,40.311068,-79.466688,,359377,12,251531,11,5,51211,"1,607,492","190,922",4,"159,922","912,505","8,393,929",23,"150,688",,,"119,216,441",332,"2,531,076,999","7,043",
42,PA,"Wyoming County, PA",42131,Wyoming County,41.525173,-76.008731,,27975,6,18712,5,5,50605,"120,772","17,192",4,"12,668","41,750","190,308",7,"10,801",,,"9,433,886",337,"190,761,081","6,819",
42,PA,"York County, PA",42133,York County,39.921751,-76.728889,,440604,13,329264,12,4,41312,"1,778,290","240,145",4,"171,703","614,734","6,939,034",16,"167,973",,,"120,513,214",274,"2,564,414,699","5,820",
44,RI,"Bristol County, RI",44001,Bristol County,41.701614,-71.289286,,49228,7,29039,6,5,50706,"143,734","26,779",3,"19,718","36,752","834,694",17,"19,299",,,"8,755,330",178,"198,291,590","4,028",
44,RI,"Kent County, RI",44003,Kent County,41.668949,-71.577634,,164886,10,141169,10,5,51010,"519,862","96,853",3,"69,807","132,927","2,603,104",16,"68,659",,,"71,939,773",436,"1,641,800,589","9,957",
44,RI,"Newport County, RI",44005,Newport County,41.502504,-71.283689,,82714,8,62690,8,5,50808,"256,811","47,845",3,"39,725","65,666","908,297",11,"35,268",,,"24,575,039",297,"557,114,305","6,735",
44,RI,"Providence County, RI",44007,Providence County,41.869765,-71.578626,,631344,13,539346,13,5,51313,"1,550,167","288,778",2,"250,002","396,374","11,708,333",19,"237,430",,,"191,230,196",303,"4,305,871,523","6,820",
44,RI,"Washington County, RI",44009,Washington County,41.400981,-71.617598,,126319,9,87062,9,5,50909,"412,876","77,224",3,"59,255","105,571","1,278,377",10,"49,553",,,"57,156,661",452,"1,297,901,993","10,275",
45,SC,"Abbeville County, SC",45001,Abbeville County,34.213809,-82.46046,,24951,5,9482,3,3,30503,"155,404","17,512",6,"12,123","57,106","143,446",6,"9,499",,,"10,630,045",426,"209,655,723","8,403",
45,SC,"Aiken County, SC",45003,Aiken County,33.550013,-81.632983,,165146,10,100614,9,3,31009,"894,951","129,797",5,"74,772","328,867","1,039,160",6,"64,455",,,"91,531,803",554,"1,896,343,665","11,483",
45,SC,"Allendale County, SC",45005,Allendale County,32.979784,-81.363421,,9589,3,3320,1,3,30301,"48,611","7,046",5,"4,480","17,863","44,430",5,"3,357",,,"6,669,364",696,"129,254,249","13,479",
45,SC,"Anderson County, SC",45007,Anderson County,34.521235,-82.638603,,192709,11,115136,9,3,31109,"1,068,429","118,891",6,"86,451","392,615","1,280,498",7,"74,810",,,"107,150,524",556,"2,257,159,354","11,713",
45,SC,"Bamberg County, SC",45009,Bamberg County,33.203021,-81.053161,,15057,4,6082,2,3,30402,"85,638","12,394",6,"7,693","31,469","57,951",4,"5,732",,,"8,088,216",537,"158,624,741","10,535",
45,SC,"Barnwell County, SC",45011,Barnwell County,33.260552,-81.434228,,21917,5,8237,3,3,30503,"124,019","18,035",6,"10,480","45,573","92,086",4,"8,206",,,"12,035,580",549,"235,829,516","10,760",
45,SC,"Beaufort County, SC",45013,Beaufort County,32.358147,-80.68932,,175316,10,109402,9,3,31009,"917,331","124,670",5,"95,489","337,091","471,475",3,"67,345",,,"73,684,000",420,"1,464,421,373","8,353",
45,SC,"Berkeley County, SC",45015,Berkeley County,33.2077,-79.953655,,199081,11,93057,9,3,31109,"1,018,565","140,879",5,"78,528","374,291","517,031",3,"70,477",,,"87,640,554",440,"1,815,042,721","9,117",
45,SC,"Calhoun County, SC",45017,Calhoun County,33.67478,-80.780347,,14886,4,7284,2,3,30402,"89,688","12,968",6,"7,371","32,958","53,117",4,"6,102",,,"24,397,929","1,639","535,148,919","35,950",
45,SC,"Charleston County, SC",45019,Charleston County,32.800458,-79.94248,,380673,12,403546,12,3,31212,"2,023,437","293,068",5,"179,783","743,550","1,605,659",4,"150,884",,,"216,810,098",570,"4,298,502,291","11,292",
45,SC,"Cherokee County, SC",45021,Cherokee County,35.049796,-81.607647,,56274,7,34537,6,3,30706,"324,441","36,205",6,"24,231","119,222","275,057",5,"20,353",,,"39,262,536",698,"858,238,789","15,251",
45,SC,"Chester County, SC",45023,Chester County,34.689345,-81.161249,,32435,6,13959,4,3,30604,"183,523","20,851",6,"14,726","67,439","451,145",14,"12,265",,,"28,432,419",877,"611,829,042","18,863",
45,SC,"Chesterfield County, SC",45025,Chesterfield County,34.637018,-80.159227,,46083,7,26421,6,3,30706,"271,332","28,913",6,"21,472","99,706","163,361",4,"18,167",,,"24,309,550",528,"481,214,372","10,442",
45,SC,"Clarendon County, SC",45027,Clarendon County,33.664682,-80.217889,,34056,6,11077,3,3,30603,"212,423","24,196",6,"17,546","78,059","65,966",2,"13,282",,,"31,582,697",927,"681,906,870","20,023",
45,SC,"Colleton County, SC",45029,Colleton County,32.835018,-80.655244,,37884,6,15541,4,3,30604,"227,225","32,932",6,"19,908","83,498","147,600",4,"14,865",,,"41,115,929","1,085","876,301,182","23,131",
45,SC,"Darlington County, SC",45031,Darlington County,34.332185,-79.962115,,67689,8,33158,6,3,30806,"415,495","43,767",6,"30,556","152,682","225,574",3,"26,407",,,"36,722,837",543,"750,020,629","11,080",
45,SC,"Dillon County, SC",45033,Dillon County,34.390172,-79.374964,,31273,6,14403,4,3,30604,"180,004","18,899",6,"13,703","66,146","90,797",3,"11,133",,,"28,492,780",911,"616,446,635","19,712",
45,SC,"Dorchester County, SC",45035,Dorchester County,33.082186,-80.404697,,148517,10,53364,7,3,31007,"715,210","103,773",5,"58,235","262,817","482,102",3,"53,002",,,"64,588,417",435,"1,367,480,459","9,208",
45,SC,"Edgefield County, SC",45037,Edgefield County,33.776498,-81.968245,,26388,6,9824,3,3,30603,"134,168","19,426",5,"10,721","49,303","91,008",3,"9,084",,,"10,601,733",402,"209,861,195","7,953",
45,SC,"Fairfield County, SC",45039,Fairfield County,34.395669,-81.127001,,23025,5,10915,3,3,30503,"127,849","18,093",6,"11,768","46,981","109,239",5,"8,878",,,"25,358,438","1,101","550,311,564","23,901",
45,SC,"Florence County, SC",45041,Florence County,34.028535,-79.710233,,138575,10,113990,9,3,31009,"802,514","84,472",6,"59,623","294,899","506,318",4,"51,744",,,"85,367,092",616,"1,752,351,270","12,646",
45,SC,"Georgetown County, SC",45043,Georgetown County,33.417531,-79.296333,,60804,8,38926,7,3,30807,"401,245","50,670",7,"35,898","147,445","220,016",4,"24,379",,,"38,008,957",625,"746,375,872","12,275",
45,SC,"Greenville County, SC",45045,Greenville County,34.892645,-82.372077,,482191,13,449849,13,3,31313,"2,416,485","269,644",5,"203,377","887,983","3,714,249",8,"182,451",,,"223,980,006",465,"4,572,858,804","9,484",
45,SC,"Greenwood County, SC",45047,Greenwood County,34.155796,-82.127876,,69881,8,44937,7,3,30807,"401,540","44,987",6,"31,401","147,553","612,721",9,"26,806",,,"29,732,556",425,"583,168,209","8,345",
45,SC,"Hampton County, SC",45049,Hampton County,32.778335,-81.143817,,20296,5,6370,2,3,30502,"110,656","15,785",5,"9,111","40,663","81,335",4,"7,287",,,"14,993,135",739,"307,586,946","15,155",
45,SC,"Horry County, SC",45051,Horry County,33.909269,-78.976675,,300418,12,215830,11,3,31211,"1,642,632","206,634",5,"224,176","603,616","434,112",1,"122,123",,,"152,540,374",508,"3,040,763,130","10,122",
45,SC,"Jasper County, SC",45053,Jasper County,32.43059,-81.021627,,27186,6,14590,4,3,30604,"126,661","18,068",5,"11,023","46,544","42,740",2,"9,298",,,"50,419,292","1,855","1,053,001,009","38,733",
45,SC,"Kershaw County, SC",45055,Kershaw County,34.338356,-80.590885,,63090,8,29961,6,3,30806,"405,709","45,873",6,"29,162","149,086","346,271",5,"24,098",,,"39,867,530",632,"846,349,518","13,415",
45,SC,"Lancaster County, SC",45057,Lancaster County,34.686818,-80.703688,,83704,8,38858,7,3,30807,"402,658","44,740",5,"34,435","147,964","748,498",9,"30,270",,,"34,826,783",416,"697,137,620","8,329",
45,SC,"Laurens County, SC",45059,Laurens County,34.483678,-82.005489,,66442,8,33088,6,3,30806,"379,612","42,472",6,"30,887","139,496","554,738",8,"25,465",,,"45,173,056",680,"949,457,928","14,290",
45,SC,"Lee County, SC",45061,Lee County,34.15864,-80.251209,,18189,5,3231,1,3,30501,"104,070","11,097",6,"7,753","38,242","48,612",3,"6,400",,,"19,184,719","1,055","412,942,909","22,703",
45,SC,"Lexington County, SC",45063,Lexington County,33.892589,-81.272831,,277702,11,198276,11,3,31111,"1,512,277","218,018",5,"119,719","555,715","1,284,729",5,"107,519",,,"149,051,253",537,"3,109,806,285","11,198",
45,SC,"McCormick County, SC",45065,McCormick County,33.897605,-82.316192,,9806,3,1785,1,3,30301,"54,548","7,471",6,"5,517","20,045","24,027",2,"3,980",,,"5,762,539",588,"114,495,888","11,676",
45,SC,"Marion County, SC",45067,Marion County,34.08362,-79.354001,,31975,6,10113,3,3,30603,"188,866","20,445",6,"14,929","69,402","111,934",4,"12,086",,,"22,761,028",712,"446,125,216","13,952",
45,SC,"Marlboro County, SC",45069,Marlboro County,34.601805,-79.677942,,27702,6,9832,3,3,30603,"142,996","14,732",5,"12,059","52,547","116,799",4,"9,736",,,"16,940,223",612,"335,406,606","12,108",
45,SC,"Newberry County, SC",45071,Newberry County,34.28973,-81.600053,,37750,6,23952,5,3,30605,"212,969","25,980",6,"18,143","78,260","231,364",6,"14,504",,,"36,698,232",972,"793,693,131","21,025",
45,SC,"Oconee County, SC",45073,Oconee County,34.748771,-83.061543,,75375,8,39474,7,3,30807,"479,323","54,484",6,"39,494","176,136","385,125",5,"30,867",,,"33,853,201",449,"683,441,075","9,067",
45,SC,"Orangeburg County, SC",45075,Orangeburg County,33.436135,-80.802913,,89731,9,50476,7,3,30907,"489,233","67,576",5,"43,389","179,778","375,641",4,"33,359",,,"79,545,322",886,"1,682,747,158","18,753",
45,SC,"Pickens County, SC",45077,Pickens County,34.88538,-82.723376,,120722,9,55570,7,3,30907,"676,397","76,826",6,"52,557","248,555","1,407,659",12,"45,621",,,"45,297,186",375,"901,113,399","7,464",
45,SC,"Richland County, SC",45079,Richland County,34.029095,-80.898037,,401743,12,322989,12,3,31212,"1,954,162","283,425",5,"168,798","718,094","2,483,899",6,"147,327",,,"216,281,705",538,"4,439,925,930","11,052",
45,SC,"Saluda County, SC",45081,Saluda County,34.005278,-81.727903,,20113,5,7614,3,3,30503,"104,772","14,481",5,"9,360","38,501","51,331",3,"7,106",,,"11,498,782",572,"225,815,320","11,227",
45,SC,"Spartanburg County, SC",45083,Spartanburg County,34.93329,-81.99106,,294229,12,253880,11,3,31211,"1,567,354","174,613",5,"125,761","575,954","1,732,359",6,"111,443",,,"174,239,820",592,"3,675,248,131","12,491",
45,SC,"Sumter County, SC",45085,Sumter County,33.916253,-80.382288,,107682,9,65236,8,3,30908,"648,962","67,670",6,"47,325","238,473","355,118",3,"40,797",,,"51,318,317",477,"1,039,430,387","9,653",
45,SC,"Union County, SC",45087,Union County,34.690397,-81.615896,,27928,6,14017,4,3,30604,"177,921","20,346",6,"14,149","65,381","196,838",7,"11,593",,,"13,791,845",494,"275,380,798","9,860",
45,SC,"Williamsburg County, SC",45089,Williamsburg County,33.626463,-79.716475,,32816,6,13595,4,3,30604,"198,234","21,593",6,"15,340","72,845","70,442",2,"12,035",,,"18,981,557",578,"370,285,647","11,284",
45,SC,"York County, SC",45091,York County,34.970188,-81.183187,,245606,11,153682,10,3,31110,"1,353,872","150,773",6,"100,541","497,506","2,218,662",9,"92,298",,,"118,316,043",482,"2,438,738,529","9,929",
46,SD,"Aurora County, SD",46003,Aurora County,43.724719,-98.577587,,2732,1,1165,1,6,60101,"16,256","1,730",6,"1,438","9,198","13,743",5,"1,143",,,"6,490,473","2,376","159,233,609","58,285",
46,SD,"Beadle County, SD",46005,Beadle County,44.418265,-98.279422,,18155,5,14137,4,6,60504,"83,124","8,877",5,"9,074","47,034","305,633",17,"7,512",,,"6,381,145",351,"122,283,317","6,736",
46,SD,"Bennett County, SD",46007,Bennett County,43.186912,-101.677181,,3445,1,1054,1,5,50101,"12,431","1,392",4,"1,257","7,034","8,645",3,975,,,"1,285,855",373,"26,147,241","7,590",
46,SD,"Bon Homme County, SD",46009,Bon Homme County,42.985799,-97.884199,,7001,2,2168,1,5,50201,"31,905","3,398",5,"3,188","18,052","48,785",7,"2,507",,,"2,548,471",364,"50,452,413","7,206",
46,SD,"Brookings County, SD",46011,Brookings County,44.376675,-96.797797,,33435,6,28004,6,6,60606,"186,525","20,009",6,"18,546","105,540","431,583",13,"12,361",,,"13,625,912",408,"285,689,251","8,545",
46,SD,"Brown County, SD",46013,Brown County,45.589254,-98.352175,,38430,7,37310,6,6,60706,"187,087","19,421",5,"18,934","105,858","557,334",15,"16,122",,,"14,444,219",376,"277,048,593","7,209",
46,SD,"Brule County, SD",46015,Brule County,43.72988,-99.092941,,5312,2,3310,1,6,60201,"26,601","2,890",5,"2,677","15,052","16,105",3,"2,069",,,"7,041,606","1,326","166,810,903","31,403",
46,SD,"Buffalo County, SD",46017,Buffalo County,44.044306,-99.203998,,2052,1,220,1,6,60101,"9,947","1,214",5,626,"5,628","3,048",1,496,,,"711,289",347,"14,262,964","6,951",
46,SD,"Butte County, SD",46019,Butte County,44.896226,-103.501436,,10268,3,4325,1,6,60301,"40,642","5,483",4,"4,967","22,996","159,643",16,"4,181",,,"4,380,735",427,"90,084,531","8,773",
46,SD,"Campbell County, SD",46021,Campbell County,45.785575,-100.002107,,1553,1,544,1,6,60101,"7,484",877,5,"1,080","4,234","6,347",4,682,,,"786,589",506,"15,862,617","10,214",
46,SD,"Charles Mix County, SD",46023,Charles Mix County,43.206185,-98.595143,,9277,3,4682,1,5,50301,"41,747","4,462",5,"4,189","23,621","24,528",3,"3,218",,,"2,907,616",313,"57,293,326","6,176",
46,SD,"Clark County, SD",46025,Clark County,44.855211,-97.724912,,3639,1,1349,1,6,60101,"17,673","1,888",5,"1,938","10,000","52,021",14,"1,501",,,"1,965,066",540,"39,954,540","10,980",
46,SD,"Clay County, SD",46027,Clay County,42.91615,-96.980468,,14029,4,6931,2,5,50402,"65,190","7,003",5,"6,270","36,886","290,704",21,"5,313",,,"5,042,645",359,"99,973,832","7,126",
46,SD,"Codington County, SD",46029,Codington County,44.966285,-97.198837,,27886,6,28333,6,6,60606,"146,774","14,146",5,"13,783","83,048","411,487",15,"11,857",,,"12,982,685",466,"265,897,887","9,535",
46,SD,"Corson County, SD",46031,Corson County,45.685671,-101.179665,,4170,1,296,1,6,60101,"12,273","1,676",3,"1,647","6,944","4,377",1,"1,230",,,"1,816,304",436,"36,749,945","8,813",
46,SD,"Custer County, SD",46033,Custer County,43.684943,-103.46225,,8447,3,2603,1,6,60301,"43,739","5,934",5,"5,220","27,314","43,703",5,"3,852",,,"5,543,170",656,"117,572,733","13,919",
46,SD,"Davison County, SD",46035,Davison County,43.680439,-98.155868,,19824,5,22857,5,6,60505,"97,567","10,332",5,"9,891","55,205","459,711",23,"8,625",,,"10,234,959",516,"221,781,278","11,188",
46,SD,"Day County, SD",46037,Day County,45.355034,-97.58143,,5588,2,2931,1,6,60201,"33,700","3,524",6,"3,978","19,068","60,263",11,"2,562",,,"5,181,925",927,"101,138,032","18,099",
46,SD,"Deuel County, SD",46039,Deuel County,44.75629,-96.690239,,4309,1,2140,1,6,60101,"23,548","2,443",5,"2,389","13,324","48,633",11,"1,824",,,"4,781,984","1,110","108,618,379","25,207",
46,SD,"Dewey County, SD",46041,Dewey County,45.148049,-100.837953,,5652,2,1123,1,6,60201,"17,276","2,162",3,"2,178","9,775","10,256",2,"1,651",,,"1,809,456",320,"37,493,203","6,634",
46,SD,"Douglas County, SD",46043,Douglas County,43.391506,-98.358433,,2961,1,1629,1,5,50101,"16,978","1,786",6,"1,557","9,606","21,549",7,"1,278",,,"1,471,407",497,"29,509,089","9,966",
46,SD,"Edmunds County, SD",46045,Edmunds County,45.41168,-99.205362,,4000,1,1693,1,6,60101,"24,651","2,584",6,"2,123","13,948","50,958",13,"1,593",,,"2,785,594",696,"55,407,576","13,852",
46,SD,"Fall River County, SD",46047,Fall River County,43.221619,-103.512609,,6874,2,3508,1,6,60201,"36,535","4,954",5,"4,430","22,816","30,767",4,"3,082",,,"4,040,691",588,"83,109,379","12,090",
46,SD,"Faulk County, SD",46049,Faulk County,45.065476,-99.153564,,2354,1,680,1,6,60101,"13,484","1,440",6,"1,302","7,630","11,790",5,974,,,"1,370,443",582,"27,775,342","11,799",
46,SD,"Grant County, SD",46051,Grant County,45.172637,-96.772261,,7195,2,6508,2,6,60202,"42,218","4,282",6,"3,836","23,888","120,018",17,"3,224",,,"4,181,822",581,"89,285,932","12,409",
46,SD,"Gregory County, SD",46053,Gregory County,43.179098,-99.202153,,4217,1,2203,1,5,50101,"25,507","2,486",6,"2,715","14,432","12,861",3,"1,917",,,"1,862,939",442,"37,255,102","8,835",
46,SD,"Haakon County, SD",46055,Haakon County,44.282885,-101.59546,,2073,1,1039,1,6,60101,"10,288","1,392",5,"1,130","5,821","4,785",2,869,,,"1,055,046",509,"23,024,067","11,107",
46,SD,"Hamlin County, SD",46057,Hamlin County,44.680619,-97.178598,,5995,2,2353,1,6,60201,"30,159","3,104",5,"3,037","17,064","82,114",14,"2,209",,,"2,976,332",496,"64,779,152","10,806",
46,SD,"Hand County, SD",46059,Hand County,44.546713,-99.004575,,3311,1,2097,1,6,60101,"19,186","2,078",6,"1,968","10,856","18,699",6,"1,468",,,"1,714,005",518,"34,876,992","10,534",
46,SD,"Hanson County, SD",46061,Hanson County,43.680612,-97.796845,,3390,1,698,1,6,60101,"15,649","1,784",5,"1,282","8,854","27,781",8,"1,060",,,"6,866,661","2,026","168,626,228","49,742",
46,SD,"Harding County, SD",46063,Harding County,45.596612,-103.473867,,1277,1,649,1,6,60101,"4,601",506,4,734,"2,603","7,007",5,495,,,"1,440,367","1,128","31,481,170","24,652",
46,SD,"Hughes County, SD",46065,Hughes County,44.384452,-99.975684,,17518,5,14029,4,6,60504,"84,826","9,167",5,"8,488","47,996","216,116",12,"7,260",,,"5,067,408",289,"96,030,472","5,482",
46,SD,"Hutchinson County, SD",46067,Hutchinson County,43.33671,-97.749383,,7264,2,4429,1,5,50201,"38,223","4,184",5,"3,631","21,628","106,519",15,"2,875",,,"3,048,555",420,"60,938,024","8,389",
46,SD,"Hyde County, SD",46069,Hyde County,44.537301,-99.492148,,1440,1,644,1,6,60101,"7,479",819,5,757,"4,232","6,746",5,578,,,"939,214",652,"20,132,390","13,981",
46,SD,"Jackson County, SD",46071,Jackson County,43.677506,-101.626323,,3268,1,422,1,5,50101,"12,297","1,538",4,"1,399","6,958","12,058",4,994,,,"8,865,894","2,713","230,039,143","70,391",
46,SD,"Jerauld County, SD",46073,Jerauld County,44.06341,-98.62317,,2029,1,1593,1,6,60101,"11,694","1,245",6,"1,142","6,617","10,237",5,868,,,"964,356",475,"19,369,158","9,546",
46,SD,"Jones County, SD",46075,Jones County,43.95199,-100.686139,,767,1,457,1,6,60101,"4,664",631,6,564,"2,639", -   , -   ,419,,,"5,482,854","7,148","143,543,827","187,150",
46,SD,"Kingsbury County, SD",46077,Kingsbury County,44.362969,-97.499313,,5070,2,2618,1,6,60201,"30,300","3,341",6,"2,960","17,145","81,442",16,"2,331",,,"2,689,453",530,"53,264,993","10,506",
46,SD,"Lake County, SD",46079,Lake County,44.02845,-97.123223,,12331,4,7247,2,6,60402,"76,357","8,366",6,"6,123","43,204","201,572",16,"4,696",,,"3,096,699",251,"61,481,009","4,986",
46,SD,"Lawrence County, SD",46081,Lawrence County,44.348583,-103.805817,,24859,5,19266,5,6,60505,"102,305","14,166",4,"13,968","63,889","412,711",17,"10,746",,,"14,273,110",574,"304,686,366","12,257",
46,SD,"Lincoln County, SD",46083,Lincoln County,43.27942,-96.722286,,51396,7,31621,6,6,60706,"217,655","25,442",4,"20,675","123,154","1,240,844",24,"18,230",,,"25,177,484",490,"555,569,855","10,810",
46,SD,"Lyman County, SD",46085,Lyman County,43.894812,-99.841925,,3855,1,1165,1,6,60101,"17,580","2,042",5,"1,875","9,947","10,754",3,"1,380",,,"10,949,486","2,840","270,827,962","70,254",
46,SD,"McCook County, SD",46087,McCook County,43.678924,-97.362036,,5616,2,2080,1,6,60201,"28,950","3,376",5,"2,715","16,380","95,927",17,"2,210",,,"8,700,479","1,549","211,992,507","37,748",
46,SD,"McPherson County, SD",46089,McPherson County,45.784249,-99.211421,,2252,1,666,1,6,60101,"11,177","1,277",5,"1,526","6,324","15,333",7,"1,004",,,"1,163,472",517,"23,134,808","10,273",
46,SD,"Marshall County, SD",46091,Marshall County,45.737044,-97.58087,,4743,1,2315,1,6,60101,"23,343","2,502",5,"2,778","13,208","17,264",4,"1,737",,,"1,704,015",359,"33,773,489","7,121",
46,SD,"Meade County, SD",46093,Meade County,44.605282,-102.714169,,26840,6,10847,3,6,60603,"106,951","14,554",4,"12,208","60,515","398,951",15,"10,651",,,"14,774,911",550,"341,984,006","12,742",
46,SD,"Mellette County, SD",46095,Mellette County,43.58469,-100.760955,,2083,1,198,1,5,50101,"9,213","1,048",4,938,"5,213","8,191",4,709,,,"1,040,477",500,"21,201,998","10,179",
46,SD,"Miner County, SD",46097,Miner County,44.021541,-97.608122,,2299,1,921,1,6,60101,"13,473","1,595",6,"1,366","7,623","28,610",12,974,,,"1,299,748",565,"26,625,775","11,581",
46,SD,"Minnehaha County, SD",46099,Minnehaha County,43.667472,-96.795726,,182014,10,242822,11,6,61011,"683,514","80,489",4,"79,826","386,747","4,206,645",23,"71,567",,,"74,055,821",407,"1,552,565,398","8,530",
46,SD,"Moody County, SD",46101,Moody County,44.012429,-96.676054,,6445,2,3263,1,6,60201,"41,137","4,526",6,"3,063","23,277","69,638",11,"2,661",,,"9,116,357","1,414","218,577,081","33,914",
46,SD,"Oglala Lakota County, SD",46102,Oglala Lakota County,43.33363,-102.561699,,14263,4,0,1,6,60401,"38,339","4,358",3,"3,884","21,693","19,732",1,"2,932",,,"4,019,156",282,"76,933,251","5,394",
46,SD,"Pennington County, SD",46103,Pennington County,44.002349,-102.823801,,107298,9,99180,9,6,60909,"388,259","53,539",4,"49,144","219,686","1,740,843",16,"42,225",,,"55,396,523",516,"1,168,814,538","10,893",
46,SD,"Perkins County, SD",46105,Perkins County,45.483387,-102.467995,,3019,1,1398,1,6,60101,"12,476","1,406",4,"1,940","7,059","16,131",5,"1,293",,,"1,348,521",447,"28,083,276","9,302",
46,SD,"Potter County, SD",46107,Potter County,45.052713,-99.962003,,2306,1,1259,1,6,60101,"11,202","1,334",5,"1,687","6,339","30,892",13,"1,033",,,"1,365,767",592,"27,375,891","11,872",
46,SD,"Roberts County, SD",46109,Roberts County,45.623397,-96.947551,,10294,3,4202,1,6,60301,"53,700","5,576",5,"5,365","30,385","33,262",3,"3,704",,,"8,872,377",862,"199,069,300","19,338",
46,SD,"Sanborn County, SD",46111,Sanborn County,44.021032,-98.092105,,2349,1,662,1,6,60101,"15,426","1,759",7,"1,348","8,729","11,052",5,"1,072",,,"2,664,203","1,134","55,008,431","23,418",
46,SD,"Spink County, SD",46115,Spink County,44.923772,-98.339615,,6539,2,2808,1,6,60201,"33,962","3,549",5,"3,436","19,216","78,266",12,"2,634",,,"3,582,464",548,"72,242,727","11,048",
46,SD,"Stanley County, SD",46117,Stanley County,44.415547,-100.749163,,2964,1,2015,1,6,60101,"14,520","1,892",5,"1,628","8,216","49,043",17,"1,299",,,"2,527,454",853,"52,136,113","17,590",
46,SD,"Sully County, SD",46119,Sully County,44.722325,-100.131399,,1456,1,662,1,6,60101,"7,564",830,5,879,"4,280","12,078",8,592,,,"918,682",631,"18,688,354","12,835",
46,SD,"Todd County, SD",46121,Todd County,43.208794,-100.707664,,10019,3,1676,1,5,50301,"36,659","4,060",4,"3,428","20,742","38,114",4,"2,746",,,"3,436,443",343,"66,040,568","6,592",
46,SD,"Tripp County, SD",46123,Tripp County,43.349729,-99.876219,,5475,2,3096,1,5,50201,"32,242","3,395",6,"3,332","18,243","17,783",3,"2,556",,,"2,290,978",418,"45,532,405","8,316",
46,SD,"Turner County, SD",46125,Turner County,43.30867,-97.150185,,8289,3,2879,1,6,60301,"46,048","5,289",6,"4,291","26,055","118,355",14,"3,470",,,"2,839,761",343,"57,582,204","6,947",
46,SD,"Union County, SD",46127,Union County,42.831106,-96.650829,,14842,4,18220,5,5,50405,"87,753","8,739",6,"7,240","49,653","387,716",26,"6,037",,,"15,897,870","1,071","383,289,407","25,825",
46,SD,"Walworth County, SD",46129,Walworth County,45.427605,-100.027856,,5538,2,3831,1,6,60201,"22,112","2,686",4,"3,262","12,511","75,359",14,"2,330",,,"1,983,360",358,"39,849,824","7,196",
46,SD,"Yankton County, SD",46135,Yankton County,43.006607,-97.388339,,22649,5,22186,5,5,50505,"89,714","9,411",4,"10,603","50,762","534,598",24,"9,035",,,"7,511,052",332,"145,168,461","6,409",
46,SD,"Ziebach County, SD",46137,Ziebach County,44.989764,-101.660827,,2818,1,573,1,6,60101,"9,281","1,198",3,"1,082","5,252","2,375",1,792,,,"1,028,184",365,"21,538,366","7,643",
47,TN,"Anderson County, TN",47001,Anderson County,36.116731,-84.195418,,75545,8,78879,8,4,40808,"431,013","46,350",6,"30,312","233,166","773,628",10,"30,660",,,"37,649,540",498,"959,921,556","12,707",
47,TN,"Bedford County, TN",47003,Bedford County,35.51366,-86.458294,,46331,7,28565,6,4,40706,"282,183","30,015",6,"17,661","152,653","95,373",2,"17,053",,,"17,236,561",372,"403,595,412","8,711",
47,TN,"Benton County, TN",47005,Benton County,36.069253,-88.071212,,16173,4,6994,2,4,40402,"94,404","10,573",6,"8,517","51,070","78,622",5,"6,786",,,"9,651,697",597,"266,238,090","16,462",
47,TN,"Bledsoe County, TN",47007,Bledsoe County,35.593668,-85.205979,,14073,4,812,1,4,40401,"72,272","7,778",5,"5,396","39,097","24,518",2,"4,635",,,"4,615,849",328,"105,440,341","7,492",
47,TN,"Blount County, TN",47009,Blount County,35.688185,-83.922973,,126192,9,89959,9,4,40909,"758,854","77,600",6,"49,655","410,518","371,144",3,"49,379",,,"46,227,401",366,"1,104,639,936","8,754",
47,TN,"Bradley County, TN",47011,Bradley County,35.153914,-84.859414,,102860,9,78348,8,4,40908,"646,738","69,053",6,"42,894","349,866","432,982",4,"39,178",,,"43,696,180",425,"1,150,171,728","11,182",
47,TN,"Campbell County, TN",47013,Campbell County,36.401592,-84.159249,,40008,7,15233,4,4,40704,"218,082","24,335",5,"21,049","117,976","196,455",5,"15,902",,,"24,426,566",611,"718,620,936","17,962",
47,TN,"Cannon County, TN",47015,Cannon County,35.808394,-86.062404,,13855,4,3004,1,4,40401,"90,432","8,998",7,"5,757","48,921","44,039",3,"5,392",,,"4,966,220",358,"116,488,389","8,408",
47,TN,"Carroll County, TN",47017,Carroll County,35.965918,-88.452298,,28417,6,11601,4,4,40604,"166,403","17,173",6,"11,917","90,019","194,967",7,"11,363",,,"12,710,061",447,"294,166,400","10,352",
47,TN,"Carter County, TN",47019,Carter County,36.284744,-82.126593,,56707,7,17252,5,4,40705,"319,795","33,440",6,"23,665","173,000","105,598",2,"23,772",,,"18,210,318",321,"425,292,226","7,500",
47,TN,"Cheatham County, TN",47021,Cheatham County,36.255169,-87.100808,,39575,7,12477,4,4,40704,"248,422","27,551",6,"15,017","134,389","140,385",4,"14,543",,,"20,360,285",514,"532,816,668","13,463",
47,TN,"Chester County, TN",47023,Chester County,35.420253,-88.611353,,17355,5,5557,2,3,30502,"102,345","11,431",6,"6,554","55,366","196,474",11,"6,001",,,"6,405,501",369,"146,273,077","8,428",
47,TN,"Claiborne County, TN",47025,Claiborne County,36.501542,-83.660722,,31701,6,13870,4,4,40604,"164,700","17,684",5,"15,309","89,098","48,178",2,"12,783",,,"13,610,455",429,"315,389,944","9,949",
47,TN,"Clay County, TN",47027,Clay County,36.545788,-85.545816,,7769,3,2149,1,4,40301,"44,765","4,814",6,"4,037","24,216","7,462",1,"3,151",,,"2,843,677",366,"66,080,355","8,506",
47,TN,"Cocke County, TN",47029,Cocke County,35.916198,-83.119224,,35256,6,11975,4,4,40604,"211,510","22,591",6,"15,210","114,421","215,840",6,"14,564",,,"17,127,187",486,"474,495,483","13,459",
47,TN,"Coffee County, TN",47031,Coffee County,35.488759,-86.078219,,53808,7,39748,7,4,40707,"346,149","36,323",6,"22,365","187,256","199,196",4,"21,412",,,"34,752,882",646,"981,897,252","18,248",
47,TN,"Crockett County, TN",47033,Crockett County,35.818795,-89.132494,,14558,4,3723,1,3,30401,"86,907","9,497",6,"5,727","47,014","75,647",5,"5,446",,,"8,216,003",564,"188,645,471","12,958",
47,TN,"Cumberland County, TN",47035,Cumberland County,35.952398,-84.994761,,57895,8,29621,6,4,40806,"313,430","33,620",5,"26,181","169,556","246,076",4,"24,500",,,"33,643,091",581,"942,006,147","16,271",
47,TN,"Davidson County, TN",47037,Davidson County,36.169129,-86.78479,Y,667885,14,878670,14,4,41414,"3,653,746","406,404",5,"279,581","1,976,571","3,047,726",5,"269,078",,,"408,668,139",612,"10,089,592,121","15,107",
47,TN,"Decatur County, TN",47039,Decatur County,35.603136,-88.110292,,11703,4,5246,2,4,40402,"62,660","6,722",5,"6,496","33,897","154,794",13,"4,792",,,"7,286,121",623,"196,700,136","16,808",
47,TN,"DeKalb County, TN",47041,DeKalb County,35.982219,-85.833596,,19159,5,8686,3,4,40503,"104,544","10,847",5,"8,945","56,555","84,071",4,"7,163",,,"7,208,600",376,"165,867,745","8,657",
47,TN,"Dickson County, TN",47043,Dickson County,36.145533,-87.364155,,50926,7,28030,6,4,40706,"288,694","29,890",6,"20,055","156,175","607,084",12,"18,876",,,"29,386,174",577,"804,505,133","15,798",
47,TN,"Dyer County, TN",47045,Dyer County,36.052831,-89.40359,,37970,7,26721,6,3,30706,"237,751","26,225",6,"17,115","128,616","340,037",9,"15,036",,,"19,103,831",503,"470,518,271","12,392",
47,TN,"Fayette County, TN",47047,Fayette County,35.196993,-89.413803,,39071,7,13612,4,3,30704,"258,141","25,261",7,"14,580","139,647","1,040,095",27,"14,919",,,"25,684,612",657,"692,408,904","17,722",
47,TN,"Fentress County, TN",47049,Fentress County,36.369888,-84.937764,,17936,5,6694,2,4,40502,"95,371","10,230",5,"8,149","51,593","146,437",8,"7,390",,,"6,571,024",366,"150,191,382","8,374",
47,TN,"Franklin County, TN",47051,Franklin County,35.155926,-86.099203,,41348,7,21193,5,4,40705,"259,826","27,652",6,"17,986","140,559","147,864",4,"16,345",,,"15,962,267",386,"364,560,834","8,817",
47,TN,"Gibson County, TN",47053,Gibson County,35.991637,-88.93381,,49511,7,22256,5,4,40705,"302,607","32,359",6,"22,380","163,701","761,848",15,"19,406",,,"19,010,133",384,"433,027,108","8,746",
47,TN,"Giles County, TN",47055,Giles County,35.202723,-87.035319,,29034,6,16779,4,4,40604,"172,718","19,655",6,"13,138","93,436","155,322",5,"11,478",,,"18,475,426",636,"497,399,841","17,132",
47,TN,"Grainger County, TN",47057,Grainger County,36.277463,-83.509493,,22813,5,5155,2,4,40502,"142,256","15,035",6,"9,534","76,956","24,853",1,"8,865",,,"9,522,683",417,"222,886,008","9,770",
47,TN,"Greene County, TN",47059,Greene County,36.179514,-82.847485,,68502,8,44258,7,4,40807,"405,838","40,772",6,"28,147","219,546","93,548",1,"27,461",,,"35,972,727",525,"986,028,881","14,394",
47,TN,"Grundy County, TN",47061,Grundy County,35.393356,-85.710389,,13494,4,2694,1,4,40401,"70,535","7,787",5,"6,064","38,158","15,347",1,"5,012",,,"8,906,986",660,"234,513,949","17,379",
47,TN,"Hamblen County, TN",47063,Hamblen County,36.218397,-83.266071,,63203,8,57220,8,4,40808,"385,975","42,077",6,"27,396","208,801","123,694",2,"24,442",,,"27,042,232",428,"687,780,639","10,882",
47,TN,"Hamilton County, TN",47065,Hamilton County,35.160762,-85.197711,,351305,12,370120,12,4,41212,"2,040,194","218,241",6,"141,554","1,103,686","1,795,709",5,"137,309",,,"176,926,599",504,"4,332,137,767","12,332",
47,TN,"Hancock County, TN",47067,Hancock County,36.521419,-83.227453,,6609,2,741,1,4,40201,"36,305","3,773",5,"3,224","19,640","5,413",1,"2,751",,,"2,133,350",323,"49,141,968","7,436",
47,TN,"Hardeman County, TN",47069,Hardeman County,35.218785,-88.988697,,25975,6,10246,3,3,30603,"131,549","14,641",5,"9,752","71,164","228,107",9,"8,592",,,"11,061,895",426,"255,758,688","9,846",
47,TN,"Hardin County, TN",47071,Hardin County,35.201893,-88.185696,,25839,6,12842,4,3,30604,"134,968","14,902",5,"13,246","73,014","248,725",10,"9,940",,,"12,578,708",487,"289,387,861","11,200",
47,TN,"Hawkins County, TN",47073,Hawkins County,36.452211,-82.931386,,56567,7,18212,5,4,40705,"332,659","31,509",6,"39,492","179,959","151,558",3,"23,001",,,"19,228,639",340,"452,771,918","8,004",
47,TN,"Haywood County, TN",47075,Haywood County,35.58669,-89.282536,,18129,5,9800,3,3,30503,"100,509","11,052",6,"7,516","54,372","238,525",13,"7,056",,,"17,765,738",980,"541,192,701","29,852",
47,TN,"Henderson County, TN",47077,Henderson County,35.653994,-88.387674,,27952,6,13193,4,3,30604,"152,892","16,512",5,"11,941","82,710","335,351",12,"10,695",,,"20,333,278",727,"588,133,342","21,041",
47,TN,"Henry County, TN",47079,Henry County,36.325295,-88.300288,,32291,6,17243,5,4,40605,"202,405","20,510",6,"15,414","109,495","131,690",4,"13,503",,,"13,985,414",433,"317,896,033","9,845",
47,TN,"Hickman County, TN",47081,Hickman County,35.802291,-87.467101,,24251,5,4540,1,4,40501,"146,721","15,333",6,"9,758","79,372","121,881",5,"8,855",,,"14,901,020",614,"428,306,174","17,661",
47,TN,"Houston County, TN",47083,Houston County,36.285782,-87.705598,,8234,3,2142,1,4,40301,"51,583","5,690",6,"3,951","27,905","19,489",2,"3,106",,,"2,984,801",362,"67,396,177","8,185",
47,TN,"Humphreys County, TN",47085,Humphreys County,36.040822,-87.790453,,18216,5,8314,3,4,40503,"96,636","10,532",5,"8,416","52,277","298,930",16,"6,936",,,"14,160,397",777,"407,971,286","22,396",
47,TN,"Jackson County, TN",47087,Jackson County,36.354241,-85.674094,,11526,4,1705,1,4,40401,"66,952","7,235",6,"5,520","36,219","11,297",1,"4,522",,,"3,833,205",333,"88,647,376","7,691",
47,TN,"Jefferson County, TN",47089,Jefferson County,36.048479,-83.440966,,52851,7,21363,5,4,40705,"299,259","33,083",6,"20,721","161,890","146,127",3,"19,767",,,"32,995,272",624,"976,690,757","18,480",
47,TN,"Johnson County, TN",47091,Johnson County,36.453203,-81.861247,,17923,5,5676,2,4,40502,"79,415","8,236",4,"6,662","42,961","23,155",1,"6,915",,,"5,387,968",301,"123,414,235","6,886",
47,TN,"Knox County, TN",47093,Knox County,35.992726,-83.937721,,448164,13,436315,13,4,41313,"2,534,877","257,842",6,"168,971","1,371,295","2,626,586",6,"181,336",,,"253,404,791",565,"6,218,773,545","13,876",
47,TN,"Lake County, TN",47095,Lake County,36.333905,-89.485536,,7643,3,1134,1,3,30301,"30,541","3,317",4,"2,330","16,522","29,986",4,"2,145",,,"1,892,408",248,"43,368,482","5,674",
47,TN,"Lauderdale County, TN",47097,Lauderdale County,35.762951,-89.627732,,27261,6,9342,3,3,30603,"143,705","16,059",5,"11,628","77,740","272,932",10,"9,745",,,"9,293,957",341,"212,729,294","7,803",
47,TN,"Lawrence County, TN",47099,Lawrence County,35.220476,-87.396546,,42406,7,16763,4,4,40704,"252,308","25,347",6,"17,015","136,491","194,554",5,"16,106",,,"15,783,885",372,"360,113,524","8,492",
47,TN,"Lewis County, TN",47101,Lewis County,35.523244,-87.496983,,11907,4,4200,1,4,40401,"68,010","7,481",6,"5,186","36,791","93,543",8,"4,687",,,"3,952,478",332,"90,605,006","7,609",
47,TN,"Lincoln County, TN",47103,Lincoln County,35.142916,-86.593298,,33582,6,16942,5,4,40605,"207,520","22,605",6,"14,563","112,262","270,089",8,"13,620",,,"13,035,790",388,"302,434,442","9,006",
47,TN,"Loudon County, TN",47105,Loudon County,35.73745,-84.316204,,50637,7,26557,6,4,40706,"326,606","34,017",6,"67,679","176,685","203,278",4,"20,060",,,"31,907,032",630,"909,857,526","17,968",
47,TN,"McMinn County, TN",47107,McMinn County,35.424471,-84.619962,,52606,7,31855,6,4,40706,"307,810","33,142",6,"24,809","166,516","141,203",3,"20,016",,,"31,303,140",595,"876,476,023","16,661",
47,TN,"McNairy County, TN",47109,McNairy County,35.175228,-88.563629,,26057,6,9336,3,3,30603,"142,023","15,778",5,"11,373","76,831","97,465",4,"9,839",,,"14,160,563",543,"325,159,857","12,479",
47,TN,"Macon County, TN",47111,Macon County,36.537757,-86.00096,,22924,5,6936,2,4,40502,"133,232","14,224",6,"9,456","72,075","47,346",2,"8,977",,,"7,195,214",314,"166,171,917","7,249",
47,TN,"Madison County, TN",47113,Madison County,35.606056,-88.833424,,98128,9,105320,9,3,30909,"603,479","66,363",6,"56,182","326,465","1,570,342",16,"37,189",,,"59,187,839",603,"1,514,844,559","15,437",
47,TN,"Marion County, TN",47115,Marion County,35.133422,-85.618399,,28363,6,11952,4,4,40604,"171,104","18,766",6,"12,359","92,562","103,008",4,"11,219",,,"28,807,297","1,016","830,188,858","29,270",
47,TN,"Marshall County, TN",47117,Marshall County,35.468343,-86.765865,,31335,6,16443,4,4,40604,"192,963","20,519",6,"12,584","104,387","98,033",3,"12,044",,,"15,076,351",481,"394,916,804","12,603",
47,TN,"Maury County, TN",47119,Maury County,35.615696,-87.077763,,85767,9,55744,7,4,40907,"529,045","55,604",6,"40,497","286,198","296,783",3,"32,889",,,"45,654,655",532,"1,151,943,110","13,431",
47,TN,"Meigs County, TN",47121,Meigs County,35.512203,-84.816102,,11804,4,2913,1,4,40401,"78,783","8,440",7,"5,182","42,619","14,951",1,"4,675",,,"4,798,190",406,"111,658,509","9,459",
47,TN,"Monroe County, TN",47123,Monroe County,35.447818,-84.249705,,45482,7,22873,5,4,40705,"280,576","30,245",6,"21,247","151,783","108,541",2,"17,311",,,"20,168,331",443,"501,083,499","11,017",
47,TN,"Montgomery County, TN",47125,Montgomery County,36.500354,-87.380887,,189709,10,86637,9,4,41009,"1,121,846","124,046",6,"98,777","606,886","861,806",5,"67,090",,,"68,679,026",362,"1,712,686,081","9,028",
47,TN,"Moore County, TN",47127,Moore County,35.288888,-86.358684,Y,6314,2,1498,1,4,40201,"42,058","4,502",7,"2,821","22,752","14,768",2,"2,560",,,"6,699,424","1,061","150,604,063","23,852",
47,TN,"Morgan County, TN",47129,Morgan County,36.138697,-84.639262,,21688,5,2635,1,4,40501,"102,256","11,221",5,"8,127","55,317","92,217",4,"7,221",,,"6,368,138",294,"145,254,043","6,697",
47,TN,"Obion County, TN",47131,Obion County,36.358171,-89.149879,,30900,6,18247,5,4,40605,"194,465","20,919",6,"13,423","105,200","159,404",5,"12,719",,,"15,593,720",505,"355,771,284","11,514",
47,TN,"Overton County, TN",47133,Overton County,36.34485,-85.283076,,22090,5,7206,2,4,40502,"127,541","13,760",6,"9,733","68,996","39,567",2,"8,881",,,"8,479,792",384,"199,437,392","9,028",
47,TN,"Perry County, TN",47135,Perry County,35.663749,-87.869329,,7891,3,3292,1,4,40301,"46,728","5,142",6,"4,351","25,279","52,781",7,"3,209",,,"3,804,604",482,"87,483,543","11,086",
47,TN,"Pickett County, TN",47137,Pickett County,36.559364,-85.075741,,5096,2,1254,1,4,40201,"31,301","3,361",6,"3,274","16,933","5,327",1,"2,128",,,"1,829,863",359,"42,628,567","8,365",
47,TN,"Polk County, TN",47139,Polk County,35.109437,-84.541112,,16697,4,2624,1,4,40401,"105,597","11,374",6,"7,656","57,125","33,703",2,"6,766",,,"7,096,122",425,"164,961,156","9,880",
47,TN,"Putnam County, TN",47141,Putnam County,36.14094,-85.49618,,74652,8,58878,8,4,40808,"410,984","44,125",6,"32,531","222,330","170,618",2,"30,100",,,"47,027,258",630,"1,301,597,407","17,436",
47,TN,"Rhea County, TN",47143,Rhea County,35.600587,-84.949552,,32461,6,16105,4,4,40604,"199,848","21,392",6,"17,851","108,112","104,995",3,"12,408",,,"12,391,671",382,"287,144,008","8,846",
47,TN,"Roane County, TN",47145,Roane County,35.847249,-84.523942,,52983,7,17059,5,4,40705,"324,542","35,760",6,"34,193","175,568","220,418",4,"21,532",,,"33,461,808",632,"883,425,940","16,674",
47,TN,"Robertson County, TN",47147,Robertson County,36.52753,-86.869377,,67905,8,37369,6,4,40806,"419,898","46,500",6,"25,161","227,153","392,037",6,"24,730",,,"41,932,457",618,"1,123,560,220","16,546",
47,TN,"Rutherford County, TN",47149,Rutherford County,35.843369,-86.417213,,290289,12,213970,11,4,41211,"1,661,087","168,090",6,"130,384","898,600","710,044",2,"103,562",,,"126,285,542",435,"3,434,501,923","11,831",
47,TN,"Scott County, TN",47151,Scott County,36.435276,-84.503528,,22029,5,7138,2,4,40502,"95,086","10,965",4,"9,019","51,439","172,627",8,"8,368",,,"8,299,090",377,"189,598,086","8,607",
47,TN,"Sequatchie County, TN",47153,Sequatchie County,35.372358,-85.410322,,14710,4,3892,1,4,40401,"83,727","9,185",6,"6,059","45,294","22,468",2,"5,549",,,"6,335,370",431,"147,548,227","10,030",
47,TN,"Sevier County, TN",47155,Sevier County,35.80181,-83.515696,,94537,9,79512,8,4,40908,"537,678","55,547",6,"49,270","290,868","393,038",4,"36,982",,,"56,136,730",594,"1,302,231,418","13,775",
47,TN,"Shelby County, TN",47157,Shelby County,35.183794,-89.895397,,936990,14,870914,14,3,31414,"5,101,782","484,860",5,"361,673","2,759,917","16,136,569",17,"349,956",,,"440,697,483",470,"10,626,500,422","11,341",
47,TN,"Smith County, TN",47159,Smith County,36.25565,-85.942078,,19176,5,7392,2,4,40502,"118,732","12,322",6,"8,166","64,231","64,698",3,"7,555",,,"14,633,121",763,"451,153,782","23,527",
47,TN,"Stewart County, TN",47161,Stewart County,36.458464,-87.811889,,13257,4,2457,1,4,40401,"94,887","10,523",7,"6,419","51,331","16,531",1,"5,187",,,"6,184,635",467,"142,352,189","10,738",
47,TN,"Sullivan County, TN",47163,Sullivan County,36.510213,-82.299396,,156644,10,123930,9,4,41009,"1,038,102","98,915",7,"44,683","561,583","316,839",2,"65,896",,,"70,192,926",448,"1,730,504,196","11,047",
47,TN,"Sumner County, TN",47165,Sumner County,36.473443,-86.459798,,172786,10,92802,9,4,41009,"1,029,946","113,102",6,"64,639","557,171","1,123,918",7,"63,240",,,"68,062,819",394,"1,618,630,933","9,368",
47,TN,"Tipton County, TN",47167,Tipton County,35.500259,-89.766803,,61558,8,17401,5,3,30805,"319,286","34,670",5,"20,994","172,724","993,664",16,"21,355",,,"16,674,376",271,"386,549,910","6,279",
47,TN,"Trousdale County, TN",47169,Trousdale County,36.39303,-86.156691,Y,7970,3,2235,1,4,40301,"47,045","4,835",6,"3,248","25,450","20,462",3,"2,958",,,"6,300,378",791,"144,486,503","18,129",
47,TN,"Unicoi County, TN",47171,Unicoi County,36.100126,-82.418214,,17945,5,7257,2,4,40502,"90,941","9,628",5,"7,260","49,196","279,356",16,"7,628",,,"10,287,763",573,"276,431,031","15,404",
47,TN,"Union County, TN",47173,Union County,36.28414,-83.836088,,19081,5,3380,1,4,40501,"112,774","11,809",6,"8,466","61,007","21,244",1,"7,271",,,"5,903,025",309,"135,019,595","7,076",
47,TN,"Van Buren County, TN",47175,Van Buren County,35.699234,-85.458409,,5641,2,521,1,4,40201,"30,409","3,290",5,"2,517","16,450","12,179",2,"2,141",,,"3,072,596",545,"71,453,516","12,667",
47,TN,"Warren County, TN",47177,Warren County,35.67825,-85.777343,,40099,7,22264,5,4,40705,"226,764","23,799",6,"16,914","122,673","117,863",3,"15,584",,,"13,669,491",341,"316,987,407","7,905",
47,TN,"Washington County, TN",47179,Washington County,36.295665,-82.495037,,126044,9,104956,9,4,40909,"771,486","80,806",6,"80,973","417,352","293,378",2,"52,409",,,"54,166,700",430,"1,320,576,531","10,477",
47,TN,"Wayne County, TN",47181,Wayne County,35.242847,-87.819843,,16842,4,4668,1,4,40401,"86,331","9,443",5,"6,889","46,703","61,622",4,"6,020",,,"6,906,452",410,"158,608,770","9,417",
47,TN,"Weakley County, TN",47183,Weakley County,36.303386,-88.720803,,34024,6,15352,4,4,40604,"205,618","20,783",6,"13,907","111,233","108,982",3,"13,459",,,"13,457,744",396,"307,778,825","9,046",
47,TN,"White County, TN",47185,White County,35.927049,-85.455785,,26373,6,10780,3,4,40603,"129,720","13,919",5,"11,008","70,175","104,953",4,"9,677",,,"10,004,838",379,"232,280,633","8,808",
47,TN,"Williamson County, TN",47187,Williamson County,35.894845,-86.897886,,205645,11,237283,11,4,41111,"1,217,160","123,616",6,"70,359","658,448","1,430,012",7,"71,043",,,"113,930,612",554,"2,890,304,542","14,055",
47,TN,"Wilson County, TN",47189,Wilson County,36.148476,-86.29021,,125616,9,78557,8,4,40908,"787,927","80,219",6,"46,544","426,246","530,948",4,"45,431",,,"69,455,801",553,"1,797,876,257","14,312",
48,TX,"Anderson County, TX",48001,Anderson County,31.841261,-95.661726,,57772,8,22236,5,2,20805,"254,061","28,806",4,"49,883","116,862","201,648",3,"16,572",,,"24,068,834",417,"473,409,618","8,194",
48,TX,"Andrews County, TX",48003,Andrews County,32.312258,-102.640206,,17215,5,10342,3,3,30503,"81,159","9,063",5,"5,987","37,331","130,172",8,"5,392",,,"13,555,705",787,"284,511,464","16,527",
48,TX,"Angelina County, TX",48005,Angelina County,31.251951,-94.611056,,87657,9,59546,8,2,20908,"434,352","48,437",5,"37,292","199,792","439,334",5,"30,495",,,"41,632,740",475,"809,375,753","9,233",
48,TX,"Aransas County, TX",48007,Aransas County,28.104225,-96.977983,,24729,5,8425,3,2,20503,"147,154","17,732",6,"15,755","67,687","112,431",5,"9,552",,,"11,141,098",451,"218,855,344","8,850",
48,TX,"Archer County, TX",48009,Archer County,33.616305,-98.687267,,8750,3,2284,1,3,30301,"53,681","5,995",6,"4,091","24,692","46,707",5,"3,331",,,"7,204,894",823,"150,807,547","17,235",
48,TX,"Armstrong County, TX",48011,Armstrong County,34.964179,-101.356636,,1913,1,479,1,4,40101,"8,523",861,4,"1,039","3,921","27,719",14,702,,,"6,084,442","3,181","130,397,349","68,164",
48,TX,"Atascosa County, TX",48013,Atascosa County,28.891408,-98.535381,,47710,7,20723,5,2,20705,"233,868","27,514",5,"17,887","107,574","91,718",2,"15,343",,,"28,346,718",594,"711,135,896","14,905",
48,TX,"Austin County, TX",48015,Austin County,29.891901,-96.27017,,29107,6,15011,4,2,20604,"185,757","20,383",6,"14,465","85,444","118,044",4,"11,222",,,"25,050,074",861,"555,959,278","19,101",
48,TX,"Bailey County, TX",48017,Bailey County,34.067521,-102.830345,,7131,2,2944,1,4,40201,"28,604","2,871",4,"2,864","16,281","73,497",10,"2,317",,,"5,221,901",732,"103,295,586","14,485",
48,TX,"Bandera County, TX",48019,Bandera County,29.756389,-99.248285,,21015,5,6255,2,2,20502,"123,800","12,439",6,"11,622","56,945","38,160",2,"8,256",,,"6,938,866",330,"149,588,868","7,118",
48,TX,"Bastrop County, TX",48021,Bastrop County,30.100771,-97.310643,,78286,8,28433,6,2,20806,"378,412","41,007",5,"29,661","174,061","272,035",3,"25,822",,,"40,086,611",512,"833,050,710","10,641",
48,TX,"Baylor County, TX",48023,Baylor County,33.618802,-99.208189,,3639,1,1867,1,3,30101,"23,082","2,590",6,"2,641","10,617","45,794",13,"1,703",,,"3,970,463","1,091","84,170,699","23,130",
48,TX,"Bee County, TX",48025,Bee County,28.416077,-97.742586,,32706,6,9910,3,2,20603,"134,024","16,151",4,"10,673","61,648","94,143",3,"8,698",,,"13,237,257",405,"276,975,177","8,469",
48,TX,"Bell County, TX",48027,Bell County,31.042312,-97.481404,,330859,12,184226,10,2,21210,"1,575,594","175,471",5,"132,011","724,737","895,884",3,"113,027",,,"161,308,039",488,"3,158,350,224","9,546",
48,TX,"Bexar County, TX",48029,Bexar County,29.448671,-98.520147,,1858699,16,1482102,16,2,21616,"8,295,759","889,863",4,"680,541","3,815,856","9,299,586",5,"623,321",,,"853,519,999",459,"16,355,583,989","8,799",
48,TX,"Blanco County, TX",48031,Blanco County,30.266456,-98.399217,,10918,3,3985,1,3,30301,"59,619","6,162",5,"5,667","27,423","22,096",2,"4,174",,,"10,825,575",992,"228,742,510","20,951",
48,TX,"Borden County, TX",48033,Borden County,32.73859,-101.439199,,698,1,19,1,3,30101,"4,016",450,6,421,"1,847","1,941",3,251,,,"2,155,231","3,088","45,807,074","65,626",
48,TX,"Bosque County, TX",48035,Bosque County,31.900819,-97.637641,,17953,5,4862,1,2,20501,"102,694","11,458",6,"11,990","47,237","109,505",6,"7,098",,,"8,524,519",475,"175,192,686","9,758",
48,TX,"Bowie County, TX",48037,Bowie County,33.446062,-94.422393,,93483,9,65864,8,3,30908,"479,216","47,309",5,"43,893","272,766","585,951",6,"33,586",,,"56,691,240",606,"1,226,504,906","13,120",
48,TX,"Brazoria County, TX",48039,Brazoria County,29.167817,-95.434647,,338419,12,174898,10,2,21210,"1,742,761","193,981",5,"125,356","801,629","1,864,964",6,"114,290",,,"152,645,353",451,"2,975,333,572","8,792",
48,TX,"Brazos County, TX",48041,Brazos County,30.656713,-96.302394,,209896,11,132146,10,2,21110,"1,095,201","108,500",5,"88,770","418,360","1,281,355",6,"75,797",,,"91,051,478",434,"1,730,809,056","8,246",
48,TX,"Brewster County, TX",48043,Brewster County,29.808997,-103.252458,,9188,3,5270,2,3,30302,"41,979","5,041",5,"5,360","19,310","59,427",6,"4,014",,,"10,075,564","1,097","200,872,962","21,863",
48,TX,"Briscoe County, TX",48045,Briscoe County,34.525172,-101.205893,,1672,1,156,1,4,40101,"7,722",840,5,"1,055","3,552","27,577",16,698,,,"2,020,282","1,208","40,321,893","24,116",
48,TX,"Brooks County, TX",48047,Brooks County,27.034994,-98.215276,,7217,2,2759,1,2,20201,"29,896","3,602",4,"3,051","13,751","15,442",2,"2,031",,,"9,574,407","1,327","204,132,875","28,285",
48,TX,"Brown County, TX",48049,Brown County,31.764103,-98.99847,,37935,6,25958,6,3,30606,"189,908","21,242",5,"18,237","87,353","259,387",7,"13,361",,,"16,888,998",445,"336,668,875","8,875",
48,TX,"Burleson County, TX",48051,Burleson County,30.493487,-96.622091,,17417,5,6131,2,2,20502,"100,692","9,896",6,"8,910","38,464","85,476",5,"6,385",,,"12,521,396",719,"265,995,056","15,272",
48,TX,"Burnet County, TX",48053,Burnet County,30.78963,-98.201187,,44584,7,22736,5,3,30705,"244,013","25,430",5,"21,574","112,240","128,205",3,"16,299",,,"25,800,361",579,"515,872,391","11,571",
48,TX,"Caldwell County, TX",48055,Caldwell County,29.832399,-97.628141,,39848,7,13745,4,2,20704,"188,661","22,433",5,"13,997","86,780","151,930",4,"12,664",,,"24,616,253",618,"508,869,256","12,770",
48,TX,"Calhoun County, TX",48057,Calhoun County,28.441719,-96.579574,,21805,5,16666,4,2,20504,"110,374","13,276",5,"11,720","50,769","97,205",4,"7,800",,,"9,878,971",453,"198,684,165","9,112",
48,TX,"Callahan County, TX",48059,Callahan County,32.29315,-99.372249,,13596,4,2896,1,3,30401,"72,788","8,494",5,"6,493","33,481","80,883",6,"5,239",,,"14,481,341","1,065","373,463,701","27,469",
48,TX,"Cameron County, TX",48061,Cameron County,26.102923,-97.478958,,418785,12,217160,11,2,21211,"1,630,999","194,255",4,"146,568","750,221","902,525",2,"121,290",,,"150,351,894",359,"2,836,225,183","6,773",
48,TX,"Camp County, TX",48063,Camp County,32.974581,-94.979085,,12631,4,4791,1,3,30401,"69,236","7,174",5,"6,837","39,409","60,777",5,"4,544",,,"4,976,280",394,"100,624,231","7,966",
48,TX,"Carson County, TX",48065,Carson County,35.405496,-101.355356,,6027,2,1468,1,4,40201,"28,492","2,858",5,"2,894","16,218","95,104",16,"2,324",,,"12,455,825","2,067","320,962,956","53,254",
48,TX,"Cass County, TX",48067,Cass County,33.083698,-94.357579,,30346,6,11502,4,3,30604,"177,292","17,575",6,"16,161","100,913","169,443",6,"11,770",,,"16,505,816",544,"333,033,331","10,975",
48,TX,"Castro County, TX",48069,Castro County,34.533621,-102.258786,,7875,3,1889,1,4,40301,"28,961","2,908",4,"3,330","16,484","103,164",13,"2,490",,,"6,839,771",869,"136,059,158","17,277",
48,TX,"Chambers County, TX",48071,Chambers County,29.696374,-94.669445,,38072,7,24214,5,2,20705,"235,808","24,750",6,"14,254","90,077","162,119",4,"12,967",,,"43,247,760","1,136","1,108,975,616","29,128",
48,TX,"Cherokee County, TX",48073,Cherokee County,31.843872,-95.156345,,51257,7,21718,5,2,20705,"256,642","28,645",5,"23,176","118,049","337,351",7,"17,683",,,"24,162,473",471,"478,915,700","9,343",
48,TX,"Childress County, TX",48075,Childress County,34.529337,-100.208336,,7059,2,2638,1,3,30201,"25,831","3,028",4,"3,001","11,882","82,268",12,"2,356",,,"8,019,646","1,136","164,570,560","23,314",
48,TX,"Clay County, TX",48077,Clay County,33.785904,-98.212917,,10367,3,1280,1,3,30301,"63,878","7,141",6,"5,089","29,382","69,514",7,"4,106",,,"12,918,901","1,246","275,857,261","26,609",
48,TX,"Cochran County, TX",48079,Cochran County,33.60844,-102.830449,,2955,1,430,1,4,40101,"11,051","1,109",4,"1,413","6,290","38,222",13,"1,007",,,"3,862,376","1,307","76,095,209","25,751",
48,TX,"Coke County, TX",48081,Coke County,31.877105,-100.635236,,3228,1,495,1,3,30101,"22,464","2,515",7,"2,630","10,333","33,328",10,"1,567",,,"4,866,025","1,507","104,618,329","32,410",
48,TX,"Coleman County, TX",48083,Coleman County,31.914205,-99.346622,,8476,3,2871,1,3,30301,"42,878","5,154",5,"5,454","19,723","81,848",10,"3,407",,,"8,733,765","1,030","187,895,163","22,168",
48,TX,"Collin County, TX",48085,Collin County,33.194737,-96.579707,,886633,14,777684,14,3,31414,"4,693,822","521,864",5,"325,223","2,159,049","9,863,666",11,"314,918",,,"464,306,926",524,"8,595,916,884","9,695",
48,TX,"Collingsworth County, TX",48087,Collingsworth County,34.963358,-100.272135,,3032,1,828,1,3,30101,"13,981","1,350",5,"1,599","6,431","42,932",14,"1,097",,,"2,274,834",750,"46,349,751","15,287",
48,TX,"Colorado County, TX",48089,Colorado County,29.596296,-96.508935,,20792,5,11834,4,2,20504,"119,104","13,947",6,"13,729","54,785","96,833",5,"7,624",,,"28,822,042","1,386","748,555,370","36,002",
48,TX,"Comal County, TX",48091,Comal County,29.805491,-98.260544,,124234,9,93287,9,2,20909,"700,148","72,139",6,"66,706","322,052","334,635",3,"45,338",,,"86,349,170",695,"1,750,019,118","14,086",
48,TX,"Comanche County, TX",48093,Comanche County,31.951645,-98.549617,,13506,4,4556,1,3,30401,"73,947","8,254",5,"7,150","34,014","88,310",7,"5,079",,,"7,620,999",564,"160,708,360","11,899",
48,TX,"Concho County, TX",48095,Concho County,31.318865,-99.863648,,4142,1,1039,1,3,30101,"10,393","1,314",3,"1,626","4,781","16,442",4,790,,,"5,578,162","1,347","118,691,936","28,656",
48,TX,"Cooke County, TX",48097,Cooke County,33.639196,-97.210343,,38878,7,25368,6,3,30706,"224,513","24,984",6,"16,461","103,271","265,549",7,"14,896",,,"33,106,386",852,"681,416,101","17,527",
48,TX,"Coryell County, TX",48099,Coryell County,31.391177,-97.798022,,75710,8,19463,5,2,20805,"311,915","34,851",4,"25,698","143,474","278,646",4,"22,791",,,"23,685,144",313,"476,552,863","6,294",
48,TX,"Cottle County, TX",48101,Cottle County,34.091906,-100.276442,,1560,1,190,1,3,30101,"7,947",908,5,"1,097","3,655","20,824",13,679,,,"2,335,456","1,497","48,586,572","31,145",
48,TX,"Crane County, TX",48103,Crane County,31.422796,-102.487774,,4823,1,1862,1,3,30101,"22,133","2,477",5,"1,634","10,181","41,450",9,"1,543",,,"4,788,518",993,"103,929,994","21,549",
48,TX,"Crockett County, TX",48105,Crockett County,30.717532,-101.404211,,3836,1,2243,1,3,30101,"18,205","2,184",5,"1,802","8,374","33,996",9,"1,431",,,"11,348,942","2,959","293,967,949","76,634",
48,TX,"Crosby County, TX",48107,Crosby County,33.609144,-101.29871,,5987,2,1171,1,3,30201,"23,332","2,326",4,"3,028","13,280","74,144",12,"2,110",,,"5,203,990",869,"105,889,595","17,687",
48,TX,"Culberson County, TX",48109,Culberson County,31.445908,-104.526945,,2259,1,1083,1,3,30101,"9,251","1,039",4,999,"4,255","20,478",9,762,,,"14,539,435","6,436","376,118,603","166,498",
48,TX,"Dallam County, TX",48111,Dallam County,36.28637,-102.59402,,7052,2,3485,1,4,40201,"26,424","2,650",4,"3,018","15,040","91,789",13,"2,360",,,"6,914,402",980,"143,482,511","20,346",
48,TX,"Dallas County, TX",48113,Dallas County,32.766987,-96.778424,,2513054,17,2912184,17,3,31717,"11,809,657","1,317,410",5,"963,008","5,432,168","22,106,949",9,"894,542",,,"1,461,458,663",582,"27,208,024,163","10,827",
48,TX,"Dawson County, TX",48115,Dawson County,32.741934,-101.947322,,13317,4,4891,1,3,30401,"59,903","6,688",4,"5,178","27,554","151,072",11,"4,329",,,"10,027,681",753,"204,419,159","15,350",
48,TX,"Deaf Smith County, TX",48117,Deaf Smith County,34.940766,-102.607564,,19039,5,10866,3,4,40503,"69,859","7,010",4,"7,368","39,763","255,996",13,"6,081",,,"9,455,167",497,"189,539,623","9,955",
48,TX,"Delta County, TX",48119,Delta County,33.385933,-95.67335,,5226,2,1542,1,3,30201,"28,067","3,135",5,"3,232","12,910","38,800",7,"1,971",,,"2,755,064",527,"58,864,607","11,264",
48,TX,"Denton County, TX",48121,Denton County,33.205132,-97.12114,,754650,14,423766,12,3,31412,"3,957,462","437,011",5,"294,845","1,820,340","7,062,728",9,"265,790",,,"329,413,505",437,"6,269,520,471","8,308",
48,TX,"DeWitt County, TX",48123,DeWitt County,29.082346,-97.361654,,20660,5,10465,3,2,20503,"103,399","12,416",5,"9,195","47,561","85,672",4,"7,105",,,"12,532,747",607,"261,445,898","12,655",
48,TX,"Dickens County, TX",48125,Dickens County,33.615363,-100.787617,,2237,1,392,1,3,30101,"9,345","1,068",4,"1,458","4,298","17,526",8,869,,,"2,453,296","1,097","51,866,805","23,186",
48,TX,"Dimmit County, TX",48127,Dimmit County,28.423587,-99.765871,,10842,3,8977,3,2,20303,"48,076","5,800",4,"4,359","22,114","86,014",8,"3,457",,,"11,097,127","1,024","234,120,270","21,594",
48,TX,"Donley County, TX",48129,Donley County,34.955036,-100.815846,,3506,1,814,1,4,40101,"16,155","1,567",5,"2,387","7,431","39,832",11,"1,287",,,"10,958,353","3,126","244,339,112","69,692",
48,TX,"Duval County, TX",48131,Duval County,27.681123,-98.497393,,11510,4,3893,1,2,20401,"55,759","6,744",5,"8,921","25,648","25,395",2,"3,892",,,"7,719,546",671,"162,896,339","14,153",
48,TX,"Eastland County, TX",48133,Eastland County,32.324645,-98.83656,,18252,5,10921,3,3,30503,"87,791","9,820",5,"10,111","40,382","136,919",8,"6,752",,,"18,458,086","1,011","467,147,850","25,594",
48,TX,"Ector County, TX",48135,Ector County,31.865301,-102.542507,,153177,10,114930,9,3,31009,"742,769","82,909",5,"55,445","341,657","1,184,690",8,"50,950",,,"60,200,091",393,"1,267,076,478","8,272",
48,TX,"Edwards County, TX",48137,Edwards County,29.985877,-100.307373,,2028,1,327,1,2,20101,"9,074","1,054",4,"1,724","4,174","9,362",5,718,,,"3,248,329","1,602","67,623,447","33,345",
48,TX,"Ellis County, TX",48139,Ellis County,32.346878,-96.79694,,160225,10,84126,8,3,31008,"874,550","97,592",5,"56,500","402,273","806,540",5,"53,803",,,"111,264,042",694,"2,288,868,808","14,285",
48,TX,"El Paso County, TX",48141,El Paso County,31.766403,-106.24139,,833592,14,470206,13,3,31413,"2,004,955","249,394",2,"277,164","954,038","6,613,227",8,"261,415",,,"337,620,551",405,"6,467,083,950","7,758",
48,TX,"Erath County, TX",48143,Erath County,32.238136,-98.222377,,40641,7,23718,5,3,30705,"184,447","20,592",5,"17,152","84,841","178,192",4,"14,197",,,"18,771,175",462,"412,127,721","10,141",
48,TX,"Falls County, TX",48145,Falls County,31.25193,-96.934127,,17265,5,3373,1,2,20501,"75,827","8,450",4,"7,623","34,879","114,444",7,"5,447",,,"11,781,250",682,"266,405,310","15,430",
48,TX,"Fannin County, TX",48147,Fannin County,33.591161,-96.104988,,33757,6,9928,3,3,30603,"177,955","19,889",5,"14,049","81,855","196,176",6,"12,022",,,"13,052,814",387,"260,098,436","7,705",
48,TX,"Fayette County, TX",48149,Fayette County,29.877886,-96.921231,,24909,5,14692,4,2,20504,"125,827","14,203",5,"13,906","57,878","96,162",4,"9,553",,,"28,264,574","1,135","681,985,058","27,379",
48,TX,"Fisher County, TX",48151,Fisher County,32.740473,-100.40312,,3847,1,922,1,3,30101,"22,205","2,491",6,"2,602","10,214","35,888",9,"1,650",,,"4,144,053","1,077","87,238,031","22,677",
48,TX,"Floyd County, TX",48153,Floyd County,34.07373,-101.303274,,6088,2,1836,1,4,40201,"28,468","2,869",5,"3,129","16,204","88,679",15,"2,444",,,"4,948,516",813,"98,275,822","16,143",
48,TX,"Foard County, TX",48155,Foard County,33.963306,-99.816828,,1320,1,177,1,3,30101,"6,170",706,5,892,"2,838","14,386",11,526,,,"1,316,434",997,"27,947,821","21,173",
48,TX,"Fort Bend County, TX",48157,Fort Bend County,29.526602,-95.771015,,683756,14,320096,12,2,21412,"3,401,722","377,532",5,"221,620","1,564,713","5,150,133",8,"214,126",,,"248,841,651",364,"4,921,873,592","7,198",
48,TX,"Franklin County, TX",48159,Franklin County,33.175846,-95.219066,,10571,3,10212,3,3,30303,"61,435","6,832",6,"8,481","34,969","58,137",5,"4,114",,,"8,269,809",782,"204,089,369","19,307",
48,TX,"Freestone County, TX",48161,Freestone County,31.70126,-96.144487,,19585,5,6825,2,2,20502,"108,243","12,404",6,"33,050","49,789","112,020",6,"7,339",,,"21,950,268","1,121","544,769,965","27,816",
48,TX,"Frio County, TX",48163,Frio County,28.869334,-99.108788,,18542,5,10663,3,2,20503,"70,005","8,415",4,"5,899","32,201","95,549",5,"4,660",,,"20,970,524","1,131","529,884,280","28,578",
48,TX,"Gaines County, TX",48165,Gaines County,32.743942,-102.631561,,19485,5,7818,3,3,30503,"83,759","9,294",4,"6,625","47,675","135,220",7,"5,630",,,"13,951,617",716,"300,729,100","15,434",
48,TX,"Galveston County, TX",48167,Galveston County,29.228366,-94.895426,,314485,12,171538,10,2,21210,"1,697,503","192,189",5,"138,249","780,812","2,040,372",6,"115,685",,,"133,880,232",426,"2,527,739,529","8,038",
48,TX,"Garza County, TX",48169,Garza County,33.183792,-101.301134,,6614,2,2205,1,3,30201,"19,638","2,176",3,"2,277","11,178","52,435",8,"1,625",,,"9,555,171","1,445","206,302,978","31,192",
48,TX,"Gillespie County, TX",48171,Gillespie County,30.325088,-98.941851,,25732,6,18484,5,3,30605,"122,081","12,907",5,"12,937","56,155","137,933",5,"10,498",,,"13,444,642",522,"283,841,917","11,031",
48,TX,"Glasscock County, TX",48173,Glasscock County,31.868006,-101.521494,,1253,1,251,1,3,30101,"7,183",805,6,539,"3,304","5,605",4,438,,,"5,453,216","4,352","117,266,739","93,589",
48,TX,"Goliad County, TX",48175,Goliad County,28.6607,-97.430415,,7463,2,1352,1,2,20201,"41,696","5,001",6,"3,719","19,179","20,923",3,"2,798",,,"5,740,788",769,"125,890,083","16,869",
48,TX,"Gonzales County, TX",48177,Gonzales County,29.461917,-97.491861,,20370,5,9972,3,2,20503,"95,084","11,356",5,"8,838","43,736","62,137",3,"6,611",,,"24,941,499","1,224","610,592,868","29,975",
48,TX,"Gray County, TX",48179,Gray County,35.402542,-100.812374,,23028,5,11839,4,4,40504,"92,869","9,328",4,"10,691","52,860","354,719",15,"8,201",,,"11,622,412",505,"264,561,643","11,489",
48,TX,"Grayson County, TX",48181,Grayson County,33.624524,-96.675693,,124231,9,76692,8,3,30908,"680,000","75,992",5,"53,696","312,784","1,040,295",8,"47,161",,,"75,233,629",606,"1,429,805,423","11,509",
48,TX,"Gregg County, TX",48183,Gregg County,32.486397,-94.816276,,123283,9,129894,10,3,30910,"585,324","57,094",5,"57,338","333,162","780,741",6,"45,446",,,"70,284,843",570,"1,377,602,558","11,174",
48,TX,"Grimes County, TX",48185,Grimes County,30.543231,-95.988082,,27140,6,10485,3,2,20603,"142,647","13,998",5,"10,868","65,614","87,431",3,"9,000",,,"19,077,273",703,"406,291,960","14,970",
48,TX,"Guadalupe County, TX",48187,Guadalupe County,29.583532,-97.946771,,147313,10,64252,8,2,21008,"693,131","74,991",5,"54,229","318,824","259,415",2,"49,930",,,"74,008,693",502,"1,557,428,608","10,572",
48,TX,"Hale County, TX",48189,Hale County,34.068436,-101.822888,,35007,6,17520,5,4,40605,"126,469","12,685",4,"14,062","71,985","436,161",12,"11,335",,,"18,348,544",524,"394,038,043","11,256",
48,TX,"Hall County, TX",48191,Hall County,34.453189,-100.576343,,3162,1,982,1,3,30101,"12,935","1,366",4,"2,173","7,362","52,809",17,"1,235",,,"5,134,085","1,624","102,723,851","32,487",
48,TX,"Hamilton County, TX",48193,Hamilton County,31.707342,-98.111756,,8232,3,3121,1,3,30301,"43,634","4,905",5,"4,505","20,071","48,677",6,"3,231",,,"6,262,776",761,"136,019,079","16,523",
48,TX,"Hansford County, TX",48195,Hansford County,36.272847,-101.35693,,5552,2,2338,1,4,40201,"22,912","2,303",4,"2,428","13,041","95,120",17,"1,979",,,"3,162,382",570,"63,481,850","11,434",
48,TX,"Hardeman County, TX",48197,Hardeman County,34.289904,-99.745697,,3952,1,1181,1,3,30101,"18,763","2,143",5,"2,465","8,630","54,107",14,"1,590",,,"7,312,363","1,850","152,718,452","38,643",
48,TX,"Hardin County, TX",48199,Hardin County,30.329648,-94.393178,,55624,7,18371,5,2,20705,"338,166","32,809",6,"23,423","129,177","167,405",3,"20,408",,,"24,395,954",439,"500,902,110","9,005",
48,TX,"Harris County, TX",48201,Harris County,29.857273,-95.393037,,4434257,18,4090870,18,2,21818,"21,034,157","2,334,458",5,"1,665,977","9,675,224","27,595,075",6,"1,536,259",,,"2,202,950,895",497,"42,687,057,588","9,627",
48,TX,"Harrison County, TX",48203,Harrison County,32.547991,-94.374434,,66431,8,38780,7,3,30807,"354,767","34,353",5,"31,409","201,931","333,596",5,"23,473",,,"43,069,743",648,"975,767,056","14,688",
48,TX,"Hartley County, TX",48205,Hartley County,35.840244,-102.610047,,5966,2,2517,1,4,40201,"21,638","2,168",4,"2,064","12,316","72,429",12,"1,812",,,"6,482,138","1,087","136,300,241","22,846",
48,TX,"Haskell County, TX",48207,Haskell County,33.175965,-99.730773,,5812,2,2077,1,3,30201,"28,475","3,259",5,"3,403","13,098","58,344",10,"2,193",,,"5,052,445",869,"103,444,233","17,798",
48,TX,"Hays County, TX",48209,Hays County,30.061225,-98.029267,,185686,10,106862,9,2,21009,"853,760","89,404",5,"70,320","392,710","798,226",4,"64,324",,,"98,008,132",528,"1,950,880,679","10,506",
48,TX,"Hemphill County, TX",48211,Hemphill County,35.815956,-100.27921,,4151,1,2750,1,3,30101,"18,044","1,815",4,"1,774","10,271","46,004",11,"1,374",,,"3,321,187",800,"69,515,652","16,747",
48,TX,"Henderson County, TX",48213,Henderson County,32.211633,-95.853418,,79213,8,26170,6,3,30806,"478,942","53,446",6,"39,426","220,302","263,567",3,"29,785",,,"38,224,475",483,"739,953,306","9,341",
48,TX,"Hidalgo County, TX",48215,Hidalgo County,26.396384,-98.18099,,828334,14,389652,12,2,21412,"3,057,853","362,305",4,"261,974","1,406,542","1,582,585",2,"227,477",,,"278,354,709",336,"5,280,802,652","6,375",
48,TX,"Hill County, TX",48217,Hill County,31.982681,-97.130668,,34901,6,14656,4,2,20604,"186,110","20,790",5,"20,948","85,606","189,523",5,"12,806",,,"35,324,907","1,012","839,633,374","24,058",
48,TX,"Hockley County, TX",48219,Hockley County,33.605932,-102.343398,,23377,5,13017,4,4,40504,"96,806","9,675",4,"9,700","55,101","259,672",11,"8,103",,,"15,561,727",666,"312,984,056","13,389",
48,TX,"Hood County, TX",48221,Hood County,32.430149,-97.831677,,54217,7,28597,6,3,30706,"303,380","33,583",6,"42,815","139,548","154,285",3,"21,040",,,"19,478,484",359,"386,262,566","7,124",
48,TX,"Hopkins County, TX",48223,Hopkins County,33.148959,-95.565194,,35844,6,21486,5,3,30605,"197,275","22,007",6,"17,984","112,287","188,400",5,"13,259",,,"26,364,647",736,"627,917,684","17,518",
48,TX,"Houston County, TX",48225,Houston County,31.323036,-95.4216,,22802,5,6435,2,2,20502,"118,305","13,213",5,"13,350","54,417","111,341",5,"8,221",,,"11,325,596",497,"232,796,110","10,209",
48,TX,"Howard County, TX",48227,Howard County,32.303471,-101.438772,,36423,6,17864,5,3,30605,"159,717","17,891",4,"12,967","73,466","335,301",9,"11,229",,,"21,819,249",599,"496,346,407","13,627",
48,TX,"Hudspeth County, TX",48229,Hudspeth County,31.450868,-105.377549,,3481,1,420,1,3,30101,"11,901","1,491",3,"1,511","5,474","6,767",2,940,,,"20,564,497","5,908","565,050,396","162,324",
48,TX,"Hunt County, TX",48231,Hunt County,33.123292,-96.084202,,89068,9,47041,7,3,30907,"479,146","53,649",5,"39,138","220,396","517,835",6,"31,154",,,"55,866,537",627,"1,232,303,924","13,836",
48,TX,"Hutchinson County, TX",48233,Hutchinson County,35.837047,-101.362746,,21782,5,12934,4,4,40504,"93,310","9,365",4,"11,067","53,111","308,564",14,"7,910",,,"9,693,915",445,"186,913,098","8,581",
48,TX,"Irion County, TX",48235,Irion County,31.303424,-100.981304,,1631,1,871,1,3,30101,"8,928","1,130",5,856,"4,107","8,097",5,632,,,"5,392,893","3,306","122,073,887","74,846",
48,TX,"Jack County, TX",48237,Jack County,33.232093,-98.171609,,8866,3,4092,1,3,30301,"46,951","5,245",5,"4,063","21,596","60,490",7,"3,066",,,"5,825,868",657,"126,314,010","14,247",
48,TX,"Jackson County, TX",48239,Jackson County,28.959802,-96.58908,,14678,4,7329,2,2,20402,"76,988","9,261",5,"6,608","35,413","55,175",4,"5,164",,,"15,237,522","1,038","321,489,237","21,903",
48,TX,"Jasper County, TX",48241,Jasper County,30.752932,-94.022294,,35640,6,16694,4,2,20604,"206,213","20,191",6,"18,584","78,772","102,503",3,"11,910",,,"18,377,957",516,"386,090,007","10,833",
48,TX,"Jeff Davis County, TX",48243,Jeff Davis County,30.621957,-104.191304,,2221,1,759,1,3,30101,"10,846","1,312",5,"1,628","4,989","17,317",8,"1,013",,,"4,614,308","2,078","107,125,071","48,233",
48,TX,"Jefferson County, TX",48245,Jefferson County,29.854,-94.149331,,252993,11,206434,11,2,21111,"1,279,590","123,853",5,"106,081","488,795","1,785,497",7,"94,097",,,"132,304,215",523,"2,576,309,864","10,183",
48,TX,"Jim Hogg County, TX",48247,Jim Hogg County,27.041212,-98.700127,,5218,2,2015,1,2,20201,"22,547","2,716",4,"2,362","8,613","15,301",3,"1,592",,,"3,819,289",732,"80,272,145","15,384",
48,TX,"Jim Wells County, TX",48249,Jim Wells County,27.733516,-98.090814,,41486,7,26169,6,2,20706,"212,019","25,589",5,"20,450","97,524","153,914",4,"13,557",,,"19,547,936",471,"419,473,847","10,111",
48,TX,"Johnson County, TX",48251,Johnson County,32.379821,-97.364959,,157544,10,73206,8,3,31008,"812,805","90,643",5,"67,364","373,872","615,717",4,"53,880",,,"62,909,447",399,"1,268,248,020","8,050",
48,TX,"Jones County, TX",48253,Jones County,32.743709,-99.87443,,19944,5,4511,1,3,30501,"78,570","8,970",4,"7,304","36,141","109,716",6,"5,580",,,"9,841,259",493,"202,407,660","10,149",
48,TX,"Karnes County, TX",48255,Karnes County,28.908996,-97.852205,,14984,4,9237,3,2,20403,"60,867","7,303",4,"5,820","27,997","55,552",4,"4,288",,,"12,313,559",822,"261,709,177","17,466",
48,TX,"Kaufman County, TX",48257,Kaufman County,32.598944,-96.288378,,111830,9,48520,7,3,30907,"592,975","66,171",5,"38,768","272,755","614,701",5,"35,739",,,"75,187,123",672,"1,545,555,721","13,821",
48,TX,"Kendall County, TX",48259,Kendall County,29.943525,-98.709269,,39010,7,24690,5,3,30705,"193,967","19,810",5,"15,010","89,220","113,496",3,"13,390",,,"18,513,037",475,"426,004,479","10,920",
48,TX,"Kenedy County, TX",48261,Kenedy County,26.890213,-97.591143,,558,1,271,1,2,20101,"2,414",282,4,448,"1,110","1,109",2,170,,,"6,450,204","11,560","141,151,271","252,959",
48,TX,"Kent County, TX",48263,Kent County,33.18478,-100.76972,,667,1,96,1,3,30101,"4,170",466,6,483,"1,918","2,143",3,284,,,"1,255,916","1,883","26,647,702","39,952",
48,TX,"Kerr County, TX",48265,Kerr County,30.059953,-99.353339,,50505,7,32015,6,3,30706,"254,224","24,908",5,"30,024","116,937","196,671",4,"20,476",,,"21,729,290",430,"472,006,177","9,346",
48,TX,"Kimble County, TX",48267,Kimble County,30.479472,-99.746396,,4453,1,1836,1,3,30101,"31,108","3,370",7,"3,444","14,309","48,015",11,"2,119",,,"8,668,647","1,947","233,695,822","52,481",
48,TX,"King County, TX",48269,King County,33.614268,-100.245345,,274,1,0,1,3,30101,"1,047",99,4,170,482,"1,185",4,114,,,"1,838,144","6,709","40,925,437","149,363",
48,TX,"Kinney County, TX",48271,Kinney County,29.347086,-100.4177,,3578,1,611,1,2,20101,"14,750","1,710",4,"1,801","6,785","16,022",4,"1,139",,,"5,163,745","1,443","110,025,912","30,751",
48,TX,"Kleberg County, TX",48273,Kleberg County,27.438735,-97.66062,,31877,6,13880,4,2,20604,"158,634","19,128",5,"14,415","72,968","128,867",4,"10,777",,,"17,157,227",538,"354,547,836","11,122",
48,TX,"Knox County, TX",48275,Knox County,33.616657,-99.747112,,3807,1,1160,1,3,30101,"15,823","1,895",4,"2,019","7,278","38,287",10,"1,374",,,"2,936,724",771,"60,469,926","15,884",
48,TX,"Lamar County, TX",48277,Lamar County,33.667263,-95.570348,,49626,7,34034,6,3,30706,"272,850","30,502",5,"25,871","125,505","337,437",7,"19,077",,,"24,263,530",489,"477,361,842","9,619",
48,TX,"Lamb County, TX",48279,Lamb County,34.068861,-102.348018,,13561,4,4071,1,4,40401,"54,487","5,434",4,"6,367","31,013","174,557",13,"4,817",,,"10,195,872",752,"202,342,721","14,921",
48,TX,"Lampasas County, TX",48281,Lampasas County,31.196731,-98.240889,,20357,5,7286,2,3,30502,"108,952","12,076",5,"8,960","50,115","81,856",4,"7,583",,,"11,320,676",556,"233,880,471","11,489",
48,TX,"La Salle County, TX",48283,La Salle County,28.351098,-99.096774,,7319,2,5517,2,2,20202,"27,509","3,300",4,"3,103","12,653","9,614",1,"2,101",,,"14,724,786","2,012","399,057,342","54,523",
48,TX,"Lavaca County, TX",48285,Lavaca County,29.382578,-96.923633,,19654,5,11033,3,2,20503,"107,238","12,219",5,"11,563","49,327","82,854",4,"7,741",,,"11,600,142",590,"240,736,188","12,249",
48,TX,"Lee County, TX",48287,Lee County,30.321078,-96.976321,,16754,4,11192,3,2,20403,"87,220","9,351",5,"7,598","40,119","69,317",4,"6,014",,,"8,931,966",533,"189,965,103","11,338",
48,TX,"Leon County, TX",48289,Leon County,31.300493,-95.995622,,16923,5,8763,3,2,20503,"94,625","10,391",6,"9,853","43,525","57,136",3,"6,279",,,"23,552,685","1,392","591,904,773","34,976",
48,TX,"Liberty County, TX",48291,Liberty County,30.158451,-94.844078,,78598,8,25083,5,2,20805,"452,526","44,488",6,"29,435","172,862","215,110",3,"25,611",,,"41,169,583",524,"817,532,479","10,401",
48,TX,"Limestone County, TX",48293,Limestone County,31.547543,-96.593623,,23469,5,10050,3,2,20503,"113,399","12,461",5,"10,589","52,161","141,784",6,"8,046",,,"12,760,757",544,"257,215,077","10,960",
48,TX,"Lipscomb County, TX",48295,Lipscomb County,36.2802,-100.272683,,3507,1,1308,1,4,40101,"14,860","1,495",4,"1,540","8,458","67,132",19,"1,235",,,"2,693,830",768,"54,042,762","15,410",
48,TX,"Live Oak County, TX",48297,Live Oak County,28.351535,-98.126961,,11976,4,5526,2,2,20402,"55,605","6,699",5,"7,027","25,577","20,552",2,"3,670",,,"18,650,534","1,557","500,925,117","41,827",
48,TX,"Llano County, TX",48299,Llano County,30.707584,-98.68469,,19624,5,7279,2,3,30502,"124,956","13,012",6,"14,806","57,477","69,349",4,"8,796",,,"10,199,020",520,"206,293,300","10,512",
48,TX,"Loving County, TX",48301,Loving County,31.844936,-103.561229,,76,1,10,1,3,30101,457,51,6,63,210,237,3,37,,,"2,399,832","31,577","48,466,928","637,723",
48,TX,"Lubbock County, TX",48303,Lubbock County,33.611469,-101.819944,,294682,12,227230,11,3,31211,"1,357,705","136,274",5,"126,508","772,796","3,200,379",11,"109,024",,,"122,044,231",414,"2,276,430,670","7,725",
48,TX,"Lynn County, TX",48305,Lynn County,33.178412,-101.818493,,5723,2,1102,1,3,30201,"25,469","2,609",4,"2,795","14,497","70,898",12,"2,157",,,"7,590,239","1,326","157,084,580","27,448",
48,TX,"McCulloch County, TX",48307,McCulloch County,31.205477,-99.359856,,8242,3,4270,1,3,30301,"40,796","5,130",5,"4,235","18,765","79,025",10,"3,101",,,"7,315,002",888,"151,411,488","18,371",
48,TX,"McLennan County, TX",48309,McLennan County,31.549493,-97.201472,,243394,11,209464,11,2,21111,"1,192,892","132,963",5,"96,485","548,702","1,503,738",6,"87,185",,,"145,155,716",596,"2,875,540,734","11,814",
48,TX,"McMullen County, TX",48311,McMullen County,28.384922,-98.578853,,671,1,1044,1,2,20101,"3,113",375,5,670,"1,432","1,191",2,233,,,"4,125,858","6,149","100,329,331","149,522",
48,TX,"Madison County, TX",48313,Madison County,30.966878,-95.930372,,13843,4,5820,2,2,20402,"64,370","6,372",5,"5,162","24,589","58,395",4,"4,121",,,"14,748,996","1,065","389,710,939","28,152",
48,TX,"Marion County, TX",48315,Marion County,32.798182,-94.356853,,10191,3,3374,1,3,30301,"64,314","6,399",6,"7,006","36,607","48,076",5,"4,387",,,"5,109,441",501,"104,427,149","10,247",
48,TX,"Martin County, TX",48317,Martin County,32.30983,-101.961836,,5451,2,2197,1,3,30201,"26,156","2,930",5,"1,896","12,031","39,842",7,"1,629",,,"8,758,276","1,607","217,763,556","39,949",
48,TX,"Mason County, TX",48319,Mason County,30.703229,-99.237613,,4064,1,1555,1,3,30101,"22,593","2,739",6,"2,721","10,392","21,773",5,"1,688",,,"3,752,161",923,"79,956,349","19,674",
48,TX,"Matagorda County, TX",48321,Matagorda County,28.77476,-96.001532,,36719,6,14894,4,2,20604,"202,669","23,998",6,"19,104","93,223","181,964",5,"13,666",,,"17,749,013",483,"354,691,586","9,660",
48,TX,"Maverick County, TX",48323,Maverick County,28.729787,-100.316678,,56830,7,25034,5,2,20705,"228,323","27,529",4,"18,063","105,023","165,681",3,"16,221",,,"22,890,153",403,"445,613,843","7,841",
48,TX,"Medina County, TX",48325,Medina County,29.353661,-99.111085,,47920,7,14297,4,2,20704,"227,216","25,626",5,"18,122","104,514","111,407",2,"15,104",,,"23,070,390",481,"513,331,106","10,712",
48,TX,"Menard County, TX",48327,Menard County,30.884392,-99.853962,,2163,1,334,1,3,30101,"12,416","1,383",6,"1,640","5,711","13,974",6,936,,,"2,430,293","1,124","52,017,661","24,049",
48,TX,"Midland County, TX",48329,Midland County,31.870896,-102.024326,,155817,10,162206,10,3,31010,"836,248","93,560",5,"57,134","384,655","1,472,048",9,"53,960",,,"77,562,100",498,"1,571,158,709","10,083",
48,TX,"Milam County, TX",48331,Milam County,30.791242,-96.984395,,24372,5,8948,3,2,20503,"132,396","14,509",5,"11,225","60,899","162,707",7,"9,423",,,"15,247,231",626,"315,916,195","12,962",
48,TX,"Mills County, TX",48333,Mills County,31.494888,-98.594623,,4871,1,1548,1,3,30101,"25,128","3,244",5,"2,843","11,558","25,010",5,"1,875",,,"4,400,551",903,"96,937,385","19,901",
48,TX,"Mitchell County, TX",48335,Mitchell County,32.304117,-100.924392,,8995,3,2100,1,3,30301,"37,629","4,217",4,"4,613","17,309","58,356",6,"2,660",,,"10,437,008","1,160","268,995,574","29,905",
48,TX,"Montague County, TX",48337,Montague County,33.678356,-97.725014,,19384,5,7447,2,3,30502,"118,585","13,244",6,"10,025","54,546","156,761",8,"8,083",,,"12,783,179",659,"266,684,323","13,758",
48,TX,"Montgomery County, TX",48339,Montgomery County,30.300611,-95.494719,,518849,13,310900,12,2,21312,"2,800,028","282,403",5,"193,689","1,287,948","3,254,554",6,"179,587",,,"215,797,208",416,"4,597,162,374","8,860",
48,TX,"Moore County, TX",48341,Moore County,35.835676,-101.890502,,22186,5,15284,4,4,40504,"79,845","8,005",4,"8,308","45,447","270,163",12,"6,772",,,"10,005,551",451,"196,384,482","8,852",
48,TX,"Morris County, TX",48343,Morris County,33.116466,-94.731265,,12653,4,6565,2,3,30402,"76,814","7,637",6,"6,740","43,722","97,194",8,"5,015",,,"8,361,408",661,"199,637,496","15,778",
48,TX,"Motley County, TX",48345,Motley County,34.057899,-100.793152,,1022,1,208,1,3,30101,"4,814",552,5,832,"2,214","4,221",4,475,,,"1,754,972","1,717","37,373,173","36,569",
48,TX,"Nacogdoches County, TX",48347,Nacogdoches County,31.62056,-94.62025,,65556,8,35846,6,3,30806,"319,133","35,615",5,"28,113","146,794","304,389",5,"23,942",,,"31,217,454",476,"617,483,641","9,419",
48,TX,"Navarro County, TX",48349,Navarro County,32.048448,-96.476909,,48177,7,26748,6,3,30706,"252,413","28,158",5,"25,197","116,104","328,700",7,"17,409",,,"39,509,092",820,"796,099,390","16,524",
48,TX,"Newton County, TX",48351,Newton County,30.786718,-93.73925,,14138,4,1955,1,2,20401,"76,244","7,824",5,"7,808","29,125","41,315",3,"4,629",,,"6,405,744",453,"134,712,848","9,528",
48,TX,"Nolan County, TX",48353,Nolan County,32.312338,-100.418108,,15017,4,8718,3,3,30403,"76,841","8,616",5,"8,096","35,345","138,624",9,"5,625",,,"16,243,871","1,082","392,682,961","26,149",
48,TX,"Nueces County, TX",48355,Nueces County,27.738737,-97.51866,,355667,12,292686,12,2,21212,"1,849,726","222,927",5,"149,820","850,831","1,848,232",5,"128,133",,,"172,184,698",484,"3,246,473,889","9,128",
48,TX,"Ochiltree County, TX",48357,Ochiltree County,36.278744,-100.815864,,10577,3,7357,2,4,40302,"43,235","4,339",4,"4,246","24,609","248,320",23,"3,587",,,"4,461,881",422,"86,731,776","8,200",
48,TX,"Oldham County, TX",48359,Oldham County,35.401921,-102.59762,,2069,1,718,1,4,40101,"7,723",774,4,834,"4,396","21,039",10,616,,,"11,355,050","5,488","323,709,250","156,457",
48,TX,"Orange County, TX",48361,Orange County,30.122323,-93.8941,,83751,8,38494,7,2,20807,"503,323","48,717",6,"35,747","192,266","415,508",5,"32,269",,,"52,734,727",630,"1,055,910,156","12,608",
48,TX,"Palo Pinto County, TX",48363,Palo Pinto County,32.752204,-98.317967,,27922,6,11732,4,3,30604,"138,800","15,463",5,"17,100","63,845","177,002",6,"10,416",,,"16,283,942",583,"403,324,802","14,445",
48,TX,"Panola County, TX",48365,Panola County,32.163978,-94.305156,,23771,5,13399,4,3,30504,"135,248","13,899",6,"12,297","76,982","166,301",7,"8,905",,,"14,437,036",607,"300,058,101","12,623",
48,TX,"Parker County, TX",48367,Parker County,32.777096,-97.805905,,123601,9,57040,8,3,30908,"693,903","77,226",6,"53,691","319,179","399,360",3,"43,270",,,"66,110,638",535,"1,429,944,235","11,569",
48,TX,"Parmer County, TX",48369,Parmer County,34.532163,-102.784853,,9921,3,4568,1,4,40301,"38,027","3,818",4,"3,950","21,645","132,221",13,"3,219",,,"8,281,611",835,"165,419,011","16,674",
48,TX,"Pecos County, TX",48371,Pecos County,30.770894,-102.71986,,15826,4,7745,3,3,30403,"56,590","6,574",4,"5,528","26,030","92,901",6,"4,334",,,"20,734,623","1,310","504,468,090","31,876",
48,TX,"Polk County, TX",48373,Polk County,30.784553,-94.837338,,46583,7,16842,4,2,20704,"283,624","28,427",6,"26,551","108,342","150,216",3,"17,790",,,"23,453,579",503,"478,892,545","10,280",
48,TX,"Potter County, TX",48375,Potter County,35.398675,-101.893804,,121883,9,122761,9,4,40909,"437,727","43,902",4,"51,125","249,151","1,689,525",14,"43,154",,,"64,880,216",532,"1,257,012,096","10,313",
48,TX,"Presidio County, TX",48377,Presidio County,30.005891,-104.261619,,7144,2,1760,1,3,30201,"27,450","3,320",4,"3,908","12,626","258,680",36,"2,565",,,"6,199,054",868,"125,524,535","17,571",
48,TX,"Rains County, TX",48379,Rains County,32.87058,-95.79544,,11087,3,2649,1,3,30301,"65,642","7,330",6,"8,366","30,194","30,501",3,"4,252",,,"6,181,312",558,"128,175,105","11,561",
48,TX,"Randall County, TX",48381,Randall County,34.962529,-101.895547,,128603,10,64510,8,4,41008,"553,875","55,559",4,"55,724","315,262","1,701,130",13,"48,893",,,"41,574,686",323,"835,118,545","6,494",
48,TX,"Reagan County, TX",48383,Reagan County,31.375191,-101.514395,,3625,1,2992,1,3,30101,"19,169","2,154",5,"1,356","8,817","27,483",8,"1,190",,,"8,280,678","2,284","177,646,601","49,006",
48,TX,"Real County, TX",48385,Real County,29.830097,-99.812549,,3348,1,1375,1,2,20101,"15,573","1,788",5,"2,697","7,163","10,655",3,"1,192",,,"2,582,825",771,"53,607,250","16,012",
48,TX,"Red River County, TX",48387,Red River County,33.619625,-95.048429,,12455,4,2509,1,3,30401,"72,499","8,095",6,"10,851","33,348","87,327",7,"5,163",,,"7,411,238",595,"153,609,038","12,333",
48,TX,"Reeves County, TX",48389,Reeves County,31.308366,-103.712706,,14438,4,6917,2,3,30402,"44,783","5,197",3,"4,571","20,599","110,998",8,"3,764",,,"20,058,824","1,389","487,983,197","33,799",
48,TX,"Refugio County, TX",48391,Refugio County,28.312716,-97.161366,,7315,2,3453,1,2,20201,"42,205","5,079",6,"3,728","19,413","39,228",5,"2,761",,,"11,928,291","1,631","259,553,529","35,482",
48,TX,"Roberts County, TX",48393,Roberts County,35.836216,-100.807555,,939,1,138,1,4,40101,"4,505",453,5,434,"2,564","10,993",12,342,,,"2,104,801","2,242","44,290,681","47,168",
48,TX,"Robertson County, TX",48395,Robertson County,31.025481,-96.514941,,16537,4,5343,2,2,20402,"92,825","10,174",6,"8,766","42,698","108,621",7,"6,366",,,"15,781,289",954,"334,825,608","20,247",
48,TX,"Rockwall County, TX",48397,Rockwall County,32.898677,-96.404402,,88010,9,51292,7,3,30907,"500,001","55,787",6,"30,393","229,989","769,716",9,"29,392",,,"47,294,421",537,"918,540,003","10,437",
48,TX,"Runnels County, TX",48399,Runnels County,31.845112,-99.982715,,10411,3,4237,1,3,30301,"50,403","5,709",5,"5,198","23,184","111,020",11,"3,792",,,"7,178,058",689,"151,959,904","14,596",
48,TX,"Rusk County, TX",48401,Rusk County,32.109423,-94.756382,,53197,7,20795,5,3,30705,"269,137","28,909",5,"25,790","153,191","345,911",7,"17,795",,,"20,467,327",385,"417,738,460","7,853",
48,TX,"Sabine County, TX",48403,Sabine County,31.3433,-93.851913,,10367,3,2604,1,3,30301,"49,952","5,964",5,"8,981","22,977","33,132",3,"3,682",,,"3,963,878",382,"81,613,924","7,872",
48,TX,"San Augustine County, TX",48405,San Augustine County,31.382449,-94.16318,,8556,3,2117,1,3,30301,"45,070","5,097",5,"5,992","20,731","34,394",4,"2,972",,,"5,123,688",599,"105,287,863","12,306",
48,TX,"San Jacinto County, TX",48407,San Jacinto County,30.574388,-95.163136,,27172,6,2139,1,2,20601,"159,609","16,064",6,"14,747","60,970","53,870",2,"9,631",,,"11,108,331",409,"232,558,035","8,559",
48,TX,"San Patricio County, TX",48409,San Patricio County,28.011794,-97.517157,,66706,8,31331,6,2,20806,"369,702","44,550",6,"27,181","170,054","300,294",5,"23,237",,,"40,942,886",614,"872,965,076","13,087",
48,TX,"San Saba County, TX",48411,San Saba County,31.155138,-98.819292,,5881,2,1743,1,3,30201,"26,353","3,472",4,"3,158","12,122","29,541",5,"2,110",,,"3,660,015",622,"76,259,093","12,967",
48,TX,"Schleicher County, TX",48413,Schleicher County,30.896233,-100.527216,,3171,1,669,1,3,30101,"16,842","1,833",5,"1,494","7,747","27,327",9,"1,091",,,"3,439,870","1,085","74,033,027","23,347",
48,TX,"Scurry County, TX",48415,Scurry County,32.744353,-100.913346,,17314,5,9828,3,3,30503,"84,631","9,459",5,"7,093","38,928","132,703",8,"5,908",,,"11,025,976",637,"232,120,135","13,406",
48,TX,"Shackelford County, TX",48417,Shackelford County,32.74382,-99.347005,,3323,1,2036,1,3,30101,"18,943","2,120",6,"1,737","8,713","27,247",8,"1,317",,,"3,643,017","1,096","77,441,760","23,305",
48,TX,"Shelby County, TX",48419,Shelby County,31.790139,-94.142579,,25705,6,12467,4,3,30604,"146,575","15,224",6,"13,359","83,430","134,728",5,"9,120",,,"15,593,629",607,"316,938,561","12,330",
48,TX,"Sherman County, TX",48421,Sherman County,36.278593,-101.899265,,3069,1,653,1,4,40101,"12,257","1,228",4,"1,393","6,977","41,802",14,"1,017",,,"4,744,742","1,546","100,054,486","32,602",
48,TX,"Smith County, TX",48423,Smith County,32.375106,-95.268743,,219745,11,182888,10,3,31110,"1,093,900","121,977",5,"89,407","503,168","1,345,594",6,"78,040",,,"121,321,056",552,"2,489,430,005","11,329",
48,TX,"Somervell County, TX",48425,Somervell County,32.218071,-97.769217,,8673,3,5938,2,3,30302,"46,253","5,156",5,"5,798","21,275","31,423",4,"3,241",,,"4,665,890",538,"97,257,978","11,214",
48,TX,"Starr County, TX",48427,Starr County,26.530903,-98.740235,,63008,8,17350,5,2,20805,"229,608","27,569",4,"19,675","105,614","53,019",1,"16,219",,,"23,287,973",370,"459,545,976","7,293",
48,TX,"Stephens County, TX",48429,Stephens County,32.736306,-98.836119,,9787,3,4017,1,3,30301,"48,611","5,430",5,"4,860","22,360","63,811",7,"3,338",,,"4,458,881",456,"92,942,199","9,496",
48,TX,"Sterling County, TX",48431,Sterling County,31.835773,-101.054911,,1233,1,589,1,3,30101,"6,963",782,6,585,"3,203","9,860",8,453,,,"4,544,145","3,685","101,722,846","82,500",
48,TX,"Stonewall County, TX",48433,Stonewall County,33.17958,-100.253807,,1233,1,641,1,3,30101,"6,851",785,6,884,"3,151","3,962",3,501,,,"2,665,918","2,162","58,115,957","47,134",
48,TX,"Sutton County, TX",48435,Sutton County,30.51768,-100.50527,,3936,1,2008,1,3,30101,"21,564","2,339",5,"2,005","9,919","39,348",10,"1,481",,,"8,739,222","2,220","245,999,541","62,500",
48,TX,"Swisher County, TX",48437,Swisher County,34.526319,-101.743862,,7639,3,1929,1,4,40301,"29,091","2,925",4,"3,350","16,559","111,901",15,"2,630",,,"7,735,339","1,013","187,237,785","24,511",
48,TX,"Tarrant County, TX",48439,Tarrant County,32.772119,-97.291224,,1947529,16,1542176,16,3,31616,"9,738,677","1,086,087",5,"739,524","4,479,565","14,575,028",7,"682,967",,,"972,817,239",500,"18,289,611,792","9,391",
48,TX,"Taylor County, TX",48441,Taylor County,32.297327,-99.890179,,135234,10,111157,9,3,31009,"601,156","71,372",4,"58,575","276,518","1,211,318",9,"49,489",,,"64,137,895",474,"1,268,996,489","9,384",
48,TX,"Terrell County, TX",48443,Terrell County,30.232343,-102.072513,,778,1,62,1,3,30101,"4,603",544,6,759,"2,117","32,347",42,396,,,"1,912,120","2,458","53,122,516","68,281",
48,TX,"Terry County, TX",48445,Terry County,33.171229,-102.339284,,12724,4,4892,1,3,30401,"44,313","4,576",3,"5,076","25,223","163,376",13,"4,214",,,"11,943,736",939,"243,447,629","19,133",
48,TX,"Throckmorton County, TX",48447,Throckmorton County,33.170695,-99.205796,,1520,1,404,1,3,30101,"10,028","1,122",7,"1,055","4,613","11,816",8,725,,,"2,271,712","1,495","47,553,817","31,285",
48,TX,"Titus County, TX",48449,Titus County,33.214599,-94.966783,,32592,6,26940,6,3,30606,"165,288","17,023",5,"13,450","94,081","141,672",4,"10,573",,,"22,046,821",676,"505,394,912","15,507",
48,TX,"Tom Green County, TX",48451,Tom Green County,31.398823,-100.463788,,116264,9,79568,8,3,30908,"508,021","60,132",4,"47,090","233,678","820,217",7,"43,311",,,"47,625,144",410,"924,788,521","7,954",
48,TX,"Travis County, TX",48453,Travis County,30.239513,-97.69127,,1148176,15,1165778,15,2,21515,"4,865,369","519,327",4,"475,358","2,237,957","8,456,510",7,"437,831",,,"589,842,826",514,"11,200,366,898","9,755",
48,TX,"Trinity County, TX",48455,Trinity County,31.096675,-95.151687,,14360,4,3061,1,2,20401,"85,395","8,699",6,"9,629","32,620","50,446",4,"5,459",,,"7,056,751",491,"146,306,530","10,188",
48,TX,"Tyler County, TX",48457,Tyler County,30.769295,-94.375656,,21371,5,4489,1,2,20501,"128,768","12,874",6,"11,724","49,189","46,306",2,"7,608",,,"9,422,834",441,"197,100,166","9,223",
48,TX,"Upshur County, TX",48459,Upshur County,32.735349,-94.941184,,40295,7,9170,3,3,30703,"213,628","21,421",5,"18,762","121,595","162,722",4,"13,941",,,"17,678,356",439,"367,660,134","9,124",
48,TX,"Upton County, TX",48461,Upton County,31.353816,-102.041546,,3475,1,2084,1,3,30101,"19,286","2,161",6,"1,544","8,871","26,813",8,"1,263",,,"4,279,842","1,232","94,127,661","27,087",
48,TX,"Uvalde County, TX",48463,Uvalde County,29.350308,-99.768427,,27055,6,17505,5,2,20605,"114,717","13,759",4,"11,025","52,767","72,185",3,"8,512",,,"13,629,952",504,"278,036,539","10,277",
48,TX,"Val Verde County, TX",48465,Val Verde County,29.875285,-101.143324,,48862,7,21334,5,2,20705,"202,981","24,357",4,"18,860","93,366","81,485",2,"14,977",,,"15,552,802",318,"304,577,461","6,233",
48,TX,"Van Zandt County, TX",48467,Van Zandt County,32.558787,-95.836906,,53070,7,16047,4,3,30704,"293,348","32,712",6,"25,195","134,933","196,691",4,"19,059",,,"39,788,605",750,"931,716,442","17,556",
48,TX,"Victoria County, TX",48469,Victoria County,28.79637,-96.971198,,90989,9,68640,8,2,20908,"464,043","55,842",5,"36,262","213,449","392,366",4,"32,513",,,"42,764,251",470,"862,820,155","9,483",
48,TX,"Walker County, TX",48471,Walker County,30.743163,-95.569825,,69926,8,24177,5,2,20805,"294,391","29,090",4,"25,061","112,456","148,745",2,"20,695",,,"43,390,626",621,"967,254,671","13,833",
48,TX,"Waller County, TX",48473,Waller County,30.013578,-95.982102,,47049,7,21429,5,2,20705,"231,571","25,155",5,"15,998","88,459","129,863",3,"14,082",,,"32,932,362",700,"742,683,732","15,785",
48,TX,"Ward County, TX",48475,Ward County,31.513069,-103.105113,,11396,4,6915,2,3,30402,"52,437","5,862",5,"4,676","24,120","100,398",9,"3,926",,,"13,364,575","1,173","339,558,672","29,796",
48,TX,"Washington County, TX",48477,Washington County,30.215075,-96.410272,,34544,6,25131,5,2,20605,"181,059","17,784",5,"15,779","83,283","137,457",4,"11,984",,,"21,901,096",634,"457,683,089","13,249",
48,TX,"Webb County, TX",48479,Webb County,27.760799,-99.340752,,266006,11,154538,10,2,21110,"1,053,768","126,965",4,"78,308","484,709","840,778",3,"71,092",,,"93,339,935",351,"1,815,756,960","6,826",
48,TX,"Wharton County, TX",48481,Wharton County,29.27848,-96.229674,,41377,7,22788,5,2,20705,"235,141","26,829",6,"17,297","108,159","225,625",5,"14,979",,,"30,226,336",731,"616,956,538","14,911",
48,TX,"Wheeler County, TX",48483,Wheeler County,35.392593,-100.253107,,5642,2,3277,1,3,30201,"28,909","2,843",5,"3,044","16,455","91,063",16,"2,330",,,"9,065,736","1,607","236,926,836","41,993",
48,TX,"Wichita County, TX",48485,Wichita County,33.991103,-98.716851,,132148,10,89814,9,3,31009,"645,284","72,008",5,"55,255","296,816","1,330,644",10,"48,615",,,"56,884,642",430,"1,069,110,652","8,090",
48,TX,"Wilbarger County, TX",48487,Wilbarger County,34.08492,-99.24244,,13061,4,5793,2,3,30402,"68,914","7,713",5,"6,190","31,699","151,341",12,"5,219",,,"11,561,747",885,"245,124,864","18,768",
48,TX,"Willacy County, TX",48489,Willacy County,26.480381,-97.583256,,21944,5,3528,1,2,20501,"90,556","10,538",4,"7,177","41,653","387,317",18,"5,798",,,"7,980,619",364,"173,732,745","7,917",
48,TX,"Williamson County, TX",48491,Williamson County,30.64903,-97.605069,,490619,13,302286,12,2,21312,"2,136,392","237,392",4,"191,235","982,691","3,829,703",8,"165,425",,,"225,479,812",460,"4,371,447,267","8,910",
48,TX,"Wilson County, TX",48493,Wilson County,29.173883,-98.086734,,46444,7,12701,4,2,20704,"239,518","26,430",5,"27,617","110,173","99,884",2,"15,474",,,"16,797,570",362,"356,486,337","7,676",
48,TX,"Winkler County, TX",48495,Winkler County,31.831415,-103.055986,,7723,3,3502,1,3,30301,"32,932","3,685",4,"2,973","15,148","96,791",13,"2,623",,,"8,420,073","1,090","176,222,536","22,818",
48,TX,"Wise County, TX",48497,Wise County,33.219095,-97.653997,,62089,8,36064,6,3,30806,"359,535","39,921",6,"23,649","165,378","223,313",4,"21,427",,,"39,484,830",636,"815,475,150","13,134",
48,TX,"Wood County, TX",48499,Wood County,32.783588,-95.382166,,43198,7,17447,5,3,30705,"250,186","26,484",6,"27,552","115,080","177,207",4,"16,097",,,"18,891,640",437,"383,256,476","8,872",
48,TX,"Yoakum County, TX",48501,Yoakum County,33.162398,-102.832242,,8316,3,4664,1,4,40301,"33,206","3,595",4,"3,139","18,901","86,577",10,"2,674",,,"4,766,412",573,"100,440,575","12,078",
48,TX,"Young County, TX",48503,Young County,33.158788,-98.678281,,18275,5,11253,4,3,30504,"105,767","11,836",6,"8,544","48,650","167,383",9,"7,146",,,"8,192,821",448,"168,042,989","9,195",
48,TX,"Zapata County, TX",48505,Zapata County,26.996981,-99.182603,,14335,4,2996,1,2,20401,"67,107","8,084",5,"6,240","30,868","168,103",12,"4,501",,,"5,808,143",405,"123,445,914","8,612",
48,TX,"Zavala County, TX",48507,Zavala County,28.864652,-99.75983,,12107,4,2808,1,2,20401,"48,351","5,828",4,"4,313","22,240","160,283",13,"3,638",,,"9,550,943",789,"195,685,850","16,163",
49,UT,"Beaver County, UT",49001,Beaver County,38.357535,-113.238948,,6437,2,3299,1,5,50201,"19,687","2,282",3,"2,925","5,853","133,647",21,"2,261",,,"10,389,046","1,614","336,096,834","52,213",
49,UT,"Box Elder County, UT",49003,Box Elder County,41.621883,-113.043653,,51528,7,34607,6,6,60706,"144,663","16,423",3,"17,990","43,006","1,116,202",22,"16,655",,,"36,369,588",706,"1,089,180,479","21,138",
49,UT,"Cache County, UT",49005,Cache County,41.734168,-111.744568,,118824,9,84657,8,6,60908,"287,938","32,867",2,"38,961","85,600","2,534,043",21,"36,093",,,"30,562,045",257,"814,038,995","6,851",
49,UT,"Carbon County, UT",49007,Carbon County,39.673284,-110.588484,,20733,5,11385,4,6,60504,"64,551","7,482",3,"9,548","19,190","513,903",25,"7,744",,,"11,769,520",568,"325,944,524","15,721",
49,UT,"Daggett County, UT",49009,Daggett County,40.890099,-109.505785,,751,1,234,1,6,60101,"1,924",221,3,"1,163",572,"4,761",6,217,,,"1,372,077","1,827","40,201,259","53,530",
49,UT,"Davis County, UT",49011,Davis County,41.037559,-112.201943,,329292,12,174124,10,5,51210,"925,125","106,662",3,"102,761","275,028","7,391,505",22,"99,495",,,"107,819,696",327,"2,804,792,694","8,518",
49,UT,"Duchesne County, UT",49013,Duchesne County,40.289649,-110.42983,,20078,5,11343,4,6,60504,"67,769","6,489",3,"9,736","20,147","299,102",15,"6,573",,,"12,299,186",613,"348,672,424","17,366",
49,UT,"Emery County, UT",49015,Emery County,39.009025,-110.7211,,10570,3,3508,1,5,50301,"31,455","3,646",3,"4,473","9,351","206,130",20,"3,514",,,"14,341,638","1,357","442,724,187","41,885",
49,UT,"Garfield County, UT",49017,Garfield County,37.831664,-111.450908,,5020,2,2574,1,5,50201,"15,207","1,760",3,"3,782","4,521","60,973",12,"1,654",,,"6,589,461","1,313","190,470,024","37,942",
49,UT,"Grand County, UT",49019,Grand County,38.974326,-109.57345,,9428,3,8832,3,5,50303,"32,666","3,786",3,"5,033","9,711","251,861",27,"3,820",,,"14,950,841","1,586","462,644,304","49,071",
49,UT,"Iron County, UT",49021,Iron County,37.909304,-113.30674,,47751,7,24463,5,5,50705,"119,853","13,849",3,"19,993","35,631","891,841",19,"15,210",,,"29,663,930",621,"897,907,521","18,804",
49,UT,"Juab County, UT",49023,Juab County,39.71412,-112.790471,,10507,3,4820,1,5,50301,"28,180","3,266",3,"3,552","8,378","198,983",19,"3,155",,,"14,935,288","1,421","492,545,491","46,878",
49,UT,"Kane County, UT",49025,Kane County,37.275089,-111.815329,,7216,2,5219,2,5,50202,"26,725","2,836",4,"5,832","7,945","62,655",9,"2,592",,,"7,215,613","1,000","204,387,183","28,324",
49,UT,"Millard County, UT",49027,Millard County,39.094535,-113.525009,,12604,4,5455,2,5,50402,"36,560","4,238",3,"4,904","10,869","236,121",19,"4,163",,,"20,112,146","1,596","648,533,015","51,455",
49,UT,"Morgan County, UT",49029,Morgan County,41.091027,-111.577885,,10645,3,3144,1,6,60301,"29,445","3,413",3,"3,275","8,754","251,919",24,"3,079",,,"4,738,919",445,"155,475,282","14,605",
49,UT,"Piute County, UT",49031,Piute County,38.335881,-112.129375,,1859,1,91,1,5,50101,"4,500",521,2,929,"1,338","31,320",17,545,,,"1,632,476",878,"46,423,021","24,972",
49,UT,"Rich County, UT",49033,Rich County,41.627598,-111.240227,,2284,1,754,1,6,60101,"5,916",686,3,"2,877","1,759","32,015",14,625,,,"2,836,919","1,242","81,492,287","35,680",
49,UT,"Salt Lake County, UT",49035,Salt Lake County,40.667883,-111.92424,,1092518,15,1161621,15,5,51515,"3,058,642","353,812",3,"374,736","909,296","25,864,880",24,"356,061",,,"373,363,018",342,"9,841,052,083","9,008",
49,UT,"San Juan County, UT",49037,San Juan County,37.602633,-109.791574,,15540,4,5235,2,5,50402,"33,153","3,843",2,"5,794","9,856","197,757",13,"3,950",,,"14,950,931",962,"423,381,912","27,245",
49,UT,"Sanpete County, UT",49039,Sanpete County,39.382531,-111.572883,,28551,6,9849,3,5,50603,"69,559","8,063",2,"10,452","20,679","503,572",18,"8,082",,,"10,005,231",350,"278,648,782","9,760",
49,UT,"Sevier County, UT",49041,Sevier County,38.746824,-111.81193,,20913,5,12934,4,5,50504,"58,789","6,810",3,"8,475","17,477","443,697",21,"7,121",,,"13,087,803",626,"403,605,693","19,299",
49,UT,"Summit County, UT",49043,Summit County,40.87206,-110.968486,,39009,7,55130,7,6,60707,"136,101","15,760",3,"27,023","40,461","1,231,531",32,"14,542",,,"30,400,493",779,"942,113,324","24,151",
49,UT,"Tooele County, UT",49045,Tooele County,40.467753,-113.123979,,61986,8,21431,5,5,50805,"176,948","20,510",3,"20,305","52,604","1,281,761",21,"19,066",,,"29,967,569",483,"925,021,578","14,923",
49,UT,"Uintah County, UT",49047,Uintah County,40.125887,-109.517748,,36308,6,17945,5,6,60605,"118,155","9,258",3,"12,968","35,126","602,199",17,"10,722",,,"15,612,250",430,"437,714,457","12,056",
49,UT,"Utah County, UT",49049,Utah County,40.120425,-111.668508,,564177,13,407970,12,5,51312,"1,448,338","164,249",3,"157,755","430,573","10,824,715",19,"151,342",,,"185,844,557",329,"4,968,001,066","8,806",
49,UT,"Wasatch County, UT",49051,Wasatch County,40.334884,-111.161568,,27895,6,13372,4,6,60604,"79,438","9,173",3,"13,343","23,616","626,090",22,"8,693",,,"15,540,212",557,"435,357,359","15,607",
49,UT,"Washington County, UT",49053,Washington County,37.262531,-113.4878,,151959,10,98089,9,3,31009,"585,386","64,023",4,"62,026","174,028","2,205,179",15,"50,256",,,"59,493,726",392,"1,602,114,185","10,543",
49,UT,"Wayne County, UT",49055,Wayne County,38.25984,-110.990877,,2716,1,1088,1,5,50101,"9,658","1,118",4,"1,608","2,871","28,498",10,978,,,"2,494,956",919,"73,029,450","26,889",
49,UT,"Weber County, UT",49057,Weber County,41.270328,-111.876794,,241328,11,155048,10,5,51110,"665,987","77,195",3,"87,498","197,990","5,830,540",24,"80,159",,,"66,457,865",275,"1,763,440,588","7,307",
50,VT,"Addison County, VT",50001,Addison County,44.031248,-73.141581,,36926,6,24446,5,6,60605,"103,291","17,859",3,"16,057","26,411","21,163",1,"14,429",,,"13,521,199",366,"335,091,703","9,075",
50,VT,"Bennington County, VT",50003,Bennington County,43.035325,-73.11146,,36503,6,29780,6,6,60606,"108,061","18,656",3,"19,796","27,631","19,433",1,"15,399",,,"19,778,812",542,"492,593,156","13,495",
50,VT,"Caledonia County, VT",50005,Caledonia County,44.468791,-72.112168,,30859,6,17336,5,6,60605,"80,042","13,918",3,"15,211","20,467","21,209",1,"12,098",,,"13,490,962",437,"347,663,417","11,266",
50,VT,"Chittenden County, VT",50007,Chittenden County,44.463329,-73.06941,,160510,10,181272,10,6,61010,"393,157","67,603",2,"63,887","100,529","2,925,926",18,"64,012",,,"58,296,663",363,"1,490,223,151","9,284",
50,VT,"Essex County, VT",50009,Essex County,44.724021,-71.732736,,6173,2,898,1,6,60201,"17,339","3,162",3,"4,791","4,434","5,421",1,"2,691",,,"26,604,507","4,310","671,693,151","108,811",
50,VT,"Franklin County, VT",50011,Franklin County,44.858964,-72.909402,,48625,7,25420,6,6,60706,"131,675","23,400",3,"20,783","33,669","573,317",12,"18,472",,,"16,253,178",334,"418,290,193","8,602",
50,VT,"Grand Isle County, VT",50013,Grand Isle County,44.801787,-73.300759,,6945,2,1304,1,6,60201,"21,835","3,825",3,"4,841","5,583","25,298",4,"2,905",,,"2,983,503",430,"73,973,566","10,651",
50,VT,"Lamoille County, VT",50015,Lamoille County,44.603704,-72.638922,,25136,5,22557,5,6,60505,"63,870","11,816",3,"12,522","16,331","14,729",1,"10,342",,,"10,234,192",407,"257,913,191","10,261",
50,VT,"Orange County, VT",50017,Orange County,44.003392,-72.369687,,28897,6,12668,4,6,60604,"83,906","14,565",3,"14,250","21,455","20,934",1,"12,306",,,"13,892,494",481,"359,764,783","12,450",
50,VT,"Orleans County, VT",50019,Orleans County,44.828442,-72.25163,,27076,6,16622,4,6,60604,"69,309","13,298",3,"15,809","17,722","19,568",1,"11,360",,,"9,768,987",361,"247,201,288","9,130",
50,VT,"Rutland County, VT",50021,Rutland County,43.580858,-73.038202,,60133,8,47930,7,6,60807,"173,909","30,020",3,"32,019","44,468","34,492",1,"25,317",,,"21,557,291",358,"532,100,264","8,849",
50,VT,"Washington County, VT",50023,Washington County,44.274988,-72.609514,,58963,8,55316,7,6,60807,"162,787","28,215",3,"28,519","41,624","39,127",1,"24,581",,,"25,834,783",438,"665,360,387","11,284",
50,VT,"Windham County, VT",50025,Windham County,42.995335,-72.721955,,43609,7,42207,7,6,60707,"125,546","21,675",3,"28,344","32,102","24,008",1,"19,011",,,"24,154,104",554,"613,589,299","14,070",
50,VT,"Windsor County, VT",50027,Windsor County,43.572685,-72.598821,,55894,7,39644,7,6,60707,"162,214","27,998",3,"32,384","41,478","34,532",1,"24,184",,,"35,988,323",644,"918,972,452","16,441",
51,VA,"Accomack County, VA",51001,Accomack County,37.765944,-75.757807,,33060,6,17206,5,4,40605,"151,521","17,689",5,"22,981","52,379","76,117",2,"13,819",,,"22,305,319",675,"447,571,524","13,538",
51,VA,"Albemarle County, VA",51003,Albemarle County,38.024184,-78.553506,,104287,9,79550,8,4,40908,"553,043","62,059",5,"42,632","313,939","453,591",4,"39,431",,,"68,115,892",653,"1,519,488,692","14,570",
51,VA,"Alleghany County, VA",51005,Alleghany County,37.787905,-80.008669,,15919,4,4377,1,4,40401,"91,497","10,240",6,"7,802","33,622","107,336",7,"6,845",,,"11,864,449",745,"282,838,146","17,767",
51,VA,"Amelia County, VA",51007,Amelia County,37.331927,-77.977462,,12793,4,3576,1,4,40401,"78,316","8,805",6,"5,272","28,779","34,330",3,"4,540",,,"8,487,577",663,"175,683,351","13,733",
51,VA,"Amherst County, VA",51009,Amherst County,37.62861,-79.154281,,31999,6,12072,4,4,40604,"188,642","21,426",6,"13,645","107,084","83,961",3,"12,306",,,"15,399,115",481,"315,971,568","9,874",
51,VA,"Appomattox County, VA",51011,Appomattox County,37.370725,-78.81094,,15314,4,4887,1,4,40401,"95,121","10,716",6,"6,872","53,996","35,628",2,"5,972",,,"8,326,317",544,"170,021,001","11,102",
51,VA,"Arlington County, VA",51013,Arlington County,38.878337,-77.100703,,226092,11,264305,11,4,41111,"879,613","98,391",4,"107,438","499,319","3,124,950",14,"100,707",,,"63,017,705",279,"1,456,593,911","6,442",
51,VA,"Augusta County, VA",51015,Augusta County,38.171911,-79.147557,,74330,8,41204,7,4,40807,"388,477","43,496",5,"30,942","142,753","362,164",5,"28,425",,,"55,524,736",747,"1,313,921,162","17,677",
51,VA,"Bath County, VA",51017,Bath County,38.068368,-79.731203,,4558,1,4362,1,4,40101,"25,205","2,821",6,"3,318","9,262","15,621",3,"2,104",,,"2,599,407",570,"54,063,313","11,861",
51,VA,"Bedford County, VA",51019,Bedford County,37.312223,-79.527079,,76933,8,23456,5,4,40805,"474,605","54,687",6,"34,485","269,413","216,694",3,"30,821",,,"29,711,587",386,"609,668,067","7,925",
51,VA,"Bland County, VA",51021,Bland County,37.130612,-81.125853,,6612,2,2469,1,4,40201,"35,297","4,007",5,"3,166","20,037","16,509",2,"2,561",,,"7,915,383","1,197","194,852,908","29,470",
51,VA,"Botetourt County, VA",51023,Botetourt County,37.565481,-79.797553,,33192,6,20050,5,4,40605,"189,880","21,513",6,"14,282","69,775","257,630",8,"13,305",,,"25,579,376",771,"585,388,404","17,636",
51,VA,"Brunswick County, VA",51025,Brunswick County,36.764204,-77.861483,,16573,4,4503,1,4,40401,"99,178","11,168",6,"7,901","36,445","46,589",3,"6,148",,,"16,883,160","1,019","380,656,979","22,969",
51,VA,"Buchanan County, VA",51027,Buchanan County,37.26812,-82.038151,,23158,5,9847,3,4,40503,"136,351","15,480",6,"11,100","73,762","11,388",0,"9,124",,,"9,493,750",410,"193,005,903","8,334",
51,VA,"Buckingham County, VA",51029,Buckingham County,37.573928,-78.529169,,17030,5,3800,1,4,40501,"96,806","10,874",6,"7,057","54,952","35,865",2,"5,689",,,"7,885,531",463,"161,122,347","9,461",
51,VA,"Campbell County, VA",51031,Campbell County,37.210151,-79.095428,,55061,7,33592,6,4,40706,"336,328","37,940",6,"24,491","123,590","135,898",2,"22,294",,,"28,156,345",511,"579,578,498","10,526",
51,VA,"Caroline County, VA",51033,Caroline County,38.030319,-77.352348,,29640,6,7008,2,4,40602,"187,218","21,315",6,"11,627","68,797","125,325",4,"10,965",,,"32,215,007","1,087","765,564,399","25,829",
51,VA,"Carroll County, VA",51035,Carroll County,36.731928,-80.727865,,29733,6,9193,3,4,40603,"170,767","19,388",6,"16,101","96,937","60,864",2,"12,642",,,"25,978,693",874,"612,793,245","20,610",
51,VA,"Charles City County, VA",51036,Charles City County,37.361054,-77.05417,,7086,2,2980,1,4,40201,"47,198","5,279",7,"3,204","26,792","22,829",3,"2,854",,,"3,069,788",433,"62,536,164","8,825",
51,VA,"Charlotte County, VA",51037,Charlotte County,37.009042,-78.658568,,12232,4,3424,1,4,40401,"70,287","7,915",6,"6,099","25,828","20,026",2,"4,594",,,"7,436,151",608,"149,394,636","12,213",
51,VA,"Chesterfield County, VA",51041,Chesterfield County,37.378434,-77.585847,,331839,12,228744,11,4,41211,"1,787,478","200,033",5,"122,734","656,843","2,247,613",7,"118,908",,,"127,194,973",383,"2,815,181,002","8,484",
51,VA,"Clarke County, VA",51043,Clarke County,39.115381,-77.990836,,14307,4,6008,2,4,40402,"80,901","9,417",6,"6,094","29,728","77,850",5,"5,591",,,"13,753,463",961,"288,883,489","20,192",
51,VA,"Craig County, VA",51045,Craig County,37.473603,-80.231051,,5195,2,592,1,4,40201,"30,857","3,513",6,"2,861","11,339","18,934",4,"2,314",,,"2,080,754",401,"41,724,223","8,032",
51,VA,"Culpeper County, VA",51047,Culpeper County,38.48593,-77.956476,,48952,7,25792,6,4,40706,"255,595","28,722",5,"17,590","93,923","322,107",7,"16,904",,,"23,667,171",483,"494,494,068","10,102",
51,VA,"Cumberland County, VA",51049,Cumberland County,37.520189,-78.252836,,9769,3,1551,1,4,40301,"68,754","7,748",7,"4,525","25,265","30,084",3,"4,085",,,"3,739,390",383,"76,429,110","7,824",
51,VA,"Dickenson County, VA",51051,Dickenson County,37.137064,-82.34923,,15304,4,3669,1,4,40401,"90,115","10,218",6,"7,291","51,154","7,467",0,"6,055",,,"6,654,907",435,"134,235,258","8,771",
51,VA,"Dinwiddie County, VA",51053,Dinwiddie County,37.073498,-77.635492,,28155,6,8675,3,4,40603,"170,530","19,151",6,"11,232","62,664","90,202",3,"10,344",,,"21,053,262",748,"483,294,447","17,165",
51,VA,"Essex County, VA",51057,Essex County,37.93948,-76.941871,,11130,3,7054,2,4,40302,"69,296","7,785",6,"5,620","25,464","25,091",2,"4,447",,,"7,100,598",638,"145,302,859","13,055",
51,VA,"Fairfax County, VA",51059,Fairfax County,38.82952,-77.273252,,1132887,15,1171971,15,4,41515,"4,888,850","546,937",4,"398,733","1,796,501","16,470,599",15,"393,358",,,"465,649,233",411,"10,690,377,763","9,436",
51,VA,"Fauquier County, VA",51061,Fauquier County,38.744098,-77.821484,,68025,8,35474,6,4,40806,"381,702","42,855",6,"25,453","140,264","384,622",6,"23,890",,,"62,688,800",922,"1,387,844,076","20,402",
51,VA,"Floyd County, VA",51063,Floyd County,36.931438,-80.350309,,15587,4,4377,1,4,40401,"86,909","9,867",6,"7,665","49,335","54,067",3,"6,303",,,"7,297,325",468,"149,062,572","9,563",
51,VA,"Fluvanna County, VA",51065,Fluvanna County,37.830571,-78.283479,,26046,6,4970,1,4,40601,"161,221","18,086",6,"10,362","91,518","67,279",3,"9,829",,,"8,611,307",331,"177,051,338","6,798",
51,VA,"Franklin County, VA",51067,Franklin County,36.99115,-79.882663,,56230,7,24043,5,4,40705,"340,748","38,767",6,"28,580","193,428","178,035",3,"22,976",,,"25,934,642",461,"528,519,486","9,399",
51,VA,"Frederick County, VA",51069,Frederick County,39.203677,-78.263828,,82321,8,51344,7,4,40807,"449,592","52,317",5,"31,526","165,211","707,675",9,"29,914",,,"51,126,831",621,"1,175,615,680","14,281",
51,VA,"Giles County, VA",51071,Giles County,37.31193,-80.717207,,16871,4,7149,2,4,40402,"99,950","11,348",6,"8,088","56,737","65,465",4,"7,290",,,"11,324,594",671,"230,817,475","13,681",
51,VA,"Gloucester County, VA",51073,Gloucester County,37.403541,-76.523505,,37021,6,14496,4,4,40604,"239,797","26,823",6,"15,682","136,123","132,783",4,"14,511",,,"14,011,521",378,"293,184,904","7,919",
51,VA,"Goochland County, VA",51075,Goochland County,37.718814,-77.917626,,21979,5,28582,6,4,40506,"142,402","15,963",6,"8,631","80,835","98,528",4,"8,177",,,"34,622,632","1,575","814,767,359","37,070",
51,VA,"Grayson County, VA",51077,Grayson County,36.652229,-81.215324,,15180,4,3306,1,4,40401,"85,777","9,739",6,"8,891","48,692","26,411",2,"6,710",,,"8,170,415",538,"167,888,281","11,060",
51,VA,"Greene County, VA",51079,Greene County,38.297981,-78.470163,,19085,5,5019,2,4,40502,"108,211","12,516",6,"7,742","39,764","53,853",3,"7,107",,,"8,456,936",443,"176,865,263","9,267",
51,VA,"Greensville County, VA",51081,Greensville County,36.680336,-77.560277,,11698,4,3318,1,4,40401,"59,102","6,622",5,"3,993","21,718","21,469",2,"3,705",,,"13,746,431","1,175","331,164,834","28,310",
51,VA,"Halifax County, VA",51083,Halifax County,36.766461,-78.939614,,35305,6,19328,5,4,40605,"226,493","25,368",6,"17,541","83,229","94,603",3,"14,264",,,"19,799,702",561,"399,023,837","11,302",
51,VA,"Hanover County, VA",51085,Hanover County,37.760165,-77.490992,,102199,9,92909,9,4,40909,"616,275","69,521",6,"38,645","226,462","689,597",7,"37,724",,,"65,181,982",638,"1,512,599,276","14,801",
51,VA,"Henrico County, VA",51087,Henrico County,37.43752,-77.300333,,321921,12,348229,12,4,41212,"1,662,992","186,016",5,"131,081","611,098","3,234,528",10,"125,478",,,"119,459,821",371,"2,779,342,328","8,634",
51,VA,"Henry County, VA",51089,Henry County,36.620607,-79.980673,,52209,7,23183,5,4,40705,"330,245","37,494",6,"25,333","187,466","112,577",2,"22,136",,,"22,081,033",423,"460,875,539","8,828",
51,VA,"Highland County, VA",51091,Highland County,38.366243,-79.564472,,2230,1,591,1,4,40101,"14,928","1,726",7,"1,945","8,474","10,845",5,"1,121",,,"1,705,447",765,"34,996,958","15,694",
51,VA,"Isle of Wight County, VA",51093,Isle of Wight County,36.901418,-76.707569,,36027,6,17886,5,4,40605,"227,536","25,462",6,"14,651","83,613","245,690",7,"13,902",,,"18,670,785",518,"381,973,369","10,602",
51,VA,"James City County, VA",51095,James City County,37.324837,-76.777888,,71900,8,53295,7,4,40807,"376,596","42,125",5,"30,879","138,387","999,736",14,"28,352",,,"29,701,337",413,"681,513,437","9,479",
51,VA,"King and Queen County, VA",51097,King and Queen County,37.714372,-76.901855,,7140,2,984,1,4,40201,"44,687","5,021",6,"3,345","16,421","30,929",4,"2,807",,,"6,386,540",894,"131,609,414","18,433",
51,VA,"King George County, VA",51099,King George County,38.277049,-77.162769,,25260,5,12250,4,4,40504,"153,609","17,225",6,"9,497","56,447","114,654",5,"8,669",,,"12,666,845",501,"268,860,238","10,644",
51,VA,"King William County, VA",51101,King William County,37.70826,-77.091054,,16156,4,6182,2,4,40402,"104,506","11,730",6,"6,494","38,403","62,658",4,"6,066",,,"7,539,308",467,"154,785,753","9,581",
51,VA,"Lancaster County, VA",51103,Lancaster County,37.704843,-76.412663,,11055,3,8028,3,4,40303,"76,288","8,542",7,"7,362","28,033","53,920",5,"5,097",,,"6,034,823",546,"119,902,765","10,846",
51,VA,"Lee County, VA",51105,Lee County,36.701721,-83.130112,,24911,5,5271,2,4,40502,"139,734","14,138",6,"11,366","75,592","28,792",1,"9,282",,,"11,810,803",474,"244,950,690","9,833",
51,VA,"Loudoun County, VA",51107,Loudoun County,39.0812,-77.638898,,362435,12,302309,12,4,41212,"1,609,107","180,127",4,"118,813","591,297","5,653,253",16,"117,073",,,"106,975,412",295,"2,288,985,627","6,316",
51,VA,"Louisa County, VA",51109,Louisa County,37.972704,-77.959795,,34350,6,11562,4,4,40604,"210,300","23,653",6,"16,318","77,279","113,141",3,"13,146",,,"25,874,831",753,"603,758,824","17,577",
51,VA,"Lunenburg County, VA",51111,Lunenburg County,36.946094,-78.241985,,12450,4,3574,1,4,40401,"73,446","8,263",6,"5,757","26,989","35,265",3,"4,670",,,"6,542,057",525,"129,609,930","10,410",
51,VA,"Madison County, VA",51113,Madison County,38.412059,-78.276961,,13122,4,4717,1,4,40401,"73,892","8,502",6,"5,827","27,153","41,355",3,"5,042",,,"7,506,785",572,"156,438,381","11,922",
51,VA,"Mathews County, VA",51115,Mathews County,37.425348,-76.268808,,8848,3,2160,1,4,40301,"62,409","6,981",7,"5,542","22,933","53,145",6,"3,837",,,"2,360,142",267,"48,816,385","5,517",
51,VA,"Mecklenburg County, VA",51117,Mecklenburg County,36.687256,-78.368959,,31209,6,19721,5,4,40605,"190,619","21,386",6,"18,132","70,047","94,716",3,"12,066",,,"24,433,747",783,"521,920,884","16,723",
51,VA,"Middlesex County, VA",51119,Middlesex County,37.606975,-76.528082,,10728,3,4369,1,4,40301,"71,484","7,996",7,"7,019","26,268","53,305",5,"4,474",,,"6,180,153",576,"127,219,697","11,859",
51,VA,"Montgomery County, VA",51121,Montgomery County,37.175534,-80.387791,,97227,9,58880,8,4,40908,"439,180","49,869",5,"38,028","249,304","435,390",4,"35,701",,,"50,086,974",515,"1,082,463,963","11,133",
51,VA,"Nelson County, VA",51125,Nelson County,37.789079,-78.88344,,14831,4,6167,2,4,40402,"95,010","10,753",6,"9,742","53,933","47,750",3,"6,378",,,"12,810,157",864,"267,952,860","18,067",
51,VA,"New Kent County, VA",51127,New Kent County,37.502819,-76.982819,,20051,5,5787,2,4,40502,"130,427","14,589",7,"7,660","74,038","108,412",5,"7,537",,,"24,076,425","1,201","582,704,032","29,061",
51,VA,"Northampton County, VA",51131,Northampton County,37.302775,-75.924018,,12118,4,5985,2,4,40402,"55,774","6,511",5,"8,019","19,280","19,191",2,"5,075",,,"10,499,965",866,"210,428,949","17,365",
51,VA,"Northumberland County, VA",51133,Northumberland County,37.856974,-76.379687,,12272,4,3247,1,4,40401,"91,863","10,293",7,"8,839","33,757","51,897",4,"5,776",,,"5,473,249",446,"110,876,456","9,035",
51,VA,"Nottoway County, VA",51135,Nottoway County,37.141167,-78.053866,,15641,4,6633,2,4,40402,"92,079","10,354",6,"6,510","33,836","28,037",2,"5,676",,,"10,149,622",649,"205,136,190","13,115",
51,VA,"Orange County, VA",51137,Orange County,38.250193,-78.009622,,34873,6,13718,4,4,40604,"214,373","24,209",6,"14,399","78,775","144,840",4,"13,245",,,"14,612,101",419,"303,803,235","8,712",
51,VA,"Page County, VA",51139,Page County,38.623201,-78.49188,,23759,5,8068,3,4,40503,"135,250","15,561",6,"11,297","76,776","73,159",3,"9,523",,,"10,341,091",435,"208,101,184","8,759",
51,VA,"Patrick County, VA",51141,Patrick County,36.667128,-80.286413,,18180,5,8396,3,4,40503,"111,745","12,687",6,"9,788","63,433","43,443",2,"7,805",,,"7,950,259",437,"162,857,646","8,958",
51,VA,"Pittsylvania County, VA",51143,Pittsylvania County,36.821721,-79.398502,,62392,8,16800,4,4,40804,"402,419","46,158",6,"30,926","147,876","193,858",3,"26,327",,,"29,603,773",474,"606,607,581","9,723",
51,VA,"Powhatan County, VA",51145,Powhatan County,37.549404,-77.912855,,28286,6,9918,3,4,40603,"173,469","19,512",6,"10,103","63,744","82,688",3,"9,866",,,"13,268,180",469,"276,176,157","9,764",
51,VA,"Prince Edward County, VA",51147,Prince Edward County,37.224881,-78.432957,,23077,5,12608,4,4,40504,"116,006","13,053",5,"9,009","42,629","44,767",2,"7,294",,,"14,122,213",612,"288,562,852","12,504",
51,VA,"Prince George County, VA",51149,Prince George County,37.187325,-77.220993,,37664,6,21507,5,4,40605,"178,375","19,980",5,"11,870","65,547","124,702",3,"11,191",,,"22,872,597",607,"523,420,045","13,897",
51,VA,"Prince William County, VA",51153,Prince William County,38.701119,-77.479579,,443630,13,196119,11,4,41311,"1,947,785","219,534",4,"139,982","715,750","5,958,856",13,"138,102",,,"148,839,904",336,"3,428,571,897","7,728",
51,VA,"Pulaski County, VA",51155,Pulaski County,37.063385,-80.713444,,34417,6,22474,5,4,40605,"198,578","22,551",6,"16,748","112,724","122,140",4,"14,553",,,"20,473,004",595,"460,036,061","13,367",
51,VA,"Rappahannock County, VA",51157,Rappahannock County,38.684522,-78.168824,,7416,2,2086,1,4,40201,"48,414","5,749",7,"3,831","17,791","27,073",4,"3,247",,,"4,355,374",587,"90,659,490","12,225",
51,VA,"Richmond County, VA",51159,Richmond County,37.942894,-76.730561,,8868,3,3848,1,4,40301,"49,059","5,497",6,"3,777","18,028","19,927",2,"3,084",,,"6,489,621",732,"131,795,539","14,862",
51,VA,"Roanoke County, VA",51161,Roanoke County,37.330792,-80.191237,,93655,9,55916,7,4,40907,"477,552","54,243",5,"39,397","271,086","960,778",10,"38,322",,,"33,523,581",358,"741,151,067","7,914",
51,VA,"Rockbridge County, VA",51163,Rockbridge County,37.814517,-79.447754,,22450,5,10371,3,4,40503,"121,066","13,563",5,"10,927","44,488","102,655",5,"9,277",,,"31,485,999","1,402","770,100,559","34,303",
51,VA,"Rockingham County, VA",51165,Rockingham County,38.507585,-78.885321,,78427,8,54535,7,4,40807,"403,806","45,250",5,"33,444","229,223","190,247",2,"29,883",,,"41,378,176",528,"907,509,758","11,571",
51,VA,"Russell County, VA",51167,Russell County,36.93342,-82.095934,,27973,6,11222,3,4,40603,"160,751","18,198",6,"13,007","91,252","27,989",1,"10,937",,,"13,469,290",482,"281,272,411","10,055",
51,VA,"Scott County, VA",51169,Scott County,36.712776,-82.613624,,22378,5,7111,2,4,40502,"136,923","15,509",6,"11,518","74,071","3,571",0,"9,104",,,"12,897,760",576,"266,438,024","11,906",
51,VA,"Shenandoah County, VA",51171,Shenandoah County,38.856204,-78.573987,,42857,7,23790,5,4,40705,"233,632","26,406",5,"20,434","132,623","203,350",5,"17,222",,,"37,323,524",871,"891,107,510","20,793",
51,VA,"Smyth County, VA",51173,Smyth County,36.842318,-81.539786,,31513,6,17498,5,4,40605,"177,823","20,189",6,"14,885","100,943","86,683",3,"12,930",,,"18,465,378",586,"427,855,119","13,577",
51,VA,"Southampton County, VA",51175,Southampton County,36.720173,-77.103856,,18291,5,4184,1,4,40501,"117,227","13,122",6,"7,323","43,077","57,739",3,"6,727",,,"15,128,564",827,"308,971,997","16,892",
51,VA,"Spotsylvania County, VA",51177,Spotsylvania County,38.182431,-77.657226,,129181,10,62248,8,4,41008,"697,789","78,835",5,"44,874","256,416","850,476",7,"43,105",,,"56,281,799",436,"1,283,976,848","9,939",
51,VA,"Stafford County, VA",51179,Stafford County,38.415386,-77.454872,,139548,10,63776,8,4,41008,"705,191","79,133",5,"45,033","259,136","915,166",7,"44,311",,,"65,162,959",467,"1,537,801,945","11,020",
51,VA,"Surry County, VA",51181,Surry County,37.119761,-76.880172,,6731,2,1700,1,4,40201,"46,045","5,152",7,"3,397","16,920","20,380",3,"2,707",,,"4,256,190",632,"86,183,906","12,804",
51,VA,"Sussex County, VA",51183,Sussex County,36.926645,-77.259732,,11733,4,3673,1,4,40401,"60,175","6,746",5,"4,450","22,112","28,580",2,"3,793",,,"19,176,444","1,634","439,853,574","37,489",
51,VA,"Tazewell County, VA",51185,Tazewell County,37.125395,-81.562924,,43367,7,25123,5,4,40705,"256,249","29,093",6,"20,036","145,462","67,046",2,"17,595",,,"20,931,030",483,"422,203,403","9,736",
51,VA,"Warren County, VA",51187,Warren County,38.908221,-78.207594,,38807,7,20762,5,4,40705,"209,783","24,384",5,"15,661","77,089","140,674",4,"14,174",,,"18,736,472",483,"412,877,249","10,639",
51,VA,"Washington County, VA",51191,Washington County,36.747831,-81.950316,,54562,7,34804,6,4,40706,"325,118","36,909",6,"24,951","184,556","168,358",3,"22,512",,,"33,833,979",620,"771,322,644","14,137",
51,VA,"Westmoreland County, VA",51193,Westmoreland County,38.109311,-76.803933,,17528,5,5032,2,4,40502,"113,551","12,723",6,"10,470","41,727","83,139",5,"7,124",,,"7,416,126",423,"150,820,893","8,605",
51,VA,"Wise County, VA",51195,Wise County,36.974561,-82.62156,,40074,7,16213,4,4,40704,"232,738","25,658",6,"17,280","125,904","17,231",0,"15,225",,,"20,245,451",505,"408,945,899","10,205",
51,VA,"Wythe County, VA",51197,Wythe County,36.899873,-81.083005,,29171,6,19036,5,4,40605,"167,546","19,022",6,"13,751","95,109","86,725",3,"12,039",,,"28,980,092",993,"678,969,543","23,275",
51,VA,"York County, VA",51199,York County,37.220914,-76.395533,,66919,8,36370,6,4,40806,"317,668","35,533",5,"26,511","116,733","859,624",13,"23,872",,,"29,859,427",446,"682,651,132","10,201",
51,VA,"Alexandria city, VA",51510,Alexandria city,38.820071,-77.084063,,151473,10,169188,10,4,41010,"585,279","65,467",4,"72,833","215,072","1,910,353",13,"68,063",,,"48,919,430",323,"1,047,654,070","6,916",
51,VA,"Bristol city, VA",51520,Bristol city,36.616954,-82.157564,,17340,5,20362,5,4,40505,"105,184","11,859",6,"8,553","56,901","87,293",5,"7,671",,,"15,499,951",894,"322,391,454","18,592",
51,VA,"Buena Vista city, VA",51530,Buena Vista city,37.731365,-79.356635,,6610,2,3233,1,4,40201,"32,356","3,622",5,"2,835","11,890","80,301",12,"2,709",,,"2,218,720",336,"43,333,565","6,556",
51,VA,"Charlottesville city, VA",51540,Charlottesville city,38.037658,-78.485381,,45538,7,67872,8,4,40708,"199,956","22,366",4,"19,530","73,478","541,813",12,"17,980",,,"14,848,986",326,"299,671,596","6,581",
51,VA,"Chesapeake city, VA",51550,Chesapeake city,36.679376,-76.301788,,233194,11,179758,10,4,41110,"1,212,930","135,674",5,"85,171","445,714","2,240,616",10,"82,573",,,"123,659,755",530,"2,531,563,146","10,856",
51,VA,"Colonial Heights city, VA",51570,Colonial Heights city,37.261685,-77.396804,,17554,5,19158,5,4,40505,"103,354","11,561",6,"7,572","37,979","162,593",9,"7,206",,,"13,698,202",780,"289,177,959","16,474",
51,VA,"Covington city, VA",51580,Covington city,37.778143,-79.986039,,5650,2,5932,2,4,40202,"30,235","3,382",5,"2,944","11,110","85,439",15,"2,472",,,"3,008,550",532,"60,345,421","10,681",
51,VA,"Danville city, VA",51590,Danville city,36.583334,-79.408071,,42360,7,47560,7,4,40707,"234,824","30,093",6,"37,390","133,300","429,886",10,"18,653",,,"27,174,690",642,"537,704,228","12,694",
51,VA,"Emporia city, VA",51595,Emporia city,36.696182,-77.535975,,5565,2,7869,3,4,40203,"31,432","3,522",6,"2,373","11,550","6,099",1,"2,210",,,"4,648,145",835,"93,954,633","16,883",
51,VA,"Fairfax city, VA",51600,Fairfax city,38.853183,-77.299025,,23620,5,65932,8,4,40508,"102,577","11,474",4,"8,537","37,694","369,572",16,"8,476",,,"7,441,797",315,"152,985,709","6,477",
51,VA,"Falls Church city, VA",51610,Falls Church city,38.884722,-77.175603,,13597,4,20120,5,4,40405,"60,111","6,724",4,"5,538","22,089","245,375",18,"5,301",,,"3,254,357",239,"66,257,420","4,873",
51,VA,"Franklin city, VA",51620,Franklin city,36.684014,-76.941396,,8413,3,6950,2,4,40302,"52,807","5,907",6,"3,763","19,405","28,283",3,"3,424",,,"3,265,306",388,"63,984,801","7,605",
51,VA,"Fredericksburg city, VA",51630,Fredericksburg city,38.299272,-77.486658,,27853,6,37531,6,4,40606,"122,145","13,663",4,"11,045","44,885","200,133",7,"10,271",,,"20,038,628",719,"418,829,404","15,037",
51,VA,"Galax city, VA",51640,Galax city,36.66564,-80.914308,,6858,2,10156,3,4,40203,"34,423","3,908",5,"3,302","19,541","12,978",2,"2,767",,,"3,893,801",568,"76,934,510","11,218",
51,VA,"Hampton city, VA",51650,Hampton city,37.04803,-76.297149,,136789,10,84572,8,4,41008,"679,051","75,956",5,"58,462","249,530","1,942,418",14,"53,656",,,"68,968,998",504,"1,426,915,736","10,432",
51,VA,"Harrisonburg city, VA",51660,Harrisonburg city,38.436255,-78.873303,,51979,7,50600,7,4,40707,"180,241","19,892",3,"17,498","66,233","140,416",3,"16,626",,,"21,509,788",414,"446,192,835","8,584",
51,VA,"Hopewell city, VA",51670,Hopewell city,37.29101,-77.298944,,22332,5,12138,4,4,40504,"125,808","14,072",6,"9,970","46,230","157,847",7,"8,866",,,"7,621,607",341,"151,157,801","6,769",
51,VA,"Lexington city, VA",51678,Lexington city,37.782332,-79.44432,,7036,2,6290,2,4,40202,"18,407","2,059",3,"2,074","6,764","64,715",9,"1,856",,,"1,724,201",245,"33,997,689","4,832",
51,VA,"Lynchburg city, VA",51680,Lynchburg city,37.399016,-79.195458,,78755,8,114319,9,4,40809,"360,783","40,961",5,"31,354","204,801","489,073",6,"28,282",,,"40,614,060",516,"805,606,908","10,229",
51,VA,"Manassas city, VA",51683,Manassas city,38.747172,-77.484536,,41149,7,38480,7,4,40707,"180,681","20,340",4,"12,983","66,395","399,207",10,"12,430",,,"8,785,579",214,"179,192,248","4,355",
51,VA,"Manassas Park city, VA",51685,Manassas Park city,38.768945,-77.448767,,15827,4,6942,2,4,40402,"59,673","6,748",4,"4,745","21,928","246,244",16,"4,730",,,"2,202,597",139,"44,768,249","2,829",
51,VA,"Martinsville city, VA",51690,Martinsville city,36.683527,-79.863647,,13551,4,17833,5,4,40405,"78,696","8,935",6,"6,944","44,672","68,655",5,"5,787",,,"5,023,906",371,"99,814,619","7,366",
51,VA,"Newport News city, VA",51700,Newport News city,37.076166,-76.521968,,181606,10,180864,10,4,41010,"878,239","98,237",5,"75,168","322,725","1,713,490",9,"69,247",,,"80,180,018",442,"1,653,735,770","9,106",
51,VA,"Norfolk city, VA",51710,Norfolk city,36.923015,-76.244641,,245724,11,201951,11,4,41111,"1,083,767","121,226",4,"93,730","398,251","2,485,270",10,"87,367",,,"107,776,955",439,"2,232,107,600","9,084",
51,VA,"Norton city, VA",51720,Norton city,36.931549,-82.625996,,3978,1,9126,3,4,40103,"26,793","2,693",7,"1,899","14,494","1,578",0,"1,858",,,"2,631,327",661,"51,246,580","12,882",
51,VA,"Petersburg city, VA",51730,Petersburg city,37.20473,-77.392368,,31997,6,25145,5,4,40605,"173,560","19,414",5,"15,989","63,778","264,392",8,"13,175",,,"20,963,358",655,"426,678,007","13,335",
51,VA,"Poquoson city, VA",51735,Poquoson city,37.12836,-76.303534,,12068,4,2457,1,4,40401,"66,834","7,476",6,"4,615","24,559","141,639",12,"4,610",,,"3,338,269",277,"64,755,206","5,366",
51,VA,"Portsmouth city, VA",51740,Portsmouth city,36.859623,-76.356307,,96071,9,54039,7,4,40907,"477,863","53,452",5,"39,814","175,600","1,101,417",11,"36,840",,,"35,244,614",367,"708,965,132","7,380",
51,VA,"Radford city, VA",51750,Radford city,37.120119,-80.559147,,17186,5,8509,3,4,40503,"64,318","7,308",4,"6,330","36,511","103,285",6,"5,604",,,"4,514,019",263,"89,611,173","5,214",
51,VA,"Richmond city, VA",51760,Richmond city,37.531399,-77.476009,,216773,11,237794,11,4,41111,"1,065,832","119,220",5,"96,885","391,660","3,489,419",16,"88,958",,,"87,970,736",406,"1,820,701,678","8,399",
51,VA,"Roanoke city, VA",51770,Roanoke city,37.278458,-79.958174,,99329,9,136625,10,4,40910,"484,992","55,066",5,"45,910","275,309","1,345,041",14,"42,541",,,"52,854,566",532,"1,055,013,337","10,621",
51,VA,"Salem city, VA",51775,Salem city,37.285333,-80.055241,,25290,5,36392,6,4,40506,"117,765","13,377",5,"10,545","66,850","284,028",11,"10,060",,,"16,619,405",657,"332,619,301","13,152",
51,VA,"Staunton city, VA",51790,Staunton city,38.158056,-79.061501,,24234,5,19730,5,4,40505,"115,553","12,930",5,"11,439","65,595","310,622",13,"10,383",,,"8,207,218",339,"165,770,686","6,840",
51,VA,"Suffolk city, VA",51800,Suffolk city,36.697157,-76.634781,,87061,9,43612,7,4,40907,"510,459","57,104",6,"33,850","187,578","918,622",11,"31,741",,,"78,413,686",901,"1,565,175,366","17,978",
51,VA,"Virginia Beach city, VA",51810,Virginia Beach city,36.779985,-76.025209,,449733,13,315930,12,4,41312,"2,369,156","265,005",5,"176,553","870,591","3,952,229",9,"167,509",,,"159,225,962",354,"3,252,046,666","7,231",
51,VA,"Waynesboro city, VA",51820,Waynesboro city,38.067157,-78.90142,,21366,5,19174,5,4,40505,"104,427","11,681",5,"9,647","38,374","282,515",13,"9,044",,,"11,884,297",556,"239,527,789","11,211",
51,VA,"Williamsburg city, VA",51830,Williamsburg city,37.269481,-76.708193,,14988,4,17579,5,4,40405,"49,860","5,577",3,"4,926","18,322","129,388",9,"4,627",,,"5,913,660",395,"118,923,220","7,935",
51,VA,"Winchester city, VA",51840,Winchester city,39.173869,-78.176356,,27349,6,51075,7,4,40607,"143,654","16,463",5,"11,551","81,546","267,609",10,"10,596",,,"10,117,086",370,"202,869,838","7,418",
53,WA,"Adams County, WA",53001,Adams County,47.011238,-118.512861,,19100,5,8981,3,5,50503,"76,789","7,138",4,"6,608","22,828","85,346",4,"5,733",,,"22,785,314","1,193","554,020,337","29,006",
53,WA,"Asotin County, WA",53003,Asotin County,46.181861,-117.227781,,22113,5,9419,3,5,50503,"101,767","9,760",5,"10,308","30,254","328,327",15,"9,297",,,"4,238,974",192,"98,706,355","4,464",
53,WA,"Benton County, WA",53005,Benton County,46.228125,-119.516659,,187519,10,128363,10,5,51010,"1,052,995","88,037",6,"83,581","313,042","747,121",4,"68,418",,,"76,212,398",406,"1,773,097,978","9,456",
53,WA,"Chelan County, WA",53007,Chelan County,47.860974,-120.619041,,74761,8,57652,8,5,50808,"465,488","18,505",6,"37,880","138,384","100,860",1,"27,200",,,"30,833,732",412,"694,984,542","9,296",
53,WA,"Clallam County, WA",53009,Clallam County,48.110903,-123.88986,,72969,8,34856,6,4,40806,"443,077","41,847",6,"37,117","131,721","166,670",2,"31,438",,,"28,284,401",388,"642,909,464","8,811",
53,WA,"Clark County, WA",53011,Clark County,45.771674,-122.485903,,450893,13,262264,11,4,41311,"2,060,877","190,717",5,"180,493","612,673","4,040,321",9,"164,354",,,"134,654,282",299,"3,118,727,510","6,917",
53,WA,"Columbia County, WA",53013,Columbia County,46.29285,-117.911634,,3971,1,1404,1,5,50101,"24,303","2,209",6,"2,212","7,225","7,499",2,"1,689",,,"2,643,129",666,"63,179,826","15,910",
53,WA,"Cowlitz County, WA",53015,Cowlitz County,46.196785,-122.67846,,102854,9,61166,8,4,40908,"616,999","52,619",6,"45,437","183,426","308,262",3,"39,671",,,"50,841,077",494,"1,210,366,489","11,768",
53,WA,"Douglas County, WA",53017,Douglas County,47.741763,-119.694622,,40101,7,13652,4,5,50704,"287,012","10,551",7,"17,039","85,325","57,045",1,"14,348",,,"16,316,072",407,"376,016,332","9,377",
53,WA,"Ferry County, WA",53019,Ferry County,48.473256,-118.533589,,7639,3,1824,1,6,60301,"32,964","3,193",4,"4,614","9,800","16,814",2,"3,039",,,"5,184,357",679,"119,776,191","15,680",
53,WA,"Franklin County, WA",53021,Franklin County,46.53458,-118.906944,,87810,9,39999,7,5,50907,"363,493","32,597",4,"27,620","108,062","432,735",5,"25,157",,,"34,004,349",387,"784,587,421","8,935",
53,WA,"Garfield County, WA",53023,Garfield County,46.429478,-117.536711,,2231,1,593,1,5,50101,"15,997","1,378",7,"1,267","4,756","4,927",2,952,,,"2,321,546","1,041","56,564,446","25,354",
53,WA,"Grant County, WA",53025,Grant County,47.213633,-119.467788,,92530,9,42882,7,5,50907,"509,794","32,095",6,"37,196","151,555","91,661",1,"29,783",,,"46,155,999",499,"1,082,286,584","11,697",
53,WA,"Grays Harbor County, WA",53027,Grays Harbor County,47.113999,-123.826655,,71233,8,31043,6,4,40806,"339,749","36,703",5,"36,928","101,003","373,297",5,"27,472",,,"34,120,785",479,"783,330,623","10,997",
53,WA,"Island County, WA",53029,Island County,48.158554,-122.670649,,80113,8,25073,5,4,40805,"354,718","38,311",4,"39,625","105,453","570,951",7,"33,388",,,"19,890,287",248,"458,837,926","5,727",
53,WA,"Jefferson County, WA",53031,Jefferson County,47.805346,-123.527136,,30333,6,13676,4,4,40604,"153,437","17,044",5,"17,614","45,615","95,491",3,"13,561",,,"15,033,356",496,"349,039,909","11,507",
53,WA,"King County, WA",53033,King County,47.490599,-121.833996,,2079550,16,2334402,17,4,41617,"7,866,882","832,091",4,"890,394","2,338,725","30,672,761",15,"831,995",,,"786,173,614",378,"17,853,912,614","8,585",
53,WA,"Kitsap County, WA",53035,Kitsap County,47.639687,-122.649636,,257488,11,118886,9,4,41109,"1,044,219","116,041",4,"106,303","310,433","2,168,317",8,"98,250",,,"73,967,533",287,"1,707,256,992","6,630",
53,WA,"Kittitas County, WA",53037,Kittitas County,47.124444,-120.676714,,42785,7,22162,5,5,50705,"170,744","18,866",4,"26,125","50,760","253,241",6,"17,164",,,"48,563,256","1,135","1,205,871,614","28,184",
53,WA,"Klickitat County, WA",53039,Klickitat County,45.870446,-120.779305,,20930,5,8058,3,5,50503,"101,667","10,219",5,"10,457","30,224","137,170",7,"8,069",,,"10,512,276",502,"250,637,993","11,975",
53,WA,"Lewis County, WA",53041,Lewis County,46.580071,-122.377444,,75724,8,40782,7,4,40807,"431,290","37,176",6,"35,709","128,217","318,838",4,"29,426",,,"42,791,936",565,"1,023,166,863","13,512",
53,WA,"Lincoln County, WA",53043,Lincoln County,47.582743,-118.417692,,10326,3,3096,1,5,50301,"58,831","5,498",6,"6,110","17,490","81,920",8,"4,337",,,"12,411,775","1,202","305,044,478","29,541",
53,WA,"Mason County, WA",53045,Mason County,47.354126,-123.17385,,61060,8,20046,5,4,40805,"280,631","29,841",5,"34,143","83,428","208,887",3,"22,454",,,"20,478,778",335,"472,045,276","7,731",
53,WA,"Okanogan County, WA",53047,Okanogan County,48.551386,-119.685877,,41299,7,17156,5,6,60705,"267,605","21,526",6,"23,502","79,556","69,152",2,"16,804",,,"20,305,996",492,"472,977,700","11,453",
53,WA,"Pacific County, WA",53049,Pacific County,46.556587,-123.782419,,20743,5,8092,3,4,40503,"96,883","8,722",5,"16,460","28,802","26,293",1,"8,986",,,"9,692,937",467,"221,982,981","10,702",
53,WA,"Pend Oreille County, WA",53051,Pend Oreille County,48.543825,-117.232191,,13001,4,3060,1,6,60401,"69,342","6,607",5,"8,393","20,615","48,368",4,"5,409",,,"5,593,298",430,"128,133,739","9,856",
53,WA,"Pierce County, WA",53053,Pierce County,47.051415,-122.153242,,832896,14,503378,13,4,41413,"3,582,330","346,193",4,"324,796","1,064,981","8,732,276",10,"307,106",,,"295,107,935",354,"6,773,774,885","8,133",
53,WA,"San Juan County, WA",53055,San Juan County,48.50719,-123.103769,,16056,4,9241,3,4,40403,"80,355","10,731",5,"13,025","23,889","71,991",4,"7,623",,,"2,490,911",155,"55,155,134","3,435",
53,WA,"Skagit County, WA",53057,Skagit County,48.493292,-121.81577,,120475,9,83677,8,4,40908,"436,033","48,332",4,"50,669","129,627","1,728,027",14,"46,108",,,"60,282,083",500,"1,402,184,572","11,639",
53,WA,"Skamania County, WA",53059,Skamania County,46.024782,-121.953227,,11316,4,3066,1,5,50401,"64,458","5,956",6,"5,946","19,163","61,258",5,"4,577",,,"6,478,938",573,"151,630,857","13,400",
53,WA,"Snohomish County, WA",53061,Snohomish County,48.054913,-121.766412,,758649,14,502578,13,4,41413,"3,012,696","292,647",4,"289,517","895,636","9,415,342",12,"278,626",,,"252,989,955",333,"5,863,192,431","7,728",
53,WA,"Spokane County, WA",53063,Spokane County,47.620375,-117.403371,,485859,13,374203,12,5,51312,"2,165,462","201,355",4,"216,690","643,765","8,131,199",17,"191,222",,,"174,260,604",359,"3,919,715,658","8,068",
53,WA,"Stevens County, WA",53065,Stevens County,48.388727,-117.854454,,43744,7,14331,4,6,60704,"205,237","19,664",5,"22,161","61,014","320,132",7,"17,442",,,"15,510,711",355,"358,525,534","8,196",
53,WA,"Thurston County, WA",53067,Thurston County,46.935822,-122.830152,,266311,11,142718,10,4,41110,"1,137,548","126,448",4,"108,736","338,179","2,860,317",11,"103,468",,,"108,158,823",406,"2,522,015,566","9,470",
53,WA,"Wahkiakum County, WA",53069,Wahkiakum County,46.294638,-123.424458,,4051,1,775,1,4,40101,"18,407","1,783",5,"2,185","5,472","10,569",3,"1,789",,,"1,668,060",412,"39,754,612","9,814",
53,WA,"Walla Walla County, WA",53071,Walla Walla County,46.254606,-118.480374,,59809,8,39621,7,5,50807,"276,536","24,534",5,"25,000","82,211","424,378",7,"21,851",,,"21,056,150",352,"490,156,874","8,195",
53,WA,"Whatcom County, WA",53073,Whatcom County,48.842653,-121.836432,,209729,11,148952,10,4,41110,"669,538","74,354",3,"90,185","199,045","2,863,347",14,"81,019",,,"73,131,161",349,"1,685,570,978","8,037",
53,WA,"Whitman County, WA",53075,Whitman County,46.905944,-117.53539,,47494,7,18392,5,5,50705,"182,941","17,167",4,"20,816","54,386","341,850",7,"17,185",,,"17,063,695",359,"399,597,956","8,414",
53,WA,"Yakima County, WA",53077,Yakima County,46.456558,-120.740145,,247681,11,136992,10,5,51110,"1,208,683","106,829",5,"90,434","359,326","1,490,581",6,"80,196",,,"85,699,516",346,"1,951,172,759","7,878",
54,WV,"Barbour County, WV",54001,Barbour County,39.139725,-79.996947,,16892,5,5112,2,5,50502,"67,945","7,771",4,"6,846","38,569","227,283",13,"6,169",,,"5,191,733",307,"128,300,837","7,595",
54,WV,"Berkeley County, WV",54003,Berkeley County,39.448054,-78.037776,,110173,9,49475,7,4,40907,"628,150","70,993",6,"61,947","356,574","586,848",5,"41,720",,,"41,581,369",377,"1,116,847,361","10,137",
54,WV,"Boone County, WV",54005,Boone County,38.022814,-81.713539,,23645,5,7583,3,4,40503,"147,313","17,231",6,"9,806","83,623","236,490",10,"9,466",,,"9,174,380",388,"234,085,966","9,900",
54,WV,"Braxton County, WV",54007,Braxton County,38.699342,-80.731657,,14463,4,6499,2,4,40402,"61,424","7,025",4,"6,437","34,868","171,219",12,"5,417",,,"12,716,031",879,"342,401,445","23,674",
54,WV,"Brooke County, WV",54009,Brooke County,40.272645,-80.578691,,23473,5,13439,4,5,50504,"106,519","12,190",5,"9,570","60,466","545,334",23,"9,934",,,"8,422,499",359,"206,634,007","8,803",
54,WV,"Cabell County, WV",54011,Cabell County,38.419578,-82.243397,,96623,9,93756,9,4,40909,"511,496","59,830",5,"41,306","290,355","775,864",8,"39,954",,,"38,355,911",397,"909,607,873","9,414",
54,WV,"Calhoun County, WV",54013,Calhoun County,38.844159,-81.115478,,7482,2,1271,1,4,40201,"29,223","3,342",4,"3,448","16,589","81,456",11,"2,913",,,"2,217,371",296,"54,232,914","7,248",
54,WV,"Clay County, WV",54015,Clay County,38.459826,-81.081866,,9033,3,1469,1,4,40301,"44,954","5,225",5,"4,080","25,518","113,551",13,"3,375",,,"3,486,829",386,"88,876,146","9,839",
54,WV,"Doddridge County, WV",54017,Doddridge County,39.26348,-80.701232,,8363,3,1906,1,5,50301,"27,150","3,105",3,"3,431","15,412","153,860",18,"2,625",,,"7,190,788",860,"190,067,711","22,727",
54,WV,"Fayette County, WV",54019,Fayette County,38.030933,-81.086051,,45192,7,15753,4,5,50704,"258,605","30,222",6,"19,143","146,799","510,816",11,"17,845",,,"22,114,135",489,"563,629,120","12,472",
54,WV,"Gilmer County, WV",54021,Gilmer County,38.915867,-80.849413,,8497,3,2055,1,4,40301,"26,779","3,063",3,"3,026","15,201","133,230",16,"2,709",,,"2,547,861",300,"62,329,495","7,335",
54,WV,"Grant County, WV",54023,Grant County,39.105988,-79.195064,,11770,4,4971,1,5,50401,"49,909","5,664",4,"8,248","28,331","47,692",4,"4,158",,,"4,434,957",377,"115,838,920","9,842",
54,WV,"Greenbrier County, WV",54025,Greenbrier County,37.924418,-80.45059,,35580,6,21804,5,5,50605,"188,947","21,765",5,"16,840","107,257","365,931",10,"14,944",,,"16,451,084",462,"424,440,028","11,929",
54,WV,"Hampshire County, WV",54027,Hampshire County,39.312139,-78.611989,,23455,5,5385,2,5,50502,"132,515","14,856",6,"22,822","75,223","38,897",2,"9,977",,,"8,081,211",345,"204,197,215","8,706",
54,WV,"Hancock County, WV",54029,Hancock County,40.516958,-80.570164,,30024,6,18206,5,5,50605,"135,330","15,478",5,"12,606","76,821","754,935",25,"12,844",,,"6,469,498",215,"154,071,629","5,132",
54,WV,"Hardy County, WV",54031,Hardy County,39.011361,-78.841729,,13942,4,9892,3,5,50403,"67,300","7,697",5,"7,107","38,203","55,127",4,"5,350",,,"7,065,089",507,"177,267,933","12,715",
54,WV,"Harrison County, WV",54033,Harrison County,39.279182,-80.386498,,68775,8,55892,7,5,50807,"282,931","32,359",4,"27,531","160,608","1,751,116",25,"27,652",,,"38,300,130",557,"946,092,797","13,756",
54,WV,"Jackson County, WV",54035,Jackson County,38.834234,-81.677717,,29199,6,14024,4,4,40604,"145,449","16,900",5,"11,806","82,565","329,612",11,"11,190",,,"16,584,949",568,"447,842,537","15,338",
54,WV,"Jefferson County, WV",54037,Jefferson County,39.307398,-77.86322,,55531,7,23217,5,4,40705,"316,034","35,813",6,"27,880","179,399","153,996",3,"20,634",,,"16,379,173",295,"405,960,801","7,311",
54,WV,"Kanawha County, WV",54039,Kanawha County,38.328068,-81.523516,,189636,10,166674,10,4,41010,"1,093,023","127,851",6,"82,280","620,463","3,408,205",18,"81,708",,,"94,005,957",496,"2,326,078,673","12,266",
54,WV,"Lewis County, WV",54041,Lewis County,38.988877,-80.495477,,16422,4,10574,3,5,50403,"67,772","7,751",4,"6,916","38,471","317,023",19,"6,541",,,"12,484,770",760,"334,230,928","20,353",
54,WV,"Lincoln County, WV",54043,Lincoln County,38.17177,-82.077623,,21482,5,3033,1,4,40501,"120,716","14,120",6,"8,739","68,525","242,523",11,"7,965",,,"5,156,496",240,"130,049,530","6,054",
54,WV,"Logan County, WV",54045,Logan County,37.830591,-81.940853,,35166,6,17988,5,4,40605,"238,902","27,944",7,"14,877","135,615","331,026",9,"13,976",,,"9,845,612",280,"250,108,160","7,112",
54,WV,"McDowell County, WV",54047,McDowell County,37.382663,-81.658205,,20273,5,5186,2,4,40502,"138,006","16,143",7,"9,935","78,340","75,662",4,"7,963",,,"6,927,751",342,"167,505,572","8,262",
54,WV,"Marion County, WV",54049,Marion County,39.505839,-80.243402,,56716,7,31561,6,5,50706,"238,162","27,239",4,"22,998","135,194","1,493,872",26,"22,427",,,"21,678,869",382,"529,546,045","9,337",
54,WV,"Marshall County, WV",54051,Marshall County,39.854426,-80.671794,,32296,6,17670,5,5,50605,"171,160","20,515",5,"14,395","97,160","655,565",20,"13,306",,,"10,279,058",318,"252,419,662","7,816",
54,WV,"Mason County, WV",54053,Mason County,38.770914,-82.029007,,27060,6,7285,2,4,40602,"169,118","19,782",6,"11,520","96,001","200,323",7,"10,901",,,"10,752,008",397,"277,275,625","10,247",
54,WV,"Mercer County, WV",54055,Mercer County,37.403448,-81.106456,,61476,8,34125,6,4,40806,"401,138","46,921",7,"26,563","227,709","538,814",9,"25,062",,,"27,902,226",454,"723,870,498","11,775",
54,WV,"Mineral County, WV",54057,Mineral County,39.404781,-78.95669,,27606,6,10899,3,5,50603,"149,560","16,584",5,"25,131","84,899","172,721",6,"11,289",,,"6,665,280",241,"169,422,091","6,137",
54,WV,"Mingo County, WV",54059,Mingo County,37.721161,-82.158989,,25549,6,5406,2,4,40602,"194,015","22,694",8,"11,232","110,134","136,027",5,"10,853",,,"8,661,466",339,"218,272,742","8,543",
54,WV,"Monongalia County, WV",54061,Monongalia County,39.633645,-80.059074,,102827,9,93986,9,5,50909,"377,232","43,144",4,"38,751","214,139","1,768,408",17,"37,820",,,"40,256,809",392,"1,038,582,025","10,100",
54,WV,"Monroe County, WV",54063,Monroe County,37.55034,-80.54789,,13496,4,2308,1,4,40401,"81,134","9,404",6,"6,747","46,056","99,814",7,"5,932",,,"3,290,708",244,"83,640,465","6,197",
54,WV,"Morgan County, WV",54065,Morgan County,39.555002,-78.257345,,17514,5,3752,1,4,40501,"103,675","11,590",6,"17,164","58,852","44,356",3,"7,207",,,"4,808,220",275,"124,978,085","7,136",
54,WV,"Nicholas County, WV",54067,Nicholas County,38.291416,-80.797516,,25743,6,12299,4,5,50604,"143,037","16,507",6,"11,503","81,196","269,032",10,"10,752",,,"12,366,908",480,"310,223,272","12,051",
54,WV,"Ohio County, WV",54069,Ohio County,40.098932,-80.620728,,43257,7,53903,7,5,50707,"207,059","24,714",5,"19,189","117,539","1,116,247",26,"18,519",,,"22,249,506",514,"530,873,716","12,273",
54,WV,"Pendleton County, WV",54071,Pendleton County,38.67445,-79.340617,,7291,2,2225,1,5,50201,"35,322","4,040",5,"4,512","20,051","30,378",4,"3,133",,,"3,345,136",459,"87,571,266","12,011",
54,WV,"Pleasants County, WV",54073,Pleasants County,39.368133,-81.161172,,7612,3,3835,1,4,40301,"31,458","3,598",4,"2,946","17,857","179,089",24,"2,863",,,"2,936,764",386,"73,258,380","9,624",
54,WV,"Pocahontas County, WV",54075,Pocahontas County,38.332606,-80.010121,,8620,3,6012,2,5,50302,"43,033","4,922",5,"7,713","24,428","27,020",3,"3,646",,,"3,657,127",424,"91,300,768","10,592",
54,WV,"Preston County, WV",54077,Preston County,39.46903,-79.668865,,33793,6,10969,3,5,50603,"140,647","15,953",4,"18,596","79,839","285,186",8,"12,441",,,"11,642,827",345,"304,134,052","9,000",
54,WV,"Putnam County, WV",54079,Putnam County,38.510513,-81.906109,,56743,7,35957,6,4,40706,"344,961","40,350",6,"21,176","195,820","509,785",9,"21,780",,,"24,171,696",426,"615,625,750","10,849",
54,WV,"Raleigh County, WV",54081,Raleigh County,37.76247,-81.264671,,78051,8,52324,7,5,50807,"459,425","53,716",6,"32,036","260,796","1,145,949",15,"30,880",,,"35,378,956",453,"925,476,937","11,857",
54,WV,"Randolph County, WV",54083,Randolph County,38.781095,-79.867788,,29287,6,18012,5,5,50605,"126,592","14,478",4,"12,383","71,861","381,064",13,"11,626",,,"10,059,031",343,"248,415,674","8,482",
54,WV,"Ritchie County, WV",54085,Ritchie County,39.177112,-81.066317,,10044,3,5069,2,4,40302,"37,912","4,336",4,"5,075","21,521","196,103",20,"3,967",,,"7,599,780",757,"191,682,114","19,084",
54,WV,"Roane County, WV",54087,Roane County,38.743003,-81.354522,,14513,4,4231,1,4,40401,"62,228","7,174",4,"6,524","35,324","202,398",14,"5,672",,,"6,001,163",414,"156,157,191","10,760",
54,WV,"Summers County, WV",54089,Summers County,37.656003,-80.856315,,13325,4,2756,1,5,50401,"72,322","8,382",5,"6,834","41,054","122,509",9,"5,497",,,"4,739,277",356,"126,366,520","9,483",
54,WV,"Taylor County, WV",54091,Taylor County,39.332478,-80.046554,,16949,5,4288,1,5,50501,"75,111","8,590",4,"6,556","42,638","239,879",14,"6,732",,,"4,776,204",282,"122,695,860","7,239",
54,WV,"Tucker County, WV",54093,Tucker County,39.111175,-79.559968,,6922,2,3899,1,5,50201,"30,175","3,451",4,"4,687","17,129","122,959",18,"2,924",,,"3,274,903",473,"82,194,108","11,874",
54,WV,"Tyler County, WV",54095,Tyler County,39.465634,-80.877219,,9000,3,3552,1,4,40301,"34,122","3,903",4,"4,357","19,370","164,163",18,"3,518",,,"2,985,167",332,"72,850,404","8,094",
54,WV,"Upshur County, WV",54097,Upshur County,38.902536,-80.231335,,24632,5,11659,4,5,50504,"102,836","11,761",4,"9,772","58,376","325,784",13,"9,105",,,"7,567,214",307,"187,660,654","7,619",
54,WV,"Wayne County, WV",54099,Wayne County,38.145541,-82.419681,,41237,7,13199,4,4,40704,"239,251","27,985",6,"17,086","135,812","426,466",10,"16,447",,,"12,987,072",315,"309,913,723","7,515",
54,WV,"Webster County, WV",54101,Webster County,38.483459,-80.449052,,8820,3,2441,1,5,50301,"49,064","5,611",6,"4,727","27,852","26,191",3,"3,952",,,"2,828,641",321,"66,208,064","7,507",
54,WV,"Wetzel County, WV",54103,Wetzel County,39.600602,-80.628157,,15997,4,8676,3,5,50403,"61,638","7,050",4,"7,107","34,989","292,137",18,"6,238",,,"6,286,223",393,"157,400,001","9,839",
54,WV,"Wirt County, WV",54105,Wirt County,39.020034,-81.382975,,5826,2,435,1,4,40201,"25,236","2,886",4,"2,831","14,325","87,087",15,"2,432",,,"2,268,748",389,"54,033,338","9,275",
54,WV,"Wood County, WV",54107,Wood County,39.211575,-81.516253,,86262,9,63165,8,4,40908,"371,220","42,456",4,"35,131","210,726","1,951,508",23,"36,225",,,"31,204,505",362,"783,348,574","9,081",
54,WV,"Wyoming County, WV",54109,Wyoming County,37.603717,-81.548884,,22537,5,5417,2,4,40502,"160,675","18,794",7,"9,630","91,209","197,439",9,"9,222",,,"6,807,922",302,"176,254,799","7,821",
55,WI,"Adams County, WI",55001,Adams County,43.973763,-89.767223,,20294,5,6341,2,6,60502,"71,017","9,514",3,"17,280","54,095","173,668",9,"7,950",,,"10,248,533",505,"268,881,422","13,249",
55,WI,"Ashland County, WI",55003,Ashland County,46.544424,-90.679691,,15936,4,12186,4,7,70404,"53,782","7,243",3,"9,535","30,431","319,904",20,"6,670",,,"8,808,613",553,"231,843,007","14,548",
55,WI,"Barron County, WI",55005,Barron County,45.437192,-91.852892,,45548,7,33599,6,6,60706,"173,789","23,128",4,"23,527","98,334","675,316",15,"19,017",,,"23,363,310",513,"620,080,121","13,614",
55,WI,"Bayfield County, WI",55007,Bayfield County,46.634199,-91.177282,,14987,4,4394,1,7,70401,"59,309","7,981",4,"13,021","33,558","183,894",12,"6,798",,,"13,281,195",886,"355,179,622","23,699",
55,WI,"Brown County, WI",55009,Brown County,44.473961,-87.995926,,256621,11,284379,11,6,61111,"711,256","94,806",3,"106,366","541,774","6,307,562",25,"101,888",,,"97,442,557",380,"2,638,151,593","10,280",
55,WI,"Buffalo County, WI",55011,Buffalo County,44.385642,-91.761229,,13256,4,5008,2,6,60402,"57,899","7,737",4,"6,633","32,761","78,630",6,"5,707",,,"7,973,823",602,"212,107,772","16,001",
55,WI,"Burnett County, WI",55013,Burnett County,45.866878,-92.37574,,15259,4,6570,2,7,70402,"61,654","8,638",4,"15,203","34,885","185,826",12,"7,308",,,"9,132,951",599,"240,137,234","15,737",
55,WI,"Calumet County, WI",55015,Calumet County,44.07841,-88.212132,,49653,7,24947,5,6,60705,"148,928","22,362",3,"19,895","113,440","1,030,061",21,"18,839",,,"17,256,747",348,"457,842,374","9,221",
55,WI,"Chippewa County, WI",55017,Chippewa County,45.069092,-91.283505,,63355,8,43860,7,6,60807,"232,511","31,067",4,"27,467","131,560","777,170",12,"24,973",,,"32,765,606",517,"879,388,774","13,880",
55,WI,"Clark County, WI",55019,Clark County,44.739306,-90.609945,,34486,6,18350,5,6,60605,"121,704","16,189",4,"14,946","68,863","426,439",12,"12,732",,,"19,311,184",560,"518,249,444","15,028",
55,WI,"Columbia County, WI",55021,Columbia County,43.471882,-89.330472,,56650,7,40994,7,6,60707,"203,992","27,207",4,"26,046","155,384","940,121",17,"23,019",,,"35,646,824",629,"1,007,866,481","17,791",
55,WI,"Crawford County, WI",55023,Crawford County,43.24991,-90.95123,,16415,4,11496,4,6,60404,"62,497","8,261",4,"8,790","47,605","256,563",16,"6,652",,,"10,015,163",610,"268,693,551","16,369",
55,WI,"Dane County, WI",55025,Dane County,43.067468,-89.417852,,516818,13,562698,13,6,61313,"1,550,805","228,875",3,"221,067","1,181,270","10,467,809",20,"213,519",,,"193,997,665",375,"5,337,888,921","10,328",
55,WI,"Dodge County, WI",55027,Dodge County,43.422706,-88.704379,,88404,9,59519,8,6,60908,"293,495","41,167",3,"37,030","166,605","1,618,849",18,"33,627",,,"38,577,086",436,"1,054,301,260","11,926",
55,WI,"Door County, WI",55029,Door County,45.067931,-87.088131,,27669,6,20806,5,6,60605,"103,298","13,643",4,"24,149","78,684","470,973",17,"13,023",,,"15,196,106",549,"404,525,816","14,620",
55,WI,"Douglas County, WI",55031,Douglas County,46.463218,-91.892477,,43705,7,27457,6,7,70706,"126,679","17,949",3,"22,718","71,678","932,931",21,"18,538",,,"20,853,769",477,"554,934,360","12,697",
55,WI,"Dunn County, WI",55033,Dunn County,44.947741,-91.89772,,44348,7,28819,6,6,60706,"159,580","21,179",4,"17,945","90,294","432,813",10,"16,445",,,"27,780,636",626,"789,025,126","17,792",
55,WI,"Eau Claire County, WI",55035,Eau Claire County,44.726355,-91.286414,,101907,9,101620,9,6,60909,"346,501","46,219",3,"42,653","196,058","1,451,554",14,"40,202",,,"42,159,924",414,"1,154,329,042","11,327",
55,WI,"Florence County, WI",55037,Florence County,45.871865,-88.407234,,4474,1,1063,1,7,70101,"14,912","2,197",3,"4,820","11,359","76,628",17,"1,958",,,"3,483,711",779,"91,797,331","20,518",
55,WI,"Fond du Lac County, WI",55039,Fond du Lac County,43.754722,-88.493284,,101968,9,85790,9,6,60909,"350,231","47,507",3,"44,149","266,776","1,991,356",20,"41,029",,,"43,757,254",429,"1,195,521,971","11,724",
55,WI,"Forest County, WI",55041,Forest County,45.666881,-88.773326,,9108,3,3344,1,7,70301,"28,126","3,786",3,"9,008","21,424","155,386",17,"3,940",,,"6,742,495",740,"177,020,363","19,436",
55,WI,"Grant County, WI",55043,Grant County,42.870028,-90.694229,,51723,7,27666,6,6,60706,"170,550","22,515",3,"21,609","129,910","724,161",14,"19,353",,,"21,291,625",412,"582,740,829","11,267",
55,WI,"Green County, WI",55045,Green County,42.675522,-89.605074,,37050,6,26499,6,6,60606,"130,072","17,159",4,"15,731","99,078","549,125",15,"14,772",,,"12,760,630",344,"343,519,796","9,272",
55,WI,"Green Lake County, WI",55047,Green Lake County,43.76141,-88.987228,,18881,5,10682,3,6,60503,"65,193","8,709",3,"10,562","49,658","361,121",19,"7,939",,,"9,090,225",481,"238,030,404","12,607",
55,WI,"Iowa County, WI",55049,Iowa County,43.001021,-90.133691,,23751,5,17834,5,6,60505,"87,567","11,558",4,"10,674","66,701","348,518",15,"9,692",,,"16,106,749",678,"441,923,013","18,607",
55,WI,"Iron County, WI",55051,Iron County,46.32655,-90.261298,,5850,2,2750,1,7,70201,"23,481","3,153",4,"5,952","13,286","119,214",20,"2,954",,,"5,426,434",928,"143,992,377","24,614",
55,WI,"Jackson County, WI",55053,Jackson County,44.326757,-90.796018,,20566,5,12880,4,6,60504,"76,823","10,249",4,"9,694","43,468","211,405",10,"8,066",,,"23,904,194","1,162","683,306,588","33,225",
55,WI,"Jefferson County, WI",55055,Jefferson County,43.013804,-88.773985,,84538,8,61009,8,6,60808,"265,304","40,329",3,"35,168","150,602","1,672,405",20,"32,366",,,"41,108,323",486,"1,158,019,906","13,698",
55,WI,"Juneau County, WI",55057,Juneau County,43.932836,-90.113984,,26399,6,13123,4,6,60604,"88,748","11,812",3,"14,672","50,215","301,141",11,"9,978",,,"27,025,056","1,024","770,592,681","29,190",
55,WI,"Kenosha County, WI",55059,Kenosha County,42.579702,-87.424884,,167896,10,105293,9,6,61009,"512,341","77,643",3,"69,070","290,834","4,756,440",28,"62,994",,,"56,462,863",336,"1,543,505,977","9,193",
55,WI,"Kewaunee County, WI",55061,Kewaunee County,44.500954,-87.161829,,20459,5,9769,3,6,60503,"63,706","8,422",3,"9,276","48,526","385,945",19,"8,211",,,"8,839,673",432,"236,664,742","11,568",
55,WI,"La Crosse County, WI",55063,La Crosse County,43.908222,-91.111758,,117538,9,123256,9,6,60909,"383,479","51,179",3,"48,853","216,981","2,130,788",18,"46,657",,,"41,172,785",350,"1,116,014,220","9,495",
55,WI,"Lafayette County, WI",55065,Lafayette County,42.655578,-90.130292,,16793,4,6357,2,6,60402,"63,310","8,358",4,"7,180","35,822","214,203",13,"6,692",,,"8,129,539",484,"222,663,866","13,259",
55,WI,"Langlade County, WI",55067,Langlade County,45.262385,-89.067545,,19414,5,12824,4,7,70504,"61,885","8,179",3,"12,288","47,139","460,853",24,"8,521",,,"9,073,817",467,"239,512,546","12,337",
55,WI,"Lincoln County, WI",55069,Lincoln County,45.338417,-89.742309,,28171,6,17429,5,7,70605,"89,878","11,885",3,"16,739","68,461","605,071",21,"12,546",,,"16,989,200",603,"451,831,014","16,039",
55,WI,"Manitowoc County, WI",55071,Manitowoc County,44.105092,-87.313734,,80178,8,59456,8,6,60808,"236,210","30,922",3,"36,909","179,924","2,061,982",26,"33,991",,,"31,081,941",388,"850,619,704","10,609",
55,WI,"Marathon County, WI",55073,Marathon County,44.898036,-89.757823,,135367,10,129463,10,6,61010,"400,420","52,956",3,"57,891","305,006","2,693,241",20,"54,003",,,"67,142,858",496,"1,802,167,721","13,313",
55,WI,"Marinette County, WI",55075,Marinette County,45.346899,-87.991198,,41090,7,31231,6,6,60706,"138,247","18,657",3,"30,141","105,305","879,179",21,"18,380",,,"29,573,152",720,"775,525,951","18,874",
55,WI,"Marquette County, WI",55077,Marquette County,43.826053,-89.409095,,15082,4,7095,2,6,60402,"56,295","7,540",4,"9,787","42,881","193,994",13,"6,328",,,"11,362,476",753,"309,237,167","20,504",
55,WI,"Menominee County, WI",55078,Menominee County,44.991304,-88.669251,,4457,1,778,1,6,60101,"11,886","1,571",3,"2,205","9,054","17,452",4,"1,215",,,"4,004,593",898,"100,986,025","22,658",
55,WI,"Milwaukee County, WI",55079,Milwaukee County,43.017669,-87.481489,,955306,14,889569,14,6,61414,"2,831,877","432,331",3,"414,031","1,607,537","25,842,247",27,"382,778",,,"270,734,293",283,"7,447,277,973","7,796",
55,WI,"Monroe County, WI",55081,Monroe County,43.945175,-90.619969,,45365,7,31523,6,6,60706,"164,988","21,907",4,"19,362","93,354","609,066",13,"17,813",,,"28,647,574",631,"809,535,467","17,845",
55,WI,"Oconto County, WI",55083,Oconto County,44.996575,-88.206516,,37475,6,13470,4,6,60604,"123,552","17,240",3,"23,506","94,111","629,696",17,"15,440",,,"21,566,432",575,"578,538,660","15,438",
55,WI,"Oneida County, WI",55085,Oneida County,45.716176,-89.534533,,35604,6,27471,6,7,70606,"105,512","13,951",3,"30,206","80,370","874,146",25,"14,965",,,"21,102,695",593,"562,174,369","15,790",
55,WI,"Outagamie County, WI",55087,Outagamie County,44.418226,-88.464988,,181799,10,205828,11,6,61011,"575,024","85,941",3,"74,535","326,417","3,813,427",21,"71,194",,,"62,203,567",342,"1,713,865,136","9,427",
55,WI,"Ozaukee County, WI",55089,Ozaukee County,43.360458,-87.497383,,87625,9,81713,8,6,60908,"303,400","46,306",3,"36,412","172,227","2,297,197",26,"34,763",,,"36,186,181",413,"1,009,219,645","11,517",
55,WI,"Pepin County, WI",55091,Pepin County,44.627436,-91.83489,,7349,2,3400,1,6,60201,"29,464","3,941",4,"3,583","16,671","67,312",9,"2,948",,,"3,354,386",456,"90,859,072","12,363",
55,WI,"Pierce County, WI",55093,Pierce County,44.725336,-92.426279,,40881,7,13817,4,6,60704,"148,958","20,107",4,"16,163","84,284","501,890",12,"15,101",,,"12,476,628",305,"339,121,195","8,295",
55,WI,"Polk County, WI",55095,Polk County,45.462041,-92.447066,,43483,7,26389,6,6,60706,"168,248","22,748",4,"24,089","95,198","523,959",12,"18,188",,,"16,299,945",375,"438,074,747","10,075",
55,WI,"Portage County, WI",55097,Portage County,44.476246,-89.49807,,70551,8,61704,8,6,60808,"203,944","27,011",3,"30,131","155,347","1,344,822",19,"27,844",,,"34,461,822",488,"954,626,831","13,531",
55,WI,"Price County, WI",55099,Price County,45.679072,-90.35965,,13707,4,9148,3,7,70403,"56,275","7,601",4,"10,941","31,842","244,565",18,"6,676",,,"8,372,464",611,"223,127,321","16,278",
55,WI,"Racine County, WI",55101,Racine County,42.754075,-87.414676,,194873,11,132737,10,6,61110,"641,912","97,998",3,"81,674","364,387","5,301,940",27,"75,291",,,"59,807,473",307,"1,621,441,655","8,321",
55,WI,"Richland County, WI",55103,Richland County,43.376199,-90.435693,,17642,5,9513,3,6,60503,"68,300","9,019",4,"8,802","38,646","219,055",12,"7,506",,,"7,598,655",431,"206,329,043","11,695",
55,WI,"Rock County, WI",55105,Rock County,42.66988,-89.075284,,160986,10,115490,9,6,61009,"549,487","72,918",3,"67,915","418,552","3,731,543",23,"63,941",,,"56,504,568",351,"1,571,864,970","9,764",
55,WI,"Rusk County, WI",55107,Rusk County,45.472734,-91.136745,,14272,4,8663,3,6,60403,"54,745","7,358",4,"8,926","30,976","198,085",14,"6,245",,,"8,253,453",578,"216,546,122","15,173",
55,WI,"St. Croix County, WI",55109,St. Croix County,45.028959,-92.447284,,86726,9,58539,8,6,60908,"317,175","42,200",4,"34,417","179,465","1,500,786",17,"32,811",,,"48,655,017",561,"1,383,856,429","15,957",
55,WI,"Sauk County, WI",55111,Sauk County,43.427998,-89.943329,,63317,8,62277,8,6,60808,"218,731","28,933",3,"29,625","166,610","929,112",15,"25,293",,,"33,653,572",532,"929,125,517","14,674",
55,WI,"Sawyer County, WI",55113,Sawyer County,45.864913,-91.14713,,16438,4,9937,3,7,70403,"63,052","8,649",4,"16,063","35,676","177,691",11,"7,488",,,"13,306,370",809,"347,010,840","21,110",
55,WI,"Shawano County, WI",55115,Shawano County,44.789641,-88.755813,,41384,7,20165,5,6,60705,"133,741","19,379",3,"20,548","75,919","645,738",16,"16,940",,,"26,903,332",650,"720,172,354","17,402",
55,WI,"Sheboygan County, WI",55117,Sheboygan County,43.745972,-87.731986,,115269,9,109803,9,6,60909,"331,600","46,737",3,"51,985","188,235","2,889,583",25,"47,152",,,"38,348,622",333,"1,050,759,734","9,116",
55,WI,"Taylor County, WI",55119,Taylor County,45.211656,-90.504853,,20521,5,15187,4,7,70504,"87,353","11,352",4,"10,509","49,426","267,580",13,"8,751",,,"8,571,340",418,"225,385,154","10,983",
55,WI,"Trempealeau County, WI",55121,Trempealeau County,44.30305,-91.358867,,29521,6,27865,6,6,60606,"111,912","14,952",4,"12,716","63,323","437,122",15,"11,840",,,"17,380,184",589,"470,715,620","15,945",
55,WI,"Vernon County, WI",55123,Vernon County,43.599366,-90.821983,,30442,6,14129,4,6,60604,"113,213","15,114",4,"13,697","64,058","339,336",11,"11,843",,,"11,764,168",386,"316,336,856","10,391",
55,WI,"Vilas County, WI",55125,Vilas County,46.049848,-89.501254,,21373,5,11573,4,7,70504,"76,516","10,840",4,"25,215","58,283","449,582",21,"10,648",,,"16,143,015",755,"422,511,496","19,768",
55,WI,"Walworth County, WI",55127,Walworth County,42.66811,-88.541731,,103021,9,69995,8,6,60908,"314,324","45,207",3,"51,290","239,425","2,471,413",24,"39,967",,,"49,763,182",483,"1,363,781,359","13,238",
55,WI,"Washburn County, WI",55129,Washburn County,45.892463,-91.796423,,15685,4,9026,3,7,70403,"62,906","8,386",4,"12,961","35,594","209,962",13,"7,151",,,"11,012,311",702,"293,874,106","18,736",
55,WI,"Washington County, WI",55131,Washington County,43.391156,-88.232917,,133422,10,102781,9,6,61009,"461,791","70,486",3,"55,084","262,139","3,292,677",25,"53,187",,,"57,872,000",434,"1,615,104,249","12,105",
55,WI,"Waukesha County, WI",55133,Waukesha County,43.019308,-88.306707,,395377,12,478902,13,6,61213,"1,429,666","218,238",4,"161,438","811,561","11,232,595",28,"155,776",,,"163,449,695",413,"4,514,919,596","11,419",
55,WI,"Waupaca County, WI",55135,Waupaca County,44.478004,-88.967005,,51974,7,33090,6,6,60706,"164,629","23,727",3,"25,252","125,400","826,624",16,"21,412",,,"21,660,648",417,"579,928,384","11,158",
55,WI,"Waushara County, WI",55137,Waushara County,44.112825,-89.239752,,24238,5,9250,3,6,60503,"83,041","11,364",3,"14,795","63,253","314,651",13,"9,749",,,"13,756,529",568,"373,909,982","15,427",
55,WI,"Winnebago County, WI",55139,Winnebago County,44.085707,-88.668149,,169487,10,168837,10,6,61010,"497,809","70,058",3,"73,682","379,188","4,235,266",25,"69,169",,,"63,491,584",375,"1,762,166,841","10,397",
55,WI,"Wood County, WI",55141,Wood County,44.461413,-90.038825,,73621,8,69202,8,6,60808,"264,896","31,714",4,"34,138","201,775","1,473,942",20,"31,884",,,"26,752,007",363,"702,919,170","9,548",
56,WY,"Albany County, WY",56001,Albany County,41.665514,-105.721883,,37836,6,19484,5,6,60605,"134,898","15,534",4,"18,214","84,243","839,369",22,"15,565",,,"18,803,201",497,"599,043,657","15,833",
56,WY,"Big Horn County, WY",56003,Big Horn County,44.525117,-107.994848,,11931,4,4920,1,6,60401,"41,435","4,798",3,"5,238","25,876","253,477",21,"4,459",,,"6,021,624",505,"168,582,429","14,130",
56,WY,"Campbell County, WY",56005,Campbell County,44.191999,-105.517014,,48473,7,41268,7,6,60707,"262,837","24,993",5,"23,364","164,140","741,627",15,"17,534",,,"20,604,344",425,"598,052,366","12,338",
56,WY,"Carbon County, WY",56007,Carbon County,41.70359,-106.933153,,15696,4,8169,3,6,60403,"61,052","7,040",4,"8,350","38,126","297,554",19,"6,095",,,"20,715,787","1,320","712,794,751","45,413",
56,WY,"Converse County, WY",56009,Converse County,42.974898,-105.505917,,14223,4,9577,3,6,60403,"60,101","6,876",4,"6,338","17,867","270,847",19,"5,576",,,"12,473,188",877,"427,057,256","30,026",
56,WY,"Crook County, WY",56011,Crook County,44.589266,-104.567298,,7284,2,2935,1,6,60201,"45,836","4,376",6,"2,374","28,624","59,923",8,"2,976",,,"8,087,050","1,110","286,221,126","39,294",
56,WY,"Fremont County, WY",56013,Fremont County,43.054831,-108.608935,,40683,7,21002,5,6,60705,"144,257","16,674",4,"17,247","90,088","721,699",18,"15,159",,,"19,702,841",484,"542,134,145","13,326",
56,WY,"Goshen County, WY",56015,Goshen County,42.08958,-104.353482,,13546,4,5903,2,5,50402,"47,750","6,475",4,"5,223","29,820","255,752",19,"5,350",,,"6,016,393",444,"163,757,970","12,089",
56,WY,"Hot Springs County, WY",56017,Hot Springs County,43.720209,-108.435076,,4781,1,3135,1,6,60101,"21,281","2,464",4,"2,540","6,327","124,672",26,"2,262",,,"2,797,646",585,"77,672,711","16,246",
56,WY,"Johnson County, WY",56019,Johnson County,44.044048,-106.588541,,8572,3,4638,1,6,60301,"48,030","4,722",6,"3,471","29,994","181,319",21,"3,668",,,"7,804,631",910,"293,335,744","34,220",
56,WY,"Laramie County, WY",56021,Laramie County,41.29283,-104.660395,,96459,9,70732,8,6,60908,"273,257","41,496",3,"40,501","170,647","2,513,859",26,"37,362",,,"39,162,470",406,"1,215,791,207","12,604",
56,WY,"Lincoln County, WY",56023,Lincoln County,42.229993,-110.682961,,18543,5,8722,3,7,70503,"102,815","8,907",6,"8,809","30,566","191,721",10,"7,002",,,"9,331,024",503,"257,468,597","13,885",
56,WY,"Natrona County, WY",56025,Natrona County,42.973602,-106.76507,,80871,8,65874,8,6,60808,"291,024","33,376",4,"34,730","86,518","1,753,180",22,"32,422",,,"30,888,257",382,"841,924,651","10,411",
56,WY,"Niobrara County, WY",56027,Niobrara County,43.062159,-104.468373,,2498,1,743,1,6,60101,"10,079","1,112",4,"1,022","6,294","41,991",17,981,,,"3,664,334","1,467","105,281,515","42,146",
56,WY,"Park County, WY",56029,Park County,44.492387,-109.593597,,29083,6,19334,5,6,60605,"111,242","12,877",4,"15,012","33,071","631,632",22,"11,826",,,"13,898,110",478,"374,961,824","12,893",
56,WY,"Platte County, WY",56031,Platte County,42.131593,-104.953963,,8740,3,3918,1,5,50301,"36,103","4,330",4,"3,855","22,546","157,054",18,"3,680",,,"7,209,273",825,"273,118,240","31,249",
56,WY,"Sheridan County, WY",56033,Sheridan County,44.781369,-106.881211,,29924,6,20714,5,6,60605,"134,544","13,734",4,"13,975","84,022","588,778",20,"12,697",,,"10,035,831",335,"309,240,181","10,334",
56,WY,"Sublette County, WY",56035,Sublette County,42.767928,-109.91617,,10032,3,5736,2,7,70302,"38,001","3,800",4,"5,708","11,297","121,842",12,"3,203",,,"5,796,724",578,"173,374,802","17,282",
56,WY,"Sweetwater County, WY",56037,Sweetwater County,41.660328,-108.875677,,44812,7,32420,6,6,60706,"133,773","15,299",3,"18,610","39,769","1,333,459",30,"16,533",,,"38,215,930",853,"1,337,176,842","29,840",
56,WY,"Teton County, WY",56039,Teton County,44.048663,-110.42607,,22623,5,35700,6,7,70506,"178,360","11,262",8,"12,950","53,024","128,150",6,"8,576",,,"13,375,052",591,"351,431,168","15,534",
56,WY,"Uinta County, WY",56041,Uinta County,41.284726,-110.558947,,20893,5,13916,4,6,60504,"64,166","7,332",3,"8,542","19,076","522,796",25,"7,432",,,"13,389,197",641,"486,719,417","23,296",
56,WY,"Washakie County, WY",56043,Washakie County,43.878831,-107.669052,,8351,3,5569,2,6,60302,"35,760","4,266",4,"3,713","22,332","193,734",23,"3,493",,,"3,531,003",423,"97,883,864","11,721",
56,WY,"Weston County, WY",56045,Weston County,43.846213,-104.57002,,7175,2,3066,1,6,60201,"44,375","4,284",6,"2,324","27,712","124,552",17,"3,134",,,"3,278,090",457,"91,655,537","12,774",
